row,y_true,y_pred,p_Low,p_Moderate,p_High
0,0,0,0.7769716,0.22260608,0.00042233441
1,0,0,0.96190524,0.038082283,1.2511787e-05
2,0,1,0.1596753,0.79555905,0.04476565
3,0,0,0.99958116,0.00041876629,1.00658376e-07
4,0,0,1.0,1.9020073e-08,2.2336162e-10
5,1,1,0.037303936,0.778441,0.18425508
6,0,0,0.81101596,0.18866152,0.00032252536
7,2,2,1.902004e-08,1.6195282e-06,0.99999833
8,2,2,1.7543869e-07,0.00041876943,0.99958104
9,0,0,0.947795,0.052186955,1.8062503e-05
10,1,1,0.011729521,0.6471161,0.3411543
11,0,0,0.98472923,0.015267095,3.669744e-06
12,2,2,8.0395006e-07,0.0059315027,0.99406767
13,0,0,0.9954999,0.0044993805,6.6514536e-07
14,2,2,0.000940918,0.32412037,0.6749387
15,0,1,0.22534086,0.746601,0.028058194
16,2,2,0.0010873814,0.328842,0.6700706
17,0,1,0.36803827,0.62158674,0.01037494
18,1,1,0.0041236337,0.5200758,0.47580057
19,1,1,0.046146538,0.7955584,0.15829505
20,2,2,2.1525278e-05,0.050495766,0.94948274
21,0,0,0.99999833,1.6196271e-06,1.902004e-08
22,0,0,0.99999833,1.6196271e-06,1.902004e-08
23,0,0,0.97581613,0.024175921,8.082006e-06
24,0,1,0.26814845,0.712018,0.019833531
25,2,2,2.2028154e-05,0.061472744,0.9385052
26,1,2,0.0029240889,0.45322368,0.5438522
27,2,2,0.00099655,0.31748587,0.6815176
28,0,0,0.98279107,0.01720599,2.8722525e-06
29,2,2,0.0012420426,0.33263153,0.6661265
30,0,0,0.9177825,0.082168005,4.956705e-05
31,0,0,0.9727799,0.02721502,5.130148e-06
32,0,0,0.9974577,0.0025420946,2.0115067e-07
33,0,0,0.63818794,0.3598604,0.0019517024
34,2,2,1.4811007e-05,0.042792626,0.9571926
35,0,0,0.998073,0.0019267342,2.0127437e-07
36,0,0,0.9021673,0.097766094,6.659743e-05
37,2,1,0.0041680373,0.497916,0.497916
38,2,1,0.009561024,0.62885016,0.3615888
39,1,0,0.6543523,0.34422126,0.0014264282
40,1,0,0.6522654,0.346115,0.0016196138
41,1,1,0.015275601,0.69624466,0.28847975
42,0,0,0.55869293,0.4381426,0.0031644802
43,0,0,0.5671415,0.42958993,0.0032685902
44,0,0,0.81631744,0.18341434,0.00026819776
45,2,2,0.0010442112,0.3269442,0.6720116
46,0,0,0.99687034,0.0031290592,5.697116e-07
47,1,1,0.09267138,0.8259712,0.08135737
48,0,0,0.9990369,0.000963049,7.6204216e-08
49,0,0,0.75520045,0.24432787,0.0004716637
50,2,2,3.6579925e-06,0.018420512,0.98157585
51,1,0,0.9364606,0.06350603,3.3341646e-05
52,0,0,1.0,1.9020073e-08,2.2336162e-10
53,0,0,0.94864446,0.05133472,2.0772342e-05
54,0,0,0.9967602,0.0032392542,5.502086e-07
55,1,0,0.5215464,0.47404966,0.004403911
56,1,1,0.17159717,0.78813726,0.04026557
57,0,0,0.76464915,0.23482998,0.0005208726
58,0,0,0.731896,0.2673861,0.0007178852
59,0,0,0.8728394,0.1270611,9.944903e-05
60,0,0,0.98916084,0.010837016,2.1150022e-06
61,1,1,0.28771412,0.69439685,0.017889056
62,2,2,0.0012130267,0.3482222,0.6505648
63,1,0,0.5792073,0.41827518,0.002517565
64,0,0,0.85003036,0.149779,0.00019061386
65,1,1,0.040715043,0.7857723,0.17351265
66,0,1,0.23813498,0.7360588,0.025806215
67,1,1,0.01596386,0.70278406,0.281252
68,1,1,0.14103444,0.8004029,0.05856269
69,0,0,0.91646594,0.083487034,4.698399e-05
70,2,2,0.0007835065,0.29182777,0.7073887
71,2,1,0.052217737,0.79720885,0.15057333
72,1,1,0.0849488,0.8330013,0.082049824
73,1,1,0.13062096,0.8085291,0.06084994
74,1,1,0.1922363,0.7726179,0.035145853
75,2,2,5.3293724e-07,0.00041876288,0.9995807
76,1,1,0.05357168,0.81081057,0.13561773
77,0,0,0.9940164,0.005982906,6.5272354e-07
78,0,1,0.13866733,0.8077322,0.053600423
79,0,1,0.4081326,0.58259654,0.009270803
80,2,2,0.00017672886,0.15503682,0.84478647
81,0,1,0.15423249,0.8025278,0.04323973
82,1,0,0.8990452,0.10087007,8.46271e-05
83,0,1,0.36457765,0.62448925,0.010933104
84,2,2,1.6195257e-06,1.6195257e-06,0.9999968
85,1,1,0.04177219,0.7992068,0.15902103
86,1,1,0.37106028,0.6192551,0.009684543
87,0,0,0.9977865,0.0022131721,2.6564496e-07
88,2,2,6.871294e-05,0.10087168,0.8990596
89,0,1,0.053257633,0.81308496,0.13365743
90,0,0,0.96376914,0.03621964,1.1295902e-05
91,2,2,3.90439e-06,0.022590743,0.97740537
92,0,1,0.24974035,0.72958094,0.02067866
93,0,0,0.9021607,0.09776537,7.390827e-05
94,0,0,0.6962852,0.3026043,0.001110474
95,0,0,0.9999851,1.4945066e-05,1.9019788e-08
96,1,1,0.46984926,0.5236999,0.006450885
97,1,1,0.4415929,0.55100435,0.007402714
98,0,0,0.9977865,0.0022131721,2.0121661e-07
99,2,2,1.199817e-05,0.044977676,0.9550103
100,1,1,0.3040507,0.68162954,0.014319739
101,0,0,0.9987288,0.0012710145,1.752891e-07
102,1,2,0.0022133084,0.41524264,0.582544
103,2,2,2.7575687e-05,0.062481694,0.9374907
104,0,1,0.18307164,0.7801844,0.036743987
105,1,1,0.1173656,0.82035613,0.06227831
106,1,1,0.01118414,0.6613994,0.32741645
107,1,1,0.01902133,0.71006215,0.27091655
108,0,0,0.9895272,0.010471075,1.7178837e-06
109,0,0,0.9895272,0.010471065,1.7785804e-06
110,1,1,0.033629227,0.7788019,0.18756881
111,0,0,0.9036957,0.09624619,5.805956e-05
112,2,2,0.00028850263,0.18050368,0.81920785
113,1,2,0.0011000679,0.33267868,0.6662212
114,0,0,0.99986196,0.00013789424,1.7548798e-07
115,1,2,4.0779716e-05,0.06998958,0.92996967
116,1,1,0.44627845,0.5472667,0.0064548496
117,0,0,0.77096444,0.22868936,0.0003462164
118,0,1,0.48906854,0.5063484,0.0045830435
119,0,0,0.99999833,1.6196271e-06,2.0611504e-09
120,0,0,0.9821931,0.017803079,3.7896157e-06
121,1,0,0.59869045,0.3994201,0.0018894406
122,0,0,0.99999833,1.6196271e-06,1.902004e-08
123,2,1,0.014907409,0.69738984,0.28770274
124,1,0,0.876624,0.12325713,0.00011881688
125,0,0,0.8925805,0.107346416,7.312349e-05
126,1,0,0.5368932,0.45922908,0.0038777064
127,0,1,0.24387783,0.7312517,0.024870476
128,0,0,0.99999833,1.6195282e-06,1.902004e-08
129,2,1,0.008851756,0.6014635,0.38968474
130,1,1,0.16750732,0.79394704,0.038545646
131,1,1,0.48322296,0.511272,0.005504973
132,1,1,0.29404777,0.6884459,0.017506316
133,1,1,0.20239471,0.76217383,0.03543139
134,1,2,0.0015619667,0.38021532,0.6182227
135,2,2,1.9017449e-08,0.00013789003,0.9998621
136,0,0,0.95031303,0.049670063,1.689549e-05
137,1,1,0.029604526,0.75428826,0.21610719
138,0,0,0.99999833,1.6196271e-06,1.902004e-08
139,0,0,0.77698827,0.22261086,0.00040090957
140,0,0,0.69998306,0.2989755,0.0010414761
141,0,0,0.9762246,0.023769774,5.7135258e-06
142,0,0,0.9511272,0.048856996,1.5775504e-05
143,0,0,0.9999851,1.4945066e-05,1.9019788e-08
144,2,1,0.06781465,0.8190109,0.1131745
145,0,0,0.6260882,0.37191218,0.001999633
146,1,1,0.4259766,0.5672742,0.006749167
147,2,2,1.9870084e-05,0.060478847,0.9395013
148,0,0,0.9990369,0.0009630453,1.3281674e-07
149,0,1,0.37646332,0.61345184,0.010084792
150,2,1,0.044263836,0.8038992,0.1518369
151,2,2,0.0033226223,0.4680949,0.5285825
152,1,1,0.009122605,0.64736354,0.34351388
153,1,1,0.027210047,0.75614953,0.21664043
154,2,2,0.0002038024,0.17371963,0.8260766
155,2,1,0.09996561,0.83120966,0.068824686
156,1,1,0.042817976,0.80511546,0.15206665
157,1,1,0.43503702,0.5571457,0.007817259
158,1,0,0.7646628,0.23483407,0.00050310604
159,2,2,4.0391114e-06,0.02337026,0.9766257
160,1,1,0.076059334,0.81346697,0.110473715
161,0,1,0.43620586,0.55622333,0.007570771
162,1,1,0.40201733,0.589008,0.008974723
163,0,0,0.9987286,0.0012710141,3.0551223e-07
164,0,0,0.79170144,0.20796691,0.00033167715
165,1,1,0.18636638,0.7754906,0.03814303
166,1,1,0.046657197,0.79741013,0.1559327
167,0,0,0.7535423,0.24591687,0.0005407499
168,2,1,0.13723446,0.81338507,0.049380485
169,0,0,0.9983223,0.0016773026,3.053891e-07
170,0,0,0.761531,0.23796801,0.00050104543
171,1,0,0.6288114,0.369098,0.0020905999
172,0,0,0.9839262,0.016070211,3.6667514e-06
173,1,0,0.656321,0.3422729,0.0014060951
174,2,2,4.7051646e-05,0.082168214,0.9177848
175,0,0,0.88395476,0.11594965,9.560418e-05
176,1,1,0.015950233,0.6841341,0.29991564
177,0,1,0.47153324,0.52330077,0.005166012
178,1,0,0.7109881,0.28826436,0.000747528
179,0,0,0.8314747,0.16833884,0.00018645287
180,1,1,0.23444863,0.73735535,0.028196016
181,2,2,0.0014602926,0.38435,0.6141897
182,0,0,0.9999546,4.539786e-05,5.7773686e-08
183,2,1,0.057129305,0.81368,0.12919068
184,0,0,0.999985,1.4945064e-05,1.7550688e-07
185,0,0,0.9929508,0.007048146,1.0239975e-06
186,1,1,0.041076746,0.79275316,0.16617009
187,2,2,1.397357e-06,0.008666514,0.9913322
188,2,1,0.011540847,0.6649504,0.3235088
189,0,0,0.9944154,0.0055837664,8.620658e-07
190,2,1,0.022062892,0.7293553,0.24858183
191,2,2,1.5262448e-07,0.0008382696,0.9991616
192,0,0,0.86891484,0.13095891,0.00012624117
193,2,1,0.009011214,0.61030865,0.38068017
194,1,1,0.118438505,0.8136069,0.067954496
195,0,0,0.92997885,0.06999027,3.0889525e-05
196,1,1,0.11144368,0.8206093,0.067946985
197,0,1,0.4126336,0.5788838,0.00848255
198,0,0,0.9749834,0.025008757,7.799542e-06
199,2,2,2.1087171e-06,0.0137776295,0.98622024
200,1,2,0.0013541343,0.34424618,0.6543997
201,2,2,1.969987e-07,0.0016992491,0.9983006
202,0,0,0.6424461,0.35602647,0.0015274747
203,0,0,0.6857098,0.3131753,0.0011148746
204,1,1,0.022750745,0.73914987,0.23809938
205,1,1,0.015483593,0.6996252,0.28489116
206,2,2,0.0028433555,0.46832,0.5288366
207,0,0,0.6870156,0.3118201,0.0011643326
208,1,1,0.40591028,0.5859046,0.008185166
209,0,0,0.99999833,1.6196271e-06,1.902004e-08
210,1,1,0.039380312,0.78686565,0.17375408
211,1,1,0.006851349,0.58088315,0.41226554
212,0,0,0.99999833,1.6196271e-06,1.902004e-08
213,1,1,0.058822688,0.8233792,0.117798105
214,1,1,0.08869857,0.82562983,0.08567161
215,1,1,0.0056525087,0.55304146,0.441306
216,0,0,0.6384737,0.36002147,0.00150491
217,0,0,0.99999833,1.6196271e-06,1.902004e-08
218,1,1,0.03163301,0.7750953,0.19327168
219,0,0,0.9666825,0.033308573,8.885343e-06
220,2,2,0.00021231682,0.17575215,0.8240356
221,0,0,0.99664634,0.0033533215,3.503021e-07
222,0,0,0.99549943,0.0044993763,1.1592871e-06
223,1,1,0.17853288,0.78091574,0.040551294
224,1,1,0.43882063,0.55472124,0.006458136
225,0,0,0.9940678,0.0059315036,6.9969803e-07
226,1,1,0.2009684,0.7642296,0.034802027
227,2,2,8.02641e-07,0.0075511714,0.992448
228,0,0,0.9999546,4.539786e-05,5.7775445e-08
229,1,1,0.009111103,0.6150683,0.37582058
230,2,2,1.2890405e-05,0.042792697,0.95719445
231,1,0,0.8110615,0.18867205,0.00026647092
232,0,1,0.31291133,0.6716979,0.0153907575
233,1,1,0.1761395,0.78393954,0.039920952
234,0,1,0.40453094,0.5869707,0.008498425
235,2,2,2.480787e-07,0.0011858465,0.998814
236,2,2,1.52626e-05,0.04726854,0.9527162
237,1,2,8.532855e-05,0.109020025,0.89089465
238,0,0,0.66311294,0.33546636,0.0014206461
239,1,1,0.04217911,0.7965524,0.16126852
240,0,0,0.67565775,0.32306042,0.0012818765
241,0,0,0.99458164,0.0054175737,7.7691635e-07
242,0,0,0.9966462,0.003353321,4.957225e-07
243,1,0,0.78583765,0.21372005,0.00044224624
244,1,1,0.13967489,0.8065691,0.05375604
245,0,0,0.9299735,0.06998985,3.6745732e-05
246,0,0,0.9661193,0.033872142,8.577118e-06
247,0,0,0.90063566,0.09930936,5.4926473e-05
248,2,1,0.01600049,0.7105379,0.27346158
249,0,0,0.55642253,0.4404053,0.0031722067
250,1,0,0.67748696,0.32113528,0.0013777796
251,1,1,0.40476716,0.58663666,0.008596155
252,2,2,2.799678e-05,0.06454678,0.9354252
253,0,0,0.93109506,0.068868205,3.679005e-05
254,2,2,9.816324e-05,0.123259686,0.87664217
255,0,0,0.99999833,1.6196271e-06,1.902004e-08
256,1,1,0.21059047,0.7536078,0.03580176
257,0,0,0.99505144,0.004947957,5.4926585e-07
258,0,1,0.3313454,0.65638995,0.012264639
259,2,2,0.00058467896,0.25240022,0.74701506
260,2,2,7.25285e-06,0.028149448,0.97184324
261,0,0,0.9527163,0.047268532,1.5262602e-05
262,0,0,1.0,1.9020073e-08,2.2336162e-10
263,2,2,2.0367522e-06,0.013777638,0.98622036
264,0,0,0.93949354,0.060478326,2.8118542e-05
265,0,0,0.7615861,0.23798525,0.00042859794
266,1,1,0.20734684,0.76240367,0.030249495
267,2,2,2.9426421e-05,0.066675186,0.93329537
268,2,2,1.902004e-08,1.6196271e-06,0.99999833
269,0,0,0.9950079,0.0049908753,1.1587146e-06
270,2,2,0.002492312,0.45556763,0.5419401
271,1,1,0.0041222586,0.5324625,0.46341527
272,0,1,0.076627254,0.8195409,0.103831805
273,0,0,0.9550104,0.04497768,1.1998171e-05
274,2,2,8.9121096e-07,0.007048144,0.99295104
275,0,0,0.99927026,0.0007296458,1.0062707e-07
276,1,1,0.0044467715,0.53121376,0.4643395
277,0,0,0.99999833,1.6196271e-06,1.902004e-08
278,0,0,0.9564785,0.043509554,1.2016627e-05
279,2,2,7.4989714e-07,0.0060870447,0.9939122
280,0,1,0.13475533,0.80565464,0.05959005
281,2,2,5.302586e-07,0.0054410133,0.99455845
282,0,0,0.791657,0.20795524,0.00038774806
283,1,1,0.41447085,0.5764357,0.009093487
284,0,0,0.90216625,0.097765945,6.776362e-05
285,0,0,0.980938,0.019058954,3.072996e-06
286,1,0,0.96778125,0.032208435,1.0220827e-05
287,0,1,0.4364543,0.55653995,0.0070058038
288,0,0,0.9749843,0.025008773,7.0279707e-06
289,1,1,0.4710444,0.52360976,0.0053458908
290,0,0,0.7319226,0.2673959,0.0006814774
291,1,2,0.0019064707,0.3800841,0.61800945
292,1,1,0.18456995,0.7814655,0.03396464
293,1,1,0.008693839,0.5984755,0.39283067
294,1,1,0.027227214,0.7799672,0.19280557
295,2,1,0.0058477004,0.545465,0.44868726
296,0,0,0.98878306,0.011215624,1.3002588e-06
297,1,1,0.027776897,0.7586166,0.21360645
298,1,1,0.006179589,0.5739267,0.4198937
299,1,0,0.8000606,0.19949685,0.00044250104
300,0,0,0.99204683,0.007951662,1.5518848e-06
301,1,1,0.011540847,0.6649504,0.3235088
302,1,1,0.06823029,0.8169087,0.11486092
303,2,2,0.00088261237,0.31752208,0.6815953
304,0,0,0.99231637,0.0076823905,1.175817e-06
305,0,0,0.9961151,0.0038844747,4.3496914e-07
306,0,0,0.9929052,0.007093855,9.890067e-07
307,0,0,0.9992704,0.0007296486,5.7735257e-08
308,0,0,0.7486558,0.25076827,0.00057587767
309,1,1,0.087666,0.8231327,0.08920127
310,1,1,0.112015665,0.82482105,0.06316323
311,2,2,1.394812e-06,0.010471068,0.9895275
312,1,2,0.00030568047,0.21927045,0.7804239
313,2,1,0.0071999147,0.5670168,0.42578328
314,0,0,0.993644,0.0063553406,7.241111e-07
315,1,1,0.049795583,0.80785656,0.14234783
316,0,0,0.953492,0.046492804,1.5275029e-05
317,1,0,0.86890495,0.13095742,0.00013768784
318,0,0,0.90217686,0.097767115,5.598399e-05
319,2,2,3.356503e-05,0.07345713,0.9265093
320,1,2,0.0001708564,0.15425758,0.8455716
321,0,0,0.7035907,0.29534414,0.0010651769
322,0,0,0.707469,0.29186082,0.000670245
323,2,2,7.222558e-06,0.032208536,0.9677843
324,1,1,0.17452484,0.7852274,0.040247712
325,1,1,0.419181,0.57295257,0.007866461
326,0,0,0.99999833,1.6196271e-06,1.902004e-08
327,1,1,0.061139468,0.82660294,0.112257645
328,0,0,0.87663436,0.123258546,0.00010706416
329,0,0,0.99999833,1.6195282e-06,1.902004e-08
330,1,1,0.082008496,0.8253857,0.09260569
331,0,0,0.90813595,0.091810584,5.3493783e-05
332,2,1,0.025689723,0.7423393,0.23197092
333,0,0,0.5400568,0.4569499,0.002993255
334,2,1,0.011407779,0.6487802,0.33981204
335,0,0,0.6698862,0.3287515,0.0013623222
336,0,0,0.5282498,0.4678002,0.00395008
337,1,2,0.0014893429,0.37210232,0.62640834
338,0,0,0.8083265,0.19132891,0.00034457247
339,2,2,0.00019346592,0.18084203,0.8189645
340,0,0,0.9758178,0.024175962,6.3381476e-06
341,2,2,6.5080694e-06,0.03220856,0.96778494
342,2,1,0.033912472,0.77857375,0.18751377
343,1,0,0.6424288,0.35601696,0.001554184
344,0,0,0.9983224,0.0016773028,2.3132142e-07
345,2,1,0.021876369,0.7294944,0.24862918
346,2,2,9.2886233e-07,0.00041876594,0.9995803
347,1,1,0.18767071,0.77416855,0.03816073
348,2,2,0.0019957363,0.40484837,0.59315586
349,2,2,1.2486364e-05,0.04003679,0.9599507
350,0,0,0.55246574,0.44469005,0.0028442347
351,1,1,0.055228774,0.80736494,0.1374063
352,0,0,0.6851459,0.31368273,0.0011712881
353,0,0,0.9936441,0.006355341,6.0870536e-07
354,0,0,0.99958116,0.00041876308,1.754387e-07
355,1,0,0.6223202,0.3761479,0.001531902
356,2,2,8.0471085e-07,0.0049908804,0.99500835
357,0,1,0.23178722,0.74175155,0.02646123
358,0,0,0.95271677,0.047268555,1.474175e-05
359,1,1,0.2851193,0.69715303,0.017727727
360,1,1,0.07175823,0.81554615,0.11269572
361,1,1,0.0671348,0.8178692,0.11499596
362,1,1,0.1320832,0.8105137,0.05740312
363,1,1,0.15034248,0.79944915,0.050208382
364,2,2,0.0036915855,0.4851844,0.511124
365,1,1,0.17118712,0.7888175,0.03999538
366,1,1,0.30152863,0.68186885,0.016602602
367,0,0,0.9895271,0.010471063,1.9064811e-06
368,2,2,0.0002667241,0.17926705,0.8204662
369,1,1,0.154148,0.79861456,0.047237463
370,1,1,0.15879148,0.7911557,0.05005278
371,1,1,0.13089281,0.81021154,0.058895674
372,2,2,8.0264016e-07,0.0075511676,0.992448
373,0,0,0.9998621,0.00013789214,5.776922e-08
374,2,1,0.005408294,0.54784316,0.44674855
375,1,1,0.18363327,0.77918875,0.037178047
376,1,1,0.023495836,0.7485924,0.22791179
377,1,1,0.050991543,0.81302106,0.13598742
378,1,1,0.30663106,0.6755828,0.0177862
379,1,1,0.040063154,0.7935912,0.16634572
380,1,1,0.00834354,0.6063832,0.38527334
381,0,0,0.8565495,0.14326811,0.0001823279
382,0,0,0.9384976,0.061472245,3.0108646e-05
383,0,0,0.89423484,0.105694376,7.075896e-05
384,0,0,0.91646516,0.08348697,4.7806792e-05
385,0,1,0.2835356,0.69629616,0.020168224
386,1,1,0.035514895,0.7875372,0.17694785
387,0,0,0.73873657,0.26067507,0.0005883251
388,1,2,0.00066348794,0.27425572,0.72508085
389,0,0,0.9998621,0.00013789425,5.77701e-08
390,1,1,0.4340145,0.558254,0.0077314796
391,1,2,0.0008269033,0.30269024,0.69648284
392,1,1,0.07432046,0.815841,0.10983852
393,0,0,0.99640584,0.0035936006,6.103966e-07
394,0,0,0.9987286,0.001271019,3.055134e-07
395,0,1,0.11248276,0.814005,0.07351229
396,1,1,0.34052542,0.64732665,0.012147901
397,1,0,0.6382816,0.35991317,0.0018052943
398,2,2,5.222833e-05,0.097767495,0.9021803
399,0,0,0.62813956,0.36990583,0.001954614
400,0,0,0.9999851,1.4945066e-05,1.9019208e-08
401,1,1,0.16377676,0.793295,0.042928178
402,1,1,0.17199244,0.78738564,0.04062194
403,0,0,0.58656836,0.4109151,0.0025165777
404,0,0,0.99927026,0.0007296458,1.0062784e-07
405,1,1,0.08739056,0.8205466,0.09206277
406,0,0,0.9374894,0.0624816,2.904993e-05
407,0,1,0.29367805,0.6875803,0.01874164
408,0,0,0.9781597,0.021836646,3.6452618e-06
409,0,1,0.42520285,0.5662438,0.008553292
410,0,0,0.9727783,0.027214976,6.772779e-06
411,2,2,0.0002267574,0.1805148,0.8192584
412,2,2,1.9607663e-05,0.056651298,0.9433291
413,1,1,0.24853398,0.7292151,0.02225096
414,1,0,0.59315586,0.40484843,0.001995735
415,1,2,0.0002897372,0.19814464,0.80156565
416,1,1,0.06342793,0.8211191,0.11545291
417,0,0,0.99999833,1.6195282e-06,1.902004e-08
418,2,1,0.0060796104,0.5896881,0.40423223
419,0,0,0.9999851,1.4945066e-05,1.9019788e-08
420,0,1,0.2337517,0.73996514,0.026283186
421,2,2,0.0034161333,0.49396658,0.5026173
422,0,0,0.63843095,0.35999748,0.0015715603
423,1,1,0.051336657,0.804436,0.14422739
424,2,2,1.0503597e-05,0.03937491,0.96061456
425,1,1,0.35461953,0.6330014,0.012379116
426,0,0,0.8766293,0.12325788,0.000112787515
427,2,1,0.004025011,0.510953,0.48502195
428,0,0,0.99148,0.0085186185,1.4469443e-06
429,0,0,0.8669124,0.13294533,0.00014222573
430,2,2,4.620222e-07,0.0043090954,0.9956904
431,0,0,1.0,1.9020073e-08,2.2336162e-10
432,2,2,0.0015546775,0.3884258,0.61001956
433,0,0,0.9998621,0.00013789425,5.776922e-08
434,0,0,0.831472,0.16833824,0.00018971745
435,1,1,0.0056331665,0.5583722,0.43599463
436,0,1,0.21351247,0.75499874,0.03148882
437,2,2,5.382531e-05,0.086181976,0.9137641
438,1,1,0.018531078,0.7287453,0.25272363
439,2,2,0.00040440334,0.22261007,0.7769855
440,1,1,0.009403378,0.6334231,0.35717356
441,0,0,0.6776492,0.32121223,0.0011385335
442,0,0,0.9727748,0.02721488,1.0273564e-05
443,1,1,0.39055204,0.60093486,0.0085131
444,0,0,0.99958116,0.00041876308,1.754387e-07
445,0,0,0.9423879,0.057585906,2.6312931e-05
446,0,0,0.99005324,0.009944941,1.9074964e-06
447,0,0,0.9177848,0.082168214,4.7051646e-05
448,0,0,0.9954016,0.004597634,6.796702e-07
449,0,0,0.99832255,0.001677303,1.752178e-07
450,1,1,0.4157003,0.57626665,0.008033072
451,2,1,0.15599562,0.79773176,0.046272602
452,0,1,0.31967762,0.66713345,0.013188945
453,1,1,0.4471575,0.5459698,0.0068727443
454,0,0,0.999985,1.4945519e-05,1.7551224e-07
455,1,1,0.0071194377,0.5932237,0.39965686
456,0,1,0.24604389,0.7282027,0.025753373
457,1,1,0.27952835,0.70151544,0.018956209
458,2,2,0.0011550128,0.34627604,0.65256894
459,1,1,0.050787207,0.8027646,0.1464483
460,1,0,0.5015938,0.49362987,0.0047762534
461,1,1,0.3197074,0.66574925,0.014543274
462,0,0,0.99927026,0.0007296458,1.7538545e-07
463,1,1,0.098538525,0.81934357,0.082117915
464,0,1,0.046916775,0.79491603,0.15816724
465,1,1,0.015322856,0.68637836,0.29829878
466,1,1,0.47808978,0.51693827,0.00497202
467,1,1,0.01045727,0.6402642,0.3492785
468,1,1,0.016038848,0.69393265,0.29002845
469,1,1,0.4673726,0.5277668,0.0048605646
470,2,1,0.04107677,0.7927531,0.1661701
471,1,0,0.5515785,0.44542348,0.002997985
472,2,2,2.2051485e-05,0.060478713,0.9394992
473,0,0,0.9968706,0.003129057,3.2687447e-07
474,0,0,0.7519159,0.24752548,0.0005586474
475,1,1,0.30178288,0.68244374,0.015773304
476,0,0,0.9998621,0.00013789214,5.776922e-08
477,1,1,0.00704857,0.5797211,0.41323042
478,1,1,0.010088736,0.6563977,0.33351356
479,1,1,0.0379965,0.7928934,0.16911006
480,0,0,0.9999851,1.4945521e-05,1.9019788e-08
481,0,1,0.3529471,0.6355087,0.011544157
482,1,1,0.40487865,0.5867982,0.008323132
483,2,2,0.00014830312,0.15653966,0.843312
484,1,0,0.7615106,0.23796165,0.00052781904
485,0,1,0.40075976,0.5922846,0.0069555687
486,0,2,0.00022100717,0.1784486,0.8213304
487,2,2,0.00032373576,0.2065424,0.79313385
488,2,2,3.4064396e-05,0.075855605,0.92411035
489,0,1,0.4580666,0.53553414,0.006399255
490,1,1,0.005065401,0.5405421,0.4543925
491,1,1,0.3873157,0.6023649,0.010319376
492,0,0,0.70367646,0.29538015,0.00094340055
493,2,2,1.1632232e-05,0.041392844,0.9585955
494,0,0,0.5544235,0.4424088,0.0031676756
495,0,0,0.8478065,0.15200336,0.00019011517
496,2,2,1.9890787e-05,0.059499845,0.94048023
497,1,1,0.0048354026,0.53422976,0.4609348
498,1,2,0.0029634363,0.45535246,0.5416841
499,0,1,0.27924544,0.7008051,0.019949462
500,1,0,0.883967,0.115951255,8.177572e-05
501,0,0,0.73017526,0.2690832,0.00074150227
502,2,2,3.5038056e-07,0.003129057,0.9968706
503,0,0,0.98278946,0.017205955,4.5108395e-06
504,0,0,0.92287356,0.07708072,4.5697925e-05
505,1,1,0.15707865,0.79632753,0.046593875
506,0,0,0.80564123,0.19403277,0.00032599867
507,1,2,0.0005986224,0.26067242,0.73872894
508,1,0,0.7519372,0.24753244,0.0005303109
509,1,1,0.020141399,0.70754784,0.2723108
510,1,1,0.008512246,0.6199882,0.37149957
511,2,2,7.5090993e-06,0.02814944,0.97184306
512,2,2,0.0004746779,0.2590354,0.7404899
513,0,0,0.9944635,0.005535772,7.247083e-07
514,0,0,0.99958116,0.0004187695,1.754387e-07
515,1,1,0.07545755,0.82832354,0.096218884
516,2,2,0.00036126404,0.22261965,0.7770191
517,0,0,0.62603265,0.37187925,0.0020881477
518,0,0,0.69628525,0.30260426,0.0011104741
519,1,1,0.14538258,0.8038705,0.05074694
520,0,0,0.9228763,0.07708095,4.2632255e-05
521,1,2,0.004617089,0.4852734,0.51010954
522,0,0,0.99999833,1.6195282e-06,1.902004e-08
523,0,0,0.9857393,0.01425746,3.310106e-06
524,0,0,0.9527103,0.04726823,2.1598447e-05
525,1,1,0.13214874,0.810916,0.05693524
526,2,2,1.8466108e-06,0.00768239,0.99231577
527,0,0,0.99400336,0.0059958277,8.8636574e-07
528,0,1,0.041350067,0.78770447,0.1709455
529,0,0,0.9999546,4.539786e-05,5.7775445e-08
530,1,1,0.174761,0.7845855,0.040653545
531,0,0,0.77086014,0.22865842,0.000481444
532,2,1,0.03368927,0.7734494,0.19286129
533,1,1,0.23537084,0.7370498,0.027579293
534,0,0,0.99999833,1.6196271e-06,1.902004e-08
535,1,1,0.007274477,0.5983011,0.3944244
536,0,1,0.21193565,0.75513697,0.03292735
537,0,1,0.4427614,0.55006963,0.0071690073
538,1,1,0.02360418,0.7439284,0.23246747
539,2,2,1.7549065e-07,0.00013789424,0.99986196
540,2,2,0.00020117217,0.18438333,0.8154155
541,2,2,3.0430563e-05,0.06776364,0.9322059
542,2,1,0.0071409806,0.5937289,0.39913005
543,1,1,0.22195202,0.74764276,0.03040521
544,0,0,0.9727799,0.027215013,5.130148e-06
545,1,1,0.08305367,0.821518,0.09542837
546,1,1,0.254619,0.72157407,0.023806926
547,0,0,0.699903,0.29894134,0.0011556834
548,1,2,0.0020369682,0.41321275,0.5847503
549,0,1,0.042463608,0.8054134,0.15212297
550,0,0,0.8409579,0.15883641,0.00020568061
551,0,0,0.99927026,0.00072964025,1.7538413e-07
552,2,2,3.9117367e-06,0.020751417,0.97924465
553,2,2,8.447788e-05,0.1024556,0.8974599
554,0,0,0.99999833,1.6196271e-06,1.902004e-08
555,1,1,0.005547704,0.5499012,0.44455108
556,0,0,0.99986196,0.00013789424,1.7549065e-07
557,1,1,0.055616613,0.81303453,0.13134886
558,1,0,0.90813065,0.09181,5.9366288e-05
559,1,1,0.063661106,0.80995333,0.1263856
560,0,0,0.93748844,0.062481537,3.0076295e-05
561,1,1,0.45400354,0.5400795,0.005916988
562,2,2,4.9966243e-06,0.019058915,0.98093605
563,2,1,0.05594568,0.8107764,0.13327794
564,2,2,1.4765568e-05,0.045729224,0.954256
565,0,1,0.37893867,0.61082166,0.010239605
566,1,1,0.28163725,0.7006989,0.017663898
567,0,0,0.9990369,0.0009630453,1.7534383e-07
568,0,0,0.537331,0.45860723,0.0040618223
569,2,2,0.00085117266,0.31267494,0.6864739
570,0,1,0.2379324,0.7386315,0.023436112
571,1,1,0.40207943,0.58909893,0.008821614
572,1,1,0.24785307,0.72642833,0.025718508
573,0,0,0.998073,0.0019267342,2.0127437e-07
574,2,1,0.018823966,0.7119042,0.2692718
575,0,0,0.51184136,0.483761,0.0043976493
576,1,2,0.003922687,0.4893931,0.50668424
577,1,0,0.5149842,0.48043486,0.004580984
578,0,0,0.818947,0.18083823,0.00021470114
579,0,0,0.88034374,0.11955593,0.00010030406
580,1,0,0.69718534,0.30168325,0.0011313818
581,1,1,0.30528435,0.6784799,0.016235758
582,1,1,0.06394555,0.82066536,0.1153891
583,2,2,0.0010811542,0.332685,0.6662339
584,2,2,0.0017712133,0.3719973,0.62623155
585,0,0,0.89586115,0.10406418,7.467759e-05
586,1,1,0.061122403,0.81214935,0.12672827
587,0,0,0.99958116,0.00041876308,1.754387e-07
588,2,2,0.0007979468,0.27249506,0.726707
589,0,0,0.9612637,0.03872337,1.29452055e-05
590,2,2,0.00011871716,0.13906772,0.8608135
591,1,1,0.04677464,0.78565836,0.16756696
592,1,1,0.08081877,0.8205032,0.09867802
593,1,1,0.017801605,0.702341,0.27985743
594,1,2,0.0015418839,0.3720828,0.62637526
595,2,1,0.029753793,0.7482844,0.2219618
596,0,1,0.36930642,0.6217014,0.008992121
597,0,0,0.6465359,0.3521263,0.001337862
598,0,0,0.7646351,0.23482566,0.00053926616
599,0,0,0.8708851,0.12899683,0.00011803903
600,1,1,0.40084708,0.58984786,0.009305069
601,0,0,0.99999833,1.6195282e-06,2.2336125e-10
602,0,0,0.9935334,0.0064659202,6.754566e-07
603,2,2,8.532847e-05,0.109020025,0.89089465
604,1,1,0.27243656,0.7048089,0.022754591
605,0,0,0.99601316,0.0039865533,3.6244825e-07
606,0,0,0.81889474,0.1808267,0.00027855058
607,0,0,0.9883907,0.01160729,2.0412344e-06
608,0,0,0.94143665,0.05853525,2.8176699e-05
609,0,0,0.91376746,0.08618231,5.0214443e-05
610,2,2,0.00033798785,0.2271638,0.7724982
611,0,0,0.9995813,0.00041876954,5.7752995e-08
612,2,2,1.7548798e-07,0.00013789213,0.99986196
613,1,1,0.11190008,0.8168483,0.0712516
614,0,0,0.88571614,0.11418106,0.00010268354
615,0,1,0.014857215,0.683079,0.3020638
616,0,0,0.99927026,0.0007296458,1.7538413e-07
617,0,0,0.97701776,0.022977259,4.976666e-06
618,1,1,0.006693246,0.5799285,0.41337827
619,0,0,0.56716555,0.42960805,0.0032264427
620,1,1,0.1704996,0.79249907,0.03700138
621,2,2,0.00022434404,0.17324932,0.8265263
622,0,0,0.98645383,0.013543705,2.4234782e-06
623,2,2,3.1044013e-07,0.0026316731,0.99736804
624,1,2,0.0022382517,0.43854976,0.55921197
625,0,0,0.9736824,0.026310656,7.0185865e-06
626,1,1,0.21447249,0.7551089,0.030418666
627,0,1,0.46437424,0.5289528,0.0066729984
628,2,2,2.739206e-07,0.001918405,0.9980813
629,0,0,0.99986196,0.00013789002,1.754853e-07
630,0,0,0.77698284,0.22260928,0.00040792773
631,2,2,1.6194039e-06,0.00013789824,0.9998604
632,2,1,0.00756984,0.62259376,0.3698364
633,0,1,0.48015073,0.51467943,0.0051698806
634,1,1,0.0050956574,0.5297927,0.4651116
635,0,0,0.5715523,0.42547962,0.00296815
636,0,0,0.86081177,0.13906743,0.00012079592
637,0,0,0.98392606,0.016070217,3.7963018e-06
638,2,1,0.073612124,0.82221705,0.1041708
639,1,2,0.0020936378,0.4173987,0.5805077
640,0,0,0.86492187,0.13496295,0.00011521314
641,0,0,0.9051842,0.09474547,7.039261e-05
642,1,0,0.60541475,0.39224476,0.0023404856
643,1,1,0.37466392,0.61450744,0.010828619
644,0,1,0.29788494,0.6854258,0.016689213
645,1,1,0.056274626,0.8084949,0.1352304
646,2,2,3.892734e-05,0.08086901,0.919092
647,0,1,0.24593298,0.72787446,0.026192566
648,0,0,0.7197414,0.2794187,0.0008398094
649,0,0,0.8649252,0.13496347,0.00011128166
650,2,2,1.902004e-08,1.6195282e-06,0.99999833
651,0,0,0.99927026,0.0007296458,1.0062707e-07
652,2,2,0.0024407322,0.4384607,0.55909854
653,1,2,0.00017544514,0.16117454,0.83865005
654,2,2,0.00012475965,0.14115854,0.8587167
655,1,1,0.29108214,0.69343746,0.015480448
656,0,0,0.8708904,0.12899761,0.00011204914
657,1,1,0.024375007,0.73399794,0.24162696
658,0,0,0.61677283,0.38097355,0.0022535827
659,1,1,0.028940884,0.76343244,0.20762663
660,1,1,0.28907713,0.69165653,0.019266354
661,2,2,1.3807028e-05,0.043509476,0.95647675
662,1,0,0.5542138,0.4422414,0.0035447495
663,0,0,0.5608321,0.43601882,0.0031491418
664,1,1,0.46877757,0.525633,0.0055894163
665,2,2,1.7551223e-07,1.49450625e-05,0.99998486
666,1,1,0.14876153,0.80140954,0.049828865
667,2,2,4.9824757e-06,0.021836614,0.97815835
668,1,1,0.119366765,0.81998336,0.060649876
669,0,0,0.6504152,0.34814212,0.0014426761
670,1,1,0.2384473,0.737024,0.02452867
671,0,0,0.8522094,0.1475785,0.0002120828
672,1,1,0.13542631,0.80966616,0.054907482
673,0,0,0.99832255,0.001677303,1.752178e-07
674,0,0,0.92767227,0.072283454,4.4367964e-05
675,0,0,0.8942303,0.10569383,7.5847034e-05
676,2,2,1.301238e-06,0.010471069,0.98952764
677,0,1,0.3832946,0.6072092,0.009496157
678,0,1,0.2306044,0.74117625,0.02821939
679,0,0,0.98336846,0.016628584,2.87394e-06
680,0,0,0.9354233,0.06454662,3.0010016e-05
681,0,0,0.9836512,0.016347077,1.7680188e-06
682,1,1,0.07269572,0.8262009,0.10110338
683,2,2,2.869613e-06,0.018109227,0.9818879
684,1,1,0.19308329,0.7743396,0.032577038
685,0,0,0.9990369,0.000963049,1.3281623e-07
686,1,1,0.025075825,0.7404965,0.2344277
687,1,0,0.8289917,0.17077534,0.00023296343
688,0,0,0.9527173,0.04726858,1.4238674e-05
689,2,2,5.686389e-07,0.0050070705,0.9949923
690,1,1,0.16875018,0.7877794,0.043470502
691,0,0,0.92649865,0.07345629,4.508784e-05
692,0,0,0.9999546,4.539786e-05,5.7775445e-08
693,0,0,0.7486706,0.25077328,0.00055623625
694,0,0,0.7302246,0.26910138,0.0006740202
695,1,1,0.046906807,0.80167615,0.15141706
696,0,0,0.74194527,0.2573013,0.0007534552
697,1,0,0.7055539,0.29360852,0.00083767244
698,0,1,0.051838238,0.81229556,0.1358661
699,1,1,0.13598742,0.81302106,0.050991543
700,0,0,0.99462825,0.005371005,7.4072966e-07
701,0,0,0.99999833,1.6195282e-06,1.901888e-08
702,0,0,0.9503112,0.049669977,1.875032e-05
703,0,0,0.98622036,0.013777631,2.0367522e-06
704,0,0,0.91778326,0.08216807,4.8714002e-05
705,1,1,0.0067945365,0.57357156,0.41963387
706,2,2,0.0016899763,0.4008007,0.5975093
707,1,1,0.03703194,0.78629863,0.17666952
708,1,1,0.044567745,0.8164754,0.13895683
709,1,1,0.26177835,0.71654624,0.02167542
710,1,0,0.59756523,0.39996925,0.002465543
711,0,0,0.9606114,0.03937477,1.3866713e-05
712,1,1,0.06049183,0.8107782,0.12872994
713,2,2,1.7549065e-07,0.00013789424,0.99986196
714,2,2,1.9911176e-05,0.058535732,0.94144434
715,1,1,0.37890485,0.6107671,0.0103279585
716,2,2,2.3154101e-07,0.00072964287,0.99927014
717,1,1,0.19011715,0.77579665,0.034086123
718,2,1,0.02272802,0.7288592,0.24841276
719,0,0,0.9527177,0.04726859,1.3752766e-05
720,1,0,0.5521841,0.44446337,0.0033525275
721,2,2,9.111316e-05,0.11243814,0.8874708
722,0,0,0.50809044,0.48650962,0.005399944
723,0,1,0.27999586,0.7038332,0.016170885
724,0,0,0.68424976,0.31463507,0.0011152198
725,1,1,0.33433023,0.652318,0.013351691
726,2,1,0.030441059,0.76225317,0.20730583
727,2,2,0.00018559217,0.15768327,0.84213114
728,1,1,0.024868578,0.7460221,0.22910942
729,0,0,0.8839352,0.11594704,0.00011774572
730,0,0,0.9414415,0.058535565,2.287781e-05
731,2,2,0.0013296632,0.35609698,0.6425734
732,2,2,1.7548798e-07,0.00013789424,0.99986196
733,1,1,0.016257558,0.697316,0.28642645
734,0,0,0.9987288,0.0012710145,1.752891e-07
735,2,2,1.9019787e-08,1.4945064e-05,0.999985
736,1,1,0.048355125,0.8192861,0.13235883
737,0,1,0.048296645,0.8112226,0.14048074
738,1,1,0.200489,0.76655406,0.032957
739,0,0,0.99999833,1.6196271e-06,1.902004e-08
740,1,1,0.07230487,0.8217591,0.10593608
741,0,0,0.999985,1.4945519e-05,1.7551224e-07
742,2,2,0.00064895867,0.2777279,0.7216232
743,0,0,0.99975973,0.00024031111,5.7763753e-08
744,2,2,1.902004e-08,1.6196271e-06,0.99999833
745,0,0,0.6344977,0.36404523,0.0014570944
746,0,0,0.9961151,0.0038844747,4.82723e-07
747,1,0,0.5436623,0.45306548,0.0032722603
748,1,2,0.002986846,0.45105028,0.54596287
749,1,1,0.0041973186,0.514643,0.48115966
750,1,1,0.032624356,0.7822249,0.18515073
751,0,0,0.96554524,0.034444854,9.849226e-06
752,0,0,0.93220645,0.06776369,2.990684e-05
753,0,1,0.4448485,0.5478859,0.0072655943
754,0,0,0.9999851,1.4945521e-05,1.9019788e-08
755,0,0,0.67387176,0.32501554,0.0011127003
756,0,0,0.9999851,1.4945066e-05,1.9019788e-08
757,2,2,4.3378852e-05,0.07708092,0.9228757
758,1,1,0.18330151,0.7811639,0.035534613
759,1,0,0.90666485,0.093267106,6.810158e-05
760,0,0,0.811046,0.18866844,0.0002856281
761,1,1,0.10573441,0.8201943,0.07407125
762,1,1,0.10765888,0.8207492,0.07159187
763,1,1,0.13495354,0.80683964,0.058206774
764,0,0,0.9898812,0.010117352,1.4446111e-06
765,0,0,0.5542808,0.44229499,0.003424192
766,0,0,0.91908455,0.080868356,4.7118283e-05
767,1,2,0.00031246064,0.201087,0.79860055
768,1,2,0.00063901214,0.2652875,0.7340736
769,1,1,0.31018072,0.6745629,0.01525645
770,2,1,0.007493864,0.59919995,0.39330617
771,0,0,0.99022335,0.00977546,1.173337e-06
772,1,1,0.07453087,0.818151,0.107318066
773,0,0,0.99999833,1.6196271e-06,1.902004e-08
774,1,1,0.024990281,0.7444041,0.23060563
775,2,2,0.00015269636,0.14649855,0.8533488
776,0,0,0.9066764,0.093268275,5.5294873e-05
777,1,1,0.13993251,0.8010729,0.05899454
778,2,1,0.04061795,0.79073274,0.16864927
779,0,0,0.958592,0.041392684,1.535673e-05
780,0,0,0.97701603,0.022977214,6.802283e-06
781,0,0,0.8500818,0.14978808,0.00013010808
782,1,1,0.11684234,0.8166984,0.06645927
783,0,0,0.9999546,4.539786e-05,5.7775445e-08
784,1,1,0.010259878,0.606741,0.38299906
785,1,1,0.31216323,0.6730068,0.014829988
786,0,0,0.9688495,0.03114361,6.9837492e-06
787,0,0,0.9374929,0.062481824,2.5282956e-05
788,0,0,0.9374903,0.06248165,2.8058588e-05
789,0,0,0.96884656,0.031143516,9.882902e-06
790,1,0,0.897472,0.10245697,7.10151e-05
791,1,1,0.2966444,0.6855407,0.017814882
792,2,2,2.2594015e-05,0.053931136,0.94604623
793,0,0,0.999985,1.4945064e-05,1.7551224e-07
794,2,2,1.9019787e-08,1.4945064e-05,0.999985
795,2,2,0.0017017137,0.39663854,0.6016598
796,2,2,0.00013946308,0.14978668,0.8500739
797,1,1,0.093734495,0.8210674,0.08519819
798,0,1,0.4089764,0.58380103,0.007222485
799,0,0,0.57750714,0.4193162,0.0031766044
800,1,1,0.3410627,0.648348,0.010589304
801,2,2,1.7544001e-07,0.00041876623,0.99958104
802,0,1,0.39861968,0.59296966,0.008410667
803,2,2,0.00021145638,0.16472039,0.83506817
804,1,1,0.3646463,0.6246067,0.010746952
805,0,0,0.9999851,1.4945066e-05,1.9019788e-08
806,1,1,0.33109874,0.65447944,0.014421731
807,0,1,0.43757465,0.5555523,0.006873006
808,1,0,0.54093844,0.45472574,0.0043358435
809,0,0,0.9672394,0.032754138,6.5043946e-06
810,1,1,0.35051692,0.6380184,0.011464666
811,0,0,0.98157513,0.0184205,4.3515174e-06
812,0,0,0.8362587,0.16352953,0.00021175784
813,1,1,0.014302095,0.7048434,0.2808545
814,0,0,0.8628656,0.137,0.00013437743
815,0,0,0.74538976,0.2540467,0.00056349696
816,2,2,2.7187283e-05,0.059499424,0.9404734
817,0,0,0.8163136,0.18341348,0.0002728935
818,0,0,0.989345,0.010652485,2.5164616e-06
819,0,1,0.32674477,0.65718406,0.016071163
820,0,0,0.85444355,0.14541867,0.00013776735
821,0,0,0.55565536,0.44147155,0.0028730985
822,1,1,0.005153655,0.5404942,0.45435217
823,0,0,0.99927026,0.0007296458,1.7538413e-07
824,1,1,0.05854833,0.8124554,0.12899624
825,2,1,0.12886412,0.8116232,0.05951266
826,0,0,0.8500586,0.14978395,0.00015748189
827,1,0,0.524596,0.47103637,0.004367616
828,2,2,9.221092e-07,0.00768239,0.9923167
829,2,2,1.7549065e-07,0.00013789424,0.99986196
830,0,0,0.8958525,0.104063146,8.432657e-05
831,1,1,0.25979486,0.71653867,0.023666464
832,0,0,0.7916969,0.20796564,0.00033748362
833,0,0,0.92162794,0.07832477,4.724867e-05
834,0,0,0.99214923,0.0078496095,1.2171563e-06
835,1,1,0.026937813,0.7650073,0.20805487
836,0,1,0.4542056,0.5403197,0.0054747495
837,1,1,0.035131186,0.7722953,0.19257355
838,0,0,0.9732352,0.02675913,5.696035e-06
839,1,1,0.043645512,0.7858182,0.17053623
840,1,1,0.34258422,0.6456115,0.011804274
841,1,0,0.9745555,0.025435554,8.957699e-06
842,0,1,0.47577533,0.51892084,0.0053037703
843,1,1,0.040042344,0.78632337,0.17363429
844,0,0,0.9990368,0.0009630489,2.3148871e-07
845,0,0,0.724959,0.2742096,0.000831338
846,1,1,0.050915543,0.8047931,0.14429142
847,1,0,0.63448155,0.36403596,0.0014825751
848,2,2,1.7543869e-07,0.00041876943,0.99958104
849,1,1,0.055228774,0.80736494,0.1374063
850,0,0,0.9947432,0.005256308,4.947764e-07
851,0,0,0.88394547,0.115948424,0.00010609903
852,0,1,0.43829855,0.5540613,0.0076401806
853,2,2,0.0004989662,0.24113059,0.7583704
854,0,0,0.94239557,0.057586394,1.7959605e-05
855,0,0,0.9987288,0.0012710145,1.7528976e-07
856,1,1,0.012685691,0.667239,0.32007533
857,0,0,0.9123854,0.08755894,5.564299e-05
858,1,1,0.1415617,0.8103996,0.048038676
859,0,0,0.5498849,0.44695625,0.003158836
860,1,1,0.14782396,0.8033017,0.04887427
861,0,0,0.8942291,0.1056937,7.7175195e-05
862,0,0,0.9898803,0.010117343,2.348907e-06
863,2,2,4.4534594e-05,0.08482532,0.91513014
864,0,0,0.9999851,1.4944608e-05,2.061123e-09
865,2,2,1.9703537e-06,0.01222027,0.98777777
866,0,0,0.622576,0.3754868,0.0019373015
867,0,0,0.8001557,0.19952056,0.00032377895
868,1,1,0.08010731,0.8203704,0.099522226
869,2,1,0.007746749,0.5969848,0.3952685
870,1,0,0.60863286,0.38922852,0.0021386468
871,0,0,0.99958116,0.0004187695,1.754387e-07
872,0,0,0.7534652,0.24589166,0.00064320647
873,1,0,0.7452835,0.25401047,0.0007060698
874,2,2,0.00012200409,0.14542097,0.854457
875,2,2,0.0024454866,0.44700846,0.55054605
876,0,0,0.84555286,0.15425418,0.00019293028
877,0,0,0.95500815,0.044977594,1.4272927e-05
878,0,1,0.45381045,0.53984976,0.006339793
879,1,1,0.19236352,0.7764919,0.031144578
880,0,0,0.99958116,0.00041876629,1.00658376e-07
881,0,0,0.99999833,1.6195282e-06,1.901888e-08
882,2,2,2.4874573e-05,0.061472565,0.93850255
883,0,0,0.9999851,1.4945521e-05,1.9019788e-08
884,0,0,0.63334805,0.3649662,0.001685733
885,0,0,0.9806096,0.01938623,4.198881e-06
886,2,2,1.902004e-08,1.6195282e-06,0.99999833
887,1,1,0.09563254,0.8232756,0.08109186
888,2,2,0.0021087872,0.413183,0.5847082
889,1,1,0.105666146,0.81966496,0.07466881
890,1,1,0.04305303,0.78872573,0.1682212
891,1,1,0.012600874,0.68917996,0.29821917
892,1,0,0.58885247,0.40850627,0.0026413086
893,1,1,0.083054416,0.8286879,0.088257626
894,2,2,2.7789606e-06,0.015530331,0.9844669
895,1,1,0.22947682,0.7439824,0.02654082
896,2,2,7.508764e-07,0.0047902414,0.99520904
897,2,1,0.048577726,0.808892,0.14253022
898,2,2,9.678049e-05,0.12047313,0.8794301
899,1,1,0.0062180455,0.5638759,0.4299061
900,0,0,0.9708774,0.029115058,7.5016383e-06
901,0,1,0.3298124,0.6571302,0.0130574275
902,1,0,0.7677982,0.2317387,0.0004631669
903,1,1,0.011210453,0.6676481,0.32114148
904,1,0,0.6569636,0.34167987,0.001356493
905,1,1,0.006524284,0.565289,0.4281867
906,0,0,0.9051914,0.0947462,6.233778e-05
907,1,1,0.12631549,0.80950403,0.06418051
908,0,0,0.990873,0.009125625,1.3967085e-06
909,1,1,0.020878358,0.7318465,0.2472751
910,2,2,0.00016885197,0.17140183,0.8284293
911,1,1,0.051533803,0.8145654,0.13390079
912,1,1,0.37273365,0.6156686,0.011597756
913,0,0,0.9947318,0.0052676657,6.093711e-07
914,1,1,0.2309755,0.7407597,0.028264802
915,0,1,0.1811422,0.7778476,0.041010253
916,0,0,0.99469745,0.005301892,6.093501e-07
917,0,0,0.9999546,4.539786e-05,5.7775445e-08
918,1,1,0.049795583,0.80785674,0.1423478
919,2,1,0.10656718,0.8338613,0.059571557
920,2,1,0.0329043,0.7686574,0.19843836
921,2,2,2.1757963e-07,0.0021564076,0.9978434
922,2,2,3.0503944e-07,0.0028203884,0.99717927
923,0,0,0.5671575,0.4296021,0.0032404324
924,0,0,0.99999833,1.6195776e-06,1.902004e-08
925,0,0,0.97184426,0.028149473,6.3123384e-06
926,1,1,0.10143347,0.82173413,0.07683232
927,0,0,0.95790184,0.042087257,1.0843992e-05
928,0,0,0.9727768,0.027214926,8.3415e-06
929,1,1,0.4083558,0.5829152,0.008729018
930,0,0,0.96190673,0.038082346,1.088933e-05
931,2,2,0.00026919338,0.18570016,0.81403065
932,2,1,0.02776201,0.76150787,0.21073015
933,0,0,0.99999833,1.6196271e-06,1.902004e-08
934,1,1,0.0042303656,0.50976783,0.4860018
935,0,0,0.96778196,0.032208458,9.535136e-06
936,0,1,0.38980252,0.60164523,0.008552262
937,2,2,0.000539836,0.2391905,0.76026964
938,0,0,0.998073,0.0019267342,2.0127437e-07
939,0,1,0.47785172,0.5166809,0.005467461
940,0,0,0.9998621,0.00013789425,5.77701e-08
941,0,1,0.40031707,0.5916302,0.008052695
942,0,1,0.050452903,0.81144625,0.1381009
943,2,2,0.002946173,0.47690302,0.52015084
944,0,0,0.9977865,0.002213176,2.6564544e-07
945,2,2,0.00095496594,0.2990014,0.7000437
946,2,2,0.00017431076,0.1520057,0.84782
947,0,0,0.99832255,0.001677303,1.752178e-07
948,1,1,0.171986,0.78564924,0.042364776
949,0,0,0.94144297,0.058535658,2.1343012e-05
950,0,0,0.9951361,0.004863212,7.189301e-07
951,0,1,0.28303814,0.69809806,0.01886387
952,1,1,0.13853127,0.8097903,0.05167836
953,1,1,0.0053156824,0.5574872,0.43719715
954,0,0,0.99385923,0.0061397874,1.0249342e-06
955,2,1,0.004432078,0.52260935,0.47295856
956,2,1,0.12286944,0.81524056,0.06188998
957,0,0,0.99664634,0.0033533215,3.503021e-07
958,1,2,0.0008650291,0.29540327,0.7037317
959,2,2,1.7543869e-07,0.00041876623,0.99958104
960,2,1,0.01228072,0.67752546,0.31019378
961,0,0,0.74205047,0.25733772,0.00061184436
962,0,0,0.67747056,0.32112756,0.0014018752
963,2,2,1.7530421e-07,0.0011858465,0.998814
964,0,0,0.9907148,0.009283952,1.3027978e-06
965,0,0,0.828951,0.17076702,0.00028197127
966,1,1,0.0051103677,0.5597287,0.43516096
967,1,1,0.45151266,0.54179895,0.0066883275
968,0,0,0.88746935,0.11243796,9.2708695e-05
969,1,1,0.3402283,0.64676154,0.013010123
970,1,1,0.03282317,0.77681106,0.19036579
971,0,0,1.0,1.9020073e-08,1.9020073e-08
972,0,0,0.99999833,1.6196271e-06,1.902004e-08
973,1,1,0.30340338,0.68017834,0.016418304
974,2,1,0.004167881,0.50223804,0.49359402
975,1,2,0.0018048504,0.39245525,0.6057399
976,1,1,0.1557086,0.796264,0.04802737
977,0,0,0.99986196,0.00013789424,1.7548798e-07
978,0,0,0.99999833,1.6196271e-06,1.902004e-08
979,2,2,6.9911785e-06,0.030112788,0.96988016
980,0,0,0.99986196,0.00013789424,1.7548798e-07
981,0,0,0.90367645,0.09624412,7.9356316e-05
982,0,0,0.98249507,0.017502043,2.7733945e-06
983,2,1,0.011619198,0.6579423,0.33043844
984,2,2,3.05679e-07,0.0007296456,0.99927
985,0,0,0.9987288,0.0012710145,1.3277527e-07
986,2,2,2.1587061e-07,0.0013622919,0.9986375
987,0,0,0.96778095,0.03220842,1.0581956e-05
988,1,1,0.2780503,0.7008411,0.02110853
989,0,0,0.9999851,1.4945066e-05,1.9019788e-08
990,0,0,0.6257955,0.37254602,0.0016584175
991,2,2,1.6017374e-06,0.01102472,0.9889737
992,0,0,0.99999833,1.6196271e-06,2.2337489e-10
993,1,1,0.047419947,0.8034414,0.14913863
994,0,0,0.9688469,0.031143527,9.545629e-06
995,1,1,0.37184855,0.61788297,0.010268457
996,0,0,0.8362945,0.16353652,0.00016898186
997,0,0,0.9968706,0.00312906,3.049447e-07
998,1,1,0.05008312,0.80549884,0.14441797
999,1,1,0.036754094,0.7736539,0.189592
1000,1,1,0.19135047,0.7721931,0.03645651
1001,1,1,0.039406568,0.8011799,0.15941358
1002,0,0,0.99999833,1.6195282e-06,1.902004e-08
1003,0,0,0.58011883,0.4171191,0.0027621535
1004,0,0,0.99958116,0.00041876629,1.00658376e-07
1005,1,1,0.031191753,0.7676076,0.2012007
1006,0,0,0.60149693,0.39653122,0.001971777
1007,2,2,6.996974e-07,0.005931501,0.9940678
1008,2,2,3.5994847e-07,0.0022324268,0.9977672
1009,1,1,0.10084436,0.8240842,0.075071365
1010,0,0,0.99958116,0.0004187695,1.0065991e-07
1011,1,0,0.8314485,0.16833353,0.00021797862
1012,2,1,0.04986284,0.8160004,0.1341367
1013,1,1,0.10510179,0.8152872,0.079610944
1014,2,2,7.6256074e-05,0.10087093,0.89905286
1015,0,1,0.38985988,0.60173386,0.008406303
1016,2,2,0.0003333109,0.21265136,0.7870153
1017,0,1,0.48706815,0.5086737,0.0042580883
1018,0,0,0.73530674,0.2640087,0.00068462826
1019,2,1,0.018541437,0.7104095,0.27104902
1020,0,0,0.99999833,1.6196271e-06,1.902004e-08
1021,2,2,3.4064396e-05,0.075855605,0.92411035
1022,1,1,0.008667561,0.6097565,0.3815759
1023,1,1,0.023632417,0.74159276,0.23477475
1024,1,1,0.33854288,0.6491685,0.012288679
1025,2,2,0.00057820516,0.26067767,0.73874414
1026,0,0,0.9866834,0.013313697,2.7852175e-06
1027,0,1,0.03050694,0.7705628,0.19893026
1028,1,1,0.012396896,0.6577339,0.3298692
1029,2,1,0.022920806,0.7382389,0.23884034
1030,0,0,0.90813154,0.091810115,5.8344544e-05
1031,1,1,0.26281172,0.71335065,0.023837605
1032,0,0,0.9999851,1.4945066e-05,1.9019208e-08
1033,2,2,1.0197208e-05,0.034444846,0.96554494
1034,1,1,0.18589155,0.7768794,0.037229087
1035,0,0,0.84554994,0.15425365,0.00019630847
1036,1,0,0.7072721,0.29177967,0.0009482208
1037,1,1,0.019526081,0.7352595,0.24521445
1038,2,1,0.0040250104,0.51095295,0.485022
1039,0,0,0.9990369,0.000963049,1.0060395e-07
1040,0,0,0.87850887,0.12139613,9.501517e-05
1041,1,1,0.24263267,0.7354553,0.021912009
1042,1,1,0.0044253455,0.51506466,0.48051
1043,1,1,0.45811707,0.5355931,0.006289805
1044,0,0,0.99999833,1.6196271e-06,1.902004e-08
1045,0,0,0.9815763,0.018420517,3.1836419e-06
1046,1,1,0.44511735,0.5482172,0.006665528
1047,2,1,0.00471426,0.49872285,0.49656293
1048,1,1,0.007835202,0.6224272,0.36973757
1049,0,1,0.34573573,0.64033675,0.013927556
1050,0,0,0.95647126,0.043509215,1.9538646e-05
1051,2,2,0.0035196566,0.4831073,0.5133731
1052,0,0,0.51938987,0.47620535,0.0044047744
1053,0,0,0.99958116,0.00041876629,1.00658376e-07
1054,2,1,0.020082045,0.7178174,0.26210052
1055,0,0,0.7352113,0.26397443,0.00081432326
1056,2,2,0.00032208365,0.2037123,0.79596555
1057,2,1,0.008516419,0.6149308,0.37655282
1058,0,0,0.8839682,0.11595142,8.0368394e-05
1059,0,1,0.26861864,0.7082536,0.023127805
1060,0,0,0.9987288,0.0012710145,1.752891e-07
1061,0,0,0.54812795,0.44892505,0.0029470779
1062,0,0,0.9606109,0.03937475,1.4356648e-05
1063,0,0,0.999985,1.4945064e-05,1.7550688e-07
1064,1,1,0.042820822,0.7913114,0.16586784
1065,0,0,0.9999851,1.4945066e-05,1.9019788e-08
1066,1,1,0.026428815,0.7538168,0.2197544
1067,2,2,0.00017054321,0.15397473,0.84585476
1068,0,0,0.99190885,0.008089797,1.2598557e-06
1069,0,0,0.60975873,0.3882597,0.0019815837
1070,0,0,0.8522434,0.14758435,0.00017220451
1071,0,0,0.9643622,0.035618156,1.969984e-05
1072,1,1,0.112903975,0.81705326,0.07004283
1073,0,1,0.2752642,0.7029118,0.021823974
1074,0,0,0.96437156,0.03561852,9.837254e-06
1075,1,1,0.09102619,0.8255159,0.083457835
1076,1,0,0.63415873,0.36385074,0.001990548
1077,2,2,0.00032599882,0.19403282,0.8056412
1078,0,0,0.9960432,0.003956507,3.8558457e-07
1079,1,1,0.15492746,0.7922696,0.05280301
1080,0,0,0.9123808,0.08755852,6.068869e-05
1081,2,1,0.0044253417,0.5150647,0.4805099
1082,0,0,0.58453673,0.4130619,0.0024013415
1083,0,1,0.024793494,0.7580279,0.21717861
1084,2,2,1.7549065e-07,0.00013789424,0.99986196
1085,2,2,0.002839946,0.45970753,0.5374525
1086,0,0,0.9917685,0.0082303025,1.1350646e-06
1087,1,1,0.01524455,0.6918203,0.29293516
1088,1,1,0.15636843,0.7944493,0.04918217
1089,0,0,0.7420425,0.25733498,0.00062255247
1090,1,0,0.5843961,0.41296256,0.0026413067
1091,0,1,0.4624796,0.5313874,0.0061330087
1092,1,1,0.4106944,0.58118635,0.008119255
1093,2,1,0.13461483,0.8048148,0.060570404
1094,0,0,0.9930714,0.006927679,9.554153e-07
1095,1,1,0.094884425,0.8239566,0.08115895
1096,0,0,0.51102316,0.48508865,0.0038881854
1097,0,0,0.99958116,0.00041876629,1.00658376e-07
1098,2,2,4.3125297e-06,0.027215043,0.9727807
1099,2,2,5.1668372e-05,0.091810726,0.9081376
1100,0,0,0.9961482,0.0038510303,7.011618e-07
1101,2,1,0.097802944,0.8274689,0.074728206
1102,1,1,0.15390703,0.80083454,0.0452585
1103,0,0,0.8432983,0.15653712,0.00016458203
1104,1,1,0.18053259,0.7828376,0.036629695
1105,0,0,0.99999833,1.6196271e-06,1.902004e-08
1106,1,1,0.2235504,0.74712616,0.029323427
1107,1,1,0.049507786,0.8101904,0.14030191
1108,1,1,0.24590497,0.7277915,0.026303496
1109,0,1,0.19316044,0.7712941,0.035545465
1110,1,1,0.08553872,0.82434934,0.09011194
1111,2,1,0.095276855,0.8273645,0.077358715
1112,2,2,1.973481e-06,0.01065249,0.9893455
1113,1,1,0.30474117,0.6772727,0.017986141
1114,1,1,0.004945265,0.5277219,0.46733287
1115,1,1,0.17505433,0.7876097,0.03733598
1116,0,0,0.96554226,0.034444734,1.3002824e-05
1117,0,1,0.1750038,0.78567547,0.039320726
1118,2,1,0.044126812,0.8083973,0.1474759
1119,0,0,0.99927026,0.0007296458,1.0062707e-07
1120,1,1,0.22326405,0.74941486,0.027321134
1121,0,0,0.66991735,0.3287668,0.001315893
1122,1,0,0.76467586,0.23483814,0.00048594532
1123,0,0,0.9951468,0.00485272,5.305723e-07
1124,1,1,0.007239792,0.57015723,0.42260292
1125,0,0,0.9964677,0.0035319692,3.9549707e-07
1126,1,1,0.102692135,0.82474065,0.07256721
1127,1,1,0.040931106,0.78311473,0.17595421
1128,1,0,0.9519272,0.048056487,1.634661e-05
1129,0,0,0.6321315,0.36584958,0.002018934
1130,0,0,0.9999851,1.4945521e-05,1.9019788e-08
1131,0,0,0.9924475,0.0075511644,1.2605399e-06
1132,0,0,0.5757385,0.42121923,0.003042251
1133,0,0,0.9241017,0.075854875,4.343644e-05
1134,2,2,1.7549065e-07,0.00013789424,0.99986196
1135,1,1,0.15851396,0.7966585,0.044827506
1136,2,2,1.902004e-08,1.6195282e-06,0.99999833
1137,1,1,0.01078859,0.6387004,0.35051095
1138,2,2,0.0012563035,0.3249688,0.67377484
1139,0,0,0.9265066,0.073456906,3.6608744e-05
1140,1,2,4.9503196e-06,0.028149514,0.9718455
1141,0,0,0.9021673,0.09776609,6.659743e-05
1142,0,0,0.8001119,0.19950964,0.00037851543
1143,2,2,9.8055825e-06,0.038723476,0.9612667
1144,0,0,0.9999851,1.4945066e-05,1.9019788e-08
1145,1,1,0.01980161,0.70779324,0.27240524
1146,2,2,1.1274071e-05,0.03808233,0.96190643
1147,0,0,0.690594,0.3080495,0.0013565067
1148,1,1,0.0062057893,0.55911237,0.43468186
1149,2,2,0.0005005273,0.23875597,0.7607435
1150,2,2,2.4801056e-07,0.0014601165,0.9985397
1151,1,1,0.10992845,0.82362765,0.06644386
1152,2,2,1.6195257e-06,1.6195257e-06,0.9999968
1153,0,0,0.8747359,0.12514552,0.000118560965
1154,1,1,0.051413234,0.81265986,0.135927
1155,2,2,3.786012e-06,0.018737052,0.98125917
1156,0,0,0.99038965,0.009608821,1.5492924e-06
1157,2,2,1.1764963e-06,0.0071091554,0.99288964
1158,2,1,0.0063877525,0.57800967,0.4156026
1159,1,0,0.6406138,0.3577178,0.0016684677
1160,0,1,0.05720377,0.807699,0.13509725
1161,0,0,0.9519261,0.04805643,1.752212e-05
1162,1,0,0.9859823,0.014015531,2.2598128e-06
1163,1,1,0.21831958,0.75542414,0.02625625
1164,2,1,0.0163375,0.70685434,0.2768081
1165,0,0,0.83864486,0.1611735,0.00018164288
1166,1,0,0.85868,0.14115247,0.00016758399
1167,1,0,0.992183,0.00781588,1.0593578e-06
1168,0,0,0.94143915,0.05853542,2.5389381e-05
1169,0,0,0.9999851,1.4945521e-05,1.9019788e-08
1170,2,2,1.5254471e-07,0.0013622933,0.9986375
1171,0,0,0.8455318,0.15425034,0.00021785544
1172,0,0,0.99832255,0.001677303,1.752178e-07
1173,2,2,0.0011921739,0.34822953,0.65057826
1174,2,2,3.0851712e-05,0.07112881,0.92884034
1175,1,1,0.47117063,0.5228982,0.0059311595
1176,2,2,7.210142e-06,0.033872183,0.9661206
1177,1,2,0.00030949275,0.20091332,0.7987772
1178,1,1,0.33125103,0.6576286,0.011120377
1179,0,0,0.62102115,0.37699547,0.0019834484
1180,1,1,0.021829052,0.72791654,0.25025442
1181,1,1,0.30767617,0.67641604,0.01590778
1182,1,1,0.47149065,0.5232534,0.0052560046
1183,0,0,0.99958116,0.0004187695,1.7544137e-07
1184,0,1,0.44956023,0.54415935,0.0062804194
1185,1,1,0.053133257,0.8111862,0.13568053
1186,2,2,6.1463696e-05,0.091809854,0.9081287
1187,1,1,0.11850814,0.8140851,0.06740677
1188,1,1,0.089489914,0.81865907,0.091850996
1189,0,0,0.78295743,0.21666573,0.00037688654
1190,2,2,2.2365351e-05,0.06350675,0.93647087
1191,1,1,0.03235631,0.76909286,0.19855084
1192,0,0,0.81367135,0.18602148,0.00030715947
1193,0,1,0.48875704,0.50602585,0.005217066
1194,1,1,0.19004585,0.77382463,0.03612948
1195,0,0,0.99958116,0.0004187695,1.0065991e-07
1196,0,0,0.65340686,0.3455001,0.0010930484
1197,0,1,0.061773304,0.8207979,0.11742884
1198,0,0,0.99999833,1.6196271e-06,1.902004e-08
1199,1,0,0.59924924,0.39849365,0.0022570987
1200,1,2,0.00032209375,0.20195797,0.7977199
1201,0,0,0.99958116,0.0004187695,1.754387e-07
1202,0,0,0.9310962,0.06886829,3.5534613e-05
1203,1,0,0.5716384,0.4255437,0.0028179416
1204,0,0,0.87662584,0.12325739,0.000116772186
1205,0,0,0.9990369,0.0009630453,1.7534383e-07
1206,2,2,1.7549065e-07,0.00013789424,0.99986196
1207,2,2,0.00016130753,0.15884343,0.84099525
1208,1,1,0.017258486,0.6966065,0.28613502
1209,2,2,0.001457095,0.36404526,0.63449764
1210,1,1,0.0728893,0.8212414,0.10586934
1211,1,2,0.00038314395,0.22412051,0.77549636
1212,1,2,0.000658717,0.29186416,0.7074771
1213,1,2,0.00092377723,0.310036,0.6890402
1214,0,0,0.9288372,0.07112857,3.4238634e-05
1215,0,0,0.99745756,0.0025420892,3.0512518e-07
1216,2,2,0.00043670688,0.21849973,0.7810635
1217,2,1,0.20701668,0.76450074,0.028482573
1218,1,0,0.97581965,0.024176018,4.326002e-06
1219,0,0,0.9999851,1.4945066e-05,1.9019788e-08
1220,0,0,0.9849899,0.015008304,1.8977394e-06
1221,0,0,0.67171484,0.32697713,0.0013080195
1222,0,1,0.4188193,0.57245815,0.008722553
1223,1,1,0.029185837,0.7632399,0.20757426
1224,1,0,0.5789879,0.41834363,0.0026684757
1225,1,1,0.280748,0.6984865,0.020765452
1226,0,0,0.99601305,0.003986551,4.4640007e-07
1227,1,1,0.25387022,0.7210151,0.025114743
1228,0,0,0.9519293,0.048056614,1.4226912e-05
1229,2,2,0.00073921424,0.29005048,0.70921034
1230,1,2,0.002288746,0.4076039,0.5901074
1231,0,0,0.93109953,0.06886853,3.2019427e-05
1232,1,1,0.20158984,0.7641013,0.034308795
1233,1,1,0.32490584,0.65918267,0.0159115
1234,1,1,0.11083176,0.8161035,0.07306478
1235,2,2,0.00058565155,0.2640348,0.7353795
1236,0,1,0.38289544,0.60657686,0.010527719
1237,0,0,0.642463,0.35603583,0.0015012252
1238,0,1,0.29540974,0.68863916,0.015951077
1239,1,1,0.06329994,0.8194623,0.117237724
1240,0,0,0.65244913,0.34621245,0.001338429
1241,0,1,0.09514918,0.81911427,0.08573654
1242,0,1,0.18071532,0.7802362,0.03904852
1243,0,0,0.91778547,0.08216827,4.624184e-05
1244,0,0,0.96936876,0.030623991,7.234383e-06
1245,0,1,0.4043777,0.5873454,0.008276834
1246,0,0,0.6098496,0.38831756,0.0018329382
1247,2,2,7.226564e-06,0.03167174,0.9683211
1248,2,2,1.7114275e-05,0.05393144,0.9460515
1249,1,1,0.17029493,0.78983176,0.039873373
1250,1,1,0.4046294,0.58771104,0.007659584
1251,0,0,0.9935049,0.0064938613,1.2188206e-06
1252,1,0,0.6757958,0.3231264,0.0010777963
1253,0,0,0.8478435,0.15200996,0.00014653389
1254,1,1,0.02034166,0.7318462,0.24781217
1255,0,0,0.9998621,0.00013789425,5.77701e-08
1256,1,1,0.018435806,0.7002572,0.28130707
1257,0,1,0.44401976,0.549244,0.006736232
1258,1,1,0.025585784,0.73933583,0.23507833
1259,1,2,0.0020905985,0.4131905,0.5847189
1260,1,0,0.76467586,0.23483814,0.0004859451
1261,1,2,0.0025882071,0.4490866,0.5483252
1262,0,0,0.70160127,0.2973992,0.0009995457
1263,0,0,0.8338935,0.16592272,0.00018377672
1264,0,0,0.9879858,0.012012479,1.7758083e-06
1265,0,0,0.99999833,1.6196271e-06,1.902004e-08
1266,1,1,0.3232501,0.66351813,0.013231834
1267,0,0,0.5391735,0.45719358,0.0036329222
1268,0,0,0.99560106,0.004398461,4.2865528e-07
1269,1,1,0.33191326,0.65324813,0.014838642
1270,0,0,0.8628656,0.13700005,0.00013437757
1271,0,0,0.9879859,0.01201248,1.6566743e-06
1272,2,2,0.00010163121,0.12325927,0.8766391
1273,1,1,0.48541397,0.5091513,0.0054347552
1274,0,0,0.7614585,0.23794547,0.0005959837
1275,0,0,0.99927026,0.0007296458,1.0062707e-07
1276,0,0,0.9998621,0.00013789425,5.776922e-08
1277,0,0,0.9951781,0.0048213815,4.5383678e-07
1278,0,0,0.98219275,0.017803065,4.0621358e-06
1279,1,1,0.1706886,0.7933776,0.035933897
1280,1,1,0.428088,0.5651587,0.0067532477
1281,0,0,0.96253765,0.037451457,1.0896472e-05
1282,0,0,0.6300995,0.36785284,0.0020476875
1283,0,0,0.9990369,0.0009630453,1.7534317e-07
1284,0,0,0.99999833,1.6196271e-06,1.902004e-08
1285,2,1,0.005542882,0.5434937,0.45096338
1286,1,1,0.01854503,0.7044059,0.27704915
1287,1,1,0.016356276,0.6894756,0.29416817
1288,0,0,0.9942069,0.005792397,6.7591446e-07
1289,0,0,0.920367,0.0795874,4.5573808e-05
1290,0,0,0.963157,0.036830533,1.25280685e-05
1291,0,0,0.8162934,0.18340893,0.0002976333
1292,0,1,0.12795867,0.8129469,0.0590945
1293,0,0,0.99958116,0.0004187695,1.754387e-07
1294,1,1,0.15988946,0.7966262,0.04348428
1295,1,1,0.07472819,0.8274689,0.09780293
1296,1,1,0.0054606632,0.5531482,0.4413911
1297,0,0,0.7707898,0.22863756,0.0005726701
1298,1,0,0.7708537,0.22865647,0.0004898711
1299,0,0,0.9945582,0.005441009,8.6218955e-07
1300,2,2,2.0144022e-07,0.0011063793,0.99889344
1301,1,1,0.09187888,0.8260469,0.08207422
1302,0,0,0.91511315,0.08482374,6.302106e-05
1303,1,1,0.30906472,0.6750594,0.01587587
1304,0,0,0.9875665,0.012431627,1.8377727e-06
1305,0,0,0.99999833,1.6195282e-06,1.902004e-08
1306,0,0,0.7214839,0.2776743,0.00084184256
1307,0,0,0.9887821,0.011215614,2.26623e-06
1308,0,0,0.8648853,0.13495724,0.00015747102
1309,2,2,1.6318916e-05,0.04967009,0.95031357
1310,2,1,0.1083654,0.8261355,0.06549911
1311,0,0,0.98061013,0.019386247,3.6543938e-06
1312,1,1,0.020260487,0.7241955,0.25554404
1313,0,0,0.9693681,0.030623974,8.028602e-06
1314,0,0,0.9998621,0.00013789425,5.7768343e-08
1315,1,1,0.33233097,0.6547804,0.012888669
1316,1,1,0.013252818,0.6703643,0.3163829
1317,2,2,4.942356e-05,0.084824905,0.9151256
1318,1,1,0.06892042,0.8180394,0.113040246
1319,2,2,0.0006052016,0.25900158,0.7403932
1320,0,0,0.99958116,0.00041876308,1.754387e-07
1321,0,0,0.753528,0.2459122,0.0005598452
1322,0,0,0.9723141,0.027678369,7.512739e-06
1323,1,1,0.004425346,0.5150647,0.4805099
1324,1,1,0.03831508,0.79263085,0.16905406
1325,2,2,1.7543869e-07,0.00041876623,0.99958104
1326,1,1,0.1880052,0.77554834,0.03644647
1327,2,1,0.014357468,0.6834254,0.30221704
1328,0,0,0.9968706,0.0031290536,3.2687416e-07
1329,1,1,0.37916154,0.609856,0.010982418
1330,0,0,0.9990369,0.000963049,1.0060395e-07
1331,0,1,0.33535475,0.65148306,0.013162105
1332,1,1,0.006819269,0.5756594,0.41752133
1333,1,1,0.042114876,0.7918949,0.16599019
1334,1,1,0.45178187,0.5421221,0.0060960674
1335,2,2,4.0173807e-05,0.06776298,0.9321968
1336,2,2,2.1749756e-06,0.017502047,0.9824958
1337,0,1,0.24618158,0.730193,0.023625324
1338,1,1,0.040060468,0.80743474,0.15250474
1339,1,1,0.14882559,0.80175495,0.049419474
1340,2,1,0.015192433,0.6864692,0.29833832
1341,0,0,0.9998621,0.00013789425,5.77701e-08
1342,1,0,0.61160606,0.38607013,0.002323725
1343,1,0,0.74201775,0.25732642,0.00065581483
1344,1,0,0.53136384,0.46447068,0.0041654077
1345,0,0,0.9216302,0.078324966,4.4850916e-05
1346,1,1,0.42659646,0.56533253,0.008071036
1347,0,0,0.7708403,0.22865254,0.0005071705
1348,2,2,2.8286633e-05,0.07112902,0.9288427
1349,0,0,0.5019265,0.49328765,0.004785909
1350,0,0,0.99557734,0.004422282,4.0910535e-07
1351,1,2,9.977492e-05,0.12420061,0.87569964
1352,0,1,0.3722175,0.61581755,0.01196491
1353,2,2,0.00029373303,0.20797475,0.79173154
1354,0,1,0.18227156,0.77677476,0.04095369
1355,2,2,0.00284592,0.47695097,0.5202031
1356,1,1,0.022437073,0.74172497,0.23583803
1357,0,0,0.9288284,0.0711279,4.3658652e-05
1358,2,1,0.020844547,0.71964586,0.25950965
1359,1,1,0.33779854,0.6477412,0.014460312
1360,0,0,0.99986196,0.00013789424,1.7549065e-07
1361,0,0,0.9999851,1.4945521e-05,1.9019788e-08
1362,0,0,0.99664634,0.0033533215,3.0487644e-07
1363,0,0,0.99999833,1.6195776e-06,1.901946e-08
1364,2,2,0.0011716782,0.3482366,0.6505917
1365,2,2,3.8884735e-07,0.003129057,0.9968706
1366,1,1,0.027543439,0.7587988,0.21365775
1367,0,0,0.5216248,0.47412091,0.0042542582
1368,0,0,0.9849894,0.015008297,2.337301e-06
1369,0,0,0.60133207,0.39642254,0.0022453682
1370,0,0,0.82651645,0.17324722,0.00023633559
1371,2,1,0.009490512,0.6392926,0.35121685
1372,0,1,0.10163418,0.8233604,0.07500543
1373,2,1,0.032612074,0.76888955,0.19849834
1374,0,0,0.9999546,4.539786e-05,1.9018628e-08
1375,0,0,0.82400596,0.17574584,0.0002482146
1376,0,0,0.8362215,0.16352221,0.00025630553
1377,1,1,0.020695766,0.72387373,0.25543046
1378,1,0,0.5714577,0.42540923,0.0031331128
1379,1,0,0.5467548,0.44974822,0.0034970401
1380,0,0,0.98645324,0.013543698,3.0902736e-06
1381,0,1,0.45279667,0.54098654,0.006216757
1382,1,1,0.0038893542,0.5023785,0.49373206
1383,1,1,0.038646657,0.7994901,0.16186328
1384,0,0,0.9977864,0.0022131759,3.0522517e-07
1385,2,2,0.00053726387,0.25077793,0.74868476
1386,0,0,0.99999833,1.6196271e-06,1.902004e-08
1387,0,1,0.07211271,0.82672036,0.10116694
1388,0,0,0.99807286,0.001926734,3.0531282e-07
1389,1,0,0.53040785,0.4656517,0.0039404775
1390,1,1,0.072754405,0.8197215,0.10752404
1391,1,1,0.025391342,0.7433332,0.23127553
1392,2,2,0.00012106286,0.15201384,0.8478651
1393,2,2,1.7550687e-07,1.49450625e-05,0.99998486
1394,1,0,0.5489182,0.4481112,0.0029706047
1395,1,1,0.03286545,0.7727642,0.1943704
1396,2,2,0.0039567524,0.48937625,0.50666696
1397,0,1,0.0675289,0.8226704,0.10980069
1398,1,1,0.08711787,0.8323113,0.080570854
1399,0,0,0.9006114,0.099306665,8.188156e-05
1400,0,0,0.9987288,0.0012710145,1.3277527e-07
1401,2,1,0.038087588,0.7879245,0.17398787
1402,1,0,0.5042381,0.49127647,0.004485394
1403,1,1,0.38341886,0.6074061,0.00917506
1404,0,1,0.08122557,0.82463294,0.09414154
1405,0,0,0.82651985,0.17324793,0.0002322688
1406,1,1,0.09540388,0.8284675,0.07612863
1407,0,0,0.99927026,0.0007296458,1.7538277e-07
1408,0,0,0.77399665,0.22563727,0.00036616088
1409,1,1,0.05432986,0.808133,0.13753706
1410,1,0,0.6180884,0.38013273,0.0017787962
1411,0,0,0.98336846,0.016628578,2.87394e-06
1412,1,1,0.017556643,0.70251626,0.27992713
1413,2,1,0.0135806,0.6899325,0.29648682
1414,2,2,0.0015180099,0.36001673,0.6384653
1415,0,0,0.96884793,0.031143567,8.601342e-06
1416,0,1,0.10300966,0.82729053,0.06969981
1417,0,0,0.9866844,0.013313718,1.9010041e-06
1418,0,0,0.947795,0.052186973,1.8062503e-05
1419,1,0,0.5788042,0.41866496,0.0025308721
1420,1,1,0.11836838,0.81312525,0.06850637
1421,0,0,0.99927026,0.0007296458,1.7538545e-07
1422,1,1,0.29222122,0.6886381,0.019140689
1423,2,1,0.06726794,0.8194912,0.11324087
1424,2,2,1.5994588e-06,0.01243163,0.9875667
1425,0,0,0.6214564,0.3766462,0.0018974425
1426,1,1,0.3674039,0.621189,0.011407142
1427,1,1,0.40588698,0.5844424,0.0096706515
1428,0,0,0.9900539,0.009944948,1.1731362e-06
1429,0,0,0.9998621,0.00013789425,5.77701e-08
1430,1,2,0.0022592756,0.41838348,0.57935727
1431,0,0,0.9486407,0.05133452,2.4710547e-05
1432,1,1,0.031887442,0.76111597,0.20699657
1433,1,0,0.81892776,0.18083394,0.00023826666
1434,2,2,4.3171198e-07,0.0027244024,0.9972752
1435,1,1,0.30200502,0.682946,0.015049
1436,1,0,0.6926784,0.30630878,0.0010128702
1437,2,2,0.0029994173,0.48552147,0.51147914
1438,0,0,0.89090997,0.10902192,6.809009e-05
1439,1,1,0.30943394,0.67586577,0.014700324
1440,0,0,0.99530137,0.0046980283,6.258069e-07
1441,0,1,0.12862082,0.8171535,0.054225612
1442,2,2,1.7785804e-06,0.010471065,0.9895272
1443,0,0,0.93108994,0.06886782,4.227141e-05
1444,2,1,0.010609122,0.63561684,0.35377404
1445,0,0,0.9977865,0.0022131721,2.0121699e-07
1446,1,0,0.7615106,0.23796165,0.00052781904
1447,2,2,3.237796e-05,0.074647605,0.92532
1448,1,1,0.098114364,0.83010364,0.07178202
1449,0,0,0.5032398,0.49243647,0.004323749
1450,0,1,0.3086203,0.67408895,0.01729068
1451,1,1,0.030358164,0.7693048,0.20033704
1452,1,1,0.020992482,0.71537757,0.26362994
1453,0,0,0.9998621,0.00013789425,5.77701e-08
1454,1,0,0.57562435,0.42159292,0.002782705
1455,1,1,0.05990442,0.8169661,0.12312944
1456,0,0,0.999985,1.4945064e-05,1.7550688e-07
1457,0,1,0.3545489,0.6342503,0.011200799
1458,0,0,0.96723473,0.03275398,1.1336521e-05
1459,0,0,0.9486459,0.051334795,1.937881e-05
1460,0,0,0.99958116,0.00041876629,1.00658376e-07
1461,0,0,0.9343455,0.06560136,5.3159467e-05
1462,0,1,0.042236585,0.80110765,0.15665577
1463,2,2,2.4223218e-06,0.014015528,0.98598206
1464,2,2,0.000110120876,0.12899785,0.87089205
1465,2,1,0.02175001,0.7331934,0.24505663
1466,1,1,0.1377294,0.8092633,0.053007312
1467,1,1,0.25117967,0.72429323,0.024527125
1468,2,1,0.011927164,0.6544597,0.33361307
1469,0,0,0.6562286,0.34222472,0.001546759
1470,1,1,0.06605564,0.8188154,0.11512896
1471,1,1,0.12071235,0.81495476,0.06433283
1472,1,1,0.25270757,0.7224009,0.024891451
1473,0,0,0.8586849,0.14115325,0.00016186586
1474,1,1,0.109062776,0.81714165,0.073795564
1475,0,0,0.99999833,1.6196271e-06,1.902004e-08
1476,0,0,0.95271087,0.047268253,2.0861384e-05
1477,0,0,0.74036515,0.25899178,0.00064309186
1478,1,0,0.80292606,0.1967655,0.00030841134
1479,2,2,0.00035461673,0.20309038,0.796555
1480,0,0,0.9999546,4.539786e-05,5.7775445e-08
1481,0,0,0.7973412,0.20230067,0.0003580616
1482,0,0,0.9977864,0.002213172,4.0295566e-07
1483,1,1,0.25974783,0.7187449,0.021507286
1484,1,2,0.0021087872,0.413183,0.5847082
1485,0,0,0.94424504,0.05573033,2.4596047e-05
1486,2,2,0.00057820504,0.26067775,0.738744
1487,1,2,4.9905153e-05,0.09181087,0.90813917
1488,0,1,0.03228496,0.787644,0.18007106
1489,1,1,0.01093893,0.6582273,0.33083385
1490,1,2,0.0003189066,0.21156646,0.78811455
1491,1,1,0.3206723,0.6648666,0.014461089
1492,0,0,0.9095732,0.09037318,5.3578442e-05
1493,0,0,0.8386367,0.16117193,0.00019135223
1494,0,0,0.97498554,0.025008805,5.7062744e-06
1495,0,0,0.8857209,0.114181645,9.747278e-05
1496,0,0,0.91646516,0.08348699,4.7806836e-05
1497,0,0,0.99087334,0.009125628,1.0953385e-06
1498,0,0,0.9354223,0.06454655,3.1070333e-05
1499,2,1,0.0063339924,0.5632807,0.43038532
1500,0,0,0.7453436,0.254031,0.00062532234
1501,1,2,1.8556373e-05,0.059499953,0.94048154
1502,1,1,0.17733014,0.7858207,0.036849156
1503,1,1,0.03699344,0.77869207,0.18431446
1504,0,0,0.99176836,0.008230302,1.3041832e-06
1505,1,0,0.5237516,0.4719396,0.0043088463
1506,0,0,0.97231245,0.027678322,9.252858e-06
1507,1,1,0.10229526,0.8215533,0.076151475
1508,1,1,0.17652142,0.78223693,0.04124167
1509,1,2,6.2189574e-05,0.11244139,0.8874964
1510,0,0,0.88746345,0.11243721,9.937497e-05
1511,0,0,1.0,1.9020073e-08,2.2336162e-10
1512,0,0,0.93646467,0.063506305,2.9018178e-05
1513,0,0,0.8163357,0.18341842,0.0002459041
1514,0,0,1.0,1.9020073e-08,2.2336162e-10
1515,0,1,0.17343055,0.7905306,0.036038812
1516,1,2,0.0011857699,0.3403979,0.65841633
1517,1,0,0.6659171,0.33252686,0.0015560298
1518,0,0,0.9862199,0.013777625,2.5085126e-06
1519,1,1,0.013079876,0.66919744,0.31772268
1520,1,1,0.15022808,0.8023156,0.047456376
1521,0,0,0.99927026,0.00072964025,1.7538413e-07
1522,1,1,0.02320485,0.7457673,0.2310279
1523,0,0,0.9723149,0.027678387,6.769553e-06
1524,2,1,0.018874628,0.716925,0.26420027
1525,1,1,0.21187833,0.754114,0.034007635
1526,0,0,0.9990369,0.000963049,1.3281623e-07
1527,2,1,0.0060893036,0.5692353,0.4246754
1528,1,2,0.0007166684,0.28120393,0.7180794
1529,2,2,0.0002563186,0.19201821,0.8077255
1530,1,0,0.7486778,0.25077558,0.000546668
1531,2,1,0.033228423,0.7628691,0.20390251
1532,0,0,0.61274904,0.38511646,0.0021345015
1533,1,1,0.24161418,0.7339591,0.02442667
1534,2,2,0.0022892028,0.42576936,0.57194144
1535,1,0,0.79451126,0.20511292,0.0003758659
1536,0,0,0.99462813,0.0053710015,8.328255e-07
1537,0,0,0.9511243,0.04885686,1.876636e-05
1538,0,0,0.99218315,0.007815881,9.219851e-07
1539,1,1,0.041398548,0.7852125,0.17338899
1540,2,1,0.06049183,0.8107782,0.12872995
1541,0,0,1.0,1.9020073e-08,2.2336162e-10
1542,1,1,0.009098849,0.62364316,0.36725798
1543,1,0,0.87284666,0.12706219,9.118123e-05
1544,0,0,0.9310984,0.068868466,3.3150733e-05
1545,0,0,0.51295483,0.48271382,0.004331364
1546,0,0,0.66020215,0.33837113,0.0014267412
1547,0,0,0.6814299,0.31744495,0.0011251805
1548,0,1,0.46136364,0.532411,0.0062253573
1549,1,1,0.05941742,0.81738937,0.123193234
1550,2,1,0.030458074,0.77603567,0.19350618
1551,0,0,0.80835414,0.19133541,0.0003104963
1552,0,0,0.99927026,0.0007296458,1.7538545e-07
1553,2,2,0.00016993024,0.1588421,0.840988
1554,0,0,0.9384995,0.061472375,2.8088793e-05
1555,2,2,4.198881e-06,0.019386236,0.9806096
1556,2,2,4.9454064e-07,0.0057302434,0.99426925
1557,0,1,0.41066527,0.5811452,0.008189457
1558,2,2,1.6196246e-06,1.6196246e-06,0.9999968
1559,0,0,0.9917687,0.008230304,8.9014895e-07
1560,0,0,0.97852683,0.021468868,4.3380032e-06
1561,1,1,0.10139957,0.8214597,0.07714072
1562,2,2,4.0582736e-06,0.01873705,0.9812589
1563,0,1,0.10619813,0.8237917,0.07001013
1564,0,0,0.98472995,0.015267105,2.979599e-06
1565,0,0,0.82402295,0.17574948,0.00022758164
1566,0,0,0.93436515,0.06560271,3.213173e-05
1567,1,0,0.53250027,0.46344814,0.0040515964
1568,0,0,0.9936162,0.0063828053,9.2331675e-07
1569,1,0,0.7552066,0.24432985,0.00046354946
1570,2,1,0.26818287,0.70902556,0.022791589
1571,1,1,0.09721266,0.82247454,0.08031277
1572,2,2,4.245729e-05,0.08086874,0.9190888
1573,1,0,0.5905159,0.40656048,0.0029236611
1574,2,2,0.00053257984,0.24431296,0.75515443
1575,2,2,3.9240584e-07,0.0027009181,0.99729866
1576,1,1,0.2781359,0.69802064,0.023843521
1577,0,1,0.20448679,0.76339656,0.032116663
1578,0,1,0.0511675,0.80877566,0.14005694
1579,1,1,0.09062187,0.82184887,0.087529264
1580,1,0,0.6543919,0.3442421,0.0013659244
1581,0,0,0.9968706,0.003129057,3.5038022e-07
1582,1,1,0.028217942,0.7640008,0.2077812
1583,0,0,0.98970526,0.0102927,1.9741985e-06
1584,1,1,0.14482316,0.8042605,0.05091638
1585,2,2,0.001497451,0.3741279,0.6243746
1586,0,1,0.3482924,0.6394965,0.012211131
1587,2,1,0.005930105,0.55075604,0.44331384
1588,2,2,5.9590755e-05,0.10406572,0.89587474
1589,0,0,0.8608204,0.13906889,0.000110753535
1590,2,2,0.00078261096,0.2864771,0.71274024
1591,1,1,0.15875362,0.7939765,0.04726988
1592,0,1,0.34397888,0.6426372,0.013383899
1593,0,1,0.2738891,0.705498,0.020612907
1594,2,1,0.026992975,0.75338,0.21962705
1595,0,0,0.9990369,0.000963049,1.0060433e-07
1596,0,0,0.999985,1.4945064e-05,1.7550688e-07
1597,0,1,0.24459943,0.730239,0.025161525
1598,0,0,0.90518945,0.09474599,6.4540174e-05
1599,1,1,0.13587527,0.8053293,0.058795404
1600,0,0,0.9854938,0.014503541,2.6869268e-06
1601,1,1,0.019416641,0.7248192,0.25576413
1602,0,0,0.95031357,0.0496701,1.6318916e-05
1603,1,0,0.5544835,0.44245663,0.0030599064
1604,2,1,0.042608198,0.7890924,0.1682994
1605,1,1,0.38987193,0.60044795,0.009680093
1606,0,1,0.030808209,0.7647788,0.20441294
1607,2,2,0.00027767126,0.18341261,0.81630975
1608,0,0,0.8386367,0.16117193,0.00019135223
1609,1,1,0.030764736,0.7703579,0.19887742
1610,0,0,0.9672357,0.03275402,1.0215065e-05
1611,1,1,0.2320989,0.742749,0.025152102
1612,0,0,0.96611726,0.03387207,1.05637655e-05
1613,2,2,0.0033206027,0.4864458,0.5102336
1614,1,0,0.90519047,0.09474613,6.342945e-05
1615,0,0,0.99634296,0.0036563054,7.1358085e-07
1616,0,0,0.76150346,0.23795946,0.0005370576
1617,0,0,0.9898807,0.010117342,1.9745485e-06
1618,0,1,0.0983255,0.8175722,0.08410226
1619,1,1,0.008781918,0.6178014,0.37341663
1620,0,0,0.95995027,0.04003675,1.2927518e-05
1621,1,1,0.4731502,0.5211219,0.0057279095
1622,0,1,0.41075176,0.5812676,0.007980624
1623,1,1,0.043544456,0.79772866,0.15872687
1624,0,1,0.24337605,0.7323375,0.024286488
1625,2,1,0.099017926,0.82332945,0.07765262
1626,0,0,0.9987288,0.0012710193,1.3277527e-07
1627,1,1,0.17127573,0.7892258,0.039498433
1628,1,0,0.89906466,0.100872256,6.30002e-05
1629,0,0,0.94779176,0.052186765,2.1486941e-05
1630,2,1,0.0082217585,0.6096485,0.38212976
1631,0,0,0.84095484,0.15883584,0.00020928177
1632,1,1,0.09400782,0.8234616,0.08253064
1633,2,1,0.059159935,0.8138469,0.12699318
1634,2,2,9.2302867e-07,0.006692844,0.9933062
1635,1,0,0.5382116,0.45811442,0.003673968
1636,1,1,0.034457915,0.76742244,0.19811961
1637,2,1,0.21254782,0.75485694,0.032595266
1638,1,1,0.044749428,0.80569375,0.14955677
1639,0,0,0.99436706,0.0056321723,6.760234e-07
1640,0,0,0.99986196,0.00013789424,1.7548798e-07
1641,0,0,0.9792444,0.020751417,4.1930357e-06
1642,0,1,0.24264407,0.72992444,0.027431473
1643,1,0,0.5348053,0.46143135,0.0037633348
1644,2,2,0.0004883204,0.24432379,0.75518787
1645,1,1,0.055742607,0.8148767,0.12938066
1646,1,1,0.053797755,0.80021846,0.14598382
1647,1,2,1.9014416e-06,0.013087563,0.9869105
1648,0,0,0.98988134,0.010117344,1.2572805e-06
1649,1,2,0.0033531275,0.47239253,0.5242544
1650,2,2,0.0014410813,0.3600445,0.6385144
1651,0,0,0.9998621,0.00013789003,5.7768343e-08
1652,1,1,0.43550408,0.5577439,0.006751991
1653,1,1,0.10057758,0.8219042,0.077518195
1654,1,1,0.010571328,0.65006286,0.33936578
1655,0,0,0.90217036,0.09776642,6.321782e-05
1656,1,0,0.76770025,0.23170915,0.00059052696
1657,0,1,0.4318542,0.56031805,0.007827719
1658,0,0,0.52177376,0.47425628,0.0039699823
1659,0,0,0.6240095,0.37390912,0.0020813996
1660,0,0,0.764656,0.23483208,0.0005119124
1661,0,0,0.9006263,0.09930829,6.533943e-05
1662,1,2,0.00041525447,0.22562617,0.77395856
1663,0,0,0.97368187,0.026310641,7.5233074e-06
1664,1,1,0.33995676,0.6476495,0.012393677
1665,1,1,0.25178844,0.7213371,0.026874451
1666,0,1,0.102561794,0.8236939,0.07374434
1667,0,0,0.9995813,0.00041876314,5.7752995e-08
1668,2,1,0.0038157934,0.5283209,0.4678632
1669,2,2,9.239974e-07,0.0056504295,0.9943487
1670,0,0,0.8803552,0.119557485,8.729828e-05
1671,1,1,0.47826844,0.5171315,0.0046000853
1672,2,2,8.370021e-05,0.110718064,0.88919824
1673,2,1,0.0957662,0.82442623,0.07980754
1674,0,0,0.83390373,0.16592482,0.0001714496
1675,1,2,0.0002907288,0.19540069,0.8043086
1676,1,1,0.02585318,0.7422148,0.23193198
1677,1,1,0.06739931,0.82109153,0.11150918
1678,0,1,0.29267618,0.69120866,0.01611517
1679,1,0,0.5507461,0.44620138,0.0030524998
1680,2,1,0.049453203,0.81635225,0.13419455
1681,0,0,0.99958116,0.0004187695,1.754387e-07
1682,1,2,0.0030192477,0.46392855,0.53305227
1683,1,0,0.6402932,0.35792702,0.0017798143
1684,1,0,0.651163,0.34731543,0.0015215536
1685,1,1,0.11350138,0.8213768,0.06512182
1686,0,0,0.99664634,0.0033533184,3.5030178e-07
1687,0,0,0.8628752,0.13700157,0.00012320609
1688,0,0,0.98249465,0.017502036,3.2992104e-06
1689,1,1,0.2216726,0.748933,0.029394342
1690,0,0,0.9240965,0.07585444,4.9049097e-05
1691,2,2,0.0028689601,0.44467902,0.5524521
1692,2,2,6.119259e-06,0.02458894,0.9754049
1693,2,1,0.007816832,0.6102798,0.38190338
1694,2,2,0.0031507465,0.45956424,0.537285
1695,2,1,0.19628152,0.7736177,0.030100735
1696,2,1,0.014528361,0.67965746,0.3058142
1697,0,0,0.97087765,0.029115075,7.2456437e-06
1698,1,1,0.010817308,0.6452833,0.34389943
1699,0,0,0.9995809,0.00041876937,3.057741e-07
1700,1,1,0.26444933,0.714493,0.021057729
1701,2,1,0.011582945,0.66160756,0.32680944
1702,2,2,4.0346129e-07,0.00096304866,0.99903655
1703,2,2,1.9690672e-06,0.012865211,0.9871328
1704,2,1,0.02478141,0.76095396,0.21426465
1705,0,0,0.99190897,0.008089798,1.1352255e-06
1706,1,1,0.20267044,0.7648703,0.032459203
1707,1,1,0.117491566,0.8212363,0.061272107
1708,0,1,0.263,0.7167724,0.020227639
1709,1,1,0.16778009,0.78965086,0.04256901
1710,1,1,0.022157691,0.73248917,0.24535313
1711,0,0,0.7249268,0.27419746,0.00087574584
1712,0,0,0.9095669,0.09037258,6.0501516e-05
1713,0,0,0.735289,0.2640023,0.00070880057
1714,1,2,7.746854e-05,0.11774325,0.88217926
1715,0,0,0.9564753,0.0435094,1.5322821e-05
1716,0,0,0.97622323,0.023769746,7.036908e-06
1717,0,0,0.9795959,0.020401575,2.491664e-06
1718,1,1,0.39280087,0.5984301,0.008768968
1719,0,0,0.882162,0.11774092,9.708112e-05
1720,0,0,0.999985,1.4945064e-05,1.7550688e-07
1721,2,1,0.10115884,0.81950957,0.07933159
1722,1,0,0.5741513,0.42280167,0.0030470602
1723,2,2,4.3200787e-05,0.080868654,0.9190882
1724,0,0,0.9997596,0.00024031293,1.00676345e-07
1725,0,0,0.99999833,1.6196271e-06,1.902004e-08
1726,0,0,0.9998621,0.00013789425,5.77701e-08
1727,2,1,0.0065690605,0.5841853,0.40924567
1728,1,1,0.24389844,0.72972816,0.026373496
1729,0,0,0.96831626,0.031671576,1.2165338e-05
1730,2,2,0.0003290079,0.22112834,0.77854264
1731,1,1,0.014599529,0.6949478,0.2904527
1732,1,1,0.06227833,0.82035613,0.117365636
1733,1,1,0.012818488,0.6771566,0.3100249
1734,1,1,0.01464095,0.67313594,0.31222314
1735,0,0,0.8136841,0.18602434,0.0002915756
1736,1,1,0.04750489,0.8118975,0.14059763
1737,0,0,0.99986196,0.00013789424,1.7548798e-07
1738,0,0,0.5940616,0.40371057,0.0022278691
1739,1,1,0.0114737125,0.6497041,0.33882216
1740,0,0,0.9933061,0.0066928435,1.0980276e-06
1741,0,0,0.9999851,1.4945066e-05,1.9019788e-08
1742,0,0,0.8942267,0.10569341,7.9901736e-05
1743,1,1,0.24427083,0.729258,0.026471144
1744,1,2,0.0011126997,0.32501563,0.6738717
1745,0,1,0.19959109,0.76644033,0.03396862
1746,0,0,0.9762249,0.023769783,5.330222e-06
1747,2,2,1.7549065e-07,0.00013789424,0.99986196
1748,1,1,0.17437942,0.78969777,0.035922814
1749,2,1,0.021234859,0.7395127,0.23925245
1750,1,0,0.7917015,0.20796686,0.00033167718
1751,0,0,0.96126413,0.038723394,1.2503448e-05
1752,1,1,0.40929484,0.5817253,0.008979922
1753,1,1,0.0063256905,0.6029964,0.3906779
1754,1,0,0.7485741,0.25074092,0.00068498554
1755,0,0,0.99999833,1.6196271e-06,1.902004e-08
1756,0,0,0.80014175,0.19951713,0.0003410835
1757,0,0,0.99958116,0.0004187695,1.0065914e-07
1758,1,0,0.58347625,0.41410586,0.0024178824
1759,0,0,0.694855,0.30412015,0.0010249111
1760,1,0,0.6012844,0.39639106,0.0023245178
1761,0,0,0.66210514,0.33641347,0.0014814088
1762,0,0,0.96723425,0.032753967,1.173706e-05
1763,1,1,0.024716826,0.7430806,0.23220257
1764,2,2,3.1049495e-07,0.0024555523,0.9975441
1765,0,0,0.9983222,0.0016773024,5.3226626e-07
1766,1,2,0.00065706787,0.2623331,0.7370098
1767,0,1,0.16614038,0.7926116,0.041248046
1768,0,0,0.8289882,0.17077468,0.00023704238
1769,2,2,1.7549065e-07,0.00013789424,0.99986196
1770,0,1,0.2587694,0.72071445,0.020516206
1771,0,0,0.7945061,0.20511149,0.00038244564
1772,2,2,1.7551223e-07,1.4945517e-05,0.99998486
1773,1,0,0.6665142,0.33210358,0.001382199
1774,1,2,0.00015250157,0.1475873,0.85226023
1775,0,0,0.99832255,0.001677303,1.3272177e-07
1776,1,1,0.27863517,0.69927365,0.022091234
1777,0,1,0.35475063,0.63461095,0.010638406
1778,2,1,0.0071775466,0.58395797,0.40886447
1779,1,1,0.028635604,0.75210816,0.21925628
1780,2,1,0.012560144,0.6810149,0.30642503
1781,0,1,0.2219904,0.7483809,0.02962876
1782,0,0,0.9999546,4.539786e-05,5.7773686e-08
1783,1,1,0.32840362,0.6576597,0.013936638
1784,2,1,0.018944588,0.7118167,0.26923865
1785,0,0,0.9585934,0.041392747,1.38375835e-05
1786,1,2,0.0021087872,0.413183,0.5847082
1787,1,0,0.8001511,0.19951946,0.00032944736
1788,1,2,0.00034301245,0.21694945,0.7827075
1789,0,0,0.78879994,0.21083337,0.0003667412
1790,0,0,0.9788882,0.021107147,4.6516784e-06
1791,0,1,0.40127435,0.5904766,0.008249038
1792,0,0,0.9310938,0.06886811,3.808987e-05
1793,1,1,0.03279313,0.7794758,0.1877311
1794,2,2,1.7746701e-06,0.012646581,0.98735166
1795,2,2,4.6390255e-06,0.023769792,0.9762256
1796,0,0,0.9494848,0.050495885,1.9395946e-05
1797,0,0,0.82652307,0.17324863,0.00022827213
1798,2,2,0.0036293722,0.49386087,0.5025097
1799,2,2,0.00027880867,0.19067085,0.8090504
1800,1,0,0.8083408,0.19133224,0.00032709102
1801,0,0,0.99986196,0.00013789213,1.7548798e-07
1802,0,0,0.9999851,1.4945066e-05,1.9019788e-08
1803,0,0,0.99944717,0.00055277866,5.774569e-08
1804,1,1,0.06329994,0.8194623,0.117237724
1805,0,0,0.7945454,0.20512174,0.0003328686
1806,0,1,0.14157385,0.8034642,0.054961946
1807,1,0,0.6582355,0.3403044,0.0014600215
1808,2,2,3.2928835e-06,0.019386249,0.9806105
1809,0,0,0.8669517,0.13295132,9.707814e-05
1810,0,0,0.9177765,0.08216748,5.5971832e-05
1811,2,2,2.1321155e-05,0.059499756,0.94047886
1812,2,2,0.0006728531,0.2640118,0.7353154
1813,0,0,0.9066719,0.09326779,6.030895e-05
1814,0,0,0.99162537,0.008373233,1.4471565e-06
1815,2,2,5.7768343e-08,0.00013789425,0.9998621
1816,1,1,0.1653335,0.79047555,0.04419095
1817,1,1,0.04017919,0.80282855,0.15699226
1818,2,2,2.6787513e-06,0.01750204,0.9824953
1819,0,0,0.9857401,0.014257472,2.4217275e-06
1820,1,1,0.061639644,0.8261626,0.11219781
1821,1,1,0.05349206,0.80260825,0.1438997
1822,2,1,0.010671119,0.6365627,0.35276613
1823,2,2,1.7548798e-07,0.00013789424,0.99986196
1824,0,0,0.99999833,1.6195282e-06,1.901888e-08
1825,2,2,9.2403684e-07,0.0056079165,0.99439114
1826,2,2,0.0033856912,0.48533335,0.51128095
1827,0,0,0.99927026,0.0007296458,1.0062707e-07
1828,0,0,0.82402295,0.17574948,0.00022758164
1829,1,1,0.016945506,0.7081398,0.2749147
1830,0,0,0.99999833,1.6195282e-06,1.902004e-08
1831,0,0,0.98858845,0.011409795,1.7768931e-06
1832,0,1,0.39140525,0.59889764,0.0096971
1833,1,1,0.020250704,0.71758974,0.26215962
1834,1,1,0.00983093,0.6231825,0.3669866
1835,0,0,0.98060846,0.019386208,5.3541557e-06
1836,0,0,0.9987288,0.0012710145,1.00572926e-07
1837,0,0,0.976224,0.02376976,6.3407856e-06
1838,1,1,0.32113513,0.6643828,0.014481958
1839,1,0,0.57928133,0.41832864,0.002390104
1840,1,1,0.0627872,0.8199109,0.11730193
1841,2,2,0.0027285472,0.43407372,0.5631978
1842,1,2,0.0025218443,0.4491165,0.5483617
1843,1,1,0.007274477,0.5983011,0.3944244
1844,0,0,0.92163163,0.07832506,4.332034e-05
1845,1,1,0.20419069,0.7639473,0.03186204
1846,1,1,0.16555339,0.7898111,0.04463552
1847,0,1,0.30852696,0.6738848,0.017588155
1848,1,0,0.8432959,0.15653661,0.0001674639
1849,2,2,4.812482e-05,0.09326897,0.90668297
1850,0,0,0.99257624,0.007422165,1.6643729e-06
1851,1,0,0.97740376,0.022590708,5.525209e-06
1852,0,0,0.85444564,0.14541903,0.00013539659
1853,0,0,0.993964,0.006034747,1.1375774e-06
1854,2,2,0.00037257076,0.22563575,0.77399164
1855,1,1,0.06525655,0.8159621,0.118781365
1856,0,0,0.927673,0.072283484,4.3604305e-05
1857,0,0,0.9241069,0.07585532,3.7804042e-05
1858,0,0,0.99999833,1.6196271e-06,1.902004e-08
1859,2,2,0.0017068334,0.3842551,0.61403805
1860,1,1,0.0684988,0.8201235,0.1113777
1861,0,0,0.99999833,1.6196271e-06,1.902004e-08
1862,1,1,0.17064852,0.7863357,0.043015808
1863,1,0,0.53903264,0.45707417,0.0038931589
1864,1,1,0.025583714,0.7408822,0.23353401
1865,0,0,0.9052044,0.09474756,4.8046342e-05
1866,1,0,0.558896,0.43782654,0.0032774794
1867,2,2,0.00084246084,0.3137859,0.68537164
1868,2,2,1.3488294e-06,0.0092839515,0.99071467
1869,2,2,2.8755721e-06,0.016070224,0.98392695
1870,2,2,0.0011388913,0.33266577,0.66619533
1871,2,2,8.039913e-07,0.005880537,0.9941187
1872,0,0,0.96723795,0.032754093,8.010959e-06
1873,1,0,0.9123836,0.08755877,5.7608864e-05
1874,0,0,0.6814028,0.3174323,0.0011648891
1875,1,1,0.28416008,0.696317,0.019522864
1876,2,2,3.0538945e-07,0.0016773044,0.9983224
1877,0,0,0.9727789,0.027214993,6.102785e-06
1878,0,1,0.1533431,0.79790014,0.048756797
1879,0,0,0.9964059,0.003593601,4.623547e-07
1880,1,1,0.096937574,0.82014734,0.082915105
1881,1,0,0.897472,0.10245697,7.10151e-05
1882,0,0,0.9999546,4.539786e-05,5.7775445e-08
1883,0,0,0.87851846,0.1213975,8.414318e-05
1884,1,1,0.028097304,0.7525249,0.21937779
1885,2,1,0.06592272,0.81716776,0.11690945
1886,1,1,0.008205843,0.60288197,0.38891214
1887,0,0,0.9987286,0.0012710141,4.033369e-07
1888,1,0,0.8784997,0.121394895,0.00010544528
1889,0,1,0.42398936,0.56955034,0.0064603314
1890,1,1,0.37997752,0.6098435,0.010178938
1891,1,1,0.22450267,0.7503088,0.025188502
1892,0,0,0.9818875,0.018109225,3.2971718e-06
1893,0,0,0.9384995,0.061472375,2.8088793e-05
1894,0,0,0.68334377,0.31558517,0.001071077
1895,2,2,1.088933e-05,0.03808235,0.96190673
1896,1,0,0.7072722,0.29177964,0.00094822084
1897,0,0,0.9995813,0.00041876314,5.7752995e-08
1898,1,0,0.8747611,0.12514913,8.98083e-05
1899,0,0,0.933286,0.06667452,3.9528513e-05
1900,0,0,0.9527134,0.047268398,1.8156235e-05
1901,0,0,0.5554802,0.4413323,0.003187517
1902,1,1,0.08612194,0.82996994,0.083908126
1903,0,0,0.99986196,0.00013789424,1.7548798e-07
1904,1,1,0.008925049,0.6123949,0.37868002
1905,1,1,0.17499588,0.7843622,0.040641967
1906,0,0,0.99958116,0.00041876629,1.0065914e-07
1907,1,0,0.8163059,0.18341169,0.0002825326
1908,0,0,0.85868245,0.14115289,0.00016470003
1909,0,0,0.9542516,0.04572901,1.9493322e-05
1910,0,0,0.8409855,0.15884158,0.0001729056
1911,2,2,0.0010562899,0.325034,0.6739097
1912,1,1,0.036172155,0.8003731,0.16345476
1913,1,2,0.002138947,0.4047904,0.5930707
1914,1,1,0.025202658,0.7442419,0.23055539
1915,2,2,2.7007087e-07,0.0030488688,0.99695086
1916,2,2,0.00021263982,0.17449819,0.8252892
1917,1,0,0.80566305,0.1940381,0.00029890178
1918,1,1,0.029300949,0.7530622,0.21763693
1919,1,0,0.9486407,0.05133452,2.4710547e-05
1920,2,2,0.00017239613,0.15400979,0.8458178
1921,0,0,0.98713267,0.01286521,2.110668e-06
1922,0,0,0.6602577,0.33839956,0.0013427418
1923,1,1,0.064042695,0.82907766,0.10687957
1924,0,0,0.9965281,0.0034713896,4.787489e-07
1925,2,1,0.08547156,0.8237022,0.090826206
1926,0,0,0.91908455,0.08086833,4.711824e-05
1927,2,2,4.032335e-06,0.025008852,0.97498715
1928,1,1,0.012010589,0.6683995,0.31958994
1929,1,1,0.30923218,0.67542535,0.015342397
1930,0,0,0.900621,0.099307746,7.126427e-05
1931,2,1,0.0034157494,0.50694215,0.48964208
1932,0,0,0.86078316,0.13906284,0.00015402664
1933,0,1,0.12762414,0.81082135,0.06155449
1934,0,1,0.41365546,0.5778041,0.0085405465
1935,0,0,1.0,1.9020073e-08,2.2336162e-10
1936,2,2,1.0851853e-05,0.041392878,0.9585963
1937,0,1,0.07217097,0.82023734,0.107591696
1938,1,1,0.15255086,0.7972305,0.05021867
1939,1,1,0.38133824,0.6093767,0.009285081
1940,1,1,0.04095756,0.7904529,0.16858955
1941,2,2,0.0009625738,0.31749666,0.6815407
1942,1,1,0.0050766426,0.5512289,0.44369453
1943,1,1,0.066316195,0.82204515,0.111638665
1944,0,1,0.21868832,0.7501601,0.03115152
1945,2,1,0.015451987,0.6914679,0.29308018
1946,1,1,0.025267906,0.7333262,0.24140583
1947,1,1,0.012520669,0.6528675,0.33461186
1948,0,0,0.97087795,0.029115085,6.998371e-06
1949,1,1,0.08207422,0.8260469,0.091878854
1950,0,0,0.9977864,0.0022131759,4.0295643e-07
1951,1,1,0.05136516,0.79792607,0.15070875
1952,0,0,0.99999833,1.6196271e-06,1.902004e-08
1953,1,1,0.1211399,0.8178413,0.061018806
1954,1,1,0.16818894,0.78175896,0.05005215
1955,0,0,0.65517575,0.34316176,0.0016625308
1956,0,0,0.99986196,0.00013789424,1.754853e-07
1957,1,1,0.18961266,0.77541894,0.03496841
1958,0,0,0.80013216,0.19951469,0.00035313045
1959,1,2,0.0019485725,0.4386771,0.55937433
1960,2,2,0.0005119,0.23816223,0.76132584
1961,1,1,0.2272541,0.7461285,0.026617382
1962,0,0,0.7945408,0.20512047,0.00033869594
1963,0,1,0.37706247,0.61309636,0.009841204
1964,0,1,0.40251294,0.5897341,0.0077529578
1965,1,0,0.6406661,0.35755298,0.001780851
1966,0,0,0.6679396,0.33065408,0.0014063576
1967,0,0,0.99999833,1.6195776e-06,1.901946e-08
1968,2,2,1.6196246e-06,1.6196246e-06,0.9999968
1969,1,1,0.039829068,0.78895414,0.17121677
1970,0,0,0.9688476,0.031143555,8.905244e-06
1971,0,1,0.265403,0.7130932,0.021503778
1972,2,2,5.690695e-07,0.004253588,0.99574584
1973,0,1,0.16471124,0.78921145,0.046077378
1974,0,0,0.99944705,0.0005527786,7.623492e-08
1975,0,1,0.41023114,0.5805309,0.009237932
1976,0,0,0.999985,1.4945519e-05,1.7551224e-07
1977,0,0,0.9661195,0.03387215,8.284414e-06
1978,1,1,0.030443104,0.7565362,0.21302067
1979,0,0,0.9983224,0.0016773059,2.3132189e-07
1980,1,1,0.4150447,0.57723385,0.0077215205
1981,1,1,0.3073811,0.67723536,0.015383517
1982,0,0,0.9578965,0.042087022,1.6449116e-05
1983,0,0,0.99999833,1.6196271e-06,1.902004e-08
1984,0,0,0.97087795,0.029115085,6.998371e-06
1985,2,1,0.006024417,0.5475038,0.4464718
1986,1,0,0.83627623,0.16353294,0.00019081363
1987,0,1,0.35646826,0.6321721,0.011359612
1988,1,1,0.015270121,0.67224336,0.31248653
1989,0,0,0.58831847,0.40902248,0.0026590333
1990,2,2,4.1851595e-06,0.022590736,0.977405
1991,2,2,0.00088746235,0.31377184,0.6853407
1992,2,2,0.00039619423,0.23175415,0.7678497
1993,0,0,0.9972754,0.002724403,2.846026e-07
1994,0,0,0.9987286,0.0012710093,3.055134e-07
1995,2,1,0.07400336,0.82658696,0.09940969
1996,0,0,0.8056501,0.19403492,0.0003148771
1997,0,0,0.92530984,0.07464676,4.349323e-05
1998,1,0,0.9585966,0.041392885,1.0481523e-05
1999,0,0,0.71438557,0.28465667,0.0009577575
2000,0,0,0.99071527,0.009283957,8.2954915e-07
2001,0,0,0.99999833,1.6196271e-06,1.902004e-08
2002,2,2,1.6586451e-06,0.010837021,0.9891613
2003,1,1,0.034888603,0.7803941,0.18471737
2004,0,0,0.6964307,0.30266747,0.0009018222
2005,1,1,0.03417268,0.7743983,0.19142897
2006,1,1,0.017150825,0.692261,0.2905883
2007,0,0,0.9930716,0.0069276807,6.7514264e-07
2008,1,0,0.83627903,0.16353346,0.00018753002
2009,1,1,0.116005875,0.8250519,0.05894221
2010,2,2,0.00011088682,0.13803278,0.86185634
2011,1,2,0.0028895363,0.45968464,0.53742576
2012,0,0,0.99110454,0.008893126,2.271555e-06
2013,0,0,0.78297234,0.2166699,0.00035776643
2014,0,0,0.50988615,0.4861146,0.00399921
2015,0,0,0.51598483,0.4792837,0.0047314735
2016,0,0,0.83865255,0.16117503,0.00017242595
2017,0,0,0.99927026,0.0007296458,1.7538413e-07
2018,0,0,0.96831805,0.031671636,1.0226496e-05
2019,1,1,0.46486863,0.5295159,0.005615453
2020,0,0,0.50674146,0.4883872,0.0048713004
2021,0,0,0.60700536,0.3907232,0.0022714753
2022,1,1,0.013355291,0.6726221,0.31402257
2023,1,2,0.00059693574,0.2691221,0.73028094
2024,2,1,0.02683583,0.7720994,0.20106478
2025,1,1,0.031208998,0.7713728,0.19741823
2026,1,2,0.0019269673,0.38417044,0.61390257
2027,1,1,0.42132446,0.5709049,0.007770602
2028,1,1,0.22980697,0.741826,0.028366983
2029,1,1,0.110901795,0.8166192,0.07247906
2030,0,0,0.870887,0.1289971,0.00011600761
2031,1,2,2.8058615e-05,0.062481664,0.9374903
2032,0,0,0.85444766,0.14541936,0.00013306647
2033,0,0,0.9990369,0.000963049,1.3281674e-07
2034,1,0,0.6505226,0.34819964,0.0012777961
2035,0,0,0.9631531,0.036830388,1.65394e-05
2036,0,0,0.99999833,1.6196271e-06,1.902004e-08
2037,1,1,0.03228496,0.787644,0.18007106
2038,2,2,7.02797e-06,0.025008777,0.97498417
2039,0,0,0.9414263,0.058534607,3.9187038e-05
2040,0,0,0.85444146,0.14541835,0.00014017975
2041,1,1,0.0258759,0.778349,0.1957751
2042,1,0,0.57790244,0.41914815,0.0029494753
2043,0,0,0.95112234,0.048856746,2.08266e-05
2044,0,0,0.9942443,0.005755023,6.5287315e-07
2045,1,1,0.21064045,0.75788724,0.0314724
2046,0,1,0.48231772,0.5125339,0.005148329
2047,0,0,0.7180129,0.28117788,0.0008092017
2048,1,1,0.028881634,0.77185464,0.19926377
2049,1,1,0.004182078,0.52974117,0.46607676
2050,2,2,0.00031708516,0.19539559,0.8042874
2051,0,0,0.9606118,0.0393748,1.3393511e-05
2052,1,1,0.06226381,0.8273155,0.110420644
2053,2,2,1.6045568e-06,0.009283954,0.99071443
2054,1,1,0.08970172,0.82059664,0.08970172
2055,0,0,0.99999833,1.6195282e-06,1.902004e-08
2056,0,0,0.9900539,0.009944948,1.2145857e-06
2057,2,2,6.785167e-06,0.02543561,0.97455764
2058,0,0,0.99927026,0.000729643,1.0062745e-07
2059,2,2,1.6589562e-06,0.010652494,0.98934585
2060,0,2,0.002656313,0.44905594,0.54828775
2061,0,0,0.99270403,0.0072953547,6.081294e-07
2062,2,1,0.1281003,0.8068124,0.06508734
2063,1,1,0.11201567,0.8248212,0.063163206
2064,0,0,0.9999851,1.4945066e-05,1.9019788e-08
2065,1,1,0.019093651,0.7150862,0.2658201
2066,0,0,0.9944635,0.005535772,7.5031306e-07
2067,0,0,0.97662383,0.023370218,5.917816e-06
2068,0,0,0.58878267,0.40890127,0.0023160484
2069,0,0,0.9606114,0.03937477,1.3866713e-05
2070,0,0,0.99640584,0.0035936038,5.694461e-07
2071,0,0,0.9998621,0.00013789214,5.776922e-08
2072,1,2,0.0029077856,0.44680128,0.55029094
2073,1,1,0.012753429,0.66789687,0.31934968
2074,0,0,0.6962986,0.30261007,0.0010913823
2075,0,1,0.25462654,0.72316307,0.022210427
2076,0,0,0.9999851,1.4945066e-05,1.9019788e-08
2077,0,0,1.0,1.9020073e-08,1.9020073e-08
2078,2,2,1.902004e-08,1.6196271e-06,0.99999833
2079,0,0,0.9902226,0.009775452,1.9752304e-06
2080,0,0,0.9123845,0.08755888,5.661742e-05
2081,0,0,0.72800434,0.2712101,0.0007856135
2082,2,2,7.0087267e-06,0.027678376,0.9723146
2083,0,0,0.6473224,0.3510278,0.0016497473
2084,1,1,0.05561659,0.81303453,0.13134883
2085,0,0,0.85866964,0.14115077,0.00017963322
2086,1,1,0.022971002,0.7350543,0.24197471
2087,0,0,0.922877,0.07708101,4.1898547e-05
2088,0,0,0.97540516,0.024588954,5.9104314e-06
2089,0,0,0.9998621,0.00013789425,1.9016868e-08
2090,2,2,0.0006697561,0.26739904,0.7319312
2091,1,1,0.074854195,0.8288641,0.09628171
2092,1,1,0.16674387,0.78775984,0.04549629
2093,2,2,7.9901736e-05,0.10569342,0.8942267
2094,2,2,0.0022498902,0.42578614,0.57196397
2095,0,1,0.42287433,0.56990474,0.007220899
2096,2,2,0.00026473476,0.20092234,0.7988129
2097,0,0,0.99927026,0.0007296458,1.0062784e-07
2098,1,1,0.29697788,0.68631136,0.016710771
2099,1,0,0.4994827,0.4954344,0.005082986
2100,1,1,0.26529446,0.7136721,0.021033539
2101,1,1,0.15891993,0.79179555,0.049284544
2102,0,0,0.9137569,0.08618129,6.184462e-05
2103,1,1,0.21140179,0.76062655,0.027971642
2104,1,1,0.014333913,0.670561,0.3151051
2105,0,0,0.9672376,0.03275408,8.294001e-06
2106,0,0,0.69371283,0.30510637,0.0011807971
2107,0,0,0.99999833,1.6195282e-06,1.901888e-08
2108,2,1,0.011048555,0.67518336,0.31376806
2109,1,1,0.34037933,0.6470489,0.012571717
2110,1,1,0.010076277,0.6443036,0.3456201
2111,2,1,0.0065078186,0.57373714,0.419755
2112,1,1,0.038966756,0.806112,0.15492128
2113,0,1,0.3607667,0.62878364,0.010449613
2114,1,2,0.0019682008,0.39239112,0.6056407
2115,0,0,0.9999851,1.4945066e-05,1.9019208e-08
2116,1,1,0.038934723,0.7847448,0.17632046
2117,2,2,1.9017449e-08,0.00013789003,0.9998621
2118,0,0,0.9592768,0.040709347,1.3847448e-05
2119,1,1,0.11157417,0.8215702,0.06685572
2120,1,1,0.3566403,0.6324773,0.010882372
2121,0,0,0.98157597,0.018420516,3.533159e-06
2122,1,1,0.0793032,0.8263583,0.09433852
2123,1,1,0.10724834,0.8176198,0.075131826
2124,2,2,9.165762e-06,0.036830667,0.96316016
2125,0,0,0.99807286,0.001926734,3.5080348e-07
2126,0,0,0.7551403,0.24430837,0.0005513868
2127,0,0,0.92767626,0.07228376,3.997899e-05
2128,0,0,0.8942381,0.105694756,6.716812e-05
2129,0,0,0.99190897,0.008089798,1.1753343e-06
2130,2,2,0.00030081364,0.20283803,0.7968611
2131,2,2,0.00011200203,0.14434701,0.85554105
2132,2,2,0.00013705368,0.13496,0.8649029
2133,1,1,0.19128558,0.7738182,0.03489622
2134,0,0,0.95647717,0.043509495,1.33358635e-05
2135,0,0,0.502292,0.49364686,0.0040611783
2136,1,1,0.024829134,0.7460522,0.22911867
2137,1,1,0.06876014,0.8232526,0.10798725
2138,0,1,0.340453,0.64718896,0.012358014
2139,1,0,0.64286464,0.35548618,0.0016490876
2140,1,1,0.06000037,0.81120235,0.12879728
2141,1,1,0.42379245,0.56928587,0.006921693
2142,0,0,0.9919093,0.008089796,8.022045e-07
2143,1,1,0.4064409,0.58524,0.008319064
2144,1,1,0.2720677,0.7069162,0.021016065
2145,2,2,0.0003267899,0.21963751,0.78003573
2146,1,0,0.59906125,0.39836857,0.0025701765
2147,1,1,0.01271802,0.6660425,0.32123944
2148,1,1,0.061646543,0.8191134,0.11924011
2149,0,0,0.79167265,0.20795926,0.00036807684
2150,1,1,0.050809674,0.79617816,0.15301216
2151,1,1,0.18428482,0.7785669,0.037148375
2152,0,0,0.9998621,0.00013789425,5.776922e-08
2153,0,1,0.10071196,0.8230023,0.07628579
2154,1,1,0.13651061,0.80909485,0.054394525
2155,0,0,0.8001065,0.19950834,0.0003851415
2156,2,1,0.0044823685,0.51719266,0.47832495
2157,1,1,0.07243696,0.8232601,0.10430297
2158,0,0,0.6461981,0.3519422,0.001859693
2159,0,0,0.94046634,0.059498977,3.4667308e-05
2160,1,1,0.12912636,0.813275,0.057598677
2161,2,2,5.5162477e-06,0.02417598,0.9758185
2162,1,1,0.05548897,0.8111686,0.13334242
2163,2,2,3.8565926e-05,0.073456764,0.92650473
2164,2,1,0.021552892,0.7392725,0.2391747
2165,0,0,0.97540635,0.024588978,4.635133e-06
2166,1,1,0.0069512054,0.5729552,0.42009366
2167,0,0,0.8708903,0.12899761,0.00011204913
2168,2,2,0.0022275783,0.42156345,0.57620895
2169,2,2,0.0019039669,0.38623255,0.6118635
2170,2,1,0.022624284,0.7446749,0.23270075
2171,2,2,8.231552e-06,0.040036947,0.9599548
2172,1,0,0.8500489,0.1497823,0.00016880494
2173,2,2,5.509127e-06,0.025435641,0.9745589
2174,1,1,0.07387475,0.82515043,0.10097481
2175,0,1,0.36232013,0.62603307,0.01164676
2176,1,1,0.047662538,0.80755156,0.14478602
2177,1,1,0.06934233,0.8159338,0.11472384
2178,0,0,0.6660515,0.33259398,0.0013545238
2179,0,0,0.67957515,0.31934094,0.001083824
2180,0,0,0.8747225,0.12514365,0.00013387942
2181,1,1,0.19107911,0.7746623,0.034258593
2182,0,0,0.9655443,0.03444482,1.0930508e-05
2183,1,2,0.0028033715,0.4383013,0.55889535
2184,0,0,0.99999833,1.6196271e-06,2.2336125e-10
2185,0,0,0.9983224,0.0016773028,2.3132142e-07
2186,0,0,0.5805038,0.4167171,0.0027790235
2187,1,1,0.2104444,0.76047546,0.029080126
2188,2,2,6.0405917e-05,0.09180992,0.90812963
2189,1,1,0.12033379,0.812399,0.06726718
2190,0,0,0.78588796,0.21373373,0.0003782972
2191,2,1,0.032793116,0.7794758,0.18773103
2192,1,1,0.18252666,0.7778619,0.039611455
2193,0,0,0.98446715,0.015530335,2.592528e-06
2194,2,2,0.00018003388,0.16135725,0.8384627
2195,0,0,0.9936978,0.0063007516,1.475577e-06
2196,1,0,0.5981465,0.3994904,0.0023631165
2197,1,1,0.086220175,0.82373506,0.09004477
2198,1,1,0.34319556,0.6439626,0.012841856
2199,0,0,0.62061024,0.37756455,0.0018252379
2200,2,2,0.002865423,0.4548604,0.54227424
2201,2,2,1.9018682e-06,0.012865206,0.9871329
2202,0,0,0.8240024,0.17574508,0.00025256054
2203,1,1,0.042571332,0.7867009,0.17072776
2204,1,0,0.6999031,0.29894128,0.0011556835
2205,0,1,0.32408726,0.66038203,0.015530689
2206,0,1,0.020147536,0.72015816,0.2596944
2207,2,1,0.00440419,0.5494651,0.44613075
2208,1,1,0.027669674,0.7672555,0.20507488
2209,0,1,0.4628261,0.5317856,0.005388279
2210,0,0,0.9713637,0.028628282,8.04513e-06
2211,0,0,0.9958003,0.0041987915,8.4840883e-07
2212,0,0,1.0,1.9020073e-08,2.2336162e-10
2213,2,2,0.002808831,0.44684556,0.5503456
2214,0,0,0.99927,0.0007296456,3.0568134e-07
2215,1,1,0.17759384,0.7801873,0.042218868
2216,0,0,0.96936774,0.030623974,8.312268e-06
2217,0,0,0.95859385,0.041392773,1.3365376e-05
2218,0,0,0.9987287,0.0012710191,2.3141556e-07
2219,1,1,0.26157805,0.7159979,0.022424081
2220,2,2,2.5911038e-06,0.016070228,0.9839272
2221,2,2,1.6354335e-07,0.0011858465,0.998814
2222,1,1,0.12054221,0.8138062,0.065651536
2223,0,0,0.9936439,0.0063553397,8.320014e-07
2224,0,0,0.6343783,0.36397672,0.0016450713
2225,2,2,6.7629385e-06,0.028628316,0.97136486
2226,0,1,0.36719942,0.62354386,0.0092567215
2227,1,1,0.012719689,0.6603723,0.32690802
2228,1,1,0.026017653,0.7420895,0.23189284
2229,0,0,0.99927026,0.0007296458,1.0062784e-07
2230,1,0,0.51102316,0.48508865,0.0038881854
2231,2,2,2.1587061e-07,0.0013622919,0.9986375
2232,2,2,5.7768343e-08,0.00013789003,0.9998621
2233,2,2,8.1693135e-05,0.116844,0.8830743
2234,0,0,0.99986196,0.00013789002,1.754853e-07
2235,1,0,0.575992,0.4214047,0.0026033209
2236,0,0,0.98818994,0.011808168,1.9039067e-06
2237,1,1,0.017704954,0.7084508,0.2738443
2238,0,0,0.96667975,0.03330846,1.1730331e-05
2239,0,0,0.98126006,0.018737078,2.769911e-06
2240,0,1,0.09921597,0.8249762,0.075807825
2241,0,0,0.97852695,0.02146887,4.1899634e-06
2242,0,1,0.0376134,0.788313,0.17407364
2243,2,1,0.0044991197,0.5236515,0.4718494
2244,2,1,0.010463217,0.64062804,0.3489087
2245,2,1,0.005975601,0.5897499,0.40427458
2246,0,0,0.9999546,4.539786e-05,1.901921e-08
2247,1,2,0.0027177108,0.45546478,0.54181755
2248,0,0,0.99958116,0.0004187695,1.754387e-07
2249,0,1,0.09571223,0.8383915,0.06589628
2250,2,2,0.00059086137,0.2550691,0.74434006
2251,1,0,0.73535645,0.26402664,0.0006169436
2252,0,0,0.7071855,0.29174387,0.0010706191
2253,1,1,0.40619797,0.58489007,0.008911978
2254,1,1,0.0077648903,0.6062253,0.38600984
2255,0,0,0.8110292,0.1886646,0.00030616208
2256,0,0,0.85658956,0.14327477,0.00013573632
2257,2,2,0.00248337,0.43844196,0.5590747
2258,1,1,0.029997634,0.7709676,0.19903477
2259,2,2,1.7551223e-07,1.4945517e-05,0.99998486
2260,1,1,0.22566219,0.74766564,0.02667222
2261,0,0,0.9934208,0.0065784077,8.034269e-07
2262,0,0,0.9852437,0.014753786,2.5945706e-06
2263,2,2,0.00012434911,0.12899603,0.87087965
2264,0,1,0.23444863,0.73735535,0.028196018
2265,0,0,1.0,1.9020073e-08,2.2336162e-10
2266,0,0,0.9998621,0.00013789425,5.77701e-08
2267,0,0,0.9866845,0.013313719,1.7734709e-06
2268,0,0,0.85225326,0.14758609,0.00016065346
2269,0,0,0.99572754,0.0042720097,5.308819e-07
2270,0,0,0.99999833,1.6196271e-06,1.902004e-08
2271,0,0,0.85446054,0.1454216,0.000117841
2272,0,0,0.9960128,0.003986552,7.258373e-07
2273,2,2,2.3148694e-07,0.0009630489,0.9990368
2274,0,0,0.99583673,0.0041626524,5.943667e-07
2275,0,0,0.5420811,0.4546984,0.0032205342
2276,0,0,0.99958116,0.00041876629,1.00658376e-07
2277,1,1,0.18896222,0.77108383,0.039953943
2278,1,0,0.6661685,0.3326524,0.0011790829
2279,0,0,0.9999851,1.4945066e-05,1.9019208e-08
2280,0,0,0.84327763,0.15653327,0.0001890996
2281,0,0,0.99745756,0.0025420892,4.0282362e-07
2282,0,0,0.9999546,4.539786e-05,5.7775445e-08
2283,0,0,0.99999833,1.6196271e-06,2.0611504e-09
2284,0,0,0.8189173,0.18083167,0.0002510019
2285,0,1,0.41973123,0.5737046,0.0065641855
2286,0,0,0.71172136,0.2873119,0.00096669095
2287,1,0,0.51498413,0.48043486,0.0045809834
2288,2,2,0.0030435515,0.45961368,0.5373428
2289,0,1,0.19964969,0.7666654,0.033684924
2290,0,0,0.96884656,0.031143516,9.882902e-06
2291,0,0,0.9190921,0.08086902,3.8927345e-05
2292,2,2,1.3479296e-06,0.009944946,0.99005365
2293,0,0,1.0,1.9018913e-08,2.2336162e-10
2294,2,2,4.705786e-07,0.0033244353,0.99667513
2295,1,1,0.021186963,0.7251454,0.25366768
2296,2,1,0.0958323,0.82499534,0.079172395
2297,1,2,0.0022530444,0.40474403,0.5930029
2298,0,0,0.8958443,0.10406219,9.358358e-05
2299,0,0,0.7829573,0.21666576,0.0003768865
2300,2,2,0.0008391576,0.30452117,0.6946397
2301,0,0,0.8240024,0.17574508,0.00025256054
2302,0,0,0.9253162,0.07464728,3.6561712e-05
2303,1,1,0.22810458,0.74760157,0.024293795
2304,1,1,0.14234783,0.80785656,0.049795583
2305,1,2,0.00073627586,0.27423576,0.725028
2306,1,1,0.029202921,0.76037925,0.21041778
2307,1,1,0.054182637,0.82005745,0.12575988
2308,0,0,0.5946921,0.40326303,0.0020448011
2309,0,0,0.98756635,0.012431625,2.039532e-06
2310,0,0,0.9781586,0.021836624,4.8124425e-06
2311,0,0,0.999985,1.4944606e-05,1.7550153e-07
2312,0,1,0.04142004,0.7924694,0.16611058
2313,0,0,0.7009367,0.29808623,0.0009771612
2314,1,1,0.19838144,0.7684369,0.03318166
2315,0,0,0.96496415,0.03502699,8.869549e-06
2316,0,1,0.07282245,0.8276411,0.099536486
2317,1,1,0.3981501,0.59355783,0.008292083
2318,1,1,0.08207422,0.8260469,0.09187888
2319,0,0,0.78879994,0.2108334,0.0003667412
2320,0,0,0.9961816,0.003817871,6.4849104e-07
2321,2,2,1.7548798e-07,0.00013789424,0.99986196
2322,2,1,0.004966041,0.5308023,0.46423158
2323,1,0,0.8628594,0.13699907,0.0001415608
2324,0,0,0.9893462,0.010652497,1.2566007e-06
2325,1,1,0.48382145,0.51107275,0.0051058778
2326,0,0,0.9655435,0.03444479,1.1716543e-05
2327,0,0,0.95271456,0.047268458,1.6938187e-05
2328,0,0,0.65970486,0.3388508,0.0014443515
2329,2,2,4.327803e-06,0.023769809,0.97622585
2330,0,0,0.98970604,0.010292708,1.214159e-06
2331,0,0,0.9081408,0.091811076,4.8202197e-05
2332,0,0,0.908117,0.09180864,7.4396296e-05
2333,1,1,0.014684729,0.681035,0.30428034
2334,0,0,1.0,1.9020073e-08,2.2336162e-10
2335,1,1,0.2627499,0.7176464,0.019603664
2336,2,2,1.7550687e-07,1.49450625e-05,0.99998486
2337,0,0,0.91238713,0.087559134,5.37442e-05
2338,2,2,8.036514e-07,0.0063007553,0.99369836
2339,0,1,0.23437311,0.7419323,0.023694606
2340,1,1,0.21843496,0.7509187,0.03064632
2341,0,0,0.9364656,0.0635064,2.802792e-05
2342,1,0,0.49743575,0.49743575,0.0051285024
2343,1,0,0.551197,0.44559863,0.003204393
2344,1,0,0.6908689,0.30817208,0.00095895457
2345,0,1,0.1525358,0.80061924,0.04684497
2346,0,0,0.9914801,0.008518619,1.3038054e-06
2347,1,2,0.0001414404,0.15257104,0.8472875
2348,2,2,0.0003567179,0.20529376,0.7943495
2349,2,2,0.00023544072,0.17637765,0.8233869
2350,1,0,0.78878444,0.21082924,0.0003863411
2351,0,0,0.9934208,0.006578411,8.318146e-07
2352,1,1,0.42774296,0.56470317,0.0075538973
2353,1,1,0.006157049,0.5718333,0.42200962
2354,0,1,0.0912219,0.8272907,0.08148734
2355,1,1,0.010159711,0.6329394,0.35690087
2356,1,1,0.090568684,0.8285274,0.08090382
2357,0,0,0.88746643,0.11243757,9.598398e-05
2358,1,1,0.12132614,0.8120193,0.06665461
2359,1,1,0.23921292,0.73299986,0.02778722
2360,0,0,0.97924346,0.020751392,5.164235e-06
2361,2,2,0.0017250639,0.38835946,0.6099155
2362,1,1,0.009946152,0.6089701,0.38108376
2363,1,1,0.35828206,0.6298971,0.011820817
2364,0,1,0.20513567,0.76084954,0.03401483
2365,0,0,0.99999833,1.6196271e-06,1.902004e-08
2366,0,0,0.66802514,0.33069643,0.0012784456
2367,0,1,0.23849785,0.73718035,0.024321824
2368,1,1,0.07070658,0.8247959,0.104497544
2369,0,0,0.868907,0.13095774,0.00013531829
2370,0,0,0.611817,0.3862033,0.0019796619
2371,1,1,0.0136070475,0.67058975,0.31580323
2372,0,0,0.95425785,0.045729313,1.2850859e-05
2373,2,2,4.6775254e-05,0.08755976,0.9123935
2374,1,1,0.48180228,0.5119862,0.0062115174
2375,1,2,5.191024e-05,0.08755929,0.91238874
2376,1,1,0.15909655,0.79267573,0.04822777
2377,0,0,0.99999833,1.6196271e-06,1.902004e-08
2378,2,1,0.039622124,0.80556226,0.15481566
2379,0,0,0.933293,0.066675015,3.209489e-05
2380,0,1,0.10390059,0.82008415,0.0760153
2381,1,1,0.042696796,0.7890194,0.1682838
2382,1,1,0.02642881,0.7538168,0.2197544
2383,1,1,0.01902924,0.7134476,0.2675232
2384,0,1,0.107524075,0.8197215,0.07275442
2385,0,1,0.30360436,0.67878497,0.017610636
2386,1,1,0.020789871,0.73669523,0.2425149
2387,0,0,0.9905539,0.009445011,1.0576184e-06
2388,1,1,0.09345318,0.81860316,0.08794369
2389,1,1,0.12461796,0.81261134,0.06277073
2390,2,2,0.0004346379,0.2137217,0.7858437
2391,1,1,0.13917159,0.80366284,0.057165496
2392,0,0,0.9999851,1.4945066e-05,1.9019208e-08
2393,0,0,0.999985,1.4945064e-05,1.7551224e-07
2394,0,0,0.9792438,0.0207514,4.817777e-06
2395,0,0,0.9164568,0.08348624,5.6870125e-05
2396,1,2,0.00015193832,0.14704217,0.85280585
2397,2,2,6.9837483e-06,0.031143613,0.96884936
2398,0,0,0.9203625,0.07958699,5.0576862e-05
2399,0,0,0.99640584,0.0035936006,5.694467e-07
2400,1,1,0.25605506,0.7193721,0.02457286
2401,1,1,0.057000343,0.8118432,0.1311564
2402,0,0,0.99999833,1.6195282e-06,1.901888e-08
2403,0,0,0.9999546,4.539786e-05,5.7773686e-08
2404,0,0,0.9203624,0.079587,5.0576855e-05
2405,1,0,0.6262599,0.3720143,0.0017257611
2406,0,0,0.84559673,0.15426216,0.00014115816
2407,1,1,0.28870335,0.6922628,0.019033788
2408,0,0,0.5172127,0.47834358,0.0044437987
2409,2,1,0.0076119658,0.5971949,0.39519313
2410,0,0,0.86889845,0.13095649,0.00014504799
2411,0,0,0.9619029,0.038082194,1.4883892e-05
2412,0,0,0.88918257,0.11071611,0.00010131122
2413,0,0,0.99958116,0.0004187695,1.754387e-07
2414,0,0,0.93220115,0.06776331,3.557678e-05
2415,1,2,0.0013296625,0.35609692,0.6425734
2416,0,0,0.8001272,0.1995135,0.00035931251
2417,0,0,0.99999833,1.6196271e-06,1.902004e-08
2418,1,2,0.0017373869,0.40495327,0.5933093
2419,0,0,0.67384523,0.32500276,0.0011519691
2420,0,0,0.5294198,0.46680596,0.003774264
2421,2,2,0.0021087052,0.44287887,0.55501246
2422,1,0,0.90217423,0.0977668,5.8976904e-05
2423,0,0,0.9951363,0.0048632133,5.0803123e-07
2424,1,1,0.020377085,0.7158273,0.2637957
2425,1,1,0.0537395,0.82044166,0.1258188
2426,1,1,0.011640459,0.65344936,0.3349101
2427,0,1,0.20004697,0.7681909,0.031762123
2428,0,0,0.7318483,0.2673687,0.0007829356
2429,0,0,0.9933062,0.006692844,8.9152974e-07
2430,1,1,0.012928798,0.6770809,0.30999026
2431,0,0,0.80836684,0.1913384,0.00029474316
2432,1,1,0.058346454,0.8026563,0.13899727
2433,1,1,0.20092204,0.76488286,0.034195144
2434,0,0,0.99927026,0.00072964025,1.7538413e-07
2435,0,0,0.9788887,0.021107161,4.191516e-06
2436,0,0,0.9917687,0.008230304,9.54162e-07
2437,0,0,0.98970544,0.010292702,1.7181932e-06
2438,0,0,0.5198285,0.47660753,0.0035639168
2439,1,1,0.009588755,0.6403275,0.35008377
2440,2,2,8.8801635e-06,0.03387213,0.96611893
2441,0,0,0.92650014,0.0734564,4.354918e-05
2442,2,1,0.09909781,0.81687194,0.08403024
2443,0,0,0.9967604,0.0032392552,3.8880438e-07
2444,0,0,0.49766818,0.49766818,0.0046636327
2445,0,0,0.96668285,0.033308584,8.582121e-06
2446,2,2,0.0011716792,0.3482366,0.6505917
2447,1,0,0.996406,0.0035935997,4.0239897e-07
2448,1,1,0.016933234,0.7200195,0.26304728
2449,1,0,0.94239175,0.057586145,2.2119379e-05
2450,1,1,0.08793367,0.8256461,0.08642021
2451,1,1,0.1991787,0.76568705,0.035134237
2452,1,1,0.042466454,0.7916042,0.1659293
2453,2,1,0.020331021,0.73704046,0.24262853
2454,2,2,0.0037088038,0.49598348,0.5003077
2455,1,1,0.13195057,0.8096997,0.058349743
2456,0,0,0.5621693,0.43516558,0.0026650971
2457,2,1,0.021413421,0.7425016,0.23608497
2458,0,1,0.06578803,0.8154981,0.1187138
2459,1,1,0.2593596,0.7172813,0.023359155
2460,1,0,0.8669265,0.13294749,0.00012595241
2461,2,2,6.0998777e-06,0.027678393,0.9723155
2462,0,0,0.6127434,0.38511288,0.002143766
2463,0,0,0.5435753,0.45299298,0.0034317276
2464,1,1,0.031330828,0.7643664,0.20430271
2465,1,0,0.6173446,0.38050014,0.002155182
2466,1,1,0.08031277,0.82247454,0.09721266
2467,0,0,0.94143844,0.058535364,2.6286447e-05
2468,2,2,1.7549065e-07,0.00013789424,0.99986196
2469,0,1,0.25892067,0.714903,0.026176317
2470,0,0,0.75515443,0.24431299,0.00053257984
2471,1,1,0.11330674,0.8199679,0.06672535
2472,0,0,0.9977864,0.0022131803,3.0522577e-07
2473,0,0,0.73866314,0.26064914,0.0006877533
2474,0,0,0.97038335,0.029609876,6.7561045e-06
2475,0,0,0.8565549,0.14326897,0.00017610665
2476,0,0,0.97037953,0.02960976,1.061037e-05
2477,1,2,0.0015586877,0.37613788,0.6223034
2478,1,1,0.036961064,0.79853725,0.16450167
2479,0,0,0.8455584,0.1542552,0.00018634749
2480,0,0,0.98690945,0.013087549,2.9861937e-06
2481,0,0,0.9414356,0.058535196,2.917221e-05
2482,1,0,0.80287915,0.196754,0.0003668625
2483,2,2,0.00028710224,0.20327978,0.79643315
2484,1,1,0.048483767,0.8003497,0.15116648
2485,0,0,0.9990369,0.000963049,1.0060433e-07
2486,1,1,0.09280134,0.82712936,0.08006923
2487,1,1,0.006604435,0.60282725,0.39056832
2488,2,1,0.0057949424,0.55721873,0.43698633
2489,2,2,0.0003644702,0.22753896,0.7720965
2490,2,1,0.029632073,0.76988095,0.20048705
2491,1,1,0.1107612,0.8155839,0.07365488
2492,0,0,0.99999833,1.6196271e-06,1.902004e-08
2493,1,0,0.5007425,0.49533847,0.00391898
2494,0,0,0.97540456,0.024588931,6.5593026e-06
2495,1,0,0.7707498,0.22862564,0.0006245699
2496,0,0,0.8432804,0.15653373,0.00018584545
2497,0,0,0.9550112,0.044977725,1.1193254e-05
2498,0,0,0.91512334,0.084824674,5.2065825e-05
2499,0,0,0.9968706,0.003129057,3.7557774e-07
2500,0,0,0.8477889,0.15200016,0.0002109827
2501,1,1,0.41437143,0.57629746,0.009331167
2502,0,0,0.9990369,0.000963049,1.0060433e-07
2503,2,2,0.0012251532,0.36412972,0.6346451
2504,0,1,0.480018,0.5145373,0.005444777
2505,1,1,0.40011522,0.5913319,0.008552865
2506,1,0,0.5326797,0.46360433,0.0037159806
2507,0,0,0.9939645,0.0060347538,6.9962533e-07
2508,0,0,0.86491656,0.1349621,0.000121371944
2509,0,0,0.71452385,0.28471172,0.0007644018
2510,1,1,0.09380357,0.8216724,0.08452408
2511,0,1,0.4433139,0.55075604,0.005930105
2512,1,1,0.46903235,0.5250634,0.005904245
2513,0,0,0.788751,0.21082029,0.00042873726
2514,1,1,0.48213917,0.5123443,0.0055165184
2515,1,0,0.6045066,0.39335996,0.0021333867
2516,1,1,0.23763406,0.73610604,0.026259841
2517,1,1,0.3609582,0.6291173,0.009924554
2518,1,1,0.019695388,0.7163254,0.26397926
2519,0,1,0.27205825,0.7099664,0.01797537
2520,0,0,0.97959423,0.020401543,4.1945336e-06
2521,0,0,0.98878247,0.011215618,1.9050465e-06
2522,1,0,0.6661685,0.33265242,0.0011790833
2523,1,1,0.013195812,0.66171175,0.32509243
2524,0,0,0.9343601,0.065602355,3.756559e-05
2525,1,1,0.3683212,0.62004286,0.011635889
2526,1,1,0.3141317,0.6721261,0.013742208
2527,1,1,0.020039389,0.7194082,0.26055235
2528,0,0,0.99986196,0.00013789424,1.7548798e-07
2529,1,2,0.0018316599,0.37807167,0.6200966
2530,0,0,0.6342435,0.36389935,0.0018572544
2531,2,2,5.6768255e-05,0.100872874,0.8990704
2532,0,1,0.34519613,0.6435132,0.011290637
2533,2,1,0.06049183,0.8107782,0.12872995
2534,2,1,0.090483144,0.820591,0.088925816
2535,0,0,0.99958116,0.00041876308,1.754387e-07
2536,0,0,0.5833936,0.41382265,0.0027837814
2537,0,0,0.9990369,0.000963049,1.0060433e-07
2538,0,0,0.9762256,0.0237698,4.6390255e-06
2539,0,0,0.9844668,0.015530322,2.9788027e-06
2540,1,0,0.63628495,0.3619154,0.001799648
2541,2,2,4.780549e-07,0.004916008,0.9950836
2542,2,2,0.0006121922,0.27600053,0.72338724
2543,1,1,0.016002074,0.6983777,0.2856202
2544,0,0,0.9999851,1.4945066e-05,1.9019208e-08
2545,0,1,0.42788023,0.5648844,0.007235376
2546,1,1,0.005072229,0.5319546,0.4629732
2547,0,0,0.95271164,0.0472683,2.0149477e-05
2548,0,0,0.99999833,1.6195776e-06,1.901946e-08
2549,1,1,0.27483654,0.70640373,0.018759767
2550,1,0,0.83382607,0.16590936,0.00026460146
2551,1,0,0.88921434,0.11072007,6.564125e-05
2552,2,2,1.3284776e-07,0.000729643,0.99927026
2553,1,1,0.010476938,0.6498753,0.3396477
2554,0,0,0.9177848,0.082168214,4.7051646e-05
2555,2,1,0.0054276935,0.5403453,0.45422703
2556,2,1,0.005674154,0.555159,0.43916687
2557,1,1,0.02334376,0.738921,0.23773529
2558,2,1,0.15337548,0.79806864,0.048555885
2559,0,0,0.85226023,0.14758725,0.00015250157
2560,1,1,0.08979283,0.82859164,0.0816155
2561,0,0,0.99986196,0.00013789424,1.7548798e-07
2562,1,1,0.059105434,0.80606973,0.13482477
2563,2,2,1.5258351e-07,0.0011063772,0.99889344
2564,0,0,0.9898811,0.010117342,1.5484956e-06
2565,1,1,0.01649841,0.7015302,0.28197137
2566,2,1,0.0052191922,0.55131656,0.44346422
2567,0,0,0.9977864,0.0022131675,4.0295487e-07
2568,1,0,0.922877,0.07708101,4.1898547e-05
2569,0,0,0.736923,0.2623022,0.0007747957
2570,1,1,0.036747463,0.79392284,0.16932963
2571,2,1,0.0032434484,0.4983783,0.4983783
2572,0,1,0.4169822,0.5749161,0.00810168
2573,0,0,0.8908932,0.10901985,8.682271e-05
2574,1,0,0.6875717,0.31122708,0.0012012225
2575,0,0,0.9998621,0.00013789214,5.776922e-08
2576,0,0,0.7708122,0.2286442,0.00054362265
2577,1,1,0.07366077,0.82993335,0.09640591
2578,0,1,0.24119051,0.73267215,0.026137339
2579,2,2,2.3154101e-07,0.00072964566,0.99927014
2580,2,2,1.902004e-08,1.6196271e-06,0.99999833
2581,1,1,0.1559816,0.8046143,0.039404105
2582,1,1,0.06604671,0.8116282,0.122325
2583,2,1,0.056914557,0.81768876,0.12539664
2584,1,0,0.94515246,0.054823775,2.3779477e-05
2585,0,0,0.62165105,0.37655982,0.0017890491
2586,0,1,0.197498,0.77168435,0.03081771
2587,0,0,0.95574594,0.04423762,1.6412201e-05
2588,2,1,0.008801978,0.61037385,0.38082415
2589,0,0,0.9321976,0.06776303,3.9482413e-05
2590,2,2,3.05679e-07,0.0007296456,0.99927
2591,0,0,0.9999851,1.4945521e-05,1.9019788e-08
2592,0,0,0.6402932,0.35792702,0.0017798143
2593,1,2,0.002256851,0.42525354,0.5724896
2594,1,1,0.00946154,0.63734096,0.35319743
2595,2,2,2.9855096e-06,0.013313696,0.9866833
2596,0,0,0.83141786,0.16832732,0.0002548334
2597,1,1,0.23514733,0.7379496,0.026903154
2598,1,1,0.13013808,0.8125629,0.057299014
2599,1,1,0.38035718,0.6097908,0.009852069
2600,1,1,0.18965228,0.77389973,0.036448
2601,0,0,0.84329087,0.15653573,0.00017337958
2602,0,0,0.9935889,0.006410395,6.5244217e-07
2603,1,1,0.21579479,0.75319785,0.031007336
2604,1,2,0.00010474904,0.14221698,0.85767823
2605,0,0,0.9879851,0.0120124705,2.5130025e-06
2606,0,0,0.9946517,0.005347868,5.3030834e-07
2607,1,1,0.29797047,0.6856229,0.016406681
2608,0,0,0.9990369,0.0009630453,7.6203925e-08
2609,1,1,0.13388388,0.8074231,0.058692966
2610,0,0,0.99999833,1.6195282e-06,1.902004e-08
2611,0,0,0.82402295,0.17574948,0.00022758164
2612,2,1,0.01630013,0.68117,0.30252987
2613,0,0,0.99927026,0.0007296458,1.7538545e-07
2614,2,2,3.0551342e-07,0.0012710142,0.9987287
2615,0,0,0.99055314,0.009445003,1.8433306e-06
2616,0,0,0.9228783,0.07708112,4.046876e-05
2617,1,1,0.22760315,0.7459582,0.026438612
2618,2,1,0.3285598,0.6579727,0.013467431
2619,0,0,0.99958116,0.00041876629,1.0065914e-07
2620,0,0,0.82655317,0.17325492,0.00019189806
2621,0,0,0.81634253,0.18341994,0.00023751428
2622,1,1,0.15539908,0.800523,0.044077948
2623,2,2,0.00086185685,0.31005523,0.6890829
2624,0,1,0.40039015,0.5904555,0.0091543365
2625,1,1,0.029034464,0.7576354,0.21333016
2626,0,0,0.7179263,0.281144,0.0009296581
2627,2,1,0.007536852,0.6145231,0.37794
2628,0,0,0.988974,0.011024724,1.3464596e-06
2629,1,1,0.26327026,0.717509,0.019220812
2630,0,0,0.88746184,0.112437055,0.00010111517
2631,1,1,0.11848844,0.82104605,0.06046545
2632,0,0,0.98419964,0.015798012,2.335427e-06
2633,0,0,0.999985,1.4945064e-05,1.7551224e-07
2634,0,1,0.39337474,0.5967088,0.009916567
2635,0,0,0.99999833,1.6196271e-06,1.902004e-08
2636,0,0,0.89256537,0.107344605,9.005906e-05
2637,0,0,0.6775938,0.32118592,0.001220308
2638,0,0,0.63220674,0.36589316,0.0019001339
2639,2,2,0.0007284852,0.30639598,0.6928755
2640,0,0,0.8785074,0.121395975,9.6678945e-05
2641,1,1,0.3315746,0.6543542,0.014071203
2642,1,1,0.16071767,0.79383165,0.045450702
2643,1,2,0.002526751,0.43842292,0.5590504
2644,0,0,0.9990369,0.000963049,1.3281674e-07
2645,1,2,0.00021497853,0.17263016,0.8271548
2646,0,1,0.07347807,0.8207198,0.10580212
2647,0,0,0.99832255,0.001677303,1.752178e-07
2648,2,2,1.397769e-06,0.008373229,0.99162537
2649,1,1,0.08864241,0.817976,0.09338157
2650,1,0,0.9511178,0.048856527,2.56504e-05
2651,2,2,0.0004902181,0.24956869,0.7499411
2652,1,1,0.34838736,0.64001805,0.011594569
2653,1,2,0.0027552564,0.43832245,0.5589223
2654,0,0,0.98645383,0.013543705,2.5091076e-06
2655,1,1,0.021690613,0.7391683,0.23914102
2656,1,1,0.11465449,0.81544095,0.06990462
2657,0,0,0.9095679,0.09037265,5.9460242e-05
2658,0,0,0.96723604,0.032754026,9.866474e-06
2659,1,1,0.0048603434,0.5175353,0.47760433
2660,0,1,0.41715375,0.57515264,0.0076936805
2661,1,1,0.13100594,0.8126735,0.0563205
2662,1,0,0.78287613,0.21664329,0.00048053294
2663,0,0,0.9941691,0.005830009,9.564715e-07
2664,1,0,0.55904424,0.4384181,0.002537712
2665,0,0,0.6832634,0.31554803,0.0011885256
2666,2,2,0.00061410404,0.26741397,0.7319719
2667,1,0,0.60802215,0.3896827,0.0022951176
2668,0,0,0.8455318,0.15425034,0.00021785544
2669,1,0,0.5327802,0.46369177,0.0035280571
2670,0,0,0.9895279,0.010471077,1.0938511e-06
2671,0,0,0.98839045,0.011607287,2.2653323e-06
2672,0,0,0.9907148,0.009283952,1.3488296e-06
2673,0,0,0.9920473,0.007951666,1.0230647e-06
2674,0,0,0.9913318,0.008666507,1.6622862e-06
2675,1,1,0.21451484,0.75525796,0.030227233
2676,1,1,0.22030838,0.74999887,0.029692816
2677,0,0,0.75518143,0.24432172,0.000496868
2678,1,1,0.2967128,0.6856987,0.017588476
2679,1,1,0.16908386,0.7859186,0.044997644
2680,1,1,0.25180313,0.72137916,0.02681775
2681,2,2,0.0009965501,0.31748575,0.6815177
2682,1,1,0.37479392,0.6147207,0.010485437
2683,1,1,0.031000508,0.7729,0.19609946
2684,0,0,0.87089205,0.12899785,0.000110120876
2685,0,0,0.9990368,0.0009630489,2.3148694e-07
2686,1,1,0.04808487,0.8006852,0.15122989
2687,0,1,0.15340461,0.79476327,0.05183209
2688,1,1,0.06552214,0.81928307,0.11519476
2689,0,0,0.6756726,0.32306755,0.0012598421
2690,0,0,0.9503141,0.049670126,1.576202e-05
2691,0,0,0.9460443,0.053931035,2.4642914e-05
2692,0,0,0.9936985,0.006300756,6.755688e-07
2693,0,0,0.9999546,4.5397177e-05,5.7774564e-08
2694,0,0,0.99958116,0.00041876629,1.7544002e-07
2695,2,2,0.00020840841,0.1623462,0.83744544
2696,1,1,0.005160598,0.5319074,0.46293205
2697,0,0,0.98952776,0.01047107,1.1325002e-06
2698,1,2,0.00031054392,0.20512626,0.7945632
2699,2,1,0.01291139,0.6761692,0.3109194
2700,1,1,0.014631714,0.6904602,0.2949081
2701,0,0,0.98645455,0.013543716,1.7125494e-06
2702,1,1,0.104870886,0.83495903,0.060170032
2703,1,1,0.008262815,0.6018209,0.3899163
2704,2,2,5.305502e-05,0.083486535,0.91646045
2705,1,1,0.01276668,0.6685908,0.31864247
2706,1,1,0.01897037,0.7143341,0.26669553
2707,1,1,0.025390027,0.76622415,0.2083858
2708,1,1,0.025847103,0.75278586,0.22136708
2709,2,2,0.00019442958,0.16234845,0.8374571
2710,0,0,0.9910288,0.008969971,1.2157818e-06
2711,1,0,0.83627063,0.16353182,0.0001975542
2712,1,1,0.02929048,0.7659764,0.20473304
2713,0,0,0.90217036,0.09776641,6.321782e-05
2714,0,0,0.9999851,1.4945066e-05,1.9019788e-08
2715,0,0,0.9442495,0.055730585,1.9970506e-05
2716,0,1,0.36535224,0.6231057,0.011542095
2717,0,0,0.99071467,0.0092839515,1.3964853e-06
2718,1,1,0.05951265,0.8116232,0.1288641
2719,0,0,0.97087896,0.029115107,5.883005e-06
2720,1,1,0.007255131,0.5889907,0.40375417
2721,1,0,0.50035554,0.49495566,0.004688816
2722,1,1,0.11930364,0.81955,0.06114629
2723,2,2,2.2603604e-06,0.013777635,0.9862201
2724,0,0,0.97323495,0.026759118,5.8972814e-06
2725,2,2,7.2184866e-06,0.03275412,0.9672387
2726,0,0,0.62699616,0.37083858,0.002165253
2727,0,0,0.95859724,0.04139292,9.778352e-06
2728,0,0,0.5239213,0.4720924,0.0039863223
2729,1,1,0.013379491,0.6767718,0.30984873
2730,1,1,0.06618679,0.82044107,0.11337211
2731,1,1,0.118226565,0.81215084,0.06962259
2732,1,2,0.0012342432,0.3482148,0.65055096
2733,1,1,0.31606096,0.6704092,0.013529783
2734,0,0,0.5802774,0.41723308,0.0024895873
2735,0,0,0.97038233,0.029609846,7.762735e-06
2736,0,0,0.9557465,0.044237625,1.5852122e-05
2737,1,2,0.00094498234,0.30632955,0.6927255
2738,2,2,1.3985559e-06,0.007815877,0.9921827
2739,0,0,0.99986196,0.00013789424,1.7548798e-07
2740,0,0,0.99927,0.0007296456,3.05679e-07
2741,0,0,0.8958576,0.104063734,7.8669706e-05
2742,0,0,0.50647575,0.48919156,0.0043327026
2743,2,1,0.008505728,0.63758576,0.35390854
2744,0,0,0.9964676,0.003531969,4.871033e-07
2745,1,1,0.008338578,0.59301275,0.39864865
2746,2,1,0.0076523633,0.60526985,0.38707784
2747,0,0,0.9998621,0.00013789425,5.776922e-08
2748,0,0,0.98645455,0.013543716,1.7125494e-06
2749,0,0,0.96987927,0.030112773,8.0328355e-06
2750,1,1,0.09992849,0.82371926,0.076352246
2751,1,1,0.058223777,0.8221012,0.11967503
2752,0,0,0.9404734,0.05949944,2.7187283e-05
2753,1,1,0.008502492,0.6139252,0.37757227
2754,0,0,0.9332968,0.066675276,2.7933078e-05
2755,2,1,0.0059917094,0.5761391,0.4178692
2756,0,0,0.99999833,1.6195282e-06,1.902004e-08
2757,2,2,1.7551223e-07,1.49450625e-05,0.99998486
2758,0,0,0.99927026,0.0007296458,1.7538545e-07
2759,1,1,0.2043682,0.7613001,0.0343317
2760,1,1,0.030475158,0.7565112,0.21301368
2761,0,0,0.9081204,0.09180899,7.0620954e-05
2762,1,1,0.005574053,0.53597885,0.45844704
2763,0,0,0.72498965,0.2742212,0.0007891813
2764,1,0,0.64647365,0.3520924,0.0014339327
2765,0,1,0.22452365,0.7455095,0.029966854
2766,1,0,0.94047254,0.059499357,2.8147844e-05
2767,0,0,0.79737824,0.20231004,0.00031164414
2768,0,1,0.41091818,0.5815032,0.0075786742
2769,1,1,0.017071381,0.7011215,0.28180712
2770,0,0,0.93329185,0.06667492,3.3228825e-05
2771,1,1,0.13048191,0.8076684,0.06184968
2772,1,1,0.06114629,0.81955,0.11930364
2773,0,0,0.7402649,0.2589567,0.0007783094
2774,1,1,0.056869723,0.80998284,0.13314748
2775,0,0,0.9998621,0.00013789425,5.776922e-08
2776,0,0,0.7072722,0.29177964,0.00094822084
2777,2,2,0.00062193914,0.27082586,0.72855216
2778,1,1,0.4000249,0.5911985,0.00877654
2779,0,0,0.68149364,0.3174746,0.0010317238
2780,1,1,0.09446745,0.8274877,0.07804481
2781,1,1,0.0066163824,0.5986977,0.39468586
2782,1,1,0.33388603,0.6528665,0.013247423
2783,1,1,0.47179338,0.5235894,0.0046172766
2784,2,1,0.31405172,0.6741458,0.011802455
2785,0,1,0.03296124,0.77670026,0.19033854
2786,1,2,0.0005463829,0.26404518,0.7354084
2787,0,0,0.99927026,0.0007296458,1.7538545e-07
2788,0,0,0.811046,0.18866844,0.0002856281
2789,0,1,0.45155823,0.54185367,0.006588157
2790,1,1,0.17482369,0.7865721,0.03860421
2791,0,0,0.9999546,4.539786e-05,5.7775445e-08
2792,0,0,0.76153755,0.23797007,0.0004924263
2793,2,2,0.0002987772,0.17938106,0.8203202
2794,2,2,0.00025814853,0.17200376,0.82773805
2795,0,1,0.22801599,0.7424617,0.02952227
2796,2,2,0.0031050623,0.48547003,0.5114249
2797,0,0,0.99396473,0.006034752,5.2994204e-07
2798,0,1,0.46398005,0.53080255,0.005217374
2799,1,0,0.5585327,0.43801692,0.0034504589
2800,0,0,0.98988086,0.010117339,1.7184977e-06
2801,0,0,0.99999833,1.6195776e-06,1.901946e-08
2802,0,0,0.9977864,0.0022131759,4.0295643e-07
2803,2,2,0.001881304,0.4090794,0.58903927
2804,0,0,0.76461303,0.23481886,0.0005680807
2805,0,0,0.82405823,0.175757,0.00018478978
2806,1,1,0.08984041,0.82186544,0.08829414
2807,0,1,0.004816049,0.5320915,0.46309242
2808,0,0,0.9998621,0.00013789214,5.776922e-08
2809,1,1,0.06352433,0.829537,0.10693878
2810,1,1,0.04848378,0.8003497,0.15116653
2811,0,1,0.4782202,0.5170793,0.00470053
2812,1,1,0.0072120577,0.5983387,0.3944492
2813,0,0,0.8708698,0.12899457,0.00013562408
2814,1,2,0.00017054772,0.1557855,0.8440439
2815,1,1,0.2539003,0.7226671,0.02343262
2816,1,0,0.76770025,0.23170915,0.00059052696
2817,1,1,0.007816823,0.6102798,0.38190338
2818,2,1,0.014206036,0.68805957,0.29773435
2819,2,1,0.019929763,0.7248498,0.25522044
2820,1,0,0.67177075,0.32682702,0.0014021995
2821,1,1,0.013254303,0.683767,0.3029787
2822,2,2,0.0022830644,0.41731945,0.5803975
2823,0,0,0.5459344,0.45102665,0.0030389936
2824,0,0,0.5280803,0.4676501,0.004269684
2825,1,1,0.022704935,0.73367023,0.24362476
2826,2,1,0.014303808,0.66049606,0.32520014
2827,0,0,0.999985,1.4945064e-05,1.7551224e-07
2828,0,0,0.96126455,0.038723394,1.20767445e-05
2829,0,0,0.98125917,0.018737053,3.786012e-06
2830,0,0,0.8669265,0.13294749,0.00012595241
2831,2,2,3.5089084e-07,0.0016773026,0.9983223
2832,0,1,0.41613346,0.57624155,0.0076250574
2833,0,1,0.29267618,0.69120866,0.016115172
2834,0,1,0.097144626,0.8218991,0.08095627
2835,0,0,0.9970799,0.0029197468,4.026711e-07
2836,2,1,0.01804584,0.7158501,0.26610404
2837,0,0,0.7799656,0.21961777,0.0004166651
2838,0,0,0.9987288,0.0012710193,1.00572926e-07
2839,0,0,0.8386251,0.16116978,0.00020511005
2840,0,0,1.0,1.9020073e-08,1.9020073e-08
2841,0,0,0.99999833,1.6196271e-06,1.902004e-08
2842,2,2,0.00027647484,0.20091994,0.7988035
2843,0,0,0.9051914,0.0947462,6.233778e-05
2844,2,2,9.555785e-06,0.030112725,0.9698777
2845,0,0,0.95995194,0.040036842,1.12511625e-05
2846,1,1,0.25283405,0.72433263,0.02283329
2847,1,2,0.0021456385,0.41316774,0.58468664
2848,2,1,0.05039199,0.81753254,0.13207553
2849,1,1,0.2914838,0.69138706,0.017129174
2850,1,1,0.30575794,0.67759955,0.016642492
2851,1,2,0.0012203405,0.3442924,0.6544873
2852,1,1,0.17314015,0.78578895,0.04107087
2853,0,0,0.9661183,0.033872105,9.518753e-06
2854,1,1,0.1534077,0.79823655,0.048355754
2855,2,2,0.0024592897,0.4341909,0.56334984
2856,1,1,0.3485433,0.63995725,0.011499505
2857,1,0,0.66994745,0.32878157,0.0012710433
2858,0,0,0.99353313,0.0064659184,8.917326e-07
2859,0,0,0.98934585,0.010652494,1.6023403e-06
2860,0,1,0.38006058,0.6099768,0.009962594
2861,2,2,2.1822978e-05,0.053931188,0.94604695
2862,2,2,0.0025022514,0.43417212,0.56332564
2863,0,0,0.99927,0.0007296401,3.05679e-07
2864,0,0,0.9394945,0.060478408,2.7158985e-05
2865,2,2,9.688136e-05,0.11955638,0.8803468
2866,1,1,0.04563938,0.7936747,0.16068587
2867,2,2,0.00060135877,0.24429613,0.7551025
2868,0,0,0.8189439,0.18083754,0.00021846019
2869,1,0,0.52821314,0.4677679,0.0040189773
2870,0,0,0.94864523,0.05133478,2.0063473e-05
2871,2,2,1.7548798e-07,0.00013789213,0.99986196
2872,0,0,0.7973412,0.20230065,0.00035806122
2873,0,0,0.9698807,0.030112807,6.5221566e-06
2874,0,0,0.98364973,0.01634705,3.3030892e-06
2875,2,2,0.0010869931,0.34629965,0.6526134
2876,0,0,0.93220335,0.06776347,3.3190074e-05
2877,1,1,0.44501263,0.548088,0.0068994095
2878,2,1,0.007027205,0.5880856,0.40488723
2879,1,1,0.010053582,0.6428524,0.34709403
2880,2,1,0.039589576,0.78421015,0.1762003
2881,0,0,0.68335634,0.31559098,0.0010526616
2882,0,0,0.77092475,0.22867754,0.0003977809
2883,1,1,0.34244138,0.6453424,0.012216252
2884,0,0,0.99986196,0.00013789424,1.754853e-07
2885,0,0,0.8891886,0.110716835,9.451507e-05
2886,2,1,0.11635785,0.81331223,0.07032997
2887,2,2,1.754853e-07,0.00013789424,0.99986196
2888,0,0,0.84557647,0.15425849,0.00016502663
2889,1,1,0.05053646,0.79189694,0.15756658
2890,0,0,0.98668426,0.013313716,1.9681725e-06
2891,1,1,0.27803755,0.700809,0.021153413
2892,1,1,0.2413793,0.7332456,0.025375022
2893,0,0,0.99469733,0.0053018886,6.762479e-07
2894,2,2,1.5299302e-05,0.044977527,0.95500714
2895,1,2,0.0015990385,0.3599875,0.6384134
2896,0,0,0.9962794,0.0037200982,4.4651904e-07
2897,0,0,0.5865294,0.4108878,0.0025828038
2898,1,1,0.43161124,0.5600029,0.0083859125
2899,0,0,0.54594874,0.4510385,0.0030128076
2900,2,2,0.0032980822,0.48105398,0.51564795
2901,1,1,0.024681631,0.7225564,0.252762
2902,2,1,0.0044662645,0.50208765,0.49344608
2903,1,0,0.8362493,0.16352764,0.00022307655
2904,1,1,0.006378521,0.5822064,0.4114151
2905,1,1,0.14722237,0.8000327,0.05274497
2906,0,0,0.9999851,1.4945066e-05,1.9019788e-08
2907,1,2,0.0013529169,0.35608873,0.64255834
2908,0,0,0.9998621,0.00013789214,5.776922e-08
2909,0,0,0.99999833,1.6195282e-06,1.902004e-08
2910,2,2,0.0011453513,0.34041163,0.658443
2911,0,1,0.39022088,0.5996825,0.010096604
2912,2,1,0.055228755,0.80736494,0.1374063
2913,1,1,0.39765877,0.5928254,0.009515815
2914,2,2,1.9028164e-05,0.052186925,0.9477941
2915,1,1,0.094403215,0.8269251,0.07867169
2916,2,1,0.057337098,0.8095814,0.1330815
2917,1,1,0.04142004,0.7924694,0.16611058
2918,2,1,0.13679244,0.8037579,0.05944974
2919,0,1,0.29443514,0.68935287,0.016212016
2920,1,1,0.073744364,0.8236939,0.102561794
2921,2,2,2.3145397e-07,0.0011063783,0.99889344
2922,0,0,0.7249995,0.2742249,0.00077560864
2923,0,1,0.13769767,0.80907667,0.053225607
2924,1,1,0.16586787,0.7913113,0.04282083
2925,2,2,0.00061946735,0.2768665,0.7225141
2926,0,0,0.95718867,0.04279244,1.8886016e-05
2927,0,0,0.87472653,0.12514418,0.0001293112
2928,1,1,0.3148844,0.6700913,0.015024324
2929,1,1,0.048735183,0.8045,0.14676487
2930,0,0,0.9414416,0.05853556,2.2877814e-05
2931,0,0,0.49782392,0.49782392,0.0043521198
2932,0,1,0.22512761,0.7426641,0.03220826
2933,1,1,0.45175788,0.5420932,0.006148886
2934,0,0,0.99832255,0.001677303,1.7521846e-07
2935,1,1,0.02829589,0.7464183,0.22528577
2936,1,1,0.26411298,0.71668816,0.01919882
2937,1,0,0.98027724,0.019719057,3.6531533e-06
2938,0,0,0.99958116,0.00041876308,1.754387e-07
2939,0,0,0.83866465,0.16117735,0.00015809195
2940,0,0,0.9265077,0.073456995,3.5359495e-05
2941,2,2,1.7548798e-07,0.00013789424,0.99986196
2942,1,1,0.003475881,0.49826202,0.49826202
2943,0,0,0.8925596,0.10734393,9.653483e-05
2944,0,0,0.9998621,0.00013789425,5.77701e-08
2945,0,0,0.7708666,0.22866029,0.00047316143
2946,2,2,0.00017653513,0.15596305,0.84386045
2947,1,1,0.015276514,0.70848024,0.27624327
2948,2,2,0.00015253972,0.13244446,0.86740303
2949,1,1,0.23758881,0.7383655,0.024045786
2950,1,1,0.008674485,0.6256649,0.3656606
2951,1,1,0.026087027,0.74356675,0.23034623
2952,1,1,0.03983974,0.7789565,0.18120372
2953,0,0,0.96831906,0.03167167,9.214856e-06
2954,0,0,0.88919556,0.1107177,8.665726e-05
2955,0,0,0.88746023,0.112436846,0.00010288574
2956,0,1,0.020260487,0.7241955,0.25554407
2957,1,1,0.23550694,0.74068385,0.023809237
2958,2,2,0.00038164764,0.21191536,0.787703
2959,1,1,0.057628784,0.820794,0.121577255
2960,2,2,0.00087563536,0.2990251,0.7000993
2961,1,1,0.067048,0.82393324,0.10901875
2962,0,0,0.9937529,0.0062466413,5.2982915e-07
2963,1,1,0.07849027,0.8178875,0.10362232
2964,1,1,0.29792783,0.6855248,0.016547354
2965,1,1,0.13993159,0.8080514,0.052016985
2966,1,1,0.07841017,0.82417613,0.097413756
2967,0,0,0.81628484,0.183407,0.00030814606
2968,2,2,0.0022077365,0.45569757,0.54209465
2969,0,0,0.91909456,0.08086921,3.6315876e-05
2970,0,0,0.91908526,0.08086839,4.6307327e-05
2971,2,1,0.26928124,0.7105787,0.02014007
2972,0,0,0.84099525,0.15884347,0.00016130753
2973,0,0,0.8908959,0.109020196,8.386001e-05
2974,1,1,0.44867882,0.54397714,0.007344076
2975,1,1,0.43648073,0.5565736,0.0069456752
2976,0,0,0.85006756,0.14978553,0.00014691826
2977,2,2,4.1739267e-07,0.0017364625,0.9982632
2978,0,0,0.99999833,1.6195282e-06,2.2336125e-10
2979,1,1,0.2012279,0.7619024,0.036869675
2980,0,1,0.18978606,0.77444565,0.035768252
2981,1,1,0.17753205,0.7833082,0.039159752
2982,1,0,0.49949273,0.4951756,0.0053316583
2983,0,0,0.9821931,0.017803071,3.7896157e-06
2984,2,2,0.0033706662,0.4831795,0.51344985
2985,0,0,0.525194,0.47118968,0.0036163635
2986,1,1,0.014461822,0.68244296,0.30309522
2987,0,0,0.9592772,0.040709365,1.3374904e-05
2988,1,1,0.1265519,0.81808966,0.055358466
2989,1,1,0.011876272,0.65521234,0.33291128
2990,0,1,0.40661263,0.5854871,0.007900206
2991,0,0,0.99999833,1.6196271e-06,1.902004e-08
2992,0,0,0.9511249,0.04885688,1.8125964e-05
2993,2,2,0.00010999717,0.12997632,0.8699137
2994,0,0,0.99958116,0.00041876629,1.00658376e-07
2995,0,0,0.9998621,0.00013789425,5.776922e-08
2996,0,0,0.99999833,1.6196271e-06,1.902004e-08
2997,1,1,0.029024834,0.7689775,0.20199764
2998,2,2,3.1337345e-07,0.0019101119,0.9980896
2999,1,2,0.0008710733,0.30267686,0.6964521
3000,1,1,0.20004547,0.7648583,0.03509621
3001,1,2,0.002093638,0.4173986,0.58050776
3002,1,1,0.0128939515,0.675256,0.31185004
3003,0,0,0.99986196,0.00013789424,1.754853e-07
3004,1,1,0.21534505,0.7548976,0.029757313
3005,1,1,0.03577616,0.7796764,0.18454748
3006,2,2,4.008477e-07,0.0031155478,0.99688405
3007,1,1,0.20249704,0.7642159,0.033287093
3008,0,1,0.14391641,0.80270135,0.053382296
3009,2,2,0.0004879172,0.23173293,0.7677791
3010,0,1,0.47134686,0.5230938,0.005559398
3011,1,0,0.5630291,0.4339437,0.0030271958
3012,1,0,0.6777867,0.3207549,0.0014583991
3013,1,1,0.25565556,0.71981,0.024534518
3014,1,1,0.022795008,0.7430026,0.23420241
3015,0,1,0.45606124,0.5378381,0.006100624
3016,0,0,0.6363802,0.36196956,0.0016502627
3017,0,1,0.07140743,0.825772,0.102820545
3018,0,0,0.7249268,0.2741975,0.00087574584
3019,0,1,0.44312492,0.55052125,0.0063538454
3020,0,0,0.63188475,0.36650136,0.0016139018
3021,0,0,0.9460488,0.05393128,2.000856e-05
3022,1,1,0.050370373,0.803117,0.1465126
3023,0,0,0.9955389,0.004460666,4.6597927e-07
3024,0,0,0.97540605,0.024588976,4.968456e-06
3025,0,0,0.7518533,0.24750488,0.00064183044
3026,1,1,0.04857774,0.808892,0.14253028
3027,1,1,0.026136145,0.7684656,0.20539834
3028,1,1,0.023387091,0.7378866,0.23872633
3029,0,0,0.9815747,0.018420491,4.829249e-06
3030,1,1,0.049627624,0.8121515,0.13822094
3031,0,0,0.999985,1.4945064e-05,1.7551224e-07
3032,1,1,0.44509155,0.5481852,0.006723247
3033,2,1,0.009777807,0.62521863,0.36500353
3034,0,0,0.86490697,0.13496062,0.00013237711
3035,1,1,0.18128692,0.77804685,0.040666226
3036,0,0,0.99133223,0.008666506,1.216154e-06
3037,0,0,0.96778196,0.032208454,9.535136e-06
3038,0,1,0.022342065,0.74179703,0.2358609
3039,0,0,0.692586,0.3062679,0.0011460853
3040,0,0,0.992448,0.0075511676,7.7524965e-07
3041,1,1,0.16841716,0.7930793,0.03850352
3042,1,0,0.539661,0.45661497,0.0037240533
3043,0,0,0.917791,0.08216875,4.024564e-05
3044,0,0,0.91098386,0.08895551,6.059577e-05
3045,0,0,0.99958116,0.00041876308,1.00658376e-07
3046,0,0,0.99999833,1.6196271e-06,1.902004e-08
3047,2,2,0.00018672437,0.16712703,0.83268625
3048,2,2,0.0020277721,0.42588097,0.5720912
3049,0,0,0.99986196,0.00013789424,1.7549065e-07
3050,1,1,0.0057281554,0.56044275,0.4338291
3051,2,2,9.928877e-07,0.003197484,0.9968015
3052,2,2,1.9715765e-06,0.011607291,0.9883908
3053,0,0,0.9990369,0.0009630453,1.3281674e-07
3054,2,2,4.186791e-06,0.022210557,0.9777852
3055,1,1,0.027790412,0.7556984,0.21651119
3056,0,0,0.99986196,0.00013789424,1.7549065e-07
3057,1,1,0.091026194,0.8255159,0.08345786
3058,2,2,0.0005444746,0.24072282,0.75873274
3059,0,0,0.9766241,0.02337023,5.715869e-06
3060,1,1,0.02828649,0.749416,0.22229749
3061,1,1,0.16076834,0.78721875,0.05201292
3062,0,0,0.9920471,0.007951664,1.2600312e-06
3063,2,2,0.00032963773,0.21963687,0.78003347
3064,2,2,2.314158e-07,0.0012710154,0.9987287
3065,1,1,0.35333937,0.6375973,0.009063313
3066,0,1,0.42969555,0.5626831,0.007621387
3067,1,1,0.012937865,0.6658942,0.32116792
3068,1,1,0.0330427,0.7685474,0.19840996
3069,1,1,0.058416378,0.8106242,0.13095948
3070,0,0,0.65116686,0.34722334,0.0016098836
3071,0,0,0.95575094,0.04423783,1.1201925e-05
3072,0,0,0.9818881,0.01810923,2.6770958e-06
3073,0,1,0.24449165,0.7299174,0.025590904
3074,2,2,5.3234567e-06,0.02500882,0.9749859
3075,0,0,0.9550026,0.04497732,2.019793e-05
3076,1,1,0.023612024,0.7281999,0.24818805
3077,1,1,0.02234628,0.7355243,0.24212946
3078,1,2,0.00084379304,0.2869032,0.712253
3079,1,1,0.17920506,0.7821567,0.038638245
3080,2,2,4.9663176e-06,0.02500883,0.97498626
3081,0,0,0.8110862,0.1886778,0.00023598495
3082,1,1,0.015597148,0.69866514,0.28573772
3083,0,1,0.48230693,0.51252246,0.005170607
3084,1,1,0.3075308,0.67463076,0.017838389
3085,2,2,2.9392102e-05,0.06776372,0.93220687
3086,1,1,0.06659318,0.8183442,0.1150627
3087,1,1,0.2832205,0.69854766,0.018231846
3088,2,2,0.00092315825,0.30449557,0.6945813
3089,1,1,0.2879329,0.6949249,0.01714226
3090,0,0,0.7646131,0.23481882,0.00056808075
3091,1,1,0.29401547,0.6898657,0.016118804
3092,0,0,0.8958498,0.10406283,8.7305845e-05
3093,1,1,0.0119738905,0.6721665,0.3158596
3094,0,1,0.42748874,0.56467384,0.007837378
3095,0,1,0.4065279,0.5853651,0.0081069525
3096,1,1,0.034597483,0.78062946,0.18477303
3097,1,1,0.07104186,0.81444377,0.11451432
3098,0,0,0.7518698,0.24751024,0.0006199407
3099,0,0,0.9703831,0.02960987,6.994804e-06
3100,1,2,0.00089706806,0.3063443,0.6927587
3101,0,1,0.3923924,0.5987004,0.008907216
3102,0,1,0.4627687,0.53056693,0.006664374
3103,2,1,0.02229443,0.7243249,0.25338063
3104,2,2,1.7380858e-05,0.055730734,0.9442519
3105,2,2,0.00013094115,0.14434427,0.8555248
3106,0,0,0.99133235,0.008666516,1.0584496e-06
3107,2,2,0.00010706416,0.123258546,0.87663436
3108,0,0,0.9999851,1.4945066e-05,1.9019788e-08
3109,0,1,0.2949172,0.6889846,0.016098216
3110,1,1,0.14904977,0.7960226,0.05492763
3111,1,1,0.009167735,0.6533961,0.33743614
3112,0,0,0.883937,0.11594727,0.00011571945
3113,2,1,0.031199383,0.7644702,0.20433046
3114,0,0,0.9967604,0.0032392552,3.8880438e-07
3115,1,0,0.65873605,0.33982491,0.001439104
3116,0,0,0.9854938,0.014503541,2.6869268e-06
3117,1,1,0.03805304,0.7804061,0.18154089
3118,0,0,0.98988146,0.010117355,1.1729319e-06
3119,0,1,0.056535557,0.8122434,0.13122109
3120,1,0,0.6382537,0.3598975,0.0018488279
3121,1,1,0.27426836,0.7064749,0.019256659
3122,0,0,0.9956528,0.0043465,6.887515e-07
3123,0,0,0.93220234,0.067763396,3.436268e-05
3124,1,1,0.22998692,0.7488794,0.021133712
3125,0,0,0.9109876,0.08895585,5.653074e-05
3126,0,0,0.97231466,0.02767838,7.0087276e-06
3127,2,2,4.095678e-07,0.0032957979,0.9967038
3128,0,0,0.82399875,0.17574431,0.00025698234
3129,1,1,0.047662538,0.80755156,0.14478602
3130,1,0,0.6699621,0.32878876,0.0012491944
3131,0,0,0.88747346,0.112438485,8.800415e-05
3132,1,0,0.813644,0.18601517,0.0003408696
3133,0,0,0.96723837,0.032754105,7.473521e-06
3134,0,0,0.9947432,0.005256308,5.303571e-07
3135,1,1,0.28760126,0.69412446,0.018274348
3136,1,1,0.014662546,0.6859348,0.29940268
3137,1,1,0.37919918,0.6112416,0.00955922
3138,0,1,0.1337464,0.8065941,0.05965952
3139,2,2,1.52626e-05,0.04726853,0.9527162
3140,1,0,0.575992,0.4214047,0.0026033223
3141,0,0,0.9051796,0.094744965,7.5454285e-05
3142,1,1,0.06026705,0.8290772,0.11065579
3143,2,2,0.0001846385,0.1692525,0.83056283
3144,1,2,0.00044196416,0.25407764,0.7454804
3145,0,0,0.71800274,0.28117388,0.0008233613
3146,2,2,1.7544001e-07,0.00041876623,0.99958104
3147,1,1,0.0071256626,0.5963252,0.39654914
3148,0,0,0.8747508,0.12514773,0.00010141229
3149,1,1,0.08656109,0.8198441,0.09359485
3150,1,1,0.11836838,0.81312525,0.06850637
3151,1,1,0.028382787,0.755238,0.21637928
3152,0,1,0.11150917,0.8210915,0.0673993
3153,0,0,0.8821573,0.11774033,0.000102270955
3154,2,2,0.0011322942,0.3365311,0.66233665
3155,1,2,5.4430526e-05,0.09181045,0.90813506
3156,2,2,7.70326e-05,0.10734596,0.892577
3157,0,0,0.5088191,0.48720732,0.0039735576
3158,1,0,0.57922614,0.4182888,0.0024850771
3159,2,2,1.01451415e-05,0.039374925,0.9606149
3160,0,0,0.9777849,0.022210542,4.4878693e-06
3161,2,2,1.7550687e-07,1.49450625e-05,0.99998486
3162,1,1,0.42523432,0.56628567,0.008479991
3163,1,2,0.00026088083,0.17763767,0.8221014
3164,2,1,0.11884838,0.8164226,0.064729035
3165,1,2,0.002871628,0.48125988,0.5158685
3166,0,0,0.99958116,0.00041876308,1.754387e-07
3167,0,0,0.99999833,1.6195282e-06,1.902004e-08
3168,0,0,0.99257714,0.0074221687,7.488899e-07
3169,1,1,0.025816247,0.7395477,0.23463601
3170,1,1,0.10057756,0.8219042,0.077518195
3171,0,0,0.9795941,0.02040154,4.342735e-06
3172,1,2,0.0031834962,0.47247297,0.5243435
3173,0,0,0.99148035,0.008518621,1.022481e-06
3174,0,0,0.9999851,1.4945066e-05,1.9019208e-08
3175,2,2,0.0003191111,0.21447662,0.78520423
3176,2,2,0.0009399404,0.310031,0.6890291
3177,0,0,0.9995813,0.00041876954,5.7752995e-08
3178,0,0,0.9442474,0.055730473,2.2162933e-05
3179,0,0,0.9486459,0.051334783,1.937879e-05
3180,1,0,0.7739814,0.22563277,0.00038572945
3181,1,1,0.05278576,0.7989157,0.14829855
3182,2,1,0.004240083,0.50652283,0.48923707
3183,0,1,0.47559392,0.518723,0.005683012
3184,1,1,0.26577854,0.71187794,0.022343485
3185,1,1,0.050747715,0.80913335,0.14011894
3186,2,1,0.055316444,0.82280797,0.12187557
3187,2,2,0.0025758948,0.44695,0.5504741
3188,2,1,0.0046026115,0.54507816,0.45031926
3189,1,1,0.012901744,0.6640349,0.3230634
3190,0,0,0.9990369,0.000963049,1.3281623e-07
3191,1,1,0.09286104,0.82050776,0.086631164
3192,0,0,0.81889486,0.18082666,0.0002785505
3193,0,0,0.9806104,0.019386254,3.409228e-06
3194,1,1,0.07230487,0.8217591,0.10593608
3195,2,2,1.7551223e-07,1.4945517e-05,0.99998486
3196,1,1,0.023965536,0.73430604,0.24172838
3197,1,1,0.012369999,0.6620287,0.32560128
3198,1,1,0.014575117,0.67595166,0.30947322
3199,1,1,0.01301618,0.6868543,0.30012953
3200,1,1,0.1636382,0.79262394,0.04373783
3201,1,1,0.026035745,0.74664533,0.22731896
3202,0,0,0.9228783,0.077081144,4.046876e-05
3203,0,1,0.06015719,0.8204134,0.119429335
3204,0,0,0.7677453,0.23172262,0.00053214043
3205,0,0,0.8314286,0.16832945,0.00024190354
3206,1,1,0.15337548,0.79806864,0.048555885
3207,2,2,0.00014176287,0.15797865,0.8418796
3208,1,2,9.560418e-05,0.1159496,0.88395476
3209,0,0,0.65436834,0.3442297,0.0014019117
3210,2,2,1.2068572e-05,0.03937485,0.96061313
3211,0,0,0.9802762,0.019719036,4.658274e-06
3212,1,1,0.110690124,0.81506044,0.07424936
3213,0,0,0.5502629,0.44677854,0.002958557
3214,0,0,0.92409873,0.07585467,4.6559926e-05
3215,0,0,0.852279,0.14759052,0.00013044436
3216,2,2,8.78312e-05,0.11418276,0.88572943
3217,0,0,0.99832255,0.001677303,1.752178e-07
3218,0,0,0.93749124,0.062481727,2.7101076e-05
3219,1,1,0.41469315,0.57674485,0.008561971
3220,2,2,1.8575394e-05,0.05853581,0.9414456
3221,1,1,0.11645359,0.8210778,0.062468532
3222,0,0,0.9999851,1.4945066e-05,1.9019788e-08
3223,0,0,0.8338676,0.16591758,0.0002148501
3224,0,0,0.8264911,0.17324194,0.00026686685
3225,1,1,0.2147814,0.7545572,0.03066145
3226,2,2,5.4926426e-05,0.09930933,0.9006358
3227,0,0,0.95031005,0.049669903,2.0098683e-05
3228,2,2,1.7538412e-07,0.00072964566,0.99927014
3229,0,0,0.9997596,0.00024030924,1.00676345e-07
3230,0,0,0.88216347,0.11774112,9.541043e-05
3231,1,1,0.013935575,0.6867802,0.2992842
3232,0,1,0.05614167,0.80658484,0.13727354
3233,2,2,1.7550687e-07,1.49450625e-05,0.99998486
3234,0,0,0.69099814,0.30781195,0.0011899765
3235,0,0,0.9990369,0.000963049,1.3281723e-07
3236,0,0,0.5673538,0.42975062,0.0028956376
3237,1,1,0.37402502,0.61612797,0.009847031
3238,1,1,0.024603697,0.740081,0.23531526
3239,2,1,0.003720084,0.49960524,0.49667466
3240,0,0,0.9963433,0.0036563035,3.9544804e-07
3241,0,0,0.7709026,0.22867101,0.0004263742
3242,2,2,0.0027213835,0.46406716,0.53321147
3243,0,0,0.71804243,0.2811894,0.0007681659
3244,0,0,0.99999833,1.6196271e-06,1.902004e-08
3245,0,0,0.9240957,0.0758544,4.9908012e-05
3246,1,1,0.39419565,0.59568757,0.010116779
3247,0,0,0.9998621,0.00013789425,5.77701e-08
3248,0,1,0.17984438,0.7815474,0.03860815
3249,0,1,0.4476605,0.54539907,0.0069404603
3250,1,2,0.000106363346,0.12899835,0.87089527
3251,1,0,0.76778567,0.23173486,0.00047952382
3252,0,0,0.9995813,0.00041876314,5.7752995e-08
3253,0,0,0.9990368,0.0009630489,2.3148694e-07
3254,0,0,0.84782,0.15200575,0.00017431076
3255,1,1,0.372796,0.61677444,0.010429535
3256,2,1,0.004408244,0.5064373,0.48915443
3257,0,0,0.9948331,0.005166306,5.886354e-07
3258,0,0,0.9374813,0.06248105,3.769108e-05
3259,1,1,0.20182596,0.76749057,0.0306835
3260,1,1,0.47121873,0.5229516,0.005829675
3261,1,2,0.0015055762,0.3761578,0.62233657
3262,0,0,0.9987288,0.0012710193,1.3277527e-07
3263,1,1,0.015011963,0.6901938,0.29479432
3264,0,0,0.99999833,1.6196271e-06,2.0611504e-09
3265,1,1,0.022647114,0.7454262,0.23192668
3266,2,2,2.5026811e-06,0.016070237,0.9839273
3267,1,1,0.4278803,0.56488436,0.0072353715
3268,0,1,0.028353073,0.77772063,0.19392636
3269,1,1,0.4018245,0.58872545,0.009450004
3270,2,2,1.7543869e-07,0.00041876303,0.99958104
3271,1,1,0.14160755,0.80365545,0.054736942
3272,0,0,0.8908932,0.10901985,8.682271e-05
3273,1,1,0.049263597,0.8061938,0.14454259
3274,0,1,0.33458632,0.65210956,0.01330405
3275,1,1,0.14058903,0.8048313,0.054579604
3276,0,0,0.99999833,1.6196271e-06,1.902004e-08
3277,2,2,2.0501395e-06,0.0072953445,0.9927026
3278,2,2,0.0007172723,0.29907253,0.7002102
3279,0,0,0.852258,0.14758685,0.00015517182
3280,1,1,0.3564329,0.6321096,0.011457514
3281,2,2,7.2381977e-06,0.030112788,0.9698799
3282,0,0,0.6640444,0.3344827,0.0014729061
3283,1,0,0.6342434,0.36389935,0.0018572543
3284,0,0,0.94779176,0.05218678,2.1486941e-05
3285,0,0,0.9599507,0.04003679,1.2486364e-05
3286,0,0,0.9999851,1.4945066e-05,1.9019788e-08
3287,0,0,0.96987873,0.03011275,8.610494e-06
3288,1,1,0.36953172,0.6193866,0.011081667
3289,0,0,0.8607736,0.1390613,0.00016510127
3290,2,2,7.61216e-05,0.10245644,0.8974674
3291,2,2,1.2579266e-06,0.009608824,0.99038994
3292,0,0,0.99745756,0.002542094,4.0282362e-07
3293,2,1,0.2180656,0.75454533,0.027389042
3294,2,2,0.0035048944,0.48527524,0.51121986
3295,0,0,0.98839104,0.011607294,1.6007938e-06
3296,0,0,0.9965282,0.00347139,3.626357e-07
3297,0,0,0.9995813,0.00041876314,5.7752995e-08
3298,2,2,4.780194e-07,0.004990882,0.9950086
3299,0,0,0.55137867,0.4457455,0.0028758405
3300,1,1,0.42591807,0.5659667,0.008115236
3301,1,0,0.98061,0.019386245,3.7835075e-06
3302,0,0,0.9999851,1.4945066e-05,1.9019208e-08
3303,1,2,0.0037732278,0.49162793,0.50459886
3304,2,2,0.00035060555,0.2086787,0.7909707
3305,0,0,0.72263825,0.27638873,0.0009730357
3306,0,1,0.4320258,0.5605408,0.007433413
3307,2,2,1.7538477e-07,0.00072964566,0.99927014
3308,0,0,0.9806096,0.01938624,4.1988847e-06
3309,1,1,0.18940906,0.7712318,0.03935915
3310,0,0,0.9920473,0.007951666,1.0592129e-06
3311,1,1,0.025309507,0.7441603,0.2305301
3312,0,0,0.86079204,0.13906428,0.00014369476
3313,0,0,0.84327763,0.15653327,0.0001890996
3314,2,1,0.0073501617,0.59412163,0.39852825
3315,2,2,0.0015617143,0.36400712,0.6344312
3316,1,1,0.10586935,0.8212413,0.072889306
3317,1,1,0.0070738336,0.5817989,0.41112727
3318,0,0,0.9987288,0.0012710145,1.752891e-07
3319,1,1,0.104497544,0.8247959,0.07070658
3320,1,1,0.3527002,0.6364439,0.010855974
3321,0,0,0.81359136,0.18600313,0.0004054699
3322,0,0,0.97498643,0.025008827,4.796831e-06
3323,0,0,0.7916968,0.2079657,0.0003374836
3324,1,1,0.018398372,0.71727306,0.2643285
3325,0,0,0.99986196,0.00013789424,1.7549065e-07
3326,0,0,0.9253083,0.07464668,4.5029912e-05
3327,2,2,0.0007122094,0.2794544,0.7198333
3328,2,2,0.00019525796,0.17325437,0.8265504
3329,2,2,1.902004e-08,1.6196271e-06,0.99999833
3330,0,0,0.9992704,0.00072964584,5.7735477e-08
3331,1,1,0.05020792,0.80750597,0.14228603
3332,2,2,2.3922345e-07,0.0028082088,0.9971916
3333,0,0,0.9970799,0.0029197526,4.0267034e-07
3334,1,1,0.1658534,0.7895271,0.04461947
3335,0,0,0.9990369,0.000963049,1.00603565e-07
3336,2,2,6.9911785e-06,0.030112796,0.96988016
3337,1,1,0.13307379,0.8165923,0.050334033
3338,2,2,1.902004e-08,1.6196271e-06,0.99999833
3339,0,0,0.9999851,1.4945066e-05,1.9019788e-08
3340,0,0,0.99927,0.0007296456,3.05679e-07
3341,2,2,4.869149e-07,0.0039182073,0.9960813
3342,1,0,0.63821995,0.35987842,0.0019016283
3343,0,1,0.3533322,0.63465077,0.012017116
3344,2,1,0.013770981,0.67280287,0.3134261
3345,0,0,0.99708,0.0029197498,2.6545712e-07
3346,0,0,0.8990412,0.10086962,8.915123e-05
3347,0,0,0.7858254,0.21371672,0.0004578643
3348,0,0,0.78590304,0.21373789,0.0003591056
3349,2,1,0.15653995,0.80051553,0.042944502
3350,1,0,0.51015013,0.4853119,0.0045379833
3351,2,1,0.041307103,0.8041489,0.15454401
3352,0,1,0.30357346,0.68055964,0.015866894
3353,1,1,0.41045472,0.58084726,0.008698051
3354,0,0,0.9933062,0.006692844,8.915289e-07
3355,1,0,0.70729494,0.29178908,0.0009158914
3356,0,0,0.8409455,0.15883404,0.0002204682
3357,1,1,0.122935176,0.81567687,0.061387885
3358,1,2,0.00048395526,0.2379721,0.7615439
3359,2,1,0.005017901,0.54485065,0.45013142
3360,0,0,0.99999833,1.6196271e-06,1.902004e-08
3361,1,1,0.3722176,0.6158175,0.011964912
3362,0,0,0.9999851,1.4945066e-05,1.9019788e-08
3363,1,1,0.43091908,0.5615368,0.0075442167
3364,1,1,0.08384521,0.8293472,0.08680762
3365,2,1,0.33066517,0.6578917,0.011443149
3366,0,0,0.78296244,0.21666722,0.0003704024
3367,1,1,0.25778332,0.7203089,0.021907773
3368,1,1,0.13095947,0.8106242,0.058416367
3369,1,2,0.0028664605,0.4639996,0.53313386
3370,1,1,0.1677687,0.78660417,0.045627147
3371,1,1,0.046916775,0.79491603,0.15816729
3372,0,0,0.9216256,0.07832456,4.977461e-05
3373,1,1,0.024206337,0.7465286,0.22926499
3374,1,1,0.055488974,0.81116855,0.13334244
3375,0,0,0.8056124,0.19402589,0.00036177554
3376,2,2,0.00041208896,0.23485552,0.76473236
3377,1,1,0.0049476717,0.5234155,0.47163674
3378,1,0,0.7420735,0.2573457,0.000580811
3379,2,2,0.00012248103,0.1270582,0.8728193
3380,0,0,0.9585943,0.041392792,1.2909257e-05
3381,1,0,0.6032763,0.39426687,0.002456906
3382,1,1,0.48902932,0.5063078,0.0046629333
3383,0,0,0.99927026,0.0007296458,1.7538413e-07
3384,2,1,0.009554342,0.65771174,0.3327339
3385,1,1,0.32868972,0.6568059,0.014504433
3386,1,0,0.76467586,0.23483814,0.0004859451
3387,0,0,0.5430458,0.45347333,0.0034808633
3388,2,2,4.0423356e-06,0.022590742,0.97740525
3389,0,0,0.954257,0.045729257,1.3774986e-05
3390,0,0,0.99958116,0.00041876629,1.754387e-07
3391,0,1,0.10738721,0.81867844,0.07393433
3392,2,2,1.2477615e-05,0.04070939,0.9592781
3393,0,0,0.99927026,0.0007296458,1.7538413e-07
3394,2,2,1.3971448e-06,0.008816945,0.9911816
3395,2,1,0.031748507,0.76122516,0.20702627
3396,0,0,0.81100667,0.18865937,0.0003339171
3397,2,2,4.8806716e-05,0.09624706,0.9037041
3398,2,2,0.0013068077,0.3561051,0.6425881
3399,1,1,0.12731308,0.81589705,0.056789864
3400,0,0,0.8925695,0.1073451,8.5488966e-05
3401,1,1,0.4760879,0.5181361,0.0057759937
3402,1,1,0.009429507,0.63933194,0.3512385
3403,0,0,0.95031357,0.04967009,1.6318902e-05
3404,1,1,0.31272945,0.67422754,0.013043046
3405,2,2,2.1810595e-06,0.014753791,0.98524404
3406,2,1,0.034547422,0.77276254,0.19269006
3407,2,1,0.08031276,0.82247466,0.09721265
3408,0,0,0.8110419,0.18866749,0.00029062893
3409,2,1,0.0051573175,0.5362035,0.4586392
3410,1,1,0.10209014,0.819906,0.0780039
3411,0,0,0.9921822,0.007815873,1.8463622e-06
3412,1,1,0.091476284,0.8295978,0.07892595
3413,1,1,0.18977131,0.77438545,0.035843175
3414,1,1,0.16271366,0.7898581,0.047428217
3415,0,0,0.99927026,0.0007296458,1.0062784e-07
3416,0,0,0.6522376,0.3461002,0.0016622739
3417,0,0,0.9081215,0.091809124,6.940553e-05
3418,0,0,0.6907502,0.3081191,0.0011307118
3419,0,0,0.6262877,0.3720308,0.0016814736
3420,1,1,0.016649779,0.70490056,0.27844965
3421,0,0,0.7973412,0.20230067,0.00035806143
3422,0,1,0.43043223,0.5633421,0.0062256544
3423,1,1,0.22565912,0.74846715,0.025873696
3424,1,1,0.080513954,0.8245351,0.094951026
3425,1,1,0.19540516,0.7701636,0.034431215
3426,0,1,0.43216223,0.5607178,0.007119935
3427,0,1,0.013000818,0.66913414,0.317865
3428,0,0,0.97852695,0.02146887,4.189967e-06
3429,0,0,0.785861,0.2137264,0.0004125889
3430,0,1,0.27379024,0.70524335,0.02096633
3431,2,2,8.25196e-05,0.12326158,0.8766559
3432,1,1,0.020056315,0.7168977,0.263046
3433,0,0,0.95646924,0.043509133,2.1683665e-05
3434,0,0,0.925315,0.07464718,3.7853464e-05
3435,1,1,0.24823871,0.72834855,0.023412727
3436,0,0,0.70734894,0.2918113,0.0008398033
3437,0,0,0.99999833,1.6196271e-06,1.902004e-08
3438,1,1,0.013547018,0.6912202,0.29523274
3439,0,0,0.84327483,0.1565327,0.00019241052
3440,1,1,0.021910544,0.74828506,0.22980441
3441,1,1,0.07641825,0.82443136,0.09915041
3442,2,2,2.768076e-06,0.019386262,0.98061097
3443,2,1,0.24690482,0.727586,0.025509158
3444,1,1,0.09747981,0.824735,0.07778518
3445,2,1,0.018373858,0.72886205,0.25276414
3446,0,0,0.983083,0.016914876,2.1020091e-06
3447,1,0,0.9311004,0.0688686,3.092678e-05
3448,1,1,0.025683869,0.7453983,0.22891785
3449,0,0,0.964372,0.035618518,9.501539e-06
3450,1,1,0.48104405,0.51340395,0.005551972
3451,1,1,0.12621869,0.82304937,0.050732043
3452,1,1,0.02692692,0.74746996,0.22560313
3453,1,1,0.032130897,0.76373506,0.20413397
3454,2,2,0.001241686,0.34428498,0.65447336
3455,1,1,0.10229526,0.8215533,0.076151475
3456,1,1,0.03430872,0.7808629,0.18482834
3457,0,0,0.5501307,0.4466711,0.0031981943
3458,2,2,0.00074091856,0.27596503,0.723294
3459,0,0,0.9879858,0.012012479,1.7152078e-06
3460,1,1,0.1673122,0.7895877,0.043100078
3461,2,2,9.662415e-05,0.1370052,0.86289823
3462,1,1,0.15808636,0.7945093,0.04740436
3463,0,1,0.40325937,0.5882689,0.008471713
3464,0,0,0.8029507,0.19677149,0.0002779102
3465,1,2,0.0027177113,0.4554647,0.5418176
3466,1,0,0.83862513,0.16116977,0.00020511006
3467,2,1,0.005683054,0.5657677,0.4285493
3468,1,0,0.6033515,0.39431602,0.002332509
3469,0,0,0.9749853,0.0250088,5.9078875e-06
3470,1,1,0.17075928,0.786846,0.042394795
3471,0,0,1.0,1.9020073e-08,2.2336162e-10
3472,0,0,0.96936876,0.030624006,7.234383e-06
3473,0,0,0.9384995,0.061472375,2.8088793e-05
3474,0,0,0.99986196,0.00013789424,1.7548798e-07
3475,1,2,0.0021389464,0.4047903,0.5930708
3476,1,1,0.0041603837,0.5281381,0.4677015
3477,0,0,0.99133223,0.008666515,1.174651e-06
3478,0,0,0.9606127,0.03937482,1.2494975e-05
3479,0,0,0.9957272,0.0042720097,8.337458e-07
3480,1,1,0.13353288,0.8123273,0.05413983
3481,0,0,0.78591275,0.21374041,0.00034685485
3482,1,1,0.08385477,0.8222731,0.093872145
3483,0,0,0.9354174,0.06454621,3.6324705e-05
3484,1,1,0.007731437,0.5906551,0.40161347
3485,2,2,1.3355693e-05,0.04208715,0.95789945
3486,0,0,0.98952764,0.010471074,1.301238e-06
3487,0,1,0.07439108,0.81661624,0.10899265
3488,1,1,0.26519668,0.7134093,0.021394001
3489,1,2,0.001368046,0.36007082,0.6385611
3490,2,2,0.0010299656,0.31419426,0.68477577
3491,1,1,0.0049905945,0.52339303,0.4716164
3492,0,0,0.5238475,0.4720259,0.0041265865
3493,0,0,0.99385935,0.006139785,9.899571e-07
3494,1,0,0.5747741,0.4223428,0.0028830199
3495,1,1,0.4107518,0.5812676,0.007980624
3496,1,2,0.0026921676,0.45118356,0.5461243
3497,0,0,0.99999833,1.6195282e-06,1.902004e-08
3498,1,1,0.3666255,0.62256926,0.010805283
3499,1,1,0.46244383,0.5325007,0.005055445
3500,0,1,0.43604445,0.5560175,0.00793805
3501,2,1,0.022062892,0.7293553,0.24858183
3502,0,0,0.87282985,0.12705971,0.00011036591
3503,0,1,0.2166457,0.752893,0.030461323
3504,1,1,0.06931806,0.8227594,0.107922554
3505,0,0,0.9354202,0.06454643,3.3304605e-05
3506,1,1,0.075407855,0.8206233,0.10396893
3507,2,1,0.010972274,0.63563,0.3533977
3508,1,0,0.5196073,0.47640476,0.003987966
3509,0,0,0.9833672,0.016628547,4.210689e-06
3510,1,1,0.05753768,0.8053918,0.13707054
3511,0,0,0.9414431,0.058535654,2.1343014e-05
3512,2,2,1.9019787e-08,1.4945064e-05,0.999985
3513,1,1,0.011183552,0.63327366,0.3555428
3514,0,0,0.96987975,0.030112782,7.4939294e-06
3515,0,0,0.9683221,0.031671774,6.074825e-06
3516,0,0,0.7232034,0.27593046,0.0008661132
3517,0,0,0.9384976,0.061472245,3.0108646e-05
3518,0,0,0.9900539,0.009944948,1.2145869e-06
3519,0,1,0.2260667,0.74900585,0.024927434
3520,0,0,0.77085364,0.22865649,0.00048987125
3521,0,0,0.78297234,0.2166699,0.00035776643
3522,1,1,0.0042392886,0.5108431,0.4849176
3523,1,1,0.07393433,0.81867844,0.107387245
3524,2,2,0.00036550462,0.2194431,0.78019136
3525,1,1,0.11920812,0.8188938,0.061898064
3526,0,0,0.9998621,0.00013789425,5.776922e-08
3527,1,1,0.3310571,0.6543972,0.014545629
3528,1,1,0.08730522,0.8268922,0.08580258
3529,1,1,0.018115683,0.69863033,0.28325394
3530,0,0,0.9927038,0.007295353,7.7544945e-07
3531,0,0,0.785861,0.2137264,0.0004125889
3532,1,1,0.017533602,0.69553065,0.28693575
3533,2,2,5.0362618e-05,0.08348678,0.91646284
3534,1,1,0.021548133,0.73750687,0.24094503
3535,2,2,0.00013040191,0.13294691,0.86692274
3536,1,1,0.36320662,0.6262043,0.010588998
3537,0,0,0.8766293,0.12325788,0.000112787515
3538,0,0,0.83865505,0.16117546,0.00016945884
3539,2,2,1.7543869e-07,0.00041876623,0.99958104
3540,2,1,0.0072870986,0.5941593,0.39855355
3541,1,0,0.6852128,0.31371328,0.0010740064
3542,0,0,0.9276848,0.07228441,3.0813328e-05
3543,0,0,0.99975973,0.00024031111,5.7763753e-08
3544,2,2,4.3895172e-05,0.08216845,0.9177877
3545,1,1,0.2650974,0.7131421,0.021760518
3546,1,1,0.036441438,0.7941751,0.16938342
3547,1,1,0.012521323,0.65574145,0.33173716
3548,1,1,0.10657679,0.82672924,0.06669405
3549,2,1,0.013271002,0.67128414,0.31544492
3550,2,2,0.00031152938,0.21120633,0.7884821
3551,1,1,0.056074303,0.8126405,0.13128516
3552,1,1,0.0103677735,0.63478464,0.3548476
3553,2,2,0.00113889,0.3326658,0.6661953
3554,1,2,0.0028433555,0.46832,0.5288366
3555,1,0,0.8766294,0.12325785,0.00011278752
3556,1,1,0.08109186,0.8232756,0.09563251
3557,1,1,0.21678302,0.74970055,0.033516407
3558,1,1,0.1565664,0.79545504,0.047978576
3559,1,1,0.39839137,0.5913453,0.010263361
3560,1,1,0.21658821,0.75269306,0.030718734
3561,0,1,0.103315525,0.829747,0.06693752
3562,1,0,0.64073807,0.35759312,0.0016687913
3563,1,1,0.007877903,0.6097324,0.3823897
3564,0,0,0.9404696,0.05949917,3.1237978e-05
3565,0,1,0.21570711,0.7528919,0.031400952
3566,2,1,0.01464858,0.6823136,0.3030378
3567,0,0,0.7551545,0.24431296,0.0005325799
3568,0,0,0.71269494,0.28645894,0.0008461507
3569,1,1,0.04306461,0.795816,0.16111943
3570,0,0,0.9999851,1.4945066e-05,1.9019208e-08
3571,2,1,0.056201298,0.81448084,0.12931783
3572,0,0,0.8314747,0.16833879,0.00018645287
3573,0,0,0.98219234,0.017803056,4.5080988e-06
3574,1,1,0.31315157,0.673674,0.013174518
3575,2,2,0.00046157444,0.24754952,0.75198895
3576,0,0,0.99986196,0.00013789213,1.7548798e-07
3577,2,2,0.0007467908,0.29815495,0.70109826
3578,1,1,0.124618,0.8126113,0.06277074
3579,2,1,0.020868002,0.7204556,0.25867644
3580,1,1,0.036547996,0.7964971,0.1669549
3581,2,2,0.0024954274,0.44057086,0.5569337
3582,0,0,0.63222224,0.36590213,0.0018755997
3583,0,0,0.9785265,0.021468855,4.6499595e-06
3584,0,0,0.9394896,0.060478076,3.2307955e-05
3585,1,0,0.6159956,0.38173404,0.002270366
3586,0,0,0.6563754,0.3423013,0.0013233093
3587,1,1,0.01895192,0.7151896,0.26585847
3588,2,2,1.0917222e-05,0.03561847,0.96437067
3589,1,0,0.626099,0.37191865,0.0019823834
3590,0,0,0.9965282,0.00347139,3.887138e-07
3591,0,0,0.9414436,0.058535695,2.0614665e-05
3592,2,2,4.486125e-06,0.02259073,0.97740483
3593,0,0,0.9965282,0.00347139,3.8871417e-07
3594,1,1,0.09174697,0.82486135,0.08339166
3595,2,2,1.4234712e-07,0.0011063784,0.99889356
3596,0,0,0.99927026,0.0007296458,7.6222015e-08
3597,2,2,0.00012318279,0.15201348,0.8478633
3598,1,1,0.14901488,0.8027747,0.048210353
3599,0,0,0.99958116,0.0004187695,1.754387e-07
3600,0,0,0.99958116,0.00041876308,1.754387e-07
3601,0,0,0.6813747,0.31741932,0.001205997
3602,0,0,0.67768836,0.3212308,0.0010808147
3603,1,1,0.0301859,0.7624536,0.20736043
3604,0,0,0.54483646,0.45207754,0.0030859944
3605,1,0,0.8084048,0.19134744,0.0002477798
3606,1,1,0.015200807,0.7111154,0.27368382
3607,2,2,3.05679e-07,0.0007296456,0.99927
3608,1,0,0.5042674,0.49130496,0.0044276253
3609,0,0,0.93849444,0.061472043,3.341406e-05
3610,1,1,0.08218792,0.8200419,0.09777017
3611,1,0,0.67778337,0.32127583,0.0009407912
3612,2,1,0.005539666,0.547654,0.44680637
3613,0,0,0.82151294,0.17828259,0.00020444341
3614,0,0,0.8608004,0.13906562,0.00013405581
3615,2,2,1.0184814e-05,0.035618503,0.9643713
3616,1,0,0.50563455,0.48957288,0.004792578
3617,0,0,0.9997596,0.00024031293,1.00676345e-07
3618,0,0,0.99958116,0.0004187695,1.754387e-07
3619,0,0,0.96554226,0.034444734,1.3002824e-05
3620,0,0,0.99999833,1.6195282e-06,1.901888e-08
3621,1,1,0.21526645,0.7529861,0.031747498
3622,2,1,0.35778567,0.63176066,0.010453617
3623,0,0,0.8728136,0.12705734,0.00012902841
3624,2,2,5.0781968e-05,0.07585432,0.92409486
3625,2,2,0.0040084003,0.4893509,0.5066407
3626,2,1,0.008887202,0.6144475,0.37666532
3627,0,0,0.86288244,0.13700272,0.00011494147
3628,1,1,0.12253302,0.8130086,0.064458355
3629,2,2,2.6581753e-07,0.0015649522,0.9984347
3630,0,0,0.99958116,0.00041876629,1.0065914e-07
3631,2,2,0.0001846289,0.16205515,0.8377602
3632,1,0,0.8110459,0.18866849,0.00028562808
3633,1,1,0.004821104,0.5234822,0.47169673
3634,0,0,0.97959375,0.020401532,4.655031e-06
3635,0,0,0.761474,0.23795031,0.0005756566
3636,0,0,0.83382607,0.16590936,0.00026460146
3637,0,0,0.88746643,0.11243759,9.598398e-05
3638,0,0,0.6273033,0.37061784,0.0020788074
3639,1,0,0.58868456,0.4088332,0.002482188
3640,0,1,0.49300578,0.50163966,0.005354575
3641,2,1,0.033519123,0.7762521,0.19022876
3642,0,0,0.7724721,0.2271561,0.0003718393
3643,0,0,0.9914806,0.008518623,8.0185777e-07
3644,1,1,0.111702695,0.82251656,0.06578073
3645,1,1,0.4487741,0.5443879,0.006837977
3646,2,1,0.0958276,0.81782454,0.08634786
3647,1,1,0.4660933,0.52746564,0.006441114
3648,2,1,0.20793712,0.7612629,0.03079996
3649,0,1,0.35792908,0.63201374,0.010057174
3650,2,2,8.038666e-07,0.0060347505,0.9939645
3651,1,0,0.97455764,0.025435617,6.785167e-06
3652,0,0,0.59300286,0.404744,0.0022530442
3653,2,2,0.0021169605,0.40062925,0.59725374
3654,1,1,0.27170995,0.70598674,0.022303313
3655,2,2,0.00072241126,0.2785787,0.7206989
3656,1,1,0.02287373,0.7303551,0.24677117
3657,1,1,0.014155488,0.6796856,0.3061589
3658,0,0,0.6054572,0.39227223,0.002270605
3659,0,0,0.99391234,0.006087045,6.0886964e-07
3660,0,0,0.8803525,0.119557165,9.038235e-05
3661,1,0,0.72500914,0.27422854,0.0007622696
3662,0,0,0.8747493,0.12514745,0.000103188075
3663,0,0,0.8478066,0.1520033,0.00019011501
3664,0,0,0.9081333,0.091810316,5.6353616e-05
3665,2,2,5.607836e-05,0.09624639,0.90369755
3666,2,2,8.905244e-06,0.031143555,0.9688476
3667,1,2,1.3847448e-05,0.040709335,0.9592768
3668,0,0,0.7677081,0.23171146,0.00058036944
3669,2,2,0.0016418843,0.37610647,0.62225163
3670,0,1,0.27240524,0.70779324,0.019801604
3671,1,1,0.0035960902,0.51549363,0.48091027
3672,1,1,0.48902938,0.50630766,0.0046629324
3673,1,1,0.012724364,0.65775406,0.32952157
3674,0,0,0.98060983,0.01938624,3.91719e-06
3675,2,2,2.0996844e-05,0.057586227,0.9423928
3676,0,0,0.9766241,0.023370223,5.715864e-06
3677,0,0,0.9527152,0.04726848,1.6360158e-05
3678,0,0,0.97498626,0.025008822,4.9663176e-06
3679,0,0,0.99958116,0.00041876629,1.754387e-07
3680,0,0,0.97037584,0.029609647,1.4502603e-05
3681,0,0,0.8544284,0.1454161,0.00015556697
3682,1,0,0.69631165,0.30261573,0.0010726183
3683,0,0,0.9871329,0.012865213,1.8369659e-06
3684,0,0,0.9414399,0.058535464,2.4522977e-05
3685,2,2,5.8822775e-07,0.0058552176,0.99414426
3686,0,0,0.7386266,0.26063624,0.00073717517
3687,1,1,0.015825257,0.6817262,0.3024485
3688,1,1,0.30154774,0.6833934,0.01505886
3689,1,1,0.45901424,0.53431785,0.0066679334
3690,1,0,0.90957725,0.09037358,4.9123908e-05
3691,1,1,0.0070024887,0.58601695,0.40698057
3692,1,1,0.4473886,0.54625195,0.0063595353
3693,0,0,0.9998621,0.00013789425,5.77701e-08
3694,0,1,0.33433026,0.652318,0.013351691
3695,0,0,0.94515395,0.05482388,2.2184211e-05
3696,1,1,0.026178312,0.7338207,0.240001
3697,1,2,0.00052231847,0.25241598,0.7470617
3698,0,0,0.98060983,0.019386243,3.91719e-06
3699,1,1,0.07567636,0.8235452,0.10077843
3700,0,0,0.9864544,0.013543714,1.9005629e-06
3701,2,2,0.0009413992,0.2999156,0.69914293
3702,2,2,5.314175e-07,0.0032674042,0.9967321
3703,1,1,0.020287411,0.7188905,0.26082218
3704,1,2,0.00042769944,0.22543387,0.7741385
3705,1,1,0.025390027,0.76622415,0.2083858
3706,0,0,0.9999999,1.7551487e-07,2.0611535e-09
3707,1,1,0.34258422,0.6456116,0.011804275
3708,0,0,0.99999833,1.6195282e-06,1.902004e-08
3709,1,1,0.079039745,0.8236131,0.09734721
3710,1,0,0.511124,0.4851844,0.003691589
3711,1,1,0.37090096,0.6189892,0.010109791
3712,0,1,0.16256134,0.79255104,0.04488767
3713,0,0,0.985494,0.014503545,2.4211229e-06
3714,0,1,0.042708293,0.7961123,0.16117941
3715,1,1,0.2676756,0.71385413,0.018470315
3716,2,2,2.1738668e-05,0.057586167,0.9423921
3717,2,2,7.67046e-05,0.11114689,0.8887764
3718,2,2,0.00011407906,0.14347778,0.8564082
3719,2,1,0.011467028,0.66429114,0.32424182
3720,2,2,0.00017131121,0.15200618,0.8478224
3721,0,0,0.9902232,0.009775455,1.2577148e-06
3722,0,0,0.9939121,0.006087044,7.7639334e-07
3723,2,1,0.041490335,0.7801515,0.17835818
3724,1,1,0.064205505,0.8168796,0.11891493
3725,1,1,0.08388465,0.8154568,0.10065857
3726,0,0,0.99986196,0.00013789424,1.7549065e-07
3727,2,2,0.00013776735,0.14541869,0.85444355
3728,0,0,0.99999833,1.6196271e-06,1.902004e-08
3729,2,2,2.5952295e-06,0.014503543,0.9854939
3730,0,0,0.9999851,1.4945066e-05,1.9019788e-08
3731,0,0,0.99832255,0.001677303,1.752178e-07
3732,0,0,0.9930114,0.0069876537,8.912652e-07
3733,0,1,0.22881491,0.74506307,0.026121913
3734,0,0,0.95718867,0.04279244,1.8886016e-05
3735,2,2,3.75637e-07,0.0029707288,0.9970289
3736,1,1,0.43640068,0.55647177,0.0071276175
3737,0,0,0.9228689,0.077080354,5.071465e-05
3738,2,2,0.00011214193,0.14327817,0.85660964
3739,0,1,0.43581253,0.55692905,0.0072584054
3740,1,0,0.7583704,0.24113065,0.0004989662
3741,0,1,0.31371593,0.673425,0.01285899
3742,0,1,0.27672762,0.7035884,0.019683966
3743,0,0,0.82395405,0.17573482,0.0003110412
3744,2,2,4.4401524e-05,0.08755995,0.9123957
3745,0,0,0.99832195,0.001677302,7.0269186e-07
3746,1,1,0.101228274,0.8200718,0.0786999
3747,2,2,4.529743e-06,0.01308753,0.98690796
3748,0,0,0.677086,0.321817,0.0010969787
3749,0,1,0.46257642,0.5314987,0.0059249545
3750,1,1,0.30600804,0.6771428,0.01684924
3751,1,1,0.10899263,0.81661624,0.07439106
3752,0,0,0.9987288,0.0012710145,1.3277578e-07
3753,0,0,0.9123798,0.08755844,6.1751416e-05
3754,0,0,0.5844161,0.41297662,0.002607225
3755,0,1,0.4656808,0.52814376,0.006175461
3756,0,1,0.36339727,0.62551415,0.011088556
3757,0,0,0.9788891,0.02110717,3.7768677e-06
3758,1,1,0.007810027,0.6204273,0.3717627
3759,2,2,1.6214843e-05,0.055730812,0.9442529
3760,0,0,0.95425093,0.04572898,2.0182031e-05
3761,0,0,0.6077223,0.39033672,0.0019409748
3762,1,1,0.13743287,0.8110336,0.051533543
3763,1,1,0.018243626,0.7150609,0.26669547
3764,0,0,0.9998621,0.00013789425,5.776922e-08
3765,1,0,0.843272,0.15653221,0.00019577959
3766,1,0,0.63403356,0.3643715,0.0015949759
3767,0,0,0.9006283,0.09930851,6.3109714e-05
3768,2,2,0.00016548752,0.15739843,0.8424361
3769,0,0,0.9612667,0.038723487,9.8055825e-06
3770,1,1,0.3614263,0.627205,0.011368615
3771,2,2,0.0005022582,0.24272151,0.7567762
3772,2,2,0.0006063314,0.26402935,0.7353643
3773,2,2,1.2168626e-06,0.008089798,0.99190897
3774,2,2,1.3973557e-06,0.008666505,0.9913322
3775,0,0,0.942383,0.057585623,3.1301533e-05
3776,2,1,0.07083398,0.82628196,0.10288405
3777,2,1,0.014567389,0.6866791,0.29875347
3778,0,0,0.99958116,0.00041876629,1.0065914e-07
3779,2,2,1.902004e-08,1.6196271e-06,0.99999833
3780,1,1,0.47618753,0.5182445,0.005567948
3781,1,1,0.49145097,0.50441724,0.0041318126
3782,0,0,0.8708545,0.1289923,0.00015314668
3783,0,0,0.93850213,0.061472546,2.5310173e-05
3784,2,1,0.040736187,0.79303473,0.16622907
3785,0,0,0.89905035,0.10087065,7.895008e-05
3786,1,2,0.001074892,0.3365504,0.6623747
3787,0,0,0.9494898,0.05049614,1.41904375e-05
3788,0,0,0.75512546,0.24430361,0.0005708572
3789,2,2,0.00020733014,0.15941688,0.8403757
3790,2,2,5.8888563e-06,0.028149487,0.9718446
3791,0,1,0.29814124,0.68471444,0.01714428
3792,2,2,6.5321447e-06,0.028628333,0.9713651
3793,2,2,9.518746e-06,0.03387211,0.9661184
3794,1,2,0.00035657713,0.22601877,0.77362466
3795,0,0,0.9404716,0.059499297,2.914234e-05
3796,0,0,0.7599408,0.23954152,0.0005176653
3797,0,1,0.27103308,0.70729107,0.021675855
3798,1,1,0.07800392,0.819906,0.10209014
3799,1,1,0.008463089,0.6057987,0.3857382
3800,2,1,0.18581146,0.7757025,0.038486082
3801,0,0,0.9925768,0.007422166,1.0972215e-06
3802,1,1,0.20261312,0.764654,0.032732934
3803,1,1,0.016700046,0.6978824,0.2854176
3804,2,2,0.0006702449,0.29186085,0.7074689
3805,0,0,0.9934208,0.0065784077,8.6120355e-07
3806,1,1,0.043535188,0.8045121,0.15195273
3807,2,2,1.901888e-08,1.6195282e-06,0.99999833
3808,0,0,0.9995813,0.00041876634,5.775344e-08
3809,1,1,0.21334359,0.7576831,0.02897334
3810,0,0,0.8942291,0.1056937,7.7175195e-05
3811,0,0,0.99999833,1.6195282e-06,1.901888e-08
3812,2,2,3.8036196e-05,0.08618336,0.9137786
3813,1,0,0.7709352,0.22868064,0.0003842113
3814,0,0,0.994068,0.005931505,5.119102e-07
3815,0,0,0.99375254,0.006246639,7.7626873e-07
3816,1,1,0.2980127,0.6857201,0.016267184
3817,1,1,0.06894331,0.8326423,0.0984144
3818,0,1,0.240854,0.73164976,0.027496312
3819,1,0,0.6888218,0.30993772,0.001240529
3820,0,0,0.9924474,0.0075511634,1.4483561e-06
3821,2,2,0.0017925311,0.39660245,0.601605
3822,1,1,0.033695154,0.79399425,0.17231056
3823,2,2,0.00021635699,0.17987554,0.81990814
3824,0,0,0.99148047,0.008518622,9.875877e-07
3825,0,0,0.9895279,0.010471072,1.0938511e-06
3826,1,1,0.0063498467,0.56961364,0.42403647
3827,1,1,0.16509174,0.7876087,0.047299575
3828,2,2,0.0021575543,0.40478274,0.59305966
3829,2,1,0.010263781,0.662015,0.3277212
3830,1,1,0.10620932,0.8167578,0.07703281
3831,0,0,0.6680755,0.33072138,0.0012031661
3832,0,1,0.13924037,0.8040601,0.056699432
3833,0,0,0.5699827,0.4269668,0.0030504828
3834,0,0,0.60992455,0.3883653,0.0017101807
3835,2,2,0.0011574377,0.35615835,0.64268416
3836,0,0,0.51221126,0.48306122,0.0047275503
3837,0,0,0.9095649,0.090372354,6.2638974e-05
3838,0,1,0.25773588,0.72174096,0.020523146
3839,1,0,0.5402088,0.45608756,0.0037036429
3840,1,1,0.01370173,0.68114305,0.3051553
3841,0,0,0.8000956,0.19950561,0.000398744
3842,2,1,0.005071717,0.5554953,0.43943295
3843,0,0,0.99927026,0.00072964025,1.0062707e-07
3844,2,2,0.00313913,0.4560104,0.54085046
3845,1,0,0.8289917,0.17077534,0.00023296343
3846,0,0,0.6198931,0.3779475,0.0021593876
3847,0,1,0.3649093,0.62505746,0.010033193
3848,0,0,0.69822925,0.3008265,0.0009442585
3849,2,2,0.00042085856,0.24194446,0.7576347
3850,0,0,0.99190885,0.008089792,1.2598557e-06
3851,2,1,0.089468926,0.8256027,0.08492836
3852,1,1,0.4300458,0.5629891,0.006965011
3853,0,0,0.9911821,0.008816949,8.8962327e-07
3854,0,0,0.9998621,0.00013789214,5.776922e-08
3855,0,0,0.6523533,0.3461616,0.0014851511
3856,1,1,0.35497323,0.6350093,0.010017508
3857,1,0,0.8264873,0.17324115,0.000271539
3858,0,0,0.935418,0.06454627,3.569955e-05
3859,2,2,0.00023356163,0.19001062,0.8097558
3860,2,2,0.0007479816,0.2738009,0.7254511
3861,0,0,0.77089685,0.22866932,0.0004338377
3862,2,2,0.0004332413,0.22638121,0.7731855
3863,0,0,0.99975973,0.00024030927,5.776331e-08
3864,0,0,0.94144076,0.05853552,2.3686114e-05
3865,0,0,0.9442474,0.055730473,2.2162933e-05
3866,1,1,0.22138266,0.7495783,0.029039087
3867,1,0,0.97993845,0.020057455,4.052812e-06
3868,0,0,0.5091185,0.48590973,0.0049717617
3869,2,2,3.9074016e-06,0.021836638,0.9781594
3870,2,2,7.0037844e-05,0.09930784,0.9006221
3871,0,0,0.9987288,0.0012710193,1.7528976e-07
3872,0,0,0.9995813,0.00041876634,5.7752995e-08
3873,2,1,0.036243547,0.7967489,0.1670076
3874,1,0,0.96126413,0.038723387,1.2503448e-05
3875,0,0,0.99999833,1.6196271e-06,1.902004e-08
3876,1,0,0.87087774,0.1289957,0.00012652634
3877,2,2,7.2434466e-07,0.0060347505,0.9939645
3878,0,1,0.199532,0.7662134,0.034254637
3879,0,0,0.96778226,0.03220847,9.209747e-06
3880,1,1,0.09154556,0.8230505,0.08540394
3881,0,0,0.96315885,0.03683062,1.05314175e-05
3882,1,1,0.008253107,0.60899186,0.38275504
3883,2,2,2.5873355e-06,0.017502049,0.9824953
3884,2,1,0.10036114,0.813047,0.086591825
3885,0,0,0.9693712,0.030624073,4.769209e-06
3886,0,0,0.9998621,0.00013789214,5.776922e-08
3887,0,1,0.10372485,0.8330344,0.06324082
3888,0,0,0.99986196,0.00013789424,1.7549065e-07
3889,0,1,0.43216223,0.5607178,0.0071199317
3890,2,2,0.0004414323,0.22866759,0.770891
3891,1,1,0.4326882,0.56018317,0.007128595
3892,0,0,0.6139626,0.384208,0.0018293516
3893,0,0,0.54555035,0.45070937,0.0037402625
3894,1,1,0.011540346,0.666366,0.3220937
3895,1,1,0.047150467,0.80584013,0.14700943
3896,0,0,0.9995808,0.00041876934,5.329373e-07
3897,1,1,0.17491366,0.7852708,0.03981555
3898,0,0,0.8265327,0.17325063,0.00021668964
3899,2,2,1.7865541e-06,0.006034744,0.9939634
3900,1,1,0.32616413,0.65886956,0.014966334
3901,2,2,1.7549065e-07,0.00013789424,0.99986196
3902,0,0,0.9900535,0.009944944,1.6601427e-06
3903,0,1,0.14717166,0.7997572,0.053071205
3904,1,1,0.04061795,0.79073274,0.16864927
3905,1,0,0.7916921,0.20796447,0.00034339193
3906,0,0,0.9881896,0.0118081635,2.18758e-06
3907,0,0,0.67183393,0.32685778,0.0013082515
3908,1,1,0.1922739,0.7710936,0.036632463
3909,0,0,0.99958116,0.00041876308,1.754387e-07
3910,0,0,0.7214402,0.27765748,0.00090232707
3911,0,0,0.9852426,0.0147537775,3.6716574e-06
3912,1,1,0.14027172,0.8100158,0.049712434
3913,2,2,9.30658e-05,0.1090192,0.89088774
3914,2,1,0.025036909,0.7522953,0.22266778
3915,0,0,0.9999851,1.4945066e-05,1.9019788e-08
3916,2,2,2.4446475e-05,0.061472595,0.93850297
3917,1,1,0.054907482,0.80966616,0.13542631
3918,2,1,0.0072245738,0.5941968,0.39857867
3919,1,1,0.07361215,0.82221705,0.10417086
3920,0,0,0.9332885,0.06667469,3.6876718e-05
3921,2,2,0.0022722578,0.43001938,0.5677084
3922,1,1,0.19069988,0.7731249,0.036175225
3923,1,2,1.5734406e-05,0.05133498,0.9486493
3924,1,1,0.09147627,0.8295978,0.07892595
3925,0,0,0.99999833,1.6195776e-06,1.902004e-08
3926,0,0,0.98934525,0.010652487,2.2675208e-06
3927,1,0,0.95647883,0.043509558,1.1606547e-05
3928,0,0,0.9970799,0.0029197526,3.0500905e-07
3929,2,2,0.0022722587,0.43001938,0.5677084
3930,1,1,0.46211335,0.5309666,0.006920039
3931,1,2,0.0011654857,0.3288163,0.6700182
3932,0,0,0.95030636,0.049669713,2.3909148e-05
3933,0,0,0.9109957,0.08895667,4.7521527e-05
3934,1,0,0.61351043,0.38392505,0.0025645075
3935,0,0,0.99005336,0.009944942,1.7795261e-06
3936,1,1,0.17053925,0.7858322,0.043628532
3937,1,1,0.00778178,0.592569,0.3996492
3938,1,2,0.00012932478,0.14010881,0.8597619
3939,2,2,1.6195257e-06,1.6195257e-06,0.9999968
3940,0,1,0.40008542,0.59128785,0.008626792
3941,0,0,0.92531943,0.07464755,3.294498e-05
3942,0,1,0.258111,0.7188808,0.023008302
3943,2,2,4.8353697e-05,0.08895657,0.910995
3944,2,1,0.15123779,0.8007269,0.04803524
3945,1,1,0.0067362054,0.57360524,0.4196585
3946,1,1,0.249497,0.72571355,0.024789477
3947,2,2,0.0007033428,0.27597544,0.7233212
3948,0,0,0.99295104,0.007048144,8.6079626e-07
3949,2,2,5.229092e-05,0.08086793,0.9190797
3950,0,0,0.99999833,1.6196271e-06,1.902004e-08
3951,1,1,0.08711785,0.8323113,0.08057084
3952,0,0,0.99927,0.0007296456,3.05679e-07
3953,2,2,2.7986832e-07,0.0021378086,0.9978619
3954,0,1,0.055410918,0.81708986,0.12749921
3955,0,0,0.8544059,0.14541225,0.00018187144
3956,2,2,8.625043e-07,0.0050778394,0.99492127
3957,0,1,0.19444157,0.7713713,0.03418716
3958,0,0,0.9999546,4.539856e-05,5.7774564e-08
3959,0,0,0.9943182,0.005680995,8.32566e-07
3960,0,1,0.11053913,0.8282031,0.06125784
3961,0,0,0.7799172,0.21960412,0.00047871695
3962,1,1,0.005368415,0.5414484,0.45318317
3963,0,0,0.9021683,0.09776619,6.5451306e-05
3964,0,1,0.079039745,0.8236131,0.09734723
3965,0,0,0.94143844,0.058535345,2.6286423e-05
3966,0,0,0.99999833,1.6196271e-06,1.902004e-08
3967,1,1,0.25128576,0.72459906,0.024115158
3968,1,1,0.13021126,0.82010806,0.04968069
3969,1,1,0.23314658,0.739653,0.027200343
3970,1,1,0.21607779,0.755824,0.028098267
3971,2,2,9.84329e-06,0.035026938,0.96496326
3972,0,0,0.99999833,1.6196271e-06,1.902004e-08
3973,1,1,0.2607659,0.71687967,0.02235446
3974,2,1,0.010985853,0.641269,0.34774515
3975,2,2,0.0010533683,0.32981136,0.6691353
3976,2,2,5.33087e-07,0.0001378942,0.9998616
3977,0,0,0.97581893,0.02417599,5.146175e-06
3978,1,2,0.0027651743,0.455443,0.5417918
3979,1,1,0.25183883,0.7261939,0.021967262
3980,0,0,0.99999833,1.6195282e-06,1.902004e-08
3981,1,1,0.08526727,0.8217331,0.09299969
3982,0,0,0.99244773,0.007551166,1.0596405e-06
3983,1,1,0.30357346,0.68055964,0.015866894
3984,2,2,0.0003343146,0.1947108,0.8049549
3985,0,0,0.81629765,0.18340985,0.00029251215
3986,0,0,0.99958116,0.00041876629,1.0065914e-07
3987,2,2,1.3287075e-07,0.0005527786,0.99944705
3988,0,1,0.100645006,0.8224553,0.07689973
3989,2,1,0.0072870986,0.5941593,0.39855355
3990,1,1,0.1659718,0.79525137,0.0387769
3991,2,2,8.625884e-05,0.099306226,0.9006075
3992,1,0,0.7518448,0.2475021,0.00065306324
3993,1,1,0.09754541,0.82528985,0.07716477
3994,2,2,0.0015813586,0.3560072,0.6424115
3995,0,0,0.8136962,0.1860271,0.00027678214
3996,2,1,0.0039917077,0.49800414,0.49800414
3997,1,1,0.04342375,0.79551727,0.16105892
3998,0,0,0.9203766,0.079588234,3.5125508e-05
3999,1,1,0.023200408,0.7636377,0.21316184
4000,1,1,0.42492452,0.56587315,0.009202235
4001,1,1,0.008329951,0.61200017,0.37966982
4002,0,0,0.999985,1.4945519e-05,1.7551224e-07
4003,2,2,8.006366e-06,0.033308595,0.9666834
4004,1,1,0.014434674,0.6723501,0.31321517
4005,2,2,6.303483e-07,0.0061397892,0.9938595
4006,0,0,0.8001465,0.19951831,0.00033521513
4007,1,1,0.06525652,0.81596214,0.11878135
4008,1,1,0.041522462,0.7875627,0.1709148
4009,0,0,0.99999833,1.6195776e-06,1.902004e-08
4010,0,0,0.96987927,0.030112768,8.0328355e-06
4011,2,2,1.754853e-07,0.00013789002,0.99986196
4012,1,0,0.8500275,0.14977854,0.00019395127
4013,1,1,0.08537872,0.8299805,0.084640786
4014,2,2,0.001995735,0.40484843,0.59315586
4015,1,1,0.011082971,0.64413595,0.34478107
4016,0,0,0.99986196,0.00013789424,1.7548798e-07
4017,0,0,0.99986196,0.00013789424,1.7549065e-07
4018,0,0,0.9960814,0.0039182077,3.8185206e-07
4019,0,1,0.1980899,0.76730746,0.034602612
4020,1,2,0.0018684248,0.39113912,0.6069925
4021,1,0,0.57930285,0.41789052,0.0028065732
4022,0,0,0.99927026,0.0007296458,1.7538413e-07
4023,1,1,0.0052348226,0.5490067,0.44575852
4024,0,0,0.94604594,0.053931125,2.2989701e-05
4025,1,1,0.09240575,0.8236037,0.08399045
4026,2,2,3.0792643e-07,0.0020829702,0.99791676
4027,0,0,1.0,1.9020073e-08,1.9020073e-08
4028,2,2,2.2608942e-06,0.013543709,0.98645407
4029,0,0,0.9968706,0.003129057,3.2687416e-07
4030,0,0,0.8908972,0.10902036,8.241683e-05
4031,1,2,0.00056720106,0.24914338,0.75028944
4032,2,2,3.4136674e-06,0.018109212,0.98188734
4033,2,2,0.0006445346,0.2573293,0.74202615
4034,0,0,0.8803194,0.11955267,0.00012789822
4035,2,1,0.02199376,0.7334089,0.24459727
4036,0,0,0.99999833,1.6195282e-06,1.902004e-08
4037,1,1,0.4342937,0.5586131,0.007093206
4038,2,2,5.653074e-05,0.08895587,0.9109876
4039,1,0,0.624138,0.37398612,0.0018758839
4040,1,2,0.0026962047,0.45977384,0.53752995
4041,1,2,0.0034835886,0.46586525,0.53065115
4042,1,1,0.3204667,0.66444033,0.015092878
4043,2,2,0.00010884758,0.1390691,0.8608221
4044,0,1,0.33295164,0.6536939,0.013354474
4045,2,2,0.001958179,0.400693,0.5973488
4046,1,1,0.40706658,0.5847116,0.008221852
4047,2,2,0.00038745964,0.22468603,0.7749265
4048,1,1,0.08148734,0.8272907,0.0912219
4049,2,2,2.6779305e-06,0.017803092,0.9821943
4050,2,1,0.004274968,0.51514256,0.4805825
4051,0,0,0.92650074,0.073456444,4.2799686e-05
4052,1,1,0.06895155,0.8255442,0.10550425
4053,0,0,0.99687046,0.0031290564,4.3153764e-07
4054,0,1,0.45055428,0.54270613,0.0067396252
4055,0,0,0.9873518,0.01264659,1.6556126e-06
4056,1,1,0.30762127,0.6777646,0.014614208
4057,1,0,0.77693564,0.22259577,0.00046867898
4058,2,2,7.7689805e-07,0.005441015,0.9945582
4059,0,0,0.82145137,0.17826925,0.00027942023
4060,0,0,0.623212,0.3750556,0.001732334
4061,1,0,0.56097895,0.4366065,0.0024146382
4062,0,0,0.833858,0.16591565,0.00022633407
4063,0,0,1.0,1.9020073e-08,2.2336162e-10
4064,0,1,0.34436208,0.6433531,0.012284769
4065,2,2,0.0037220807,0.47869033,0.5175876
4066,1,0,0.6322171,0.36589912,0.0018837424
4067,1,2,0.0006157935,0.25899887,0.74038535
4068,1,1,0.2686676,0.71030694,0.021025414
4069,2,2,2.635615e-05,0.07228474,0.92768884
4070,2,2,9.328121e-05,0.12232525,0.8775815
4071,0,0,0.999985,1.4945064e-05,1.7550688e-07
4072,0,0,0.99999833,1.6195282e-06,1.901888e-08
4073,1,1,0.15447348,0.79683477,0.048691697
4074,1,2,0.0012405685,0.3561287,0.6426307
4075,0,0,0.8362525,0.16352828,0.00021923785
4076,0,0,0.62192464,0.37590882,0.0021664647
4077,1,0,0.72851115,0.2708106,0.00067830103
4078,2,2,5.912934e-06,0.02417598,0.97581816
4079,0,0,0.99634343,0.003656304,2.7944245e-07
4080,2,2,7.011618e-07,0.0038510284,0.9961482
4081,2,2,0.00031173712,0.18810363,0.8115846
4082,1,0,0.68608505,0.31275222,0.0011627555
4083,2,1,0.013318778,0.6795744,0.30710688
4084,0,0,0.99999833,1.6195282e-06,1.902004e-08
4085,0,0,0.9977865,0.002213176,2.3119725e-07
4086,1,1,0.3677978,0.6205069,0.011695246
4087,0,0,0.924098,0.07585457,4.7375263e-05
4088,1,1,0.07145715,0.81920475,0.109338105
4089,2,2,3.35219e-05,0.07464754,0.9253189
4090,0,0,0.71451426,0.284708,0.00077777804
4091,1,0,0.53610915,0.459617,0.0042738863
4092,1,2,0.002221279,0.41313645,0.5846423
4093,2,2,0.0010564112,0.33655664,0.66238695
4094,1,0,0.7739543,0.22562498,0.00042069447
4095,1,1,0.26519677,0.7134093,0.021394009
4096,2,2,4.1835083e-06,0.022977272,0.97701854
4097,1,1,0.15372343,0.7998794,0.04639718
4098,0,1,0.46580297,0.5282823,0.0059147147
4099,2,2,0.0013214217,0.3600876,0.63859093
4100,1,1,0.23642594,0.7363479,0.027226107
4101,1,2,0.0033836574,0.47669378,0.5199226
4102,0,1,0.035432786,0.79256654,0.1720007
4103,0,0,0.74538237,0.2540442,0.0005733597
4104,1,1,0.01394074,0.67082846,0.3152308
4105,0,0,0.9999851,1.4945066e-05,1.9019788e-08
4106,0,0,0.9998621,0.00013789425,5.776922e-08
4107,0,1,0.4509426,0.5431739,0.0058834753
4108,1,1,0.09686755,0.81955487,0.08357757
4109,0,0,0.95192826,0.048056543,1.5249977e-05
4110,2,1,0.028048871,0.7495993,0.22235182
4111,2,2,0.00015210842,0.14978479,0.8500631
4112,0,0,0.9999546,4.539786e-05,5.7775445e-08
4113,1,1,0.076677695,0.8272303,0.09609195
4114,2,2,0.002044863,0.40065822,0.59729695
4115,0,0,0.6424796,0.35604504,0.0014754244
4116,0,0,0.9999546,4.539786e-05,5.7775445e-08
4117,0,0,0.7319139,0.26739272,0.0006934037
4118,0,0,0.9557409,0.044237386,2.1667154e-05
4119,1,1,0.02811471,0.7554463,0.21643895
4120,1,1,0.1952874,0.76969945,0.035013102
4121,0,0,0.5395001,0.45747054,0.0030293588
4122,1,1,0.12624873,0.8125953,0.061155975
4123,0,0,0.99224997,0.0077488488,1.1757384e-06
4124,2,1,0.11486091,0.8169087,0.06823029
4125,0,1,0.3175748,0.6670739,0.01535129
4126,0,0,0.6842055,0.31461468,0.0011798778
4127,0,0,0.99958116,0.0004187695,1.7544137e-07
4128,1,1,0.46227562,0.53115314,0.0065711522
4129,1,1,0.0072696097,0.57749665,0.4152337
4130,0,0,0.71076757,0.28817496,0.001057522
4131,0,0,0.7769989,0.22261389,0.00038723327
4132,2,2,1.8791098e-07,0.0011858454,0.998814
4133,0,0,0.84330535,0.15653843,0.00015623079
4134,1,0,0.7046692,0.29451576,0.00081511604
4135,0,1,0.05261984,0.8033478,0.1440323
4136,2,1,0.14691846,0.801854,0.051227447
4137,0,0,0.92531174,0.07464694,4.128607e-05
4138,1,1,0.34810385,0.6391503,0.012745895
4139,0,1,0.2565288,0.720703,0.022768224
4140,0,0,0.81104183,0.18866754,0.0002906289
4141,2,1,0.006712482,0.58762115,0.40566644
4142,0,0,0.9998621,0.00013789425,5.776922e-08
4143,0,0,0.98756635,0.012431625,2.039532e-06
4144,0,0,0.9781601,0.021836657,3.2846551e-06
4145,0,1,0.4302396,0.56309,0.0066703684
4146,0,0,0.99999833,1.6196271e-06,1.902004e-08
4147,1,1,0.050657295,0.8007109,0.14863178
4148,1,1,0.02640444,0.7596875,0.21390805
4149,1,0,0.5435672,0.4529862,0.0034466044
4150,2,2,1.09172215e-05,0.035618484,0.96437055
4151,0,0,1.0,1.9020073e-08,2.2336162e-10
4152,0,1,0.2055351,0.76067835,0.033786494
4153,1,1,0.06392304,0.8275288,0.10854813
4154,0,1,0.4801072,0.5146329,0.0052599437
4155,1,1,0.08187574,0.82404935,0.09407492
4156,1,1,0.044266798,0.7901159,0.16561729
4157,0,0,0.95647246,0.04350927,1.8227875e-05
4158,2,2,0.0004496281,0.24114247,0.7584079
4159,1,1,0.016578864,0.70495147,0.2784697
4160,1,1,0.3851869,0.6049329,0.009880217
4161,1,2,0.0020661026,0.40481985,0.5931141
4162,0,0,0.9592781,0.040709402,1.2477615e-05
4163,0,0,0.9999546,4.539786e-05,5.7774564e-08
4164,0,0,0.99745756,0.0025420892,4.0282205e-07
4165,0,0,0.65524876,0.3432001,0.0015511675
4166,1,0,0.80839044,0.191344,0.00026559338
4167,0,0,0.99999833,1.6196271e-06,1.902004e-08
4168,1,1,0.3172312,0.6685248,0.01424395
4169,0,1,0.16117941,0.7961123,0.04270828
4170,2,2,0.0018611377,0.39088386,0.607255
4171,0,0,0.95994896,0.040036693,1.4346754e-05
4172,1,1,0.0044736424,0.534424,0.46110237
4173,1,2,0.00067285245,0.2640118,0.7353154
4174,0,0,0.99927026,0.0007296458,1.7538413e-07
4175,0,0,0.9999851,1.4945521e-05,1.9019788e-08
4176,1,1,0.0034088749,0.49937695,0.49721423
4177,2,2,0.0026710625,0.455486,0.54184294
4178,1,1,0.31641915,0.6675375,0.016043387
4179,0,1,0.030303739,0.77883464,0.19086163
4180,0,0,0.9736821,0.02631065,7.266573e-06
4181,0,0,0.9999851,1.4945066e-05,1.9019208e-08
4182,0,0,0.9253097,0.07464677,4.3493223e-05
4183,0,0,0.9477938,0.05218689,1.9361401e-05
4184,1,1,0.15790549,0.79360044,0.048494056
4185,2,1,0.045845147,0.8112152,0.14293961
4186,2,2,0.0010681382,0.317463,0.6814689
4187,1,1,0.014796682,0.67441624,0.31078705
4188,0,0,0.9999851,1.4945066e-05,1.9019208e-08
4189,1,1,0.09200886,0.82721543,0.080775715
4190,1,1,0.12087929,0.81608194,0.063038826
4191,0,0,0.92650014,0.07345639,4.354918e-05
4192,1,1,0.046761993,0.80616874,0.14706933
4193,1,1,0.011944719,0.6589883,0.32906696
4194,2,2,0.00045035675,0.2332905,0.76625913
4195,0,0,0.5996762,0.3979131,0.0024106514
4196,0,0,0.9564748,0.043509375,1.58642e-05
4197,2,2,5.5113207e-05,0.096246466,0.90369844
4198,2,1,0.007093793,0.57339877,0.41950744
4199,0,0,0.8728248,0.12705897,0.00011626574
4200,0,0,0.99999833,1.6195282e-06,1.901888e-08
4201,1,1,0.0052990066,0.52753437,0.46716666
4202,0,0,0.99999833,1.6196271e-06,1.902004e-08
4203,0,0,0.8456007,0.15426289,0.00013634156
4204,2,2,3.5221829e-06,0.02146888,0.9785276
4205,0,0,0.99927,0.00072965113,3.05679e-07
4206,0,0,0.99927,0.0007296456,3.05679e-07
4207,1,0,0.9190908,0.08086891,4.030267e-05
4208,0,0,0.9137697,0.08618253,4.766623e-05
4209,2,2,1.901888e-08,1.6195282e-06,0.99999833
4210,0,0,0.99676055,0.003239254,2.5631581e-07
4211,2,2,1.7549065e-07,0.00013789424,0.99986196
4212,0,0,0.87474275,0.12514657,0.00011060778
4213,0,0,0.9758193,0.02417601,4.6370947e-06
4214,1,1,0.12129879,0.81891394,0.05978719
4215,0,0,0.9703841,0.0296099,5.880007e-06
4216,0,0,0.75665015,0.24268109,0.0006687473
4217,0,0,0.96190476,0.038082264,1.2953838e-05
4218,1,2,0.00031475045,0.1873379,0.81234735
4219,0,0,0.99958116,0.00041876629,1.0065914e-07
4220,2,2,0.0007661166,0.29543254,0.70380133
4221,0,0,0.99958116,0.00041876308,1.754387e-07
4222,2,2,0.0007362752,0.2742357,0.72502804
4223,2,1,0.37461713,0.61376435,0.011618484
4224,1,1,0.14587435,0.8030964,0.051029224
4225,2,2,8.858586e-06,0.036219735,0.96377146
4226,1,1,0.018541437,0.71040946,0.27104908
4227,1,1,0.039260834,0.78447855,0.1762606
4228,0,0,0.55257845,0.44429842,0.0031230627
4229,1,1,0.014939695,0.6868711,0.29818922
4230,0,0,0.98691064,0.013087565,1.7133411e-06
4231,2,2,6.493064e-07,0.0025641965,0.99743515
4232,0,0,0.9123836,0.08755877,5.7608864e-05
4233,0,1,0.24760228,0.7264812,0.025916483
4234,1,1,0.3857382,0.6057987,0.008463089
4235,1,1,0.4884027,0.50565904,0.00593827
4236,1,1,0.0810926,0.83046097,0.08844646
4237,2,1,0.00602953,0.5697973,0.42417318
4238,2,2,0.0011893499,0.332649,0.66616166
4239,1,0,0.91907984,0.08086795,5.229093e-05
4240,0,0,0.9929508,0.007048142,1.0601775e-06
4241,2,2,6.1365026e-05,0.093267694,0.90667087
4242,1,2,0.0005211716,0.25405747,0.74542135
4243,1,1,0.018263167,0.7182095,0.2635273
4244,0,0,0.92883945,0.07112872,3.1941705e-05
4245,0,0,0.9123863,0.08755903,5.4685326e-05
4246,1,0,0.6224705,0.37583077,0.001698649
4247,0,0,0.6542676,0.34417677,0.0015555815
4248,2,1,0.004528958,0.5386886,0.45678243
4249,1,1,0.13804018,0.8110894,0.050870392
4250,2,2,1.7977425e-05,0.056651406,0.9433306
4251,1,1,0.2229575,0.7451448,0.031897794
4252,1,0,0.85440856,0.14541271,0.0001787418
4253,1,0,0.8455858,0.1542602,0.00015395714
4254,1,1,0.011591241,0.6408765,0.3475323
4255,0,0,0.99999833,1.6196271e-06,2.2336125e-10
4256,1,1,0.47363788,0.5213503,0.005011735
4257,0,0,0.9036826,0.09624475,7.2758776e-05
4258,2,2,5.219303e-07,0.0039182073,0.9960813
4259,1,0,0.636137,0.36183125,0.0020317272
4260,2,2,4.968456e-06,0.024588969,0.97540605
4261,2,2,1.7549065e-07,0.00013789424,0.99986196
4262,0,0,0.99999833,1.6196271e-06,1.902004e-08
4263,2,2,2.3205821e-05,0.0614727,0.93850416
4264,2,2,0.0014010969,0.38848552,0.6101134
4265,2,1,0.03691772,0.7838733,0.179209
4266,0,0,0.8432959,0.15653665,0.0001674639
4267,2,2,0.0031031992,0.4768279,0.5200689
4268,1,1,0.02056948,0.7304691,0.24896145
4269,1,1,0.37258816,0.61643076,0.010981014
4270,0,0,0.99375266,0.00624664,6.7560563e-07
4271,1,1,0.055771817,0.8224114,0.121816844
4272,2,2,2.2336162e-10,1.9020073e-08,1.0
4273,1,1,0.07487216,0.8218975,0.10323034
4274,0,0,0.8909169,0.109022744,6.029877e-05
4275,0,1,0.4882614,0.50661093,0.0051276335
4276,2,2,5.0062055e-05,0.088956445,0.91099346
4277,2,1,0.03842688,0.79494387,0.16662925
4278,2,2,0.0005043652,0.23954467,0.759951
4279,1,0,0.6476892,0.35084578,0.0014649646
4280,0,0,0.7142971,0.28462148,0.0010813861
4281,0,0,0.9970796,0.0029197456,7.018187e-07
4282,2,2,4.9527193e-06,0.02767844,0.9723166
4283,0,0,0.9992704,0.00072964584,4.373257e-08
4284,0,1,0.33028096,0.65570277,0.014016306
4285,1,1,0.00970499,0.62326175,0.3670333
4286,0,0,0.9332986,0.0666754,2.6059146e-05
4287,1,0,0.6298783,0.36812305,0.0019986823
4288,2,2,4.0816385e-06,0.013087535,0.98690844
4289,1,0,0.95112664,0.04885698,1.6332879e-05
4290,2,2,5.331283e-07,4.539784e-05,0.9999541
4291,2,2,8.312268e-06,0.03062396,0.96936774
4292,2,1,0.008002915,0.58542657,0.40657055
4293,0,0,0.7073385,0.291807,0.00085449836
4294,0,0,0.87848586,0.121393,0.0001211544
4295,0,0,0.85226023,0.14758725,0.00015250157
4296,2,2,2.5110707e-05,0.068869,0.9311059
4297,0,0,0.64653593,0.3521262,0.0013378621
4298,0,0,0.78297716,0.21667123,0.00035161074
4299,0,1,0.036610324,0.7841234,0.17926623
4300,1,1,0.009138159,0.6155577,0.3753042
4301,0,0,0.97815883,0.02183663,4.489586e-06
4302,0,0,0.9564706,0.043509185,2.0228978e-05
4303,0,0,0.9806097,0.019386237,4.0555883e-06
4304,0,1,0.43395573,0.5581784,0.0078658145
4305,0,0,0.9999546,4.539786e-05,5.7775445e-08
4306,1,1,0.23992431,0.7351799,0.024895787
4307,0,0,0.99958116,0.0004187695,1.754387e-07
4308,1,1,0.11324085,0.8194912,0.06726794
4309,0,0,0.6323018,0.36594817,0.0017499891
4310,1,1,0.0047335527,0.53213567,0.4631308
4311,2,2,0.00031569888,0.20583376,0.7938506
4312,0,0,0.9806107,0.019386258,3.0719707e-06
4313,1,1,0.16860454,0.79052305,0.040872402
4314,0,0,0.99140584,0.008592241,1.9101008e-06
4315,2,1,0.006298159,0.58303803,0.41066384
4316,0,1,0.20736039,0.76245373,0.030185904
4317,1,1,0.39393976,0.597566,0.008494276
4318,1,1,0.0684588,0.82679087,0.104750276
4319,0,0,0.988588,0.011409795,2.188462e-06
4320,0,1,0.1630491,0.7880584,0.048892517
4321,0,0,0.86691666,0.13294598,0.00013737277
