row,y_true,y_pred,p_Low,p_Moderate,p_High
0,0,0,0.73592925,0.26046395,0.0036067998
1,0,0,0.9438313,0.0556923,0.00047636207
2,0,1,0.22263588,0.7143988,0.06296534
3,0,0,0.998549,0.0014043272,4.6709807e-05
4,0,0,0.9998006,0.00015878741,4.057265e-05
5,1,1,0.04319634,0.68869835,0.26810536
6,0,0,0.8945238,0.104506895,0.000969271
7,2,2,0.00013895884,0.0016775675,0.9981835
8,2,2,6.767309e-05,0.0043692207,0.9955631
9,0,0,0.97068584,0.029107178,0.0002070238
10,1,1,0.03378714,0.6697205,0.29649243
11,0,0,0.9540228,0.04531033,0.00066687074
12,2,2,5.385539e-05,0.012206157,0.98774
13,0,0,0.98818636,0.011637584,0.00017607801
14,2,2,0.004942368,0.371133,0.6239247
15,0,1,0.30249363,0.66042656,0.037079826
16,2,1,0.0149472635,0.5657474,0.41930535
17,0,1,0.4361996,0.5466634,0.017137002
18,1,1,0.036460683,0.64830476,0.31523454
19,1,1,0.08873868,0.75631374,0.15494758
20,2,2,0.0003980723,0.056253694,0.9433482
21,0,0,0.9997778,0.00017683269,4.536345e-05
22,0,0,0.9997657,0.00019432984,4.000487e-05
23,0,0,0.9843968,0.015458457,0.00014471282
24,0,1,0.37992692,0.5754882,0.044584915
25,2,2,0.00058372284,0.1406053,0.858811
26,1,2,0.0082425475,0.45343342,0.53832406
27,2,2,0.0014756669,0.25519493,0.7433294
28,0,0,0.95105577,0.04864176,0.0003025039
29,2,2,0.0020887745,0.27719215,0.7207191
30,0,0,0.8724753,0.12644392,0.0010807349
31,0,0,0.96960634,0.030216658,0.00017699688
32,0,0,0.99131924,0.008599881,8.085744e-05
33,0,0,0.6331994,0.35851523,0.008285383
34,2,2,0.00076754263,0.12572402,0.87350845
35,0,0,0.9947833,0.0051531694,6.351211e-05
36,0,0,0.82994133,0.16797023,0.0020885079
37,2,1,0.031378545,0.5162251,0.4523964
38,2,1,0.030709181,0.67552125,0.29376954
39,1,0,0.54072785,0.44895363,0.010318551
40,1,0,0.7378347,0.25757805,0.0045873025
41,1,1,0.046635255,0.6962117,0.25715303
42,0,0,0.65267926,0.340531,0.006789782
43,0,0,0.533282,0.4556796,0.011038379
44,0,0,0.83776295,0.16064781,0.0015892556
45,2,2,0.009730119,0.46816504,0.52210486
46,0,0,0.993038,0.00686757,9.4442235e-05
47,1,1,0.087943055,0.76557064,0.14648628
48,0,0,0.9983854,0.0015655244,4.9086542e-05
49,0,0,0.82563144,0.1726109,0.0017576755
50,2,2,6.0001847e-05,0.011370696,0.9885693
51,1,0,0.92523354,0.07398713,0.00077931024
52,0,0,0.99978083,0.00017672197,4.246472e-05
53,0,0,0.95409846,0.045605555,0.0002960172
54,0,0,0.9817431,0.018062528,0.00019437546
55,1,0,0.7373241,0.25873715,0.003938777
56,1,1,0.08729286,0.7580528,0.15465434
57,0,0,0.6323872,0.3600672,0.007545642
58,0,0,0.7137772,0.28194597,0.004276852
59,0,0,0.8728275,0.1253224,0.0018501347
60,0,0,0.91628987,0.083113514,0.00059662684
61,1,1,0.2704951,0.6801961,0.049308814
62,2,2,0.0007360298,0.15280138,0.8464626
63,1,0,0.6258774,0.36721164,0.0069109774
64,0,0,0.7515325,0.2435842,0.0048833513
65,1,1,0.0402484,0.6979457,0.2618059
66,0,1,0.132961,0.76593184,0.10110718
67,1,1,0.022504631,0.59915715,0.37833825
68,1,1,0.13282405,0.7647108,0.10246521
69,0,0,0.95075154,0.048924617,0.0003238258
70,2,2,0.0030146558,0.31618792,0.68079746
71,2,1,0.07017916,0.76424825,0.16557264
72,1,1,0.16678977,0.72142315,0.11178706
73,1,1,0.25072205,0.7010149,0.04826308
74,1,1,0.22069135,0.72268564,0.056623004
75,2,2,0.00018062143,0.012321843,0.98749757
76,1,1,0.040312845,0.6425602,0.317127
77,0,0,0.98227406,0.017577464,0.00014848076
78,0,1,0.16118951,0.73529804,0.103512466
79,0,1,0.44353646,0.5375371,0.01892645
80,2,2,0.0004681961,0.1070907,0.8924411
81,0,1,0.26400158,0.6839224,0.05207604
82,1,0,0.9088911,0.09016677,0.00094219705
83,0,1,0.25148702,0.6564163,0.0920967
84,2,2,0.0013039582,0.003938076,0.99475795
85,1,1,0.09747744,0.75179905,0.15072352
86,1,0,0.51115894,0.47239515,0.016445883
87,0,0,0.996845,0.0031011908,5.3843494e-05
88,2,2,0.001108258,0.14544404,0.85344774
89,0,1,0.25859982,0.6904115,0.05098871
90,0,0,0.9636972,0.035986327,0.00031650742
91,2,2,0.00010452443,0.032403268,0.9674922
92,0,1,0.19108695,0.7226496,0.08626345
93,0,0,0.8887342,0.11016943,0.0010963964
94,0,0,0.7080712,0.28690916,0.005019701
95,0,0,0.99936557,0.0005926953,4.1729974e-05
96,1,0,0.5249312,0.46405858,0.011010234
97,1,1,0.36368555,0.60818845,0.028126055
98,0,0,0.9890677,0.010778964,0.00015338194
99,2,2,0.00018333807,0.06809198,0.93172467
100,1,1,0.23511176,0.70904464,0.055843636
101,0,0,0.9941325,0.005794934,7.256279e-05
102,1,2,0.0013159409,0.2578817,0.74080235
103,2,2,0.0001310044,0.04676022,0.9531088
104,0,1,0.16431442,0.7403617,0.095323905
105,1,1,0.22587547,0.67766225,0.09646225
106,1,1,0.00759035,0.497014,0.49539563
107,1,2,0.0072393995,0.47937497,0.51338565
108,0,0,0.94921744,0.050326418,0.00045617422
109,0,0,0.9692612,0.030543277,0.00019551524
110,1,1,0.080919355,0.7430805,0.17600016
111,0,0,0.8725485,0.12628025,0.0011712224
112,2,2,0.0011865835,0.20843184,0.79038155
113,1,2,0.00094659673,0.19846614,0.8005873
114,0,0,0.99836636,0.00158498,4.8681635e-05
115,1,2,0.0032077674,0.26728082,0.7295114
116,1,1,0.37935105,0.58677804,0.033870928
117,0,0,0.7145813,0.28082895,0.0045897868
118,0,0,0.5963546,0.39283836,0.010807042
119,0,0,0.9995319,0.00042527905,4.2810236e-05
120,0,0,0.972599,0.027217276,0.0001836815
121,1,0,0.5452271,0.44089106,0.013881869
122,0,0,0.9976172,0.0022519834,0.00013082814
123,2,1,0.05460929,0.72543025,0.21996045
124,1,0,0.8662145,0.13277364,0.0010118448
125,0,0,0.8445605,0.15369926,0.001740269
126,1,1,0.49286997,0.49387085,0.013259191
127,0,1,0.35178626,0.61889493,0.02931887
128,0,0,0.9993733,0.0005571359,6.955948e-05
129,2,2,0.0043373425,0.4002506,0.5954121
130,1,1,0.2791614,0.66986716,0.05097148
131,1,1,0.46940303,0.514274,0.016322963
132,1,1,0.44914863,0.5325305,0.018320935
133,1,1,0.20911734,0.71954954,0.07133315
134,1,2,0.0023563043,0.30706868,0.69057506
135,2,2,6.1732266e-05,0.0011657049,0.99877256
136,0,0,0.9162221,0.08318341,0.0005945269
137,1,1,0.039097756,0.64843625,0.31246606
138,0,0,0.99964064,0.00028970465,6.966856e-05
139,0,0,0.76044977,0.23612952,0.003420711
140,0,0,0.68134755,0.3135991,0.005053319
141,0,0,0.9029274,0.09623686,0.0008357248
142,0,0,0.8574666,0.14120533,0.001328129
143,0,0,0.9996223,0.00033704846,4.066226e-05
144,2,1,0.110391185,0.76570797,0.12390089
145,0,0,0.6968262,0.2987994,0.004374396
146,1,1,0.48501757,0.49854234,0.01644007
147,2,2,0.0004805151,0.14376488,0.8557546
148,0,0,0.99056786,0.00935559,7.656175e-05
149,0,1,0.42918977,0.55287206,0.017938145
150,2,1,0.06994561,0.76057625,0.16947812
151,2,1,0.027607355,0.61244607,0.35994658
152,1,1,0.02027828,0.58625484,0.3934669
153,1,1,0.041444883,0.6694795,0.28907567
154,2,2,0.0006178445,0.15674046,0.8426417
155,2,1,0.12074551,0.7361537,0.14310075
156,1,1,0.08694445,0.72547376,0.18758178
157,1,1,0.19495267,0.737439,0.06760834
158,1,0,0.7942637,0.20288436,0.0028519372
159,2,2,0.00018549462,0.04270896,0.9571056
160,1,1,0.044343505,0.7377093,0.2179472
161,0,1,0.49110082,0.49494693,0.01395225
162,1,0,0.4956153,0.49066928,0.013715415
163,0,0,0.99525535,0.0046626814,8.1942664e-05
164,0,0,0.8087654,0.18886988,0.0023646718
165,1,1,0.24441382,0.69603515,0.059550993
166,1,1,0.020269513,0.59715134,0.38257912
167,0,0,0.798365,0.19807924,0.0035557991
168,2,1,0.27365223,0.6602786,0.0660692
169,0,0,0.9912021,0.008645772,0.00015211746
170,0,0,0.62937033,0.36399078,0.006638971
171,1,0,0.53845584,0.44799384,0.013550371
172,0,0,0.9601044,0.039581954,0.00031364296
173,1,0,0.52880156,0.4561417,0.015056761
174,2,2,0.001075027,0.17002842,0.8288965
175,0,0,0.69953996,0.29610088,0.0043591945
176,1,1,0.028848186,0.63734174,0.3338101
177,0,1,0.3560121,0.61428046,0.029707454
178,1,0,0.7793941,0.21406206,0.006543877
179,0,0,0.671601,0.32276767,0.0056313435
180,1,1,0.17840217,0.75060856,0.07098933
181,2,1,0.014732457,0.55706245,0.42820504
182,0,0,0.997488,0.002456341,5.564314e-05
183,2,1,0.081962265,0.7105216,0.20751615
184,0,0,0.99932015,0.0006391334,4.073688e-05
185,0,0,0.99557775,0.0043536103,6.866284e-05
186,1,1,0.056967683,0.7492401,0.1937922
187,2,2,0.000304111,0.06946139,0.9302345
188,2,2,0.0111303795,0.44991428,0.53895533
189,0,0,0.98895764,0.010931604,0.00011077995
190,2,1,0.05261782,0.7235095,0.22387268
191,2,2,5.1382398e-05,0.0028520494,0.99709654
192,0,0,0.6644677,0.32963663,0.005895692
193,2,1,0.021956112,0.59342855,0.38461533
194,1,1,0.08262409,0.73975086,0.17762506
195,0,0,0.9062444,0.093141675,0.00061393087
196,1,1,0.07236041,0.73501897,0.19262068
197,0,1,0.267387,0.68153834,0.05107461
198,0,0,0.92839456,0.07075309,0.00085231964
199,2,2,0.00014354878,0.032799568,0.9670569
200,1,2,0.0026773051,0.30582392,0.69149876
201,2,2,7.332381e-05,0.014648259,0.9852784
202,0,0,0.59664476,0.39371502,0.009640296
203,0,0,0.57729334,0.4142754,0.0084312465
204,1,1,0.025238426,0.65022916,0.32453248
205,1,1,0.058163267,0.73725235,0.20458433
206,2,2,0.004563841,0.3727723,0.62266386
207,0,0,0.639889,0.35297495,0.0071360255
208,1,1,0.37683997,0.59141445,0.031745568
209,0,0,0.9995686,0.0003900219,4.142525e-05
210,1,1,0.060707174,0.7267823,0.21251051
211,1,2,0.006693726,0.45444474,0.5388616
212,0,0,0.9979769,0.0018334705,0.00018954839
213,1,1,0.21787784,0.72083104,0.061291173
214,1,1,0.15301906,0.76071286,0.08626808
215,1,2,0.0065813493,0.43971103,0.5537076
216,0,0,0.72747034,0.2673295,0.0052001677
217,0,0,0.99953175,0.00042555062,4.27134e-05
218,1,1,0.032094747,0.649911,0.31799424
219,0,0,0.9183025,0.081169754,0.00052779994
220,2,2,0.0051173093,0.39664093,0.5982418
221,0,0,0.9928051,0.007121399,7.34915e-05
222,0,0,0.9634982,0.036111444,0.00039038583
223,1,1,0.12192662,0.7518678,0.12620562
224,1,0,0.6335691,0.35820776,0.008223137
225,0,0,0.9643804,0.035314407,0.00030526106
226,1,1,0.2616341,0.69479954,0.043566316
227,2,2,7.0779526e-05,0.015121491,0.98480767
228,0,0,0.9986553,0.0012774456,6.723761e-05
229,1,1,0.022342,0.65620935,0.32144862
230,2,2,0.00031909623,0.094190314,0.9054906
231,1,0,0.7746092,0.22289746,0.0024933247
232,0,1,0.13644604,0.75196666,0.11158736
233,1,1,0.21117915,0.7173969,0.07142395
234,0,1,0.47755072,0.50588655,0.016562708
235,2,2,6.038298e-05,0.006294447,0.9936452
236,2,2,0.00013395004,0.052039843,0.9478262
237,1,2,0.000986414,0.17589277,0.82312083
238,0,0,0.6966019,0.2985684,0.0048296675
239,1,1,0.06627904,0.74122536,0.19249555
240,0,0,0.6019247,0.3831778,0.01489744
241,0,0,0.9919777,0.007930086,9.218216e-05
242,0,0,0.9933064,0.006608288,8.527801e-05
243,1,0,0.7933928,0.20446819,0.0021389357
244,1,1,0.23654929,0.7048162,0.05863452
245,0,0,0.934381,0.0651674,0.0004515072
246,0,0,0.98324025,0.016600328,0.00015948378
247,0,0,0.776103,0.2212388,0.0026581727
248,2,1,0.0604988,0.71547043,0.22403076
249,0,0,0.70370126,0.29094988,0.00534888
250,1,0,0.6549695,0.3395434,0.005487125
251,1,1,0.38358712,0.58958334,0.02682951
252,2,2,0.0025583985,0.23998608,0.7574555
253,0,0,0.86386204,0.13484894,0.0012890289
254,2,2,0.0011764973,0.17122835,0.8275952
255,0,0,0.9996851,0.00026411968,5.077274e-05
256,1,1,0.27560997,0.6831616,0.041228406
257,0,0,0.9891768,0.010734208,8.897862e-05
258,0,1,0.42794847,0.55177474,0.020276759
259,2,2,0.0020941999,0.28115317,0.71675265
260,2,2,0.00040263217,0.11528632,0.8843111
261,0,0,0.9050189,0.09402375,0.00095731125
262,0,0,0.99967974,0.00027952227,4.072434e-05
263,2,2,0.000101253696,0.02993836,0.9699604
264,0,0,0.84830695,0.15018466,0.0015083548
265,0,0,0.742867,0.2537672,0.0033657895
266,1,1,0.21654719,0.7146357,0.06881708
267,2,2,0.0009442956,0.15268803,0.84636766
268,2,2,0.00011539291,0.0019649244,0.9979197
269,0,0,0.96744007,0.032045003,0.00051495316
270,2,2,0.006317486,0.43639174,0.55729073
271,1,2,0.0049902834,0.41737083,0.5776389
272,0,1,0.035272326,0.67935634,0.28537133
273,0,0,0.959741,0.039938748,0.0003202514
274,2,2,0.00015894911,0.027184624,0.9726564
275,0,0,0.9964347,0.0035107236,5.4574964e-05
276,1,1,0.016961683,0.5720109,0.41102746
277,0,0,0.9996235,0.00033243158,4.40914e-05
278,0,0,0.91108096,0.08819537,0.00072366797
279,2,2,0.00015340219,0.038489386,0.96135724
280,0,1,0.14121476,0.76129663,0.09748861
281,2,2,4.79294e-05,0.0066338177,0.99331826
282,0,0,0.7631576,0.23391479,0.0029276079
283,1,0,0.59909636,0.39264432,0.008259257
284,0,0,0.858928,0.13979216,0.00127986
285,0,0,0.97259176,0.027255343,0.00015291056
286,1,0,0.97132325,0.028386282,0.0002904805
287,0,1,0.2746827,0.68771565,0.03760166
288,0,0,0.9646311,0.035042852,0.00032605292
289,1,0,0.63170564,0.36054265,0.0077517154
290,0,0,0.6118417,0.38150102,0.006657303
291,1,2,0.0024432295,0.32836986,0.66918695
292,1,0,0.5069502,0.4786178,0.014432017
293,1,1,0.014628477,0.57650924,0.40886232
294,1,2,0.009470876,0.42207026,0.5684589
295,2,1,0.023173597,0.6106373,0.36618912
296,0,0,0.9830688,0.016820781,0.00011037353
297,1,1,0.05523704,0.7356751,0.20908788
298,1,1,0.026354922,0.6355434,0.3381017
299,1,0,0.8490516,0.14930595,0.001642471
300,0,0,0.988543,0.011323865,0.00013318613
301,1,1,0.014033092,0.58504784,0.40091908
302,1,1,0.18334378,0.7322124,0.08444379
303,2,2,0.0020333654,0.25610828,0.74185836
304,0,0,0.9886186,0.011288518,9.288105e-05
305,0,0,0.9833554,0.016517244,0.00012740238
306,0,0,0.9953158,0.004586202,9.8008044e-05
307,0,0,0.9960257,0.0038928597,8.150618e-05
308,0,0,0.7804886,0.21707205,0.0024393112
309,1,1,0.0636398,0.74806243,0.18829781
310,1,1,0.17958085,0.72517025,0.095248856
311,2,2,7.575442e-05,0.0204892,0.979435
312,1,2,0.0023200912,0.2954774,0.70220256
313,2,1,0.039013155,0.6609593,0.30002755
314,0,0,0.9768027,0.022996219,0.00020103442
315,1,1,0.101727545,0.7605158,0.13775668
316,0,0,0.9573805,0.042276617,0.00034292435
317,1,0,0.83297974,0.1657076,0.0013127015
318,0,0,0.8960189,0.103204556,0.0007765411
319,2,2,0.00014394941,0.04263823,0.9572178
320,1,2,0.0037249518,0.266634,0.7296411
321,0,0,0.7564522,0.23983607,0.0037116718
322,0,0,0.6543317,0.33925465,0.0064137257
323,2,2,0.00054973067,0.083662614,0.91578764
324,1,1,0.15792307,0.75482833,0.08724861
325,1,1,0.40680283,0.5660373,0.027159907
326,0,0,0.9994832,0.0004599119,5.6881494e-05
327,1,1,0.115323775,0.73501575,0.14966047
328,0,0,0.69300497,0.30159187,0.005403172
329,0,0,0.9998278,0.00013146711,4.0734925e-05
330,1,1,0.04063022,0.69205654,0.26731324
331,0,0,0.911475,0.08720841,0.001316615
332,2,1,0.0761179,0.75513947,0.16874263
333,0,0,0.6214068,0.36724007,0.0113531565
334,2,1,0.04739847,0.70824915,0.24435239
335,0,0,0.7457264,0.25085276,0.0034209038
336,0,1,0.4484381,0.5336645,0.017897386
337,1,1,0.021310845,0.62443334,0.3542558
338,0,0,0.7791757,0.21779548,0.0030288626
339,2,2,0.0018359695,0.24835747,0.7498066
340,0,0,0.9568634,0.042778473,0.00035811868
341,2,2,0.000603057,0.13041893,0.868978
342,2,1,0.022368688,0.6378305,0.33980083
343,1,0,0.53247726,0.4562992,0.011223587
344,0,0,0.99141276,0.008471782,0.00011550443
345,2,1,0.025048593,0.65892273,0.3160287
346,2,2,0.0001788094,0.005871049,0.9939501
347,1,1,0.15388267,0.74408543,0.1020319
348,2,2,0.0011428983,0.22120285,0.77765423
349,2,2,0.00020366785,0.06381832,0.935978
350,0,0,0.6259634,0.36512464,0.008911982
351,1,1,0.043275353,0.69289637,0.26382828
352,0,0,0.78568196,0.21207964,0.0022384129
353,0,0,0.9769503,0.022821331,0.00022842361
354,0,0,0.99638075,0.0035057643,0.00011348935
355,1,1,0.18645398,0.67547953,0.13806647
356,2,2,9.664957e-05,0.014188369,0.985715
357,0,1,0.41174117,0.5645936,0.023665164
358,0,0,0.85120535,0.14743832,0.0013563733
359,1,1,0.3065892,0.65506077,0.03835006
360,1,1,0.24461277,0.7001033,0.055283964
361,1,1,0.042986695,0.6885209,0.26849237
362,1,1,0.2212588,0.7130541,0.06568714
363,1,1,0.08072035,0.7737187,0.14556096
364,2,1,0.009631751,0.50305974,0.48730853
365,1,1,0.35884923,0.60761625,0.033534545
366,1,1,0.38407454,0.59158003,0.024345394
367,0,0,0.9819136,0.017943554,0.00014278505
368,2,2,0.0015259011,0.21777996,0.7806941
369,1,1,0.2930662,0.6674467,0.03948714
370,1,1,0.23902997,0.6917526,0.06921742
371,1,1,0.055639774,0.6959439,0.24841633
372,2,2,8.006634e-05,0.010857977,0.98906195
373,0,0,0.99862736,0.0013290617,4.359044e-05
374,2,2,0.008975498,0.4891607,0.5018638
375,1,1,0.12983647,0.7638033,0.10636022
376,1,1,0.055961538,0.72638655,0.2176519
377,1,1,0.20807073,0.713938,0.07799131
378,1,1,0.28700668,0.6680935,0.044899866
379,1,1,0.088177755,0.7351488,0.17667344
380,1,2,0.008750407,0.49261856,0.49863106
381,0,0,0.7482705,0.24873191,0.002997579
382,0,0,0.94470406,0.054914765,0.00038116562
383,0,0,0.70433027,0.28968203,0.0059876926
384,0,0,0.84374857,0.15481907,0.0014323688
385,0,0,0.5096668,0.47627187,0.014061317
386,1,1,0.047064412,0.71736264,0.23557292
387,0,0,0.7189203,0.27723518,0.0038445808
388,1,2,0.0015563535,0.2499637,0.74847996
389,0,0,0.9988362,0.0011207897,4.2965446e-05
390,1,1,0.2750083,0.6795221,0.045469634
391,1,2,0.00482645,0.35860857,0.63656497
392,1,1,0.10004624,0.74212545,0.15782836
393,0,0,0.99441963,0.005501882,7.851268e-05
394,0,0,0.99645704,0.0034621614,8.084043e-05
395,0,1,0.061046608,0.75544655,0.18350688
396,1,1,0.4880127,0.49781364,0.014173651
397,1,0,0.7255794,0.26934537,0.005075259
398,2,2,0.00047503476,0.10829795,0.891227
399,0,0,0.5592735,0.43008173,0.010644836
400,0,0,0.99898535,0.00096974237,4.489741e-05
401,1,1,0.2822566,0.6774697,0.040273722
402,1,1,0.28610873,0.657353,0.05653826
403,0,0,0.5126916,0.4656193,0.021689076
404,0,0,0.9989892,0.0009691393,4.1672596e-05
405,1,1,0.058631923,0.6661297,0.2752384
406,0,0,0.96284413,0.036917496,0.00023836916
407,0,1,0.3052158,0.6539394,0.040844798
408,0,0,0.96783733,0.031950638,0.00021202792
409,0,0,0.5246805,0.4616061,0.013713426
410,0,0,0.9698501,0.029944703,0.00020517546
411,2,2,0.0040840423,0.37572312,0.6201929
412,2,2,0.00031308617,0.09814645,0.90154046
413,1,1,0.32537222,0.6338881,0.040739644
414,1,0,0.5870987,0.40343454,0.009466744
415,1,2,0.0037669782,0.305746,0.690487
416,1,1,0.06996046,0.75381327,0.17622624
417,0,0,0.99968415,0.00027531662,4.0548166e-05
418,2,1,0.016563242,0.4926324,0.49080434
419,0,0,0.99874794,0.0012069393,4.5130808e-05
420,0,1,0.22927076,0.7063837,0.06434553
421,2,2,0.007922647,0.43730092,0.55477643
422,0,0,0.774518,0.22250973,0.0029722573
423,1,1,0.10924296,0.75990164,0.13085537
424,2,2,0.00025994985,0.07687579,0.92286426
425,1,0,0.5332724,0.4565868,0.0101407785
426,0,0,0.70228505,0.2934261,0.0042888904
427,2,1,0.020016206,0.57756615,0.40241772
428,0,0,0.96546364,0.034304798,0.00023159423
429,0,0,0.91023123,0.08894369,0.0008250368
430,2,2,7.142718e-05,0.019046513,0.98088205
431,0,0,0.99972194,0.00023771253,4.03634e-05
432,2,2,0.0053748228,0.42039728,0.5742279
433,0,0,0.99924946,0.0007092156,4.1355426e-05
434,0,0,0.6683963,0.32592586,0.0056778556
435,1,1,0.0246624,0.5994719,0.37586573
436,0,1,0.24566142,0.7016869,0.052651726
437,2,2,0.0031672607,0.30960837,0.6872243
438,1,1,0.08862791,0.7242961,0.18707594
439,2,2,0.0014003005,0.15910405,0.83949566
440,1,1,0.024892746,0.6485065,0.32660073
441,0,0,0.7546807,0.24208033,0.0032389478
442,0,0,0.97184974,0.027920727,0.0002295639
443,1,1,0.36551607,0.60078907,0.033694874
444,0,0,0.99822754,0.0017232996,4.9185193e-05
445,0,0,0.9348353,0.064623274,0.00054135284
446,0,0,0.93506557,0.0644259,0.0005085356
447,0,0,0.8849212,0.11402651,0.001052334
448,0,0,0.98991215,0.009917391,0.00017046154
449,0,0,0.9985858,0.0013699273,4.423965e-05
450,1,1,0.4751061,0.5092036,0.01569035
451,2,1,0.40697426,0.56856465,0.02446112
452,0,1,0.46519196,0.5139203,0.020887721
453,1,1,0.4440726,0.53662795,0.019299446
454,0,0,0.9984234,0.0015021537,7.445543e-05
455,1,1,0.052185636,0.6461395,0.30167484
456,0,1,0.29634205,0.6646046,0.03905341
457,1,1,0.40067458,0.57743466,0.02189073
458,2,2,0.013886399,0.46738324,0.51873034
459,1,1,0.15318106,0.7302805,0.116538376
460,1,0,0.6673745,0.3263914,0.006234129
461,1,0,0.5079659,0.47675973,0.015274351
462,0,0,0.9959217,0.0040215156,5.6832974e-05
463,1,1,0.14116827,0.7371588,0.12167296
464,0,1,0.040721152,0.7200968,0.23918208
465,1,1,0.023092542,0.58486843,0.39203897
466,1,1,0.13780706,0.74233085,0.11986216
467,1,2,0.0054469705,0.37612444,0.6184286
468,1,1,0.046455443,0.68414015,0.26940444
469,1,0,0.6307661,0.3621483,0.007085598
470,2,1,0.060688242,0.74720025,0.19211149
471,1,0,0.523773,0.4624535,0.013773529
472,2,2,0.0005634739,0.087575376,0.9118612
473,0,0,0.99474144,0.0051981783,6.0412134e-05
474,0,0,0.7933097,0.20458487,0.002105473
475,1,1,0.27953738,0.6775045,0.04295814
476,0,0,0.9972205,0.0027268114,5.2733743e-05
477,1,2,0.0034262678,0.33469328,0.66188043
478,1,1,0.015247498,0.5679572,0.4167953
479,1,1,0.021002898,0.6332679,0.3457292
480,0,0,0.99962276,0.00033407047,4.3144602e-05
481,0,1,0.2265929,0.68921584,0.08419127
482,1,0,0.51425624,0.470358,0.015385724
483,2,2,0.0003226767,0.10597384,0.8937035
484,1,0,0.61033434,0.3825581,0.007107512
485,0,1,0.27439076,0.67323375,0.052375503
486,0,2,0.0003761872,0.11300955,0.88661426
487,2,2,0.0020403094,0.23099804,0.7669617
488,2,2,0.0020298916,0.22506231,0.77290785
489,0,1,0.22550875,0.714387,0.06010419
490,1,2,0.0030784097,0.26640788,0.73051375
491,1,0,0.5919523,0.39946684,0.008580844
492,0,0,0.543264,0.44392344,0.012812627
493,2,2,0.00035076865,0.08133364,0.9183156
494,0,1,0.3629653,0.60468155,0.032353155
495,0,0,0.86454105,0.13372695,0.0017319716
496,2,2,0.002583174,0.26809484,0.72932196
497,1,1,0.020779356,0.6132289,0.3659917
498,1,2,0.005234664,0.38810712,0.6066582
499,0,1,0.36661488,0.60183775,0.031547345
500,1,0,0.86204517,0.13671109,0.0012436917
501,0,0,0.63221425,0.36064118,0.007144558
502,2,2,5.354875e-05,0.0067326687,0.9932138
503,0,0,0.9773388,0.022526834,0.00013432461
504,0,0,0.8878921,0.11114616,0.00096176175
505,1,1,0.3074271,0.6474549,0.045118
506,0,0,0.7397102,0.2570309,0.0032589082
507,1,2,0.00863735,0.4571734,0.5341892
508,1,0,0.79883844,0.19900684,0.0021547934
509,1,1,0.028965395,0.68217945,0.2888551
510,1,1,0.032998335,0.65486705,0.3121346
511,2,2,0.00059186225,0.08067479,0.91873336
512,2,2,0.001891295,0.24129447,0.75681424
513,0,0,0.98933226,0.010569193,9.847566e-05
514,0,0,0.9969696,0.0029488276,8.157429e-05
515,1,1,0.32462317,0.627565,0.0478118
516,2,2,0.0013874245,0.25547087,0.7431417
517,0,0,0.60213,0.38910937,0.008760666
518,0,0,0.6549735,0.33905622,0.0059702457
519,1,1,0.23056823,0.7027267,0.06670507
520,0,0,0.95194197,0.047648538,0.00040951394
521,1,1,0.040129505,0.5973171,0.3625534
522,0,0,0.9966234,0.0028971857,0.00047939745
523,0,0,0.8849799,0.11359876,0.0014213112
524,0,0,0.84563214,0.15254289,0.0018249876
525,1,1,0.15550712,0.749284,0.09520886
526,2,2,0.00030861612,0.016462488,0.9832289
527,0,0,0.9899792,0.009912106,0.00010866288
528,0,1,0.16660374,0.73283947,0.10055677
529,0,0,0.9976944,0.0022268337,7.879697e-05
530,1,1,0.1521931,0.7241423,0.12366459
531,0,0,0.80656314,0.19144538,0.001991518
532,2,1,0.14440177,0.7455605,0.11003772
533,1,1,0.2077761,0.72566915,0.066554815
534,0,0,0.9994452,0.00050597975,4.882857e-05
535,1,1,0.033547886,0.64682233,0.31962985
536,0,1,0.35924518,0.6151972,0.025557633
537,0,1,0.4384699,0.54172367,0.019806439
538,1,2,0.011268055,0.48600155,0.5027304
539,2,2,6.078016e-05,0.0026715726,0.9972676
540,2,2,0.00092086114,0.20968433,0.7893948
541,2,2,0.0008003318,0.07490345,0.9242962
542,2,1,0.027138516,0.6543057,0.31855577
543,1,1,0.34915075,0.6216722,0.029177068
544,0,0,0.92905873,0.070055425,0.0008858149
545,1,1,0.116239004,0.7440131,0.13974796
546,1,1,0.30543834,0.65817964,0.03638202
547,0,0,0.5348042,0.45385176,0.011343991
548,1,2,0.0018105472,0.29158175,0.70660776
549,0,1,0.14199075,0.73088,0.12712924
550,0,0,0.89827365,0.10076836,0.00095804717
551,0,0,0.9974026,0.0025436294,5.376788e-05
552,2,2,0.00056161755,0.09150811,0.90793025
553,2,2,0.0003506714,0.05823898,0.94141036
554,0,0,0.99822474,0.0016898473,8.539669e-05
555,1,1,0.03004679,0.64169765,0.3282555
556,0,0,0.9993517,0.0006051675,4.3159947e-05
557,1,1,0.06012555,0.737248,0.20262645
558,1,0,0.8709878,0.12724392,0.0017683285
559,1,1,0.04739907,0.6820901,0.27051085
560,0,0,0.9234983,0.07580817,0.0006935531
561,1,1,0.18931274,0.6295125,0.18117484
562,2,2,0.000674865,0.064390205,0.9349349
563,2,1,0.07804318,0.7594735,0.16248333
564,2,2,0.00079157564,0.1266676,0.87254083
565,0,1,0.43404695,0.5454205,0.020532534
566,1,1,0.27212706,0.6768461,0.051026825
567,0,0,0.997944,0.001991779,6.4240965e-05
568,0,1,0.48590255,0.5017116,0.012385849
569,2,2,0.0039087674,0.36894506,0.6271462
570,0,1,0.3400579,0.6240669,0.035875283
571,1,0,0.5189905,0.46968958,0.011319903
572,1,1,0.21194676,0.7269751,0.061078195
573,0,0,0.98918766,0.010647313,0.0001650511
574,2,1,0.048508655,0.70700526,0.24448606
575,0,1,0.45325822,0.5203048,0.026436992
576,1,2,0.008944655,0.48580378,0.5052515
577,1,0,0.6332186,0.35989916,0.006882274
578,0,0,0.7577051,0.23875909,0.0035357792
579,0,0,0.88178694,0.11725904,0.0009540081
580,1,0,0.8047896,0.1927406,0.0024698642
581,1,1,0.20622788,0.72849643,0.06527575
582,1,1,0.087004825,0.7598989,0.15309629
583,2,2,0.003264936,0.3213781,0.6753569
584,2,2,0.006572595,0.45178068,0.5416467
585,0,0,0.9127628,0.08634672,0.0008904275
586,1,1,0.024709018,0.63781947,0.33747157
587,0,0,0.9951725,0.0046513546,0.0001761375
588,2,2,0.0008816352,0.21886015,0.78025824
589,0,0,0.945365,0.054266654,0.00036835688
590,2,2,0.00032236628,0.08550923,0.9141684
591,1,1,0.055084586,0.7368948,0.20802063
592,1,1,0.029680505,0.6792383,0.29108122
593,1,1,0.020988079,0.6388808,0.34013116
594,1,2,0.002359996,0.3260146,0.67162544
595,2,1,0.025547968,0.60556704,0.368885
596,0,1,0.33594003,0.6251753,0.03888467
597,0,0,0.6119467,0.3793689,0.00868441
598,0,0,0.643468,0.35156018,0.0049717845
599,0,0,0.9140144,0.08535113,0.0006343765
600,1,1,0.2852549,0.6756749,0.03907021
601,0,0,0.9996241,0.00033238728,4.355733e-05
602,0,0,0.98893535,0.010953409,0.00011116422
603,2,2,0.00026195167,0.09223642,0.90750164
604,1,1,0.2425786,0.6994735,0.057947896
605,0,0,0.9857604,0.0141196735,0.00011995289
606,0,0,0.86192614,0.13696468,0.0011092064
607,0,0,0.9889021,0.010996867,0.00010103489
608,0,0,0.9724722,0.027331444,0.00019634412
609,0,0,0.9215189,0.07766892,0.00081214414
610,2,2,0.0010530171,0.1759535,0.8229935
611,0,0,0.99662066,0.0033206765,5.8592992e-05
612,2,2,6.516495e-05,0.005897165,0.9940377
613,1,1,0.061198656,0.731907,0.20689437
614,0,0,0.87102425,0.12750658,0.0014691751
615,0,1,0.033601493,0.59403944,0.37235904
616,0,0,0.99773914,0.0022054482,5.545316e-05
617,0,0,0.9140254,0.085226536,0.0007480114
618,1,1,0.013181224,0.53363234,0.45318645
619,0,0,0.66154295,0.33181056,0.0066465125
620,1,1,0.2138454,0.703539,0.08261559
621,2,2,0.0024897575,0.29808518,0.6994251
622,0,0,0.9546866,0.04494675,0.00036668242
623,2,2,6.760343e-05,0.012112164,0.98782027
624,1,1,0.016743667,0.505548,0.4777084
625,0,0,0.9885045,0.011401448,9.40511e-05
626,1,1,0.29043937,0.66429085,0.045269802
627,0,1,0.39889848,0.56561315,0.035488404
628,2,2,5.318907e-05,0.0054839645,0.99446285
629,0,0,0.9979269,0.002005523,6.759577e-05
630,0,0,0.8443131,0.1542864,0.0014005575
631,2,2,0.00019656208,0.0038627142,0.99594074
632,2,1,0.015108077,0.52897805,0.4559138
633,0,1,0.3448456,0.6210658,0.03408866
634,1,2,0.0073079104,0.48430616,0.50838596
635,0,1,0.46588153,0.51832527,0.01579322
636,0,0,0.8389746,0.15934142,0.001683946
637,0,0,0.9580344,0.04165601,0.00030960861
638,2,1,0.14998971,0.73689675,0.11311354
639,1,2,0.001242458,0.25051892,0.7482386
640,0,0,0.7713567,0.22617806,0.0024652705
641,0,0,0.8527378,0.145212,0.0020502126
642,1,0,0.5216514,0.46364328,0.014705314
643,1,1,0.40984696,0.5634313,0.02672173
644,0,1,0.1610541,0.72701186,0.11193405
645,1,1,0.13524355,0.75256664,0.11218983
646,2,2,0.000110839756,0.03628534,0.96360385
647,0,1,0.4374347,0.5418372,0.02072813
648,0,1,0.4636202,0.5221703,0.014209492
649,0,0,0.8751682,0.1233235,0.001508319
650,2,2,0.00018197534,0.0017923368,0.9980257
651,0,0,0.99814504,0.0018055679,4.940324e-05
652,2,1,0.012909781,0.5067333,0.48035693
653,1,2,0.0031088353,0.31410092,0.6827903
654,2,2,0.0001420615,0.05411751,0.94574046
655,1,1,0.33105117,0.63493687,0.03401193
656,0,0,0.85771567,0.14092319,0.0013611608
657,1,1,0.03931831,0.69118816,0.26949358
658,0,1,0.3296806,0.6367744,0.033545006
659,1,1,0.047056317,0.7308611,0.2220826
660,1,1,0.2847504,0.6713406,0.04390901
661,2,2,0.0001558361,0.046801854,0.9530423
662,1,1,0.28633645,0.67688906,0.036774524
663,0,0,0.58374804,0.4062244,0.010027522
664,1,0,0.5065644,0.4796672,0.013768447
665,2,2,9.241744e-05,0.0023609053,0.9975467
666,1,1,0.2047959,0.719458,0.075746104
667,2,2,0.0010168811,0.15530904,0.84367406
668,1,1,0.2606312,0.67997694,0.05939187
669,0,0,0.5988959,0.39087147,0.010232616
670,1,1,0.42816785,0.55143744,0.020394728
671,0,0,0.831329,0.16632032,0.002350743
672,1,1,0.16546142,0.7458898,0.088648796
673,0,0,0.9918547,0.008072004,7.324727e-05
674,0,0,0.796633,0.20072928,0.002637724
675,0,0,0.84641933,0.15223268,0.0013480327
676,2,2,0.00037035794,0.0773173,0.9223124
677,0,0,0.5278074,0.45890874,0.013283854
678,0,1,0.28138006,0.6793105,0.039309464
679,0,0,0.9870608,0.012833924,0.00010520891
680,0,0,0.94037706,0.058971863,0.00065109273
681,0,0,0.9575828,0.042091258,0.0003259771
682,1,1,0.11116345,0.7492576,0.1395789
683,2,2,0.00014093783,0.03198405,0.967875
684,1,1,0.12268217,0.7580321,0.11928573
685,0,0,0.9983947,0.0015581514,4.7168214e-05
686,1,1,0.043046452,0.6875154,0.26943815
687,1,0,0.901685,0.0973094,0.0010056065
688,0,0,0.9010162,0.098056726,0.00092710205
689,2,2,0.0001005393,0.024011364,0.9758881
690,1,1,0.2843329,0.66617703,0.04949007
691,0,0,0.8998465,0.0994027,0.00075082754
692,0,0,0.9992176,0.00074038433,4.19824e-05
693,0,0,0.73683596,0.25918865,0.0039753905
694,0,0,0.6463264,0.34736884,0.0063047586
695,1,1,0.044016674,0.6938235,0.26215985
696,0,0,0.69504887,0.30018052,0.004770664
697,1,0,0.70800304,0.2872851,0.004711873
698,0,1,0.04007414,0.68445015,0.27547577
699,1,1,0.12763216,0.76964426,0.10272363
700,0,0,0.9743868,0.025384,0.00022917952
701,0,0,0.99952006,0.00043576592,4.419592e-05
702,0,0,0.90272,0.09660142,0.00067858736
703,0,0,0.9701649,0.029648043,0.00018707805
704,0,0,0.92662644,0.072872736,0.0005007501
705,1,2,0.00564165,0.45297742,0.54138094
706,2,2,0.003146355,0.3520873,0.64476633
707,1,1,0.165247,0.7379187,0.0968343
708,1,1,0.05987393,0.7388508,0.20127529
709,1,1,0.33685935,0.6307927,0.032347955
710,1,1,0.48313835,0.5021529,0.014708757
711,0,0,0.9543872,0.045271758,0.00034105484
712,1,1,0.037011802,0.7190052,0.24398296
713,2,2,7.050212e-05,0.00833462,0.9915949
714,2,2,0.00025953498,0.07754397,0.9221965
715,1,0,0.50397146,0.48241746,0.013611118
716,2,2,5.5909488e-05,0.0026732916,0.9972708
717,1,1,0.13114196,0.7639075,0.10495056
718,2,1,0.043270648,0.7352484,0.22148097
719,0,0,0.94201016,0.05754444,0.0004453645
720,1,0,0.514403,0.4741966,0.011400402
721,2,2,0.00081576785,0.13598493,0.86319935
722,0,1,0.45567316,0.52975523,0.014571602
723,0,1,0.27147526,0.6621437,0.06638105
724,0,0,0.6693707,0.32528606,0.005343243
725,1,0,0.5440038,0.44220412,0.013792144
726,2,1,0.06325433,0.75320613,0.18353948
727,2,2,0.0004710803,0.1262951,0.8732338
728,1,1,0.023874603,0.63937426,0.33675116
729,0,0,0.83243054,0.1655201,0.002049405
730,0,0,0.9554699,0.044125766,0.00040436568
731,2,2,0.001515876,0.21249425,0.7859899
732,2,2,6.9340866e-05,0.008067641,0.991863
733,1,1,0.04071013,0.721092,0.23819788
734,0,0,0.9934446,0.0064835967,7.179624e-05
735,2,2,6.870261e-05,0.005165564,0.99476576
736,1,1,0.039121535,0.676619,0.28425953
737,0,1,0.027063716,0.6877766,0.28515965
738,1,1,0.1786062,0.73811924,0.08327457
739,0,0,0.9993921,0.0005530908,5.483664e-05
740,1,1,0.03237793,0.6443056,0.32331643
741,0,0,0.9995256,0.0004330956,4.132403e-05
742,2,2,0.0019089549,0.27854773,0.71954334
743,0,0,0.9989491,0.0010081712,4.273949e-05
744,2,2,9.170377e-05,0.0014038471,0.99850446
745,0,0,0.6142653,0.37624788,0.009486822
746,0,0,0.99386144,0.0060757427,6.2794556e-05
747,1,0,0.6038301,0.38760012,0.008569811
748,1,1,0.009382517,0.50359625,0.4870213
749,1,1,0.02808262,0.65289015,0.31902722
750,1,1,0.04622181,0.70148724,0.25229096
751,0,0,0.87315744,0.12549822,0.0013443246
752,0,0,0.8839951,0.114895836,0.0011090415
753,0,1,0.29992434,0.6582856,0.041790087
754,0,0,0.99888885,0.0010605716,5.062002e-05
755,0,0,0.55097115,0.43646446,0.012564443
756,0,0,0.99938166,0.00057782367,4.054565e-05
757,2,2,0.00059072,0.106350005,0.89305925
758,1,1,0.42246026,0.5522467,0.02529307
759,1,0,0.7315671,0.26422113,0.004211863
760,0,0,0.8953452,0.10361402,0.0010407595
761,1,1,0.13700399,0.7542741,0.10872198
762,1,1,0.086466596,0.7455905,0.16794293
763,1,1,0.17789547,0.7439403,0.07816422
764,0,0,0.9423153,0.057132006,0.0005527076
765,0,1,0.34585208,0.62400496,0.030142942
766,0,0,0.9206097,0.07868557,0.0007047438
767,1,2,0.0005407442,0.14861906,0.8508402
768,1,2,0.005294978,0.44720417,0.54750085
769,1,1,0.14582255,0.75393623,0.100241184
770,2,1,0.03557672,0.6870151,0.2774082
771,0,0,0.9831546,0.01671852,0.0001268939
772,1,1,0.045210555,0.7297764,0.2250131
773,0,0,0.9996576,0.0003018925,4.0519666e-05
774,1,1,0.06383336,0.72743136,0.20873532
775,2,2,0.007419899,0.44700232,0.5455778
776,0,0,0.9274861,0.072038926,0.000474987
777,1,1,0.1856808,0.7222785,0.09204069
778,2,1,0.07603896,0.742491,0.18147005
779,0,0,0.92553055,0.07366531,0.00080415
780,0,0,0.9823245,0.017497541,0.00017798436
781,0,0,0.88948894,0.10900481,0.0015063207
782,1,1,0.17813525,0.7324458,0.08941902
783,0,0,0.9985846,0.0013630467,5.227716e-05
784,1,1,0.042674236,0.63314974,0.324176
785,1,1,0.40779525,0.56178147,0.030423352
786,0,0,0.9751796,0.02464218,0.00017824498
787,0,0,0.87681395,0.12183376,0.0013522909
788,0,0,0.6965858,0.29138726,0.012026963
789,0,0,0.9494373,0.05010539,0.0004572662
790,1,0,0.8801664,0.11879057,0.0010430191
791,1,1,0.3115831,0.64942276,0.03899418
792,2,2,0.0015556979,0.1557798,0.84266454
793,0,0,0.9995649,0.00039496992,4.0180395e-05
794,2,2,5.047144e-05,0.0020094507,0.99794006
795,2,2,0.0035131238,0.2278013,0.7686856
796,2,2,0.00037631384,0.0874688,0.91215485
797,1,1,0.27116355,0.6798187,0.049017772
798,0,0,0.50228065,0.48241016,0.0153092155
799,0,1,0.41090253,0.5680619,0.021035563
800,1,1,0.40057582,0.56552863,0.03389559
801,2,2,5.1198265e-05,0.0042787706,0.99567
802,0,1,0.3391859,0.628794,0.03202017
803,2,2,0.0012721875,0.22188133,0.77684647
804,1,1,0.17389123,0.73385674,0.09225206
805,0,0,0.9993829,0.0005758829,4.1216375e-05
806,1,1,0.16190332,0.7594143,0.0786824
807,0,1,0.32474682,0.63715255,0.03810063
808,1,0,0.63517165,0.35299414,0.011834191
809,0,0,0.93215656,0.06738815,0.0004552108
810,1,1,0.43167466,0.54559046,0.022734877
811,0,0,0.9509482,0.048341896,0.0007099439
812,0,0,0.81531906,0.18258281,0.002098136
813,1,1,0.04219271,0.66695213,0.29085514
814,0,0,0.8565836,0.14179194,0.0016244573
815,0,0,0.7480202,0.24636342,0.0056164004
816,2,2,0.00091822015,0.16053163,0.83855015
817,0,0,0.6557435,0.3387984,0.005458191
818,0,0,0.96152675,0.038103465,0.00036976134
819,0,1,0.34241983,0.6212157,0.03636446
820,0,0,0.787878,0.20977627,0.0023457874
821,0,0,0.5860801,0.40501946,0.008900481
822,1,1,0.011336287,0.49684745,0.49181625
823,0,0,0.99667054,0.0032739835,5.5465636e-05
824,1,1,0.026727526,0.67145634,0.3018162
825,2,1,0.14633086,0.75547975,0.09818939
826,0,0,0.89118445,0.10784109,0.0009744784
827,1,0,0.5301732,0.46001637,0.009810497
828,2,2,0.0006745466,0.11897302,0.8803525
829,2,2,9.4293806e-05,0.009081012,0.9908247
830,0,0,0.7484139,0.24871492,0.0028711827
831,1,1,0.35177392,0.61714077,0.031085286
832,0,0,0.5795244,0.411474,0.009001667
833,0,0,0.9175786,0.08172248,0.00069897575
834,0,0,0.9804709,0.019237578,0.00029151002
835,1,1,0.039035484,0.7023462,0.25861832
836,0,1,0.18692774,0.7012455,0.11182677
837,1,1,0.052819386,0.72544956,0.22173107
838,0,0,0.97174436,0.028088996,0.0001666789
839,1,1,0.019367984,0.6413591,0.33927295
840,1,1,0.35770255,0.61118627,0.031111185
841,1,0,0.9504743,0.04890719,0.0006184289
842,0,1,0.40595877,0.56838804,0.025653176
843,1,1,0.062604845,0.74854964,0.18884553
844,0,0,0.9945535,0.0053816405,6.487198e-05
845,0,0,0.8547372,0.14385018,0.001412657
846,1,1,0.085329846,0.7614689,0.15320128
847,1,0,0.78832626,0.20869735,0.0029764068
848,2,2,4.7796493e-05,0.003374265,0.9965779
849,1,1,0.020014327,0.60626554,0.3737201
850,0,0,0.95876664,0.040816568,0.00041680963
851,0,0,0.89187527,0.10706554,0.0010592132
852,0,1,0.47087744,0.5109978,0.018124804
853,2,2,0.0003971876,0.103062205,0.89654064
854,0,0,0.9500134,0.049642004,0.0003445449
855,0,0,0.99565387,0.0042568194,8.932476e-05
856,1,1,0.01457934,0.58876944,0.39665124
857,0,0,0.9327293,0.06672747,0.0005432404
858,1,1,0.14828661,0.74146366,0.11024973
859,0,0,0.529677,0.4569635,0.013359529
860,1,1,0.26090622,0.69289863,0.04619518
861,0,0,0.8930348,0.10584445,0.0011206287
862,0,0,0.867187,0.1310166,0.001796367
863,2,2,0.0002724502,0.08383635,0.9158912
864,0,0,0.99959713,0.00036101407,4.1846328e-05
865,2,2,0.00011259508,0.038870506,0.9610169
866,0,0,0.6488043,0.34570628,0.0054894085
867,0,0,0.628302,0.36503246,0.006665593
868,1,1,0.17125678,0.74096787,0.08777541
869,2,1,0.0095961,0.5637898,0.4266141
870,1,0,0.5038742,0.47945452,0.016671302
871,0,0,0.9969879,0.0028888036,0.0001233449
872,0,0,0.62754124,0.3651797,0.007279112
873,1,0,0.6845736,0.31007916,0.0053472454
874,2,2,0.00044627074,0.13248387,0.86706984
875,2,2,0.009303705,0.48319516,0.5075012
876,0,0,0.78159785,0.21571688,0.002685234
877,0,0,0.946905,0.05274246,0.00035250088
878,0,0,0.50988835,0.4763123,0.013799387
879,1,1,0.39285788,0.58033943,0.026802659
880,0,0,0.9985659,0.0013841126,4.998768e-05
881,0,0,0.9997312,0.00022790609,4.090056e-05
882,2,2,0.00079311663,0.16732374,0.83188313
883,0,0,0.9996627,0.00029731626,4.0010535e-05
884,0,1,0.42493027,0.5564488,0.0186209
885,0,0,0.9730984,0.026644938,0.00025668868
886,2,2,0.00025410554,0.0018750685,0.9978708
887,1,1,0.20416038,0.72982407,0.06601557
888,2,2,0.0052065374,0.33001298,0.6647805
889,1,1,0.21735056,0.70851046,0.074138984
890,1,1,0.10071091,0.74761724,0.15167184
891,1,1,0.05525905,0.63161856,0.3131224
892,1,0,0.6689842,0.3238414,0.00717442
893,1,1,0.04922898,0.7209481,0.22982293
894,2,2,0.00010434749,0.033738274,0.9661573
895,1,1,0.23936537,0.7021201,0.05851454
896,2,2,7.189632e-05,0.0074391942,0.9924889
897,2,1,0.18728559,0.7278883,0.08482618
898,2,2,0.0002381892,0.07391164,0.92585015
899,1,2,0.0046532117,0.4292285,0.56611824
900,0,0,0.96666574,0.03301117,0.0003231131
901,0,1,0.39557892,0.5788844,0.025536671
902,1,0,0.7250928,0.2711163,0.0037909236
903,1,1,0.0526678,0.6663732,0.28095898
904,1,0,0.73868644,0.2569648,0.0043487707
905,1,2,0.0040326337,0.36750054,0.62846684
906,0,0,0.8901835,0.10888341,0.0009330919
907,1,1,0.09350425,0.7507269,0.15576884
908,0,0,0.89142346,0.10703238,0.0015440607
909,1,1,0.018070906,0.528064,0.45386505
910,2,2,0.000233993,0.07814708,0.92161894
911,1,1,0.060245052,0.7348435,0.2049115
912,1,1,0.4869805,0.4994345,0.013585019
913,0,0,0.9816391,0.018158365,0.00020253212
914,1,1,0.2499277,0.69657296,0.05349937
915,0,1,0.15446602,0.76737565,0.07815831
916,0,0,0.99666214,0.0032827053,5.5083314e-05
917,0,0,0.9994143,0.0005426429,4.3091426e-05
918,1,1,0.107854664,0.7389464,0.15319896
919,2,1,0.22799228,0.6989455,0.073062256
920,2,1,0.049900874,0.72863483,0.22146428
921,2,2,6.91147e-05,0.009147747,0.99078315
922,2,2,5.50986e-05,0.009240173,0.9907047
923,0,0,0.6993492,0.29472527,0.0059255487
924,0,0,0.9996146,0.00034483158,4.0609804e-05
925,0,0,0.93380535,0.0656583,0.0005363006
926,1,1,0.054742616,0.75351965,0.19173773
927,0,0,0.9155524,0.083869115,0.00057856267
928,0,0,0.9032079,0.09591291,0.0008791691
929,1,0,0.5323646,0.45589298,0.0117424205
930,0,0,0.9383198,0.06121368,0.000466511
931,2,2,0.0016208435,0.23652923,0.76184994
932,2,1,0.015805772,0.5789686,0.40522566
933,0,0,0.9997903,0.00016881646,4.087029e-05
934,1,2,0.010012776,0.48574328,0.5042439
935,0,0,0.9726916,0.027053867,0.00025453762
936,0,0,0.51350313,0.4736648,0.012832057
937,2,2,0.000574606,0.1492439,0.85018146
938,0,0,0.99402493,0.005878001,9.710258e-05
939,0,1,0.19476806,0.7294427,0.075789265
940,0,0,0.9988636,0.0010949905,4.1451436e-05
941,0,1,0.4868803,0.4986262,0.014493512
942,0,1,0.047465947,0.6948044,0.25772974
943,2,2,0.0024470151,0.29505408,0.7024989
944,0,0,0.9915967,0.008302491,0.000100797864
945,2,2,0.00823449,0.46976894,0.5219966
946,2,2,0.0010807592,0.19608405,0.8028352
947,0,0,0.9982308,0.0017154925,5.3721204e-05
948,1,1,0.2508245,0.69023526,0.05894026
949,0,0,0.9497037,0.049817257,0.00047901933
950,0,0,0.9767922,0.023053382,0.00015438988
951,0,1,0.36722982,0.60287714,0.029893026
952,1,1,0.08526105,0.76848376,0.14625524
953,1,2,0.0017872757,0.22892308,0.7692896
954,0,0,0.98307586,0.016748765,0.00017531046
955,2,1,0.015491728,0.52687037,0.4576379
956,2,1,0.112974375,0.7533444,0.13368118
957,0,0,0.9898971,0.009983222,0.00011971148
958,1,2,0.0012024342,0.23709553,0.761702
959,2,2,4.3736014e-05,0.0022064107,0.99774987
960,2,2,0.018989628,0.48978645,0.49122393
961,0,0,0.7656386,0.23141289,0.0029485575
962,0,0,0.6656465,0.3273554,0.0069981175
963,2,2,5.8171267e-05,0.010103276,0.9898386
964,0,0,0.97725284,0.022568634,0.00017845996
965,0,0,0.8954079,0.10333225,0.0012597509
966,1,2,0.012368506,0.45929006,0.5283414
967,1,1,0.40292147,0.5717643,0.025314175
968,0,0,0.7418162,0.25515825,0.003025532
969,1,1,0.45564997,0.52625704,0.018092997
970,1,1,0.07309642,0.75360996,0.17329362
971,0,0,0.99955314,0.00037702633,6.982945e-05
972,0,0,0.9996416,0.00030137406,5.7013545e-05
973,1,1,0.33743304,0.6329182,0.02964885
974,2,2,0.00992409,0.4712557,0.5188202
975,1,2,0.002274359,0.25328118,0.7444445
976,1,1,0.08416684,0.7516042,0.16422898
977,0,0,0.9986342,0.0013228708,4.2934804e-05
978,0,0,0.9997623,0.00019635484,4.136837e-05
979,2,2,0.0006516065,0.10826366,0.89108473
980,0,0,0.99647224,0.0034659647,6.181337e-05
981,0,0,0.90423256,0.09508686,0.0006805942
982,0,0,0.9825822,0.017308475,0.00010934127
983,2,2,0.0064461976,0.42233273,0.57122105
984,2,2,5.045799e-05,0.0035854976,0.99636406
985,0,0,0.989412,0.010491601,9.638286e-05
986,2,2,7.230084e-05,0.0043138857,0.9956138
987,0,0,0.9645678,0.035114355,0.00031789826
988,1,1,0.35012856,0.6077577,0.042113792
989,0,0,0.99841416,0.001540707,4.5096444e-05
990,0,0,0.7377775,0.25573844,0.006484098
991,2,2,7.3110234e-05,0.016807532,0.98311937
992,0,0,0.9996838,0.0002745075,4.1740877e-05
993,1,1,0.0990916,0.7482756,0.1526328
994,0,0,0.8409728,0.15735276,0.0016744782
995,1,0,0.50671554,0.478777,0.014507497
996,0,0,0.8207253,0.1768212,0.002453399
997,0,0,0.99377537,0.0061496072,7.501904e-05
998,1,1,0.03141223,0.6562478,0.31233996
999,1,1,0.084421605,0.7728836,0.14269482
1000,1,1,0.20988157,0.7274959,0.06262253
1001,1,1,0.06393496,0.7118289,0.2242362
1002,0,0,0.99947596,0.00047742002,4.666032e-05
1003,0,0,0.5309048,0.45290256,0.016192608
1004,0,0,0.9971565,0.0027837818,5.973269e-05
1005,1,1,0.014190208,0.57510406,0.41070575
1006,0,0,0.5873203,0.40306038,0.009619279
1007,2,2,0.00013258931,0.02966847,0.9701989
1008,2,2,6.699867e-05,0.0124773,0.9874557
1009,1,1,0.097911544,0.7757223,0.12636614
1010,0,0,0.99887717,0.0010783197,4.4525026e-05
1011,1,0,0.6868963,0.3060559,0.0070477766
1012,2,1,0.15302078,0.71764797,0.12933128
1013,1,1,0.15616244,0.75623184,0.087605715
1014,2,2,0.0015208602,0.18942538,0.8090538
1015,0,1,0.2860972,0.6636363,0.050266493
1016,2,2,0.0020932565,0.33808947,0.65981734
1017,0,1,0.33766133,0.62483025,0.03750842
1018,0,0,0.6927438,0.30311236,0.004143888
1019,2,1,0.025071554,0.6410371,0.3338913
1020,0,0,0.9984581,0.0014719634,6.999097e-05
1021,2,2,0.00023208465,0.057169463,0.94259846
1022,1,1,0.017871793,0.5930507,0.3890775
1023,1,1,0.017960653,0.57929486,0.40274453
1024,1,1,0.41402897,0.56248426,0.023486821
1025,2,2,0.00391277,0.3241119,0.6719754
1026,0,0,0.9894295,0.010457865,0.000112654874
1027,0,1,0.012449395,0.5537011,0.43384948
1028,1,1,0.019653141,0.6527712,0.3275757
1029,2,2,0.007857533,0.4910047,0.50113773
1030,0,0,0.7105619,0.28450358,0.004934529
1031,1,1,0.20432435,0.73957616,0.056099493
1032,0,0,0.9986627,0.0012928918,4.4429835e-05
1033,2,2,0.0011277737,0.14907916,0.8497931
1034,1,1,0.18922673,0.73767114,0.07310209
1035,0,0,0.93656087,0.062393807,0.0010453375
1036,1,0,0.696821,0.2981329,0.00504612
1037,1,1,0.021835735,0.6105513,0.36761296
1038,2,1,0.022253565,0.6459296,0.3318169
1039,0,0,0.9972997,0.0026478146,5.2535026e-05
1040,0,0,0.77919734,0.21843833,0.002364347
1041,1,1,0.22560768,0.6814417,0.092950635
1042,1,1,0.011842817,0.516775,0.47138214
1043,1,1,0.44095185,0.5402294,0.018818704
1044,0,0,0.99883205,0.0008901649,0.00027784225
1045,0,0,0.96332,0.03643749,0.0002425063
1046,1,1,0.18977481,0.7356559,0.074569315
1047,2,1,0.018238157,0.57104623,0.4107156
1048,1,1,0.05597902,0.68548405,0.25853693
1049,0,1,0.4617573,0.5150311,0.023211632
1050,0,0,0.9088414,0.09039037,0.00076825
1051,2,2,0.0067731715,0.47611886,0.51710796
1052,0,0,0.5650281,0.4254068,0.009565155
1053,0,0,0.99624616,0.0036895925,6.425421e-05
1054,2,1,0.021446984,0.64198816,0.33656484
1055,0,0,0.68330306,0.31152317,0.005173797
1056,2,2,0.0018125386,0.2570158,0.7411717
1057,2,1,0.022534443,0.56944656,0.40801904
1058,0,0,0.84816784,0.14978829,0.002043831
1059,0,1,0.3282612,0.6385739,0.033164956
1060,0,0,0.9971983,0.002752727,4.8984148e-05
1061,0,1,0.41108856,0.56806284,0.020848606
1062,0,0,0.93817735,0.061197307,0.0006253775
1063,0,0,0.99935246,0.0006031457,4.4397144e-05
1064,1,1,0.11493555,0.764658,0.12040651
1065,0,0,0.9994563,0.00049948774,4.4237866e-05
1066,1,1,0.055243753,0.7113104,0.23344587
1067,2,2,0.0007480645,0.17851597,0.82073593
1068,0,0,0.994359,0.0055360203,0.00010499944
1069,0,0,0.6697424,0.32516474,0.0050928514
1070,0,0,0.74437726,0.2518049,0.0038178312
1071,0,0,0.90044415,0.09680303,0.0027528522
1072,1,1,0.16005819,0.72515255,0.114789315
1073,0,1,0.2189201,0.7110827,0.06999726
1074,0,0,0.9468883,0.05274283,0.00036882967
1075,1,1,0.1010874,0.75442076,0.14449187
1076,1,0,0.67092276,0.32285586,0.006221395
1077,2,2,0.0028418854,0.2920106,0.7051475
1078,0,0,0.9949224,0.0050079823,6.9589885e-05
1079,1,1,0.16042301,0.72863275,0.11094423
1080,0,0,0.9015051,0.097766295,0.0007285834
1081,2,2,0.0026313846,0.2976324,0.69973624
1082,0,0,0.56682605,0.4243569,0.008817061
1083,0,1,0.02809574,0.6306621,0.34124216
1084,2,2,5.426715e-05,0.0017883109,0.99815744
1085,2,1,0.011863917,0.5541568,0.43397933
1086,0,0,0.9854495,0.014455286,9.5229545e-05
1087,1,1,0.018350981,0.601298,0.3803511
1088,1,1,0.21189564,0.72168976,0.06641463
1089,0,0,0.6835716,0.31101367,0.0054147425
1090,1,0,0.6247971,0.36587933,0.009323597
1091,0,0,0.6053068,0.38302326,0.011669938
1092,1,1,0.16832475,0.7380733,0.09360201
1093,2,1,0.23730472,0.7049511,0.05774422
1094,0,0,0.9891871,0.010725535,8.73649e-05
1095,1,1,0.17059529,0.74508965,0.08431505
1096,0,1,0.30982655,0.650487,0.039686512
1097,0,0,0.99645895,0.003486852,5.4198597e-05
1098,2,2,0.00014541668,0.042798996,0.95705557
1099,2,2,0.0006971296,0.11152887,0.887774
1100,0,0,0.98959243,0.010164337,0.0002432561
1101,2,1,0.10176311,0.7515855,0.14665139
1102,1,1,0.27748662,0.6307059,0.09180757
1103,0,0,0.96047515,0.039165698,0.00035919755
1104,1,1,0.10946167,0.7469885,0.14354987
1105,0,0,0.9997601,0.00019973991,4.0171122e-05
1106,1,1,0.14051875,0.7537807,0.10570054
1107,1,1,0.14875105,0.7527783,0.09847067
1108,1,1,0.3287051,0.63543385,0.03586103
1109,0,1,0.26520807,0.6943165,0.040475436
1110,1,1,0.23965244,0.7045666,0.055780962
1111,2,1,0.08912215,0.7471648,0.16371307
1112,2,2,0.00014709811,0.022663234,0.97718966
1113,1,1,0.33909267,0.6308114,0.030095939
1114,1,2,0.0041300133,0.39270568,0.6031643
1115,1,1,0.09637492,0.74451065,0.15911439
1116,0,0,0.9500017,0.049519807,0.00047838708
1117,0,1,0.3362837,0.63025826,0.033458006
1118,2,1,0.0657225,0.71592647,0.21835107
1119,0,0,0.9979956,0.0019569746,4.7416568e-05
1120,1,1,0.41987753,0.5555593,0.024563165
1121,0,0,0.5683944,0.42038712,0.011218458
1122,1,0,0.79929316,0.1985236,0.002183229
1123,0,0,0.99091804,0.0089669265,0.00011502566
1124,1,1,0.008620235,0.51783943,0.47354037
1125,0,0,0.9792818,0.020587329,0.00013089346
1126,1,1,0.18119386,0.72862756,0.0901786
1127,1,1,0.081342794,0.7271228,0.19153447
1128,1,0,0.8316273,0.16586986,0.0025028454
1129,0,1,0.37477925,0.5883841,0.036836624
1130,0,0,0.99966866,0.0002891353,4.2189975e-05
1131,0,0,0.96061003,0.039135147,0.00025475197
1132,0,0,0.65224695,0.34077045,0.006982562
1133,0,0,0.76501507,0.22988348,0.0051015024
1134,2,2,0.00019133101,0.010230242,0.9895784
1135,1,1,0.16878326,0.7320411,0.0991756
1136,2,2,0.00019469744,0.002494332,0.997311
1137,1,1,0.018401865,0.59572375,0.3858744
1138,2,2,0.0037848246,0.39320892,0.60300624
1139,0,0,0.88082445,0.1181459,0.0010296854
1140,1,2,0.00014718242,0.040078986,0.95977384
1141,0,0,0.7035464,0.29226375,0.0041898475
1142,0,0,0.74765456,0.24915713,0.0031883414
1143,2,2,0.00015145639,0.053349454,0.9464991
1144,0,0,0.99899423,0.0009591893,4.6514768e-05
1145,1,1,0.06649399,0.74673206,0.18677399
1146,2,2,0.0009804503,0.08741641,0.91160315
1147,0,0,0.62894154,0.36493424,0.0061242837
1148,1,2,0.00431343,0.39606383,0.5996227
1149,2,2,0.0024786424,0.3130526,0.6844688
1150,2,2,5.2706157e-05,0.006857032,0.9930903
1151,1,1,0.16402636,0.7477348,0.088238895
1152,2,2,0.0005921697,0.0030590973,0.99634874
1153,0,0,0.7949152,0.20259143,0.0024933629
1154,1,1,0.08063491,0.7386063,0.18075883
1155,2,2,0.0007095352,0.119858354,0.8794321
1156,0,0,0.9804455,0.01943282,0.00012164618
1157,2,2,0.00034893732,0.05020854,0.9494425
1158,2,1,0.0154574625,0.5691285,0.41541404
1159,1,1,0.414182,0.5656178,0.020200165
1160,0,1,0.1326952,0.7550665,0.11223826
1161,0,0,0.9023887,0.095825955,0.0017853639
1162,1,0,0.98376185,0.016116265,0.00012187239
1163,1,1,0.17545938,0.72265357,0.101887055
1164,2,1,0.058835194,0.73299545,0.20816936
1165,0,0,0.7604104,0.23694901,0.0026405992
1166,1,0,0.83373445,0.16393927,0.0023262426
1167,1,0,0.9838546,0.016027331,0.000118081036
1168,0,0,0.9241878,0.07520594,0.0006063022
1169,0,0,0.9996772,0.00028257098,4.026214e-05
1170,2,2,6.3690815e-05,0.0123465005,0.98758984
1171,0,0,0.86109555,0.13774371,0.0011607797
1172,0,0,0.9966718,0.0032660402,6.218597e-05
1173,2,2,0.0027913735,0.30106127,0.6961474
1174,2,2,0.00041442632,0.10761939,0.89196616
1175,1,0,0.5073778,0.47754908,0.015073127
1176,2,2,9.969718e-05,0.034025565,0.96587473
1177,1,2,0.0022147608,0.29962534,0.6981599
1178,1,1,0.18795863,0.73621535,0.07582607
1179,0,0,0.6716413,0.3227551,0.0056036664
1180,1,1,0.020958837,0.65059924,0.32844195
1181,1,0,0.54774624,0.44123647,0.011017297
1182,1,1,0.4270374,0.5523978,0.020564832
1183,0,0,0.9982992,0.0016494343,5.1376817e-05
1184,0,1,0.2570762,0.6944921,0.04843171
1185,1,1,0.1779308,0.73101926,0.09104991
1186,2,2,0.004044283,0.3147462,0.68120956
1187,1,1,0.1008786,0.75402236,0.14509907
1188,1,1,0.10085085,0.7725569,0.12659225
1189,0,0,0.8291061,0.1686264,0.0022674857
1190,2,2,0.0010171919,0.14260879,0.856374
1191,1,1,0.027240094,0.60794723,0.36481264
1192,0,0,0.7990507,0.19860256,0.002346761
1193,0,0,0.5175883,0.4692011,0.013210615
1194,1,1,0.2606597,0.68548894,0.05385136
1195,0,0,0.9980564,0.001897802,4.576539e-05
1196,0,0,0.56457645,0.4244583,0.010965266
1197,0,1,0.02736473,0.6576612,0.31497407
1198,0,0,0.9992486,0.0007063655,4.500905e-05
1199,1,1,0.48947746,0.49405223,0.016470306
1200,1,2,0.000821251,0.19766243,0.80151635
1201,0,0,0.99466306,0.0052329367,0.00010399926
1202,0,0,0.88999414,0.1089298,0.0010760776
1203,1,1,0.4735918,0.5112612,0.015146951
1204,0,0,0.87347245,0.12541804,0.0011095625
1205,0,0,0.98934597,0.010515873,0.00013818088
1206,2,2,6.327583e-05,0.0018664801,0.99807024
1207,2,2,0.0016011572,0.24512506,0.7532738
1208,1,1,0.069289245,0.7569396,0.17377122
1209,2,2,0.005111779,0.37269336,0.6221949
1210,1,1,0.07581903,0.75861317,0.16556779
1211,1,2,0.00081255427,0.15028715,0.8489003
1212,1,2,0.0027391426,0.2753928,0.7218681
1213,1,2,0.0012656115,0.22392471,0.77480966
1214,0,0,0.9089039,0.09027223,0.00082386076
1215,0,0,0.9938879,0.00601625,9.5842115e-05
1216,2,2,0.0006816887,0.16679287,0.83252543
1217,2,1,0.22129528,0.70329124,0.07541353
1218,1,0,0.95396274,0.045760393,0.0002768685
1219,0,0,0.99683106,0.0030627341,0.000106203064
1220,0,0,0.98460484,0.015288994,0.00010609938
1221,0,0,0.52357304,0.46408474,0.012342195
1222,0,1,0.40568516,0.57436216,0.019952731
1223,1,1,0.028984116,0.5873264,0.38368952
1224,1,0,0.60441196,0.38726032,0.00832778
1225,1,1,0.44172248,0.5420434,0.016234174
1226,0,0,0.99597025,0.0039672907,6.244036e-05
1227,1,1,0.2500609,0.69650507,0.053434093
1228,0,0,0.8445486,0.1541991,0.0012523043
1229,2,2,0.004509866,0.3775583,0.61793184
1230,1,2,0.004283248,0.32830164,0.66741514
1231,0,0,0.8808876,0.11780389,0.0013084746
1232,1,1,0.3544336,0.615576,0.02999037
1233,1,1,0.36238715,0.61085,0.026762865
1234,1,1,0.20540965,0.727859,0.066731304
1235,2,2,0.0013530382,0.25234827,0.7462987
1236,0,1,0.26348987,0.69419193,0.04231826
1237,0,1,0.4815653,0.4968897,0.021544995
1238,0,1,0.39776802,0.55891293,0.043319024
1239,1,1,0.12243524,0.76328224,0.11428252
1240,0,0,0.6316518,0.35569587,0.012652364
1241,0,1,0.15693109,0.75842434,0.08464463
1242,0,1,0.25531706,0.6963497,0.048333306
1243,0,0,0.8791864,0.11954436,0.001269234
1244,0,0,0.9098637,0.08923577,0.00090053433
1245,0,1,0.33629152,0.6282004,0.03550806
1246,0,0,0.64725786,0.34350398,0.009238124
1247,2,2,0.00031952772,0.08584451,0.913836
1248,2,2,7.049643e-05,0.016930958,0.98299855
1249,1,1,0.12472347,0.7516674,0.12360916
1250,1,1,0.45151037,0.53057194,0.0179177
1251,0,0,0.97674537,0.022813046,0.00044159123
1252,1,0,0.706352,0.2887115,0.004936545
1253,0,0,0.7883017,0.20907569,0.0026226272
1254,1,1,0.009934233,0.52235484,0.46771094
1255,0,0,0.9992369,0.0007225476,4.0587172e-05
1256,1,1,0.06606473,0.7565483,0.17738701
1257,0,1,0.43169227,0.5489521,0.019355673
1258,1,1,0.0887869,0.6354383,0.27577478
1259,1,1,0.013904264,0.53071797,0.45537776
1260,1,0,0.711211,0.28445715,0.0043317704
1261,1,1,0.012524476,0.55521744,0.43225807
1262,0,0,0.74133503,0.25379243,0.0048725344
1263,0,0,0.7731529,0.22214943,0.0046976632
1264,0,0,0.9714706,0.028301697,0.00022768335
1265,0,0,0.9996705,0.0002875071,4.194164e-05
1266,1,1,0.33375925,0.6249059,0.04133493
1267,0,0,0.517967,0.46998262,0.012050375
1268,0,0,0.99319124,0.0067421505,6.662836e-05
1269,1,1,0.24790919,0.69813114,0.05395965
1270,0,0,0.8249328,0.17306238,0.0020047878
1271,0,0,0.99182796,0.008097696,7.433788e-05
1272,2,2,0.00066939805,0.11133534,0.88799524
1273,1,1,0.39220846,0.5851556,0.022635974
1274,0,0,0.92672396,0.07261522,0.0006608844
1275,0,0,0.9979465,0.00200195,5.158782e-05
1276,0,0,0.9989721,0.0009845893,4.3284846e-05
1277,0,0,0.9934021,0.006533239,6.4618485e-05
1278,0,0,0.97616374,0.023665167,0.00017109531
1279,1,1,0.3122326,0.64177585,0.04599154
1280,1,1,0.33126518,0.63053954,0.038195305
1281,0,0,0.85286665,0.14578813,0.0013452529
1282,0,0,0.80304897,0.1940617,0.0028893496
1283,0,0,0.99896824,0.0009903542,4.145329e-05
1284,0,0,0.9996048,0.0003519429,4.321353e-05
1285,2,1,0.007524822,0.5199271,0.47254813
1286,1,2,0.007903651,0.47385925,0.5182371
1287,1,2,0.007158,0.46697164,0.5258703
1288,0,0,0.99285233,0.0070321094,0.00011557667
1289,0,0,0.92096573,0.07842818,0.00060610415
1290,0,0,0.7891716,0.20819335,0.0026350971
1291,0,0,0.8116426,0.18632038,0.0020370525
1292,0,1,0.32736242,0.6384138,0.034223795
1293,0,0,0.9927097,0.007181073,0.000109261346
1294,1,1,0.16901821,0.72380763,0.10717417
1295,1,1,0.07966038,0.6991614,0.2211782
1296,1,2,0.009021577,0.45792395,0.5330545
1297,0,0,0.91600704,0.083134376,0.0008585936
1298,1,0,0.8262654,0.17205703,0.0016775862
1299,0,0,0.9742936,0.02549434,0.00021207711
1300,2,2,7.358316e-05,0.008117547,0.9918089
1301,1,1,0.17450908,0.74944824,0.076042734
1302,0,0,0.94328374,0.05617649,0.0005397918
1303,1,1,0.1586663,0.75587773,0.08545598
1304,0,0,0.9827842,0.017090194,0.00012558943
1305,0,0,0.9997966,0.00016339203,4.0006107e-05
1306,0,0,0.7459984,0.25006947,0.003932144
1307,0,0,0.96818626,0.031610526,0.00020323227
1308,0,0,0.86456275,0.13395804,0.001479204
1309,2,2,0.00015254668,0.05220156,0.9476459
1310,2,1,0.123358525,0.76157933,0.1150622
1311,0,0,0.9688839,0.03087053,0.00024558447
1312,1,2,0.0071636303,0.46418113,0.5286553
1313,0,0,0.97276664,0.026991932,0.0002414612
1314,0,0,0.9988552,0.0011014361,4.3406428e-05
1315,1,1,0.47565228,0.5079864,0.01636127
1316,1,2,0.007293102,0.4917894,0.5009175
1317,2,2,0.0009315757,0.12805635,0.8710121
1318,1,1,0.04020851,0.661532,0.2982595
1319,2,2,0.00433228,0.3967299,0.5989378
1320,0,0,0.9969374,0.0030003772,6.221947e-05
1321,0,1,0.49244195,0.49378276,0.013775293
1322,0,0,0.98256767,0.017256772,0.00017548422
1323,1,2,0.0056245783,0.42510796,0.5692675
1324,1,1,0.16964556,0.7468445,0.083510004
1325,2,2,4.934088e-05,0.0043017166,0.995649
1326,1,1,0.24964973,0.69573253,0.054617733
1327,2,1,0.022127204,0.64145774,0.33641505
1328,0,0,0.99134386,0.008549072,0.000107018204
1329,1,1,0.2409221,0.7140526,0.04502526
1330,0,0,0.99506783,0.0048787347,5.3438427e-05
1331,0,1,0.39610595,0.5815222,0.022371838
1332,1,1,0.010426912,0.532719,0.4568541
1333,1,1,0.024711538,0.65503585,0.3202526
1334,1,0,0.53018296,0.4551195,0.014697559
1335,2,2,0.0006642967,0.10338544,0.89595026
1336,2,2,9.98968e-05,0.014123015,0.9857771
1337,0,1,0.2954898,0.6663879,0.038122296
1338,1,1,0.03252601,0.59219503,0.37527898
1339,1,1,0.34005597,0.62125844,0.038685575
1340,2,1,0.03215376,0.6601265,0.30771977
1341,0,0,0.9981409,0.0017779075,8.121147e-05
1342,1,0,0.5846337,0.40585595,0.009510387
1343,1,1,0.46711087,0.50957465,0.023314524
1344,1,0,0.67535466,0.3194832,0.005162197
1345,0,0,0.93364805,0.06573582,0.00061612844
1346,1,1,0.43877566,0.5399735,0.021250881
1347,0,0,0.723422,0.2706328,0.0059452793
1348,2,2,0.0011935601,0.17513019,0.8236763
1349,0,0,0.5204419,0.46736443,0.012193706
1350,0,0,0.9892206,0.010694548,8.482545e-05
1351,1,2,0.00016390372,0.06847936,0.9313568
1352,0,1,0.21314536,0.7289611,0.057893492
1353,2,2,0.00039826529,0.11051091,0.88909084
1354,0,1,0.16256545,0.7497226,0.08771197
1355,2,1,0.030741632,0.60320795,0.36605042
1356,1,1,0.03633729,0.70794094,0.25572178
1357,0,0,0.9232457,0.076153934,0.0006003209
1358,2,1,0.047035042,0.7072524,0.24571255
1359,1,1,0.36001414,0.60250664,0.037479278
1360,0,0,0.9987254,0.0012281088,4.6507615e-05
1361,0,0,0.9995655,0.0003941433,4.037176e-05
1362,0,0,0.9877392,0.012096424,0.00016440265
1363,0,0,0.999632,0.00032655732,4.1430616e-05
1364,2,1,0.015310961,0.5084177,0.4762713
1365,2,2,4.7564285e-05,0.009537773,0.9904147
1366,1,1,0.09704076,0.7414036,0.1615557
1367,0,0,0.5796595,0.40881422,0.011526314
1368,0,0,0.98133856,0.018543633,0.00011782223
1369,0,0,0.5804287,0.4088207,0.01075058
1370,0,0,0.9092461,0.08995675,0.0007971303
1371,2,1,0.02182422,0.6067893,0.37138653
1372,0,1,0.10517748,0.7668625,0.12796007
1373,2,1,0.03607163,0.6833409,0.2805875
1374,0,0,0.9991004,0.0008583901,4.124956e-05
1375,0,0,0.79726285,0.20032193,0.0024152463
1376,0,0,0.682718,0.3114436,0.005838424
1377,1,1,0.017298793,0.60951096,0.37319022
1378,1,0,0.52814883,0.46148112,0.010370063
1379,1,0,0.7270545,0.26741052,0.00553508
1380,0,0,0.974278,0.025504583,0.00021742829
1381,0,1,0.47033152,0.51297855,0.016689904
1382,1,2,0.0031809842,0.32956776,0.6672513
1383,1,1,0.15044177,0.72627383,0.1232844
1384,0,0,0.9743707,0.025418561,0.00021074242
1385,2,2,0.0006012604,0.15529671,0.844102
1386,0,0,0.9994272,0.0005233799,4.9416558e-05
1387,0,1,0.08644447,0.7509566,0.16259895
1388,0,0,0.99528587,0.00465028,6.3855245e-05
1389,1,1,0.31509548,0.6431363,0.041768134
1390,1,1,0.0617046,0.7515998,0.18669553
1391,1,1,0.02558856,0.664624,0.30978745
1392,2,2,0.001148018,0.18132958,0.8175224
1393,2,2,5.6266847e-05,0.0043811584,0.99556255
1394,1,1,0.48203737,0.5026433,0.015319426
1395,1,1,0.052237626,0.7336626,0.21409976
1396,2,1,0.029239878,0.65929997,0.3114602
1397,0,1,0.254435,0.68460375,0.06096129
1398,1,1,0.1777181,0.7185817,0.10370025
1399,0,0,0.84210545,0.15631133,0.0015832072
1400,0,0,0.99351287,0.00642904,5.810395e-05
1401,2,1,0.10188009,0.7631489,0.134971
1402,1,0,0.57451236,0.41685498,0.008632686
1403,1,1,0.39292645,0.57704157,0.030031957
1404,0,1,0.07515029,0.7588431,0.16600657
1405,0,0,0.8734994,0.12525123,0.0012493477
1406,1,1,0.21685988,0.70614606,0.07699407
1407,0,0,0.99828446,0.0016694069,4.6177433e-05
1408,0,0,0.86035156,0.13768297,0.001965499
1409,1,1,0.051672667,0.74397165,0.20435572
1410,1,0,0.74723804,0.24850413,0.0042577893
1411,0,0,0.98582053,0.014068668,0.00011079105
1412,1,1,0.0128687415,0.5603416,0.4267897
1413,2,1,0.02062063,0.62265384,0.35672557
1414,2,2,0.0015743775,0.2725074,0.7259183
1415,0,0,0.9070561,0.09208967,0.0008542455
1416,0,1,0.110099964,0.7776246,0.11227544
1417,0,0,0.9655127,0.034140833,0.00034648247
1418,0,0,0.9478024,0.051790033,0.00040747417
1419,1,0,0.5907692,0.40074387,0.008486975
1420,1,1,0.1352695,0.76488554,0.09984495
1421,0,0,0.9983264,0.0016267285,4.6874484e-05
1422,1,1,0.3175996,0.6473517,0.03504871
1423,2,1,0.08947419,0.75053614,0.15998968
1424,2,2,7.056765e-05,0.012951892,0.9869776
1425,0,0,0.5796279,0.4119613,0.008410841
1426,1,1,0.34278643,0.6301929,0.027020682
1427,1,1,0.44772223,0.5321672,0.020110624
1428,0,0,0.93182886,0.06760726,0.0005638037
1429,0,0,0.9988074,0.0011498677,4.2756248e-05
1430,1,1,0.018016146,0.60844445,0.37353945
1431,0,0,0.8447092,0.15357381,0.0017169465
1432,1,1,0.049836963,0.72906274,0.22110033
1433,1,0,0.8595493,0.13913617,0.0013144651
1434,2,2,6.944804e-05,0.0044952286,0.99543536
1435,1,1,0.23299053,0.69930446,0.067705035
1436,1,0,0.6067028,0.38470986,0.008587332
1437,2,2,0.0034790558,0.26597422,0.7305467
1438,0,0,0.8480217,0.150389,0.0015892966
1439,1,1,0.19788815,0.7283514,0.07376048
1440,0,0,0.9881633,0.01167581,0.00016086866
1441,0,1,0.14927931,0.74645454,0.1042661
1442,2,2,0.00018596895,0.020434815,0.97937924
1443,0,0,0.9335324,0.0658446,0.0006229927
1444,2,2,0.0068767136,0.45854425,0.53457904
1445,0,0,0.98868716,0.011200575,0.000112314054
1446,1,0,0.7977121,0.19997796,0.0023099775
1447,2,2,0.0006832561,0.16851874,0.83079803
1448,1,1,0.1622997,0.73406076,0.10363958
1449,0,0,0.62848085,0.36298847,0.0085306885
1450,0,1,0.2922113,0.67108315,0.036705595
1451,1,1,0.021727383,0.64725727,0.3310154
1452,1,1,0.024828717,0.6362143,0.33895695
1453,0,0,0.9990554,0.00089867006,4.5950146e-05
1454,1,0,0.7891256,0.20700996,0.0038644902
1455,1,1,0.035500437,0.71637034,0.24812922
1456,0,0,0.99701065,0.0028993187,9.005064e-05
1457,0,1,0.4413287,0.5355625,0.023108765
1458,0,0,0.9438784,0.055701334,0.00042026432
1459,0,0,0.9263066,0.07289406,0.0007992474
1460,0,0,0.9977642,0.002187419,4.829806e-05
1461,0,0,0.8476808,0.1488292,0.00348995
1462,0,1,0.050076123,0.714028,0.23589584
1463,2,2,0.00018568346,0.04988151,0.9499328
1464,2,2,0.0012379747,0.20753077,0.7912313
1465,2,1,0.07691237,0.71458364,0.20850402
1466,1,1,0.0923551,0.75154173,0.15610315
1467,1,1,0.16328627,0.7608435,0.07587023
1468,2,1,0.052641213,0.6833519,0.2640069
1469,0,0,0.6207353,0.37254974,0.0067149354
1470,1,1,0.09846209,0.7805472,0.120990686
1471,1,1,0.059774578,0.74820065,0.19202477
1472,1,1,0.25346497,0.6935742,0.052960858
1473,0,0,0.94713104,0.052514955,0.00035403654
1474,1,1,0.118955866,0.7572558,0.12378833
1475,0,0,0.99971664,0.00024170589,4.168025e-05
1476,0,0,0.94859755,0.051045317,0.0003571763
1477,0,0,0.72544634,0.26877683,0.0057768235
1478,1,0,0.7201241,0.27641988,0.0034560103
1479,2,2,0.00074487214,0.15084784,0.84840727
1480,0,0,0.9988273,0.0011296701,4.3072047e-05
1481,0,0,0.88218504,0.11682903,0.0009859413
1482,0,0,0.9902252,0.009646896,0.00012793089
1483,1,1,0.27876392,0.6797591,0.041476957
1484,1,2,0.012035412,0.49237677,0.49558783
1485,0,0,0.94129205,0.058185916,0.00052203797
1486,2,2,0.0008042228,0.16504115,0.83415467
1487,1,2,0.00072070985,0.15557072,0.84370863
1488,0,1,0.11288312,0.7312077,0.15590915
1489,1,1,0.020033445,0.6315367,0.34842986
1490,1,2,0.003309894,0.31859496,0.6780951
1491,1,1,0.4744147,0.506584,0.019001337
1492,0,0,0.80463606,0.19259644,0.0027675102
1493,0,0,0.857953,0.14000618,0.0020408325
1494,0,0,0.9612992,0.03848499,0.00021580092
1495,0,0,0.88782907,0.11101602,0.0011549003
1496,0,0,0.91032434,0.08894739,0.00072832295
1497,0,0,0.97283566,0.026890624,0.00027364987
1498,0,0,0.8763931,0.12227797,0.0013289952
1499,2,2,0.005386509,0.437873,0.5567405
1500,0,0,0.62867683,0.3635383,0.007784903
1501,1,2,0.0005575685,0.13173229,0.8677101
1502,1,1,0.13220161,0.7499373,0.11786111
1503,1,1,0.12007825,0.73941696,0.1405048
1504,0,0,0.9612996,0.038437307,0.0002631048
1505,1,1,0.38232946,0.5938228,0.02384777
1506,0,0,0.96674836,0.032916766,0.0003348869
1507,1,1,0.13741371,0.75675046,0.10583579
1508,1,1,0.16787638,0.753505,0.07861863
1509,1,2,0.0040201205,0.27008116,0.72589874
1510,0,0,0.7288511,0.26801732,0.003131622
1511,0,0,0.99949765,0.00042446234,7.787924e-05
1512,0,0,0.898301,0.100317664,0.0013813528
1513,0,0,0.7481904,0.24861965,0.0031899344
1514,0,0,0.99970853,0.00023198342,5.9500595e-05
1515,0,1,0.30912063,0.6404063,0.050473064
1516,1,2,0.0056233127,0.44512397,0.5492527
1517,1,0,0.69544834,0.29902795,0.0055237547
1518,0,0,0.9785257,0.021311458,0.0001628444
1519,1,1,0.019010719,0.6171334,0.36385593
1520,1,1,0.1654236,0.7403263,0.09425007
1521,0,0,0.9982963,0.0016608842,4.282169e-05
1522,1,1,0.08577874,0.7174931,0.1967282
1523,0,0,0.95856124,0.041196704,0.00024204064
1524,2,1,0.011024076,0.54554456,0.4434314
1525,1,1,0.35710222,0.6099131,0.032984655
1526,0,0,0.9975946,0.0023513034,5.4125354e-05
1527,2,2,0.0049234396,0.43158132,0.5634953
1528,1,2,0.00219769,0.2738345,0.72396785
1529,2,2,0.001454568,0.21779533,0.78075016
1530,1,0,0.7371488,0.25827453,0.0045766965
1531,2,1,0.14360438,0.75025916,0.1061365
1532,0,0,0.5128883,0.47295588,0.014155786
1533,1,1,0.30033246,0.6515252,0.048142366
1534,2,2,0.0012326206,0.19198817,0.8067792
1535,1,0,0.78493553,0.21250877,0.0025557266
1536,0,0,0.9948373,0.005076985,8.5706866e-05
1537,0,0,0.916785,0.082673386,0.0005416646
1538,0,0,0.99316,0.0067560095,8.397986e-05
1539,1,1,0.040565416,0.6665048,0.29292977
1540,2,1,0.051417135,0.72810143,0.22048149
1541,0,0,0.9997865,0.0001689942,4.452914e-05
1542,1,1,0.027380941,0.6121877,0.3604314
1543,1,0,0.8063057,0.19031402,0.0033802812
1544,0,0,0.9179921,0.08142722,0.0005806987
1545,0,0,0.62883824,0.36216187,0.008999913
1546,0,0,0.7105171,0.2855081,0.0039748014
1547,0,0,0.6589349,0.3358853,0.0051798467
1548,0,0,0.5437214,0.4420903,0.014188329
1549,1,1,0.106902584,0.7625965,0.13050096
1550,2,1,0.08239497,0.7215556,0.19604948
1551,0,0,0.6752329,0.31945583,0.0053112824
1552,0,0,0.9960818,0.0038226952,9.548529e-05
1553,2,2,0.0012523427,0.19199467,0.806753
1554,0,0,0.90303135,0.09624813,0.00072048715
1555,2,2,0.00017926547,0.0507648,0.94905597
1556,2,2,8.752028e-05,0.021720335,0.97819215
1557,0,1,0.35743344,0.6118159,0.030750629
1558,2,2,0.0004526112,0.0026197725,0.9969276
1559,0,0,0.9823737,0.01749152,0.00013477136
1560,0,0,0.9826019,0.017287927,0.0001102126
1561,1,1,0.118184306,0.7607535,0.12106224
1562,2,2,0.00015681903,0.032320816,0.9675224
1563,0,1,0.34959185,0.612314,0.03809416
1564,0,0,0.9293319,0.06983934,0.00082877045
1565,0,0,0.8145566,0.18381189,0.001631563
1566,0,0,0.9336887,0.065843254,0.0004680523
1567,1,0,0.52183056,0.46180415,0.01636529
1568,0,0,0.9909295,0.008969119,0.00010137871
1569,1,0,0.70383066,0.29093713,0.005232274
1570,2,1,0.30642223,0.65301955,0.040558204
1571,1,1,0.21111718,0.7164419,0.07244085
1572,2,2,0.0012299477,0.21529856,0.7834715
1573,1,0,0.63297534,0.36038625,0.006638458
1574,2,2,0.004618509,0.39440906,0.6009724
1575,2,2,0.00015616974,0.040090065,0.95975375
1576,1,1,0.22359169,0.67094004,0.10546828
1577,0,1,0.15477042,0.7659201,0.07930953
1578,0,1,0.12583964,0.7461174,0.12804301
1579,1,1,0.059358552,0.69624686,0.2443946
1580,1,0,0.8131998,0.18484665,0.0019535571
1581,0,0,0.98867404,0.01121347,0.00011244498
1582,1,1,0.20055224,0.717276,0.0821718
1583,0,0,0.97332466,0.02621573,0.00045964943
1584,1,1,0.20702013,0.7111597,0.0818201
1585,2,2,0.0034335689,0.32907778,0.66748863
1586,0,0,0.5120372,0.4692119,0.018750919
1587,2,1,0.0068348735,0.5019059,0.49125922
1588,2,2,0.0007628498,0.19366986,0.80556726
1589,0,0,0.58996004,0.39927277,0.010767195
1590,2,2,0.0044737477,0.27429283,0.7212334
1591,1,1,0.21635026,0.7200535,0.06359628
1592,0,1,0.36059693,0.60612696,0.03327616
1593,0,1,0.31388685,0.649079,0.037034173
1594,2,1,0.103610486,0.76056993,0.13581955
1595,0,0,0.99349177,0.0064443564,6.390855e-05
1596,0,0,0.99742764,0.0024848897,8.7489214e-05
1597,0,1,0.2922848,0.6494033,0.05831197
1598,0,0,0.93577343,0.06368969,0.0005369154
1599,1,1,0.1975895,0.7211164,0.08129409
1600,0,0,0.98002183,0.019795392,0.00018275969
1601,1,1,0.04244739,0.6815989,0.2759537
1602,0,0,0.95492625,0.04480885,0.00026494186
1603,1,1,0.4200485,0.55987,0.020081522
1604,2,1,0.07316862,0.74611914,0.18071222
1605,1,0,0.5182853,0.46932256,0.012392165
1606,0,1,0.0133698685,0.57704335,0.4095868
1607,2,2,0.00315243,0.33771753,0.65913004
1608,0,0,0.636377,0.3575995,0.0060234973
1609,1,1,0.0625355,0.7178806,0.21958396
1610,0,0,0.98730516,0.012589856,0.000104982144
1611,1,1,0.1391374,0.7538901,0.106972545
1612,0,0,0.9382497,0.061334506,0.00041582435
1613,2,2,0.009866532,0.49364606,0.4964874
1614,1,0,0.7255708,0.27069843,0.0037307646
1615,0,0,0.995534,0.00440487,6.1169034e-05
1616,0,0,0.6381874,0.35365266,0.008159928
1617,0,0,0.95534706,0.04439604,0.00025693513
1618,0,1,0.1425283,0.7315133,0.12595843
1619,1,2,0.006811199,0.43601322,0.5571756
1620,0,0,0.9832665,0.016610416,0.0001230683
1621,1,1,0.4742865,0.50987726,0.015836228
1622,0,0,0.58965063,0.40004954,0.010299811
1623,1,1,0.05665042,0.75597465,0.18737495
1624,0,1,0.4046846,0.56151426,0.033801176
1625,2,1,0.0963061,0.752002,0.15169188
1626,0,0,0.9965937,0.0033476872,5.8608723e-05
1627,1,1,0.20587704,0.72147727,0.07264571
1628,1,0,0.77624106,0.21875814,0.005000858
1629,0,0,0.9567875,0.042953026,0.0002594712
1630,2,1,0.010733383,0.5430523,0.44621432
1631,0,0,0.63686997,0.35378757,0.009342509
1632,1,1,0.1562284,0.75686383,0.086907744
1633,2,1,0.06284402,0.7163273,0.22082867
1634,2,2,0.0001963592,0.03083694,0.9689667
1635,1,0,0.54779106,0.44152236,0.010686569
1636,1,1,0.09092457,0.7618347,0.14724077
1637,2,1,0.32138354,0.6362338,0.042382702
1638,1,2,0.008485984,0.4123078,0.5792062
1639,0,0,0.97967863,0.020159107,0.0001622632
1640,0,0,0.9880676,0.011765524,0.00016686507
1641,0,0,0.9546236,0.04489983,0.00047659018
1642,0,1,0.16701503,0.7379071,0.09507781
1643,1,1,0.4825308,0.5034424,0.01402674
1644,2,2,0.011656018,0.44067323,0.5476708
1645,1,1,0.085038,0.75785375,0.1571083
1646,1,1,0.066121,0.74228096,0.19159804
1647,1,2,5.9830814e-05,0.015325321,0.9846148
1648,0,0,0.98175406,0.018130112,0.00011581171
1649,1,2,0.0046423143,0.37556437,0.6197933
1650,2,2,0.0020731292,0.24822651,0.74970037
1651,0,0,0.99558693,0.004318447,9.461558e-05
1652,1,0,0.49924403,0.4860273,0.0147286765
1653,1,1,0.074998826,0.7555306,0.1694705
1654,1,1,0.049127094,0.71448237,0.23639055
1655,0,0,0.86544114,0.13300022,0.0015586864
1656,1,0,0.808194,0.19003634,0.001769751
1657,0,1,0.46664646,0.5175661,0.015787482
1658,0,1,0.398819,0.5809762,0.020204827
1659,0,0,0.7371055,0.2596313,0.0032632388
1660,0,0,0.68724626,0.30778018,0.004973614
1661,0,0,0.6989404,0.29482308,0.0062365704
1662,1,2,0.0020326166,0.29286894,0.70509845
1663,0,0,0.96824735,0.03152273,0.00022989212
1664,1,1,0.18975264,0.7394651,0.07078226
1665,1,1,0.4227527,0.55080986,0.026437405
1666,0,1,0.1576722,0.75097466,0.091353066
1667,0,0,0.99897695,0.0009775355,4.551778e-05
1668,2,2,0.007064768,0.4181394,0.57479584
1669,2,2,0.00013546279,0.023334634,0.9765299
1670,0,0,0.86671007,0.13172328,0.0015666639
1671,1,1,0.4468407,0.5352221,0.017937228
1672,2,2,0.00051130494,0.10442677,0.89506197
1673,2,1,0.080969684,0.76802146,0.15100884
1674,0,0,0.6205477,0.37193617,0.0075161615
1675,1,2,0.0013429788,0.19625235,0.80240464
1676,1,1,0.053094342,0.70132154,0.2455841
1677,1,1,0.033423834,0.6889907,0.27758545
1678,0,1,0.3232205,0.6407564,0.0360231
1679,1,1,0.39880806,0.57580656,0.02538546
1680,2,1,0.16778381,0.73217225,0.10004397
1681,0,0,0.9966198,0.0033271196,5.307825e-05
1682,1,2,0.0074371947,0.32952988,0.6630329
1683,1,0,0.69761676,0.2980713,0.0043119905
1684,1,0,0.58922994,0.3984022,0.012367815
1685,1,1,0.17432201,0.73922825,0.086449735
1686,0,0,0.9889706,0.010919346,0.000110097666
1687,0,0,0.76962113,0.22800063,0.0023782086
1688,0,0,0.920342,0.07900978,0.0006482219
1689,1,1,0.30032152,0.66267616,0.037002414
1690,0,0,0.93473107,0.064910874,0.0003580729
1691,2,2,0.0051906817,0.41123313,0.5835762
1692,2,2,0.0010377641,0.097169995,0.9017923
1693,2,1,0.014998371,0.51748586,0.46751577
1694,2,2,0.009858772,0.4505937,0.5395475
1695,2,1,0.18031265,0.7263239,0.09336348
1696,2,1,0.014928983,0.5753756,0.40969542
1697,0,0,0.97470796,0.02501073,0.0002813238
1698,1,1,0.012078388,0.51891345,0.46900818
1699,0,0,0.9934515,0.006412117,0.00013642212
1700,1,1,0.29769993,0.6534609,0.04883915
1701,2,1,0.009661339,0.5356215,0.45471716
1702,2,2,0.00013597257,0.011122333,0.9887417
1703,2,2,7.121647e-05,0.016008979,0.9839198
1704,2,1,0.06919399,0.6636698,0.26713622
1705,0,0,0.92997915,0.069403365,0.0006175486
1706,1,1,0.110764205,0.7662766,0.122959174
1707,1,1,0.16047928,0.7439344,0.095586345
1708,0,1,0.41292197,0.5543286,0.032749493
1709,1,1,0.06885441,0.7265876,0.20455799
1710,1,1,0.05580537,0.7105756,0.23361908
1711,0,0,0.6933981,0.3013039,0.005298007
1712,0,0,0.9620601,0.03734691,0.0005930158
1713,0,0,0.7336563,0.2629748,0.0033689046
1714,1,2,0.0010959492,0.19024345,0.8086606
1715,0,0,0.9744324,0.025175473,0.00039214126
1716,0,0,0.89672935,0.10201633,0.0012543192
1717,0,0,0.9820385,0.017828492,0.00013302559
1718,1,1,0.45203185,0.53243995,0.015528213
1719,0,0,0.92355305,0.075920045,0.00052691525
1720,0,0,0.9991415,0.00081517274,4.3350734e-05
1721,2,1,0.20446494,0.7198018,0.075733304
1722,1,1,0.4058747,0.5684719,0.02565341
1723,2,2,0.0010025741,0.20849656,0.7905009
1724,0,0,0.9976499,0.0023019346,4.81884e-05
1725,0,0,0.99967754,0.00028143698,4.102254e-05
1726,0,0,0.9973656,0.0025882858,4.6158893e-05
1727,2,2,0.0032191167,0.30639583,0.6903851
1728,1,1,0.18639953,0.7375327,0.07606783
1729,0,0,0.9473936,0.052154154,0.00045225184
1730,2,2,0.00025778654,0.069984764,0.9297575
1731,1,1,0.027892321,0.6601584,0.31194925
1732,1,1,0.36418742,0.6013365,0.034476098
1733,1,1,0.015063699,0.5464911,0.4384452
1734,1,1,0.028553933,0.6296198,0.34182635
1735,0,0,0.55469483,0.43248728,0.012817869
1736,1,1,0.040030777,0.69248503,0.2674842
1737,0,0,0.99218595,0.0076937256,0.00012039374
1738,0,0,0.60453105,0.38709491,0.0083740745
1739,1,1,0.0391736,0.6861565,0.2746699
1740,0,0,0.9837133,0.016107727,0.0001789454
1741,0,0,0.9993918,0.0005656577,4.2543048e-05
1742,0,0,0.8816147,0.1174286,0.00095669285
1743,1,1,0.22454628,0.7116098,0.06384394
1744,1,2,0.0033874547,0.35871884,0.63789374
1745,0,1,0.22902316,0.703201,0.067775786
1746,0,0,0.9740012,0.025844697,0.00015406606
1747,2,2,6.671301e-05,0.005020129,0.99491316
1748,1,1,0.035362978,0.6829386,0.2816985
1749,2,1,0.051569596,0.7252752,0.2231552
1750,1,0,0.8191916,0.17863628,0.0021721066
1751,0,0,0.95037144,0.049169913,0.0004586838
1752,1,1,0.45180365,0.53089905,0.017297326
1753,1,1,0.0256689,0.59318393,0.38114718
1754,1,0,0.8100155,0.18734886,0.0026356722
1755,0,0,0.9995301,0.00042859052,4.1326883e-05
1756,0,0,0.81141424,0.18676604,0.0018197118
1757,0,0,0.9944173,0.005493236,8.949159e-05
1758,1,0,0.60661197,0.384833,0.008555047
1759,0,0,0.7126379,0.28300807,0.0043540252
1760,1,0,0.72681606,0.26796895,0.005215008
1761,0,1,0.46344295,0.51487976,0.02167728
1762,0,0,0.9604342,0.039151616,0.00041420705
1763,1,1,0.030785136,0.65711325,0.3121016
1764,2,2,7.853504e-05,0.00888996,0.9910315
1765,0,0,0.9943509,0.005485693,0.00016341082
1766,1,2,0.0011858349,0.18203218,0.816782
1767,0,1,0.061767887,0.73106104,0.20717113
1768,0,0,0.7272204,0.2690751,0.003704473
1769,2,2,9.328585e-05,0.004717622,0.9951891
1770,0,1,0.22379746,0.7028904,0.073312156
1771,0,0,0.756307,0.24079953,0.002893511
1772,2,2,0.0005612348,0.007788361,0.9916504
1773,1,0,0.5854886,0.4048165,0.009694856
1774,1,2,0.008442285,0.44908607,0.54247165
1775,0,0,0.9984074,0.0015492471,4.3357515e-05
1776,1,1,0.18470758,0.74053776,0.07475464
1777,0,1,0.4121976,0.56235325,0.025449164
1778,2,1,0.024041452,0.61089355,0.36506504
1779,1,1,0.050354257,0.74588215,0.2037636
1780,2,1,0.038398344,0.6769804,0.2846213
1781,0,1,0.31849557,0.6465124,0.034992084
1782,0,0,0.99958503,0.00037363922,4.1304294e-05
1783,1,0,0.53634137,0.450871,0.012787619
1784,2,1,0.046875045,0.67106164,0.2820633
1785,0,0,0.88477707,0.11423084,0.0009921117
1786,1,2,0.003488155,0.3847581,0.61175376
1787,1,0,0.9115366,0.087742835,0.0007206128
1788,1,2,0.0019268795,0.25517303,0.74290013
1789,0,0,0.77194273,0.22529654,0.0027606946
1790,0,0,0.9512272,0.048003495,0.00076931645
1791,0,1,0.29891032,0.64428633,0.056803353
1792,0,0,0.8280049,0.17053409,0.0014610355
1793,1,1,0.040010896,0.69256234,0.26742682
1794,2,2,8.872665e-05,0.029774565,0.9701367
1795,2,2,0.00017970032,0.05397883,0.9458415
1796,0,0,0.95296896,0.046612576,0.00041848005
1797,0,0,0.784412,0.2130182,0.0025697881
1798,2,1,0.01429126,0.56562567,0.42008305
1799,2,2,0.0043503414,0.3691656,0.62648404
1800,1,0,0.89311147,0.10604366,0.00084492005
1801,0,0,0.9959899,0.003892058,0.00011805746
1802,0,0,0.9991753,0.0007819341,4.2726067e-05
1803,0,0,0.9985991,0.0013563199,4.4612985e-05
1804,1,1,0.15038311,0.7406835,0.108933374
1805,0,0,0.77293384,0.22435918,0.0027069827
1806,0,1,0.26197758,0.66872716,0.06929532
1807,1,0,0.61504734,0.37703213,0.007920575
1808,2,2,0.00021862227,0.05696132,0.9428201
1809,0,0,0.84435356,0.15418167,0.0014647994
1810,0,0,0.92699814,0.07247442,0.0005274862
1811,2,2,0.00030584648,0.08842491,0.9112692
1812,2,2,0.0024733099,0.25269198,0.74483466
1813,0,0,0.8811645,0.11789179,0.00094370835
1814,0,0,0.98170197,0.01818351,0.00011454972
1815,2,2,0.000103775594,0.0037138578,0.9961824
1816,1,1,0.19033709,0.73869514,0.070967786
1817,1,1,0.025537401,0.65936863,0.31509405
1818,2,2,0.00016648036,0.04034343,0.9594901
1819,0,0,0.98742133,0.01248099,9.771631e-05
1820,1,1,0.19361715,0.70003456,0.106348306
1821,1,1,0.06780123,0.71927446,0.21292433
1822,2,1,0.020302426,0.62787545,0.35182214
1823,2,2,4.268739e-05,0.003008366,0.99694896
1824,0,0,0.9997205,0.00023355531,4.592699e-05
1825,2,2,0.0005165248,0.0659658,0.9335177
1826,2,2,0.00073315424,0.13611472,0.86315215
1827,0,0,0.9983458,0.0016050208,4.9188464e-05
1828,0,0,0.82962096,0.16840783,0.0019712397
1829,1,1,0.012963084,0.57172954,0.4153074
1830,0,0,0.9997231,0.00023362588,4.3284737e-05
1831,0,0,0.9823799,0.017361127,0.00025896117
1832,0,1,0.43196464,0.5491375,0.018897923
1833,1,1,0.023739785,0.6397074,0.33655286
1834,1,1,0.011047436,0.49885905,0.49009353
1835,0,0,0.97464037,0.025167145,0.0001924743
1836,0,0,0.99085647,0.0090518,9.174325e-05
1837,0,0,0.927826,0.07149345,0.00068058353
1838,1,1,0.32588935,0.64017963,0.033931054
1839,1,0,0.706466,0.28912705,0.0044069374
1840,1,1,0.060794916,0.7279688,0.21123627
1841,2,2,0.003557501,0.3127132,0.6837293
1842,1,1,0.015427951,0.6023463,0.38222578
1843,1,1,0.011734533,0.5607716,0.42749387
1844,0,0,0.9188492,0.080635406,0.00051536673
1845,1,1,0.07147001,0.76100636,0.16752367
1846,1,1,0.23776287,0.70680845,0.055428687
1847,0,1,0.25997752,0.68121874,0.058803715
1848,1,0,0.8405517,0.1578551,0.0015932759
1849,2,2,0.00036672037,0.1098631,0.88977015
1850,0,0,0.95823306,0.04109761,0.0006693363
1851,1,0,0.9693691,0.030317653,0.00031324415
1852,0,0,0.78095806,0.2166978,0.0023442197
1853,0,0,0.9677863,0.0318588,0.00035488768
1854,2,2,0.0053552855,0.3928507,0.601794
1855,1,1,0.06152917,0.7517903,0.18668057
1856,0,0,0.86339194,0.13475125,0.0018568506
1857,0,0,0.8659786,0.13226056,0.0017608174
1858,0,0,0.99974066,0.00021538702,4.390462e-05
1859,2,2,0.0034135124,0.35653293,0.6400536
1860,1,1,0.119892545,0.74813235,0.13197514
1861,0,0,0.99954927,0.0003924857,5.8225654e-05
1862,1,1,0.08046064,0.75767416,0.16186525
1863,1,0,0.5124706,0.4738521,0.013677318
1864,1,1,0.06709207,0.7078488,0.22505917
1865,0,0,0.8650256,0.13250357,0.002470903
1866,1,0,0.6952745,0.30068702,0.004038563
1867,2,2,0.006855875,0.43077797,0.5623661
1868,2,2,0.00018902711,0.045790434,0.95402056
1869,2,2,0.0001871435,0.061103895,0.938709
1870,2,2,0.0038946841,0.34646747,0.6496379
1871,2,2,9.97553e-05,0.017497413,0.9824028
1872,0,0,0.9602132,0.03948317,0.00030362938
1873,1,0,0.856762,0.14182806,0.0014099241
1874,0,0,0.6957496,0.298171,0.006079431
1875,1,1,0.1899325,0.7448321,0.06523546
1876,2,2,0.00013663709,0.033832006,0.9660314
1877,0,0,0.92330086,0.076186255,0.00051287544
1878,0,1,0.36172408,0.610443,0.027832977
1879,0,0,0.9863645,0.013480991,0.00015454448
1880,1,1,0.25083742,0.698633,0.050529625
1881,1,0,0.8512993,0.14652464,0.0021760468
1882,0,0,0.9989586,0.0009956037,4.5862547e-05
1883,0,0,0.9211236,0.07812056,0.0007557982
1884,1,1,0.108682044,0.75669557,0.13462238
1885,2,1,0.07523123,0.69595563,0.22881311
1886,1,1,0.018737052,0.49693382,0.4843291
1887,0,0,0.98252404,0.017166112,0.00030986732
1888,1,0,0.8635508,0.1351826,0.0012666016
1889,0,0,0.55710024,0.4317689,0.011130845
1890,1,1,0.32380626,0.6466379,0.029555788
1891,1,1,0.24798825,0.6995909,0.052420847
1892,0,0,0.96802807,0.03177122,0.00020073607
1893,0,0,0.9180728,0.08121782,0.00070934324
1894,0,0,0.8392272,0.15859693,0.0021758978
1895,2,2,0.000874888,0.11821278,0.88091236
1896,1,0,0.65736854,0.337016,0.0056155617
1897,0,0,0.99824345,0.0017128519,4.3745928e-05
1898,1,0,0.6429941,0.35021615,0.0067897765
1899,0,0,0.9184241,0.080755584,0.00082027307
1900,0,0,0.929796,0.069193006,0.0010110239
1901,0,1,0.4760327,0.50781924,0.016148068
1902,1,1,0.27011114,0.6482154,0.08167344
1903,0,0,0.9971336,0.00280097,6.541828e-05
1904,1,1,0.048502296,0.7204769,0.23102081
1905,1,1,0.13776204,0.7600502,0.10218777
1906,0,0,0.9978368,0.002115001,4.8159905e-05
1907,1,0,0.7571657,0.2397998,0.0030344308
1908,0,0,0.87057996,0.12780459,0.0016154749
1909,0,0,0.95383215,0.04548212,0.0006857925
1910,0,0,0.8496699,0.14874436,0.0015858096
1911,2,2,0.0034812863,0.33866632,0.6578524
1912,1,1,0.036059186,0.6023979,0.36154288
1913,1,2,0.007677772,0.48368958,0.50863266
1914,1,1,0.037650377,0.70364916,0.25870046
1915,2,2,6.299388e-05,0.014778834,0.98515815
1916,2,2,0.0007832092,0.16709141,0.8321254
1917,1,0,0.89539135,0.10349873,0.0011099788
1918,1,1,0.05982554,0.72771966,0.21245483
1919,1,0,0.8761773,0.12281005,0.0010126516
1920,2,2,0.0007603266,0.13506642,0.8641733
1921,0,0,0.9807624,0.019022975,0.00021460177
1922,0,0,0.62225354,0.37029207,0.007454409
1923,1,1,0.20890662,0.7062955,0.08479792
1924,0,0,0.9888089,0.011063723,0.00012745919
1925,2,1,0.09853311,0.7485762,0.15289065
1926,0,0,0.9785782,0.0212411,0.00018070542
1927,2,2,0.00021436182,0.05100676,0.94877887
1928,1,2,0.0059049465,0.43651798,0.5575771
1929,1,1,0.20072019,0.7326019,0.06667799
1930,0,0,0.9082434,0.09101649,0.0007400993
1931,2,1,0.011305017,0.49959803,0.48909697
1932,0,0,0.7981759,0.19960277,0.0022213308
1933,0,1,0.161887,0.74353707,0.09457592
1934,0,0,0.7658917,0.23074362,0.0033647222
1935,0,0,0.9994049,0.0004588752,0.00013622307
1936,2,2,7.54807e-05,0.017228156,0.9826964
1937,0,1,0.055684276,0.75509834,0.1892174
1938,1,1,0.39192724,0.5825659,0.02550685
1939,1,1,0.38749692,0.58754086,0.02496226
1940,1,1,0.069170006,0.7543487,0.17648134
1941,2,2,0.0045389747,0.3937683,0.6016927
1942,1,1,0.017721158,0.61465037,0.36762843
1943,1,1,0.080190755,0.7519411,0.16786821
1944,0,1,0.08987073,0.7157841,0.19434524
1945,2,1,0.019032925,0.63466454,0.3463025
1946,1,1,0.08949745,0.59967446,0.31082815
1947,1,1,0.040074795,0.6256008,0.33432442
1948,0,0,0.98324955,0.01658414,0.00016626764
1949,1,1,0.23398189,0.6963514,0.06966673
1950,0,0,0.9947102,0.005144826,0.00014493085
1951,1,1,0.025737755,0.6520518,0.32221043
1952,0,0,0.9997151,0.0002407796,4.4142078e-05
1953,1,1,0.050206974,0.7318107,0.21798232
1954,1,1,0.22089145,0.72172916,0.05737938
1955,0,0,0.67269397,0.31913406,0.008171997
1956,0,0,0.99962413,0.00033590055,4.001889e-05
1957,1,1,0.16741008,0.7424202,0.09016973
1958,0,0,0.756987,0.2397022,0.003310843
1959,1,1,0.023181591,0.5517155,0.42510295
1960,2,2,0.0027153702,0.35458982,0.64269483
1961,1,1,0.42147377,0.5538022,0.024724068
1962,0,0,0.77165365,0.22572714,0.0026191256
1963,0,1,0.42423397,0.5551436,0.020622458
1964,0,1,0.48763382,0.48818666,0.024179526
1965,1,0,0.7378807,0.25849688,0.0036224043
1966,0,0,0.71355915,0.28167248,0.0047683604
1967,0,0,0.9995334,0.00042387986,4.2624004e-05
1968,2,2,0.0002021952,0.001721055,0.9980768
1969,1,1,0.095930606,0.75499326,0.14907615
1970,0,0,0.9757002,0.024093598,0.0002062564
1971,0,1,0.3434801,0.6191888,0.03733119
1972,2,2,0.00012695114,0.039547328,0.9603257
1973,0,1,0.18876486,0.74181366,0.06942147
1974,0,0,0.9957504,0.004187296,6.2314255e-05
1975,0,1,0.48045343,0.5013335,0.018213099
1976,0,0,0.999596,0.000361258,4.2731e-05
1977,0,0,0.95797116,0.041730385,0.00029846234
1978,1,1,0.01677218,0.57806927,0.40515858
1979,0,0,0.9973098,0.0026433768,4.67414e-05
1980,1,0,0.5801935,0.40974528,0.0100612175
1981,1,1,0.15873152,0.7635937,0.077674836
1982,0,0,0.87418133,0.12435189,0.0014667544
1983,0,0,0.9993376,0.00061819825,4.4217937e-05
1984,0,0,0.8840327,0.114944935,0.0010223233
1985,2,1,0.030735722,0.65032715,0.31893712
1986,1,0,0.72199845,0.27365017,0.004351411
1987,0,0,0.50309384,0.47983626,0.017069943
1988,1,1,0.010999218,0.51941013,0.46959066
1989,0,1,0.44791663,0.53663933,0.0154440245
1990,2,2,0.0006846414,0.15349388,0.8458215
1991,2,2,0.001276982,0.22490087,0.77382207
1992,2,2,0.0037643355,0.29235372,0.703882
1993,0,0,0.9894764,0.010417598,0.00010606067
1994,0,0,0.98831975,0.011555314,0.00012492787
1995,2,1,0.12684307,0.7547449,0.11841205
1996,0,0,0.7005954,0.2951373,0.0042673666
1997,0,0,0.915514,0.08386268,0.000623325
1998,1,0,0.9233595,0.076064624,0.00057585153
1999,0,0,0.6194814,0.37159142,0.008927253
2000,0,0,0.9885656,0.011338745,9.564841e-05
2001,0,0,0.99968404,0.00027477057,4.1198906e-05
2002,2,2,0.00018727373,0.03159793,0.9682148
2003,1,1,0.1179542,0.73904485,0.14300098
2004,0,0,0.75444466,0.24239053,0.003164831
2005,1,1,0.11283295,0.7571651,0.13000198
2006,1,1,0.054320246,0.7048188,0.24086097
2007,0,0,0.97289973,0.02681689,0.0002833954
2008,1,0,0.88433427,0.11459473,0.0010710423
2009,1,1,0.17229903,0.73761964,0.090081364
2010,2,2,0.0012889683,0.20276818,0.7959428
2011,1,1,0.03243157,0.6232221,0.3443463
2012,0,0,0.98132,0.018481998,0.00019799634
2013,0,0,0.80120945,0.19561237,0.0031782093
2014,0,0,0.67770946,0.31605518,0.0062353723
2015,0,0,0.63043314,0.36280674,0.0067601474
2016,0,0,0.85409504,0.14420588,0.0016990773
2017,0,0,0.9897133,0.010093789,0.00019286969
2018,0,0,0.92412204,0.07515314,0.00072480063
2019,1,1,0.47675008,0.507306,0.01594395
2020,0,1,0.4775084,0.50690365,0.01558801
2021,0,1,0.4289255,0.5516389,0.019435605
2022,1,1,0.03695146,0.6994499,0.26359862
2023,1,1,0.012358655,0.54612774,0.4415136
2024,2,1,0.02229912,0.5574503,0.4202506
2025,1,1,0.026401602,0.6066703,0.36692813
2026,1,1,0.011240629,0.5099926,0.4787668
2027,1,1,0.26465988,0.6838021,0.051537987
2028,1,1,0.34402993,0.6246222,0.031347867
2029,1,1,0.18972155,0.742347,0.06793145
2030,0,0,0.8830516,0.11574648,0.001201979
2031,1,2,0.0028376868,0.19170547,0.8054569
2032,0,0,0.8326563,0.16588032,0.0014633657
2033,0,0,0.99778944,0.0021638842,4.6688558e-05
2034,1,0,0.7869612,0.2097454,0.0032933992
2035,0,0,0.93100846,0.06715886,0.0018326739
2036,0,0,0.99905753,0.00077377923,0.0001686806
2037,1,1,0.055223957,0.71679664,0.22797948
2038,2,2,0.00058893283,0.08931851,0.9100926
2039,0,0,0.88814384,0.11052573,0.0013304325
2040,0,0,0.79573053,0.20167999,0.0025895454
2041,1,1,0.12233944,0.7347109,0.14294972
2042,1,0,0.51352954,0.4749434,0.011527059
2043,0,0,0.94105583,0.05833843,0.00060578744
2044,0,0,0.9906384,0.009282048,7.951956e-05
2045,1,1,0.31253943,0.6537788,0.03368177
2046,0,1,0.46771795,0.5154299,0.016852163
2047,0,0,0.597338,0.3932103,0.009451721
2048,1,1,0.043992862,0.69143116,0.26457602
2049,1,2,0.008720037,0.47769204,0.5135879
2050,2,2,0.00046283932,0.14626637,0.85327077
2051,0,0,0.9630079,0.036705,0.00028710227
2052,1,1,0.050273374,0.71706426,0.23266235
2053,2,2,0.0025373385,0.18039456,0.8170681
2054,1,1,0.049185168,0.73720706,0.21360777
2055,0,0,0.99927723,0.00056929694,0.00015348599
2056,0,0,0.97302943,0.026789878,0.00018066545
2057,2,2,0.0006181733,0.09145893,0.90792286
2058,0,0,0.99272794,0.007200509,7.1594666e-05
2059,2,2,0.00010982415,0.02151457,0.97837555
2060,0,1,0.014900917,0.51590455,0.4691945
2061,0,0,0.9797379,0.020125674,0.00013640674
2062,2,1,0.14801753,0.7663126,0.085669905
2063,1,1,0.036198493,0.67145354,0.292348
2064,0,0,0.99914193,0.0008169584,4.1137246e-05
2065,1,1,0.03621889,0.6627296,0.30105153
2066,0,0,0.9780597,0.021692742,0.00024753725
2067,0,0,0.9698588,0.029943636,0.00019754532
2068,0,0,0.5071293,0.47077698,0.022093724
2069,0,0,0.95971113,0.040024098,0.00026477544
2070,0,0,0.97992706,0.019919714,0.00015326294
2071,0,0,0.99863183,0.0013191712,4.899362e-05
2072,1,1,0.013626957,0.5547615,0.43161154
2073,1,2,0.009010145,0.40648487,0.58450496
2074,0,0,0.7430333,0.25324935,0.0037173748
2075,0,1,0.4685952,0.5093159,0.0220889
2076,0,0,0.9993426,0.00061226514,4.5067685e-05
2077,0,0,0.99934685,0.0005810878,7.2009796e-05
2078,2,2,0.00028368132,0.0020475774,0.99766874
2079,0,0,0.9751309,0.024703864,0.0001652047
2080,0,0,0.9080122,0.09091446,0.0010733495
2081,0,0,0.6567743,0.3359586,0.0072671594
2082,2,2,0.0011021781,0.15642622,0.8424716
2083,0,0,0.69609505,0.29926896,0.0046359943
2084,1,1,0.14051633,0.74307024,0.11641342
2085,0,0,0.8502782,0.14819087,0.0015309629
2086,1,1,0.026056187,0.65914947,0.3147944
2087,0,0,0.73833144,0.25819445,0.003474088
2088,0,0,0.940527,0.059137836,0.0003351754
2089,0,0,0.99919325,0.0007552923,5.14543e-05
2090,2,2,0.0021660915,0.30676547,0.6910684
2091,1,1,0.13261606,0.7641903,0.10319366
2092,1,1,0.29262567,0.6595445,0.047829807
2093,2,2,0.00060991547,0.153772,0.8456181
2094,2,2,0.005932994,0.41015285,0.58391416
2095,0,1,0.45187232,0.5306731,0.017454648
2096,2,2,0.00055725576,0.1349881,0.8644546
2097,0,0,0.99779725,0.0021529417,4.984851e-05
2098,1,1,0.47979414,0.50363284,0.016572999
2099,1,1,0.4394368,0.54198515,0.018578062
2100,1,1,0.1844618,0.7442601,0.07127812
2101,1,1,0.13913155,0.73373914,0.12712932
2102,0,0,0.94796866,0.05109662,0.00093473593
2103,1,1,0.17112997,0.74544346,0.083426595
2104,1,1,0.018131593,0.59340036,0.3884681
2105,0,0,0.93557245,0.06391798,0.00050955673
2106,0,0,0.63825333,0.3541066,0.007640057
2107,0,0,0.9993972,0.00055989745,4.287139e-05
2108,2,1,0.012641017,0.5369366,0.45042244
2109,1,0,0.5982781,0.38705713,0.014664771
2110,1,1,0.036861837,0.6843406,0.27879757
2111,2,2,0.007453268,0.41379008,0.5787567
2112,1,1,0.053426072,0.6782349,0.26833904
2113,0,1,0.3708251,0.5996195,0.029555414
2114,1,2,0.0028274534,0.37143958,0.625733
2115,0,0,0.9990895,0.000866565,4.3979708e-05
2116,1,1,0.06966561,0.7561132,0.17422119
2117,2,2,6.566252e-05,0.0022027586,0.99773157
2118,0,0,0.9363332,0.06296278,0.0007040358
2119,1,1,0.072105855,0.74360937,0.18428478
2120,1,1,0.34408632,0.62284005,0.033073686
2121,0,0,0.9879599,0.0119491415,9.0975045e-05
2122,1,1,0.15869647,0.75034285,0.0909607
2123,1,1,0.05655397,0.6403394,0.30310667
2124,2,2,0.0010848483,0.16833141,0.83058375
2125,0,0,0.99580526,0.004136391,5.8324218e-05
2126,0,0,0.80460894,0.19344416,0.0019469548
2127,0,0,0.7631136,0.23229146,0.004594966
2128,0,0,0.84358424,0.15440467,0.0020110752
2129,0,0,0.98786986,0.01202612,0.00010400799
2130,2,2,0.0030409023,0.28418666,0.7127724
2131,2,2,0.0017037989,0.21706134,0.78123486
2132,2,2,0.0010970118,0.21209864,0.7868044
2133,1,1,0.26743507,0.68678993,0.04577498
2134,0,0,0.8763068,0.1226414,0.0010518599
2135,0,1,0.38967326,0.5842238,0.026102964
2136,1,1,0.040491648,0.688293,0.27121535
2137,1,1,0.08599053,0.7484849,0.16552456
2138,0,1,0.25401133,0.695169,0.050819688
2139,1,0,0.59214234,0.3998562,0.00800146
2140,1,1,0.111573756,0.7539567,0.13446957
2141,1,1,0.18932521,0.7295786,0.08109618
2142,0,0,0.96927404,0.030521866,0.00020412961
2143,1,1,0.29475006,0.66282374,0.04242621
2144,1,1,0.22514537,0.72016764,0.054687012
2145,2,2,0.0013863781,0.24317728,0.75543636
2146,1,0,0.6383238,0.35472566,0.0069506066
2147,1,1,0.015517881,0.5596131,0.42486903
2148,1,1,0.11302474,0.71712583,0.16984947
2149,0,0,0.73952997,0.25682983,0.0036402214
2150,1,1,0.048001483,0.57152885,0.3804697
2151,1,1,0.19207925,0.74291825,0.065002516
2152,0,0,0.9975389,0.0024150866,4.6022084e-05
2153,0,1,0.08480772,0.7552067,0.1599856
2154,1,1,0.0740253,0.72777617,0.19819854
2155,0,0,0.7165769,0.27914783,0.004275338
2156,2,2,0.0035135308,0.38037542,0.61611104
2157,1,1,0.06878955,0.74421215,0.18699831
2158,0,0,0.6529646,0.34208018,0.0049552075
2159,0,0,0.9608292,0.038858123,0.00031266568
2160,1,1,0.20190306,0.7191315,0.07896543
2161,2,2,0.00048972905,0.07817947,0.9213308
2162,1,1,0.040858068,0.68592644,0.27321547
2163,2,2,0.00029275668,0.044226043,0.9554812
2164,2,1,0.036311265,0.69806004,0.26562873
2165,0,0,0.9713813,0.028390655,0.00022804864
2166,1,1,0.02909085,0.6532139,0.31769526
2167,0,0,0.8798379,0.11879492,0.0013672129
2168,2,1,0.034492344,0.66113645,0.30437124
2169,2,1,0.0143628325,0.58002794,0.40560925
2170,2,1,0.093611,0.750362,0.15602705
2171,2,2,0.00035918725,0.061640862,0.93799996
2172,1,0,0.8329261,0.16491014,0.0021637501
2173,2,2,0.00032037415,0.075417966,0.9242617
2174,1,1,0.07405272,0.7326507,0.19329658
2175,0,1,0.4820149,0.5049683,0.013016805
2176,1,1,0.0460846,0.71982175,0.23409368
2177,1,1,0.13492846,0.75367385,0.1113977
2178,0,0,0.58641696,0.4049099,0.008673123
2179,0,0,0.72006416,0.27619106,0.0037448246
2180,0,0,0.90526533,0.093808405,0.000926229
2181,1,1,0.13994464,0.75284576,0.10720961
2182,0,0,0.92547953,0.07356452,0.00095596776
2183,1,2,0.0035925186,0.3680391,0.62836844
2184,0,0,0.9997859,0.00017300408,4.1056424e-05
2185,0,0,0.99645853,0.0034727075,6.879594e-05
2186,0,0,0.49885297,0.48420307,0.016943889
2187,1,1,0.14692336,0.74377966,0.10929697
2188,2,2,0.0009878608,0.20086384,0.7981483
2189,1,1,0.18103364,0.707649,0.11131738
2190,0,0,0.8108814,0.18724331,0.0018753048
2191,2,1,0.08224179,0.7594622,0.15829602
2192,1,1,0.18066363,0.7342555,0.08508087
2193,0,0,0.9836302,0.016231451,0.00013839334
2194,2,2,0.002397952,0.26902384,0.7285782
2195,0,0,0.9801335,0.019633241,0.00023330993
2196,1,0,0.7378364,0.2587009,0.0034626496
2197,1,1,0.11658344,0.76037025,0.12304631
2198,1,0,0.56320846,0.42583752,0.010954032
2199,0,0,0.65971494,0.33520162,0.0050834953
2200,2,1,0.04461253,0.71765053,0.237737
2201,2,2,0.0001349568,0.041615684,0.9582494
2202,0,0,0.8567449,0.14200184,0.0012532651
2203,1,1,0.095424436,0.75851214,0.14606343
2204,1,0,0.8335502,0.16450545,0.0019443554
2205,0,1,0.35342082,0.6143284,0.032250777
2206,0,2,0.008662727,0.47868016,0.5126571
2207,2,1,0.021912353,0.5787094,0.39937827
2208,1,1,0.05166597,0.68330294,0.26503116
2209,0,1,0.46121615,0.51990986,0.018874047
2210,0,0,0.95134324,0.048329383,0.00032731247
2211,0,0,0.99634874,0.0035955103,5.5740653e-05
2212,0,0,0.99960047,0.00032388634,7.565847e-05
2213,2,2,0.0057956204,0.40840733,0.585797
2214,0,0,0.99760413,0.0023451927,5.0648636e-05
2215,1,1,0.1790203,0.73463774,0.086342
2216,0,0,0.97893673,0.02092186,0.00014140819
2217,0,0,0.9568999,0.042838275,0.00026184754
2218,0,0,0.9975903,0.0023567139,5.2986186e-05
2219,1,1,0.25368193,0.69815767,0.048160408
2220,2,2,0.0005018536,0.08284199,0.9166562
2221,2,2,5.8134865e-05,0.0049573276,0.9949845
2222,1,1,0.09429564,0.7770198,0.12868464
2223,0,0,0.9780593,0.021797815,0.00014288333
2224,0,0,0.7863554,0.20960984,0.004034772
2225,2,2,0.0003148545,0.05851332,0.9411719
2226,0,1,0.44703317,0.5334977,0.019469189
2227,1,1,0.03606968,0.695228,0.26870236
2228,1,1,0.03875531,0.67589533,0.28534934
2229,0,0,0.99899405,0.00096293865,4.3021722e-05
2230,1,1,0.46732348,0.5150972,0.017579287
2231,2,2,0.00010404727,0.018006682,0.98188925
2232,2,2,8.3401406e-05,0.0060965307,0.9938201
2233,2,2,0.0002449033,0.06484709,0.93490803
2234,0,0,0.9972753,0.0026434872,8.126677e-05
2235,1,1,0.4604096,0.5189903,0.020600054
2236,0,0,0.98489213,0.015002556,0.00010534389
2237,1,1,0.012734093,0.52070904,0.4665569
2238,0,0,0.94482124,0.0542961,0.00088266726
2239,0,0,0.984408,0.0154442405,0.00014777137
2240,0,1,0.28309435,0.66551286,0.05139278
2241,0,0,0.98724484,0.012666738,8.844576e-05
2242,0,1,0.012916103,0.52535677,0.4617272
2243,2,2,0.0076580457,0.35587057,0.6364714
2244,2,1,0.012146631,0.5243778,0.46347556
2245,2,1,0.013692761,0.54334205,0.4429652
2246,0,0,0.9993613,0.0005981436,4.060438e-05
2247,1,2,0.0012143884,0.23194787,0.7668378
2248,0,0,0.9981853,0.0017672809,4.7421785e-05
2249,0,1,0.15409404,0.72670627,0.119199716
2250,2,2,0.0043905787,0.3644731,0.6311363
2251,1,0,0.6930461,0.30131197,0.005641942
2252,0,0,0.5996697,0.391693,0.008637318
2253,1,1,0.35275263,0.6165592,0.030688174
2254,1,2,0.0040155537,0.33926025,0.6567242
2255,0,0,0.74000794,0.25691223,0.0030798146
2256,0,0,0.74054354,0.25635076,0.0031056982
2257,2,2,0.005776755,0.3903454,0.6038779
2258,1,1,0.044433694,0.7192794,0.2362869
2259,2,2,7.10997e-05,0.0020915256,0.99783736
2260,1,1,0.2729862,0.6670678,0.059945997
2261,0,0,0.9943267,0.005499008,0.00017429226
2262,0,0,0.9748306,0.025008786,0.00016060442
2263,2,2,0.0015014095,0.22351107,0.7749875
2264,0,1,0.30247602,0.6532413,0.04428276
2265,0,0,0.9997739,0.00018610393,4.0005198e-05
2266,0,0,0.9992444,0.0007147354,4.087815e-05
2267,0,0,0.95731306,0.042391006,0.0002958808
2268,0,0,0.9447751,0.05487106,0.00035386486
2269,0,0,0.99476355,0.005132876,0.00010358107
2270,0,0,0.99892247,0.0010258938,5.1647054e-05
2271,0,0,0.8518327,0.14582072,0.0023465534
2272,0,0,0.99387205,0.0060514295,7.6553806e-05
2273,2,2,7.04577e-05,0.013195096,0.98673445
2274,0,0,0.99422836,0.005702654,6.898858e-05
2275,0,1,0.4120427,0.5646527,0.023304617
2276,0,0,0.9985032,0.0014513225,4.545656e-05
2277,1,1,0.35519874,0.61228895,0.03251225
2278,1,0,0.6873915,0.30498597,0.007622514
2279,0,0,0.9993495,0.0006090614,4.1493357e-05
2280,0,0,0.56793475,0.4184193,0.013645971
2281,0,0,0.9909796,0.008912433,0.000107962966
2282,0,0,0.9995988,0.00036089582,4.0311035e-05
2283,0,0,0.99965405,0.0003042191,4.1717114e-05
2284,0,0,0.8438928,0.15445995,0.0016472593
2285,0,1,0.42040622,0.5577348,0.021858986
2286,0,1,0.46126962,0.5180763,0.020654088
2287,1,0,0.60160697,0.3900531,0.008339951
2288,2,2,0.003959187,0.39125767,0.6047832
2289,0,1,0.4114761,0.5631044,0.025419522
2290,0,0,0.91753745,0.081683,0.0007794682
2291,0,0,0.7519169,0.24486476,0.0032183565
2292,2,2,0.000108473934,0.028368525,0.97152305
2293,0,0,0.9997867,0.00016970279,4.362756e-05
2294,2,2,7.734694e-05,0.01198177,0.9879409
2295,1,1,0.04754343,0.7178986,0.234558
2296,2,1,0.08536975,0.7534154,0.16121481
2297,1,2,0.007201692,0.46337557,0.52942276
2298,0,0,0.8733573,0.12544811,0.0011945827
2299,0,0,0.557066,0.43377405,0.009159898
2300,2,2,0.002792052,0.32625872,0.6709492
2301,0,0,0.76393616,0.23250791,0.0035559381
2302,0,0,0.9591057,0.04040822,0.00048613938
2303,1,1,0.24612124,0.7017469,0.052131925
2304,1,1,0.10229807,0.7480539,0.14964801
2305,1,2,0.0016060432,0.20258331,0.79581064
2306,1,1,0.020302523,0.62579995,0.3538975
2307,1,1,0.11164221,0.7358763,0.15248144
2308,0,1,0.46984154,0.51361406,0.016544385
2309,0,0,0.9834716,0.016391532,0.00013690726
2310,0,0,0.9655461,0.034116704,0.00033725615
2311,0,0,0.9958138,0.004091165,9.50423e-05
2312,0,1,0.12005556,0.7623027,0.11764177
2313,0,0,0.71278787,0.28335726,0.0038548466
2314,1,1,0.15191633,0.761491,0.086592674
2315,0,0,0.9770334,0.022765685,0.00020092541
2316,0,1,0.09031281,0.6853149,0.22437225
2317,1,1,0.37849033,0.59618115,0.025328523
2318,1,1,0.12482686,0.7664871,0.10868603
2319,0,0,0.75096965,0.24523416,0.0037962124
2320,0,0,0.98053336,0.019092526,0.0003741145
2321,2,2,6.079939e-05,0.005508838,0.99443036
2322,2,1,0.010945329,0.55471736,0.4343373
2323,1,0,0.67762244,0.31756407,0.0048135426
2324,0,0,0.9648005,0.034969687,0.00022981978
2325,1,0,0.520699,0.46709383,0.012207134
2326,0,0,0.9458022,0.053668015,0.00052976183
2327,0,0,0.96441394,0.035392337,0.00019371614
2328,0,0,0.6632689,0.33169854,0.0050325654
2329,2,2,0.00029046988,0.051886,0.9478235
2330,0,0,0.98764765,0.012249737,0.000102554826
2331,0,0,0.92647576,0.07282309,0.0007011036
2332,0,0,0.86958843,0.129015,0.0013966155
2333,1,1,0.019380234,0.62059224,0.36002752
2334,0,0,0.9997814,0.00017778868,4.0765673e-05
2335,1,1,0.3262292,0.6325581,0.04121266
2336,2,2,9.0323185e-05,0.0024584671,0.9974512
2337,0,0,0.83398986,0.16375422,0.002255904
2338,2,2,0.00015162928,0.020773372,0.979075
2339,0,1,0.2431182,0.70232546,0.054556347
2340,1,1,0.20225924,0.72843724,0.06930348
2341,0,0,0.8817331,0.11735046,0.000916404
2342,1,0,0.62261367,0.36906457,0.008321794
2343,1,1,0.38532993,0.58483136,0.029838698
2344,1,0,0.6256875,0.36772874,0.006583818
2345,0,1,0.2028,0.7209622,0.07623782
2346,0,0,0.9916393,0.008268918,9.176223e-05
2347,1,2,0.00036043717,0.08698296,0.91265655
2348,2,2,0.0030935465,0.37890768,0.6179988
2349,2,2,0.0009482041,0.17353317,0.82551867
2350,1,0,0.74519074,0.2504122,0.0043970216
2351,0,0,0.990427,0.009476124,9.688466e-05
2352,1,0,0.52301013,0.4653191,0.011670772
2353,1,1,0.009761459,0.51998603,0.47025248
2354,0,1,0.07164409,0.7614398,0.1669161
2355,1,2,0.005473432,0.44946033,0.54506624
2356,1,1,0.12970671,0.74869704,0.12159628
2357,0,0,0.80939376,0.18865794,0.001948278
2358,1,1,0.16066729,0.753366,0.08596675
2359,1,1,0.1490933,0.755134,0.09577273
2360,0,0,0.9699537,0.029771274,0.00027503356
2361,2,2,0.0020950395,0.27661115,0.7212938
2362,1,1,0.12690696,0.7560171,0.117075905
2363,1,1,0.36049443,0.60902506,0.03048057
2364,0,1,0.13591656,0.75561905,0.10846437
2365,0,0,0.9994727,0.00046521088,6.214237e-05
2366,0,0,0.70591056,0.29025277,0.0038366625
2367,0,1,0.44856384,0.5257063,0.025729923
2368,1,1,0.046415746,0.7399714,0.21361288
2369,0,0,0.89436316,0.10474312,0.0008937131
2370,0,0,0.78568685,0.21055757,0.003755557
2371,1,1,0.027019806,0.65722144,0.31575876
2372,0,0,0.73550004,0.26099005,0.003509879
2373,2,2,0.00057292194,0.12513092,0.8742962
2374,1,0,0.5729137,0.41843873,0.008647568
2375,1,2,0.0016257691,0.25859082,0.7397834
2376,1,1,0.15163808,0.75480485,0.09355709
2377,0,0,0.9995021,0.00045759318,4.0317016e-05
2378,2,1,0.12996368,0.7451233,0.12491306
2379,0,0,0.9708524,0.028788377,0.00035922596
2380,0,1,0.24070108,0.6984714,0.060827516
2381,1,2,0.008066068,0.49132597,0.50060797
2382,1,1,0.05219313,0.7157901,0.2320168
2383,1,1,0.019338593,0.6125202,0.3681412
2384,0,1,0.10564048,0.7530394,0.14132011
2385,0,1,0.2924781,0.6681043,0.039417617
2386,1,1,0.10687881,0.72480273,0.16831845
2387,0,0,0.9802981,0.019541336,0.00016057359
2388,1,1,0.20018649,0.7298031,0.07001045
2389,1,1,0.1579384,0.7541032,0.08795842
2390,2,2,0.005808612,0.3423477,0.65184367
2391,1,1,0.13758075,0.7602248,0.10219449
2392,0,0,0.999217,0.00073505286,4.7972193e-05
2393,0,0,0.9974785,0.0024486734,7.2853036e-05
2394,0,0,0.936154,0.06314633,0.0006997151
2395,0,0,0.8879084,0.111308455,0.0007831519
2396,1,2,0.0007385305,0.1138436,0.8854179
2397,2,2,0.00013960304,0.04426249,0.9555979
2398,0,0,0.9096308,0.08956529,0.00080394
2399,0,0,0.99165875,0.008244799,9.6399475e-05
2400,1,1,0.25642753,0.688621,0.054951463
2401,1,1,0.02224636,0.66054356,0.31721008
2402,0,0,0.9990538,0.000896652,4.9597853e-05
2403,0,0,0.99869,0.0012625013,4.7526446e-05
2404,0,0,0.8694184,0.12889272,0.0016888801
2405,1,1,0.47992048,0.49609292,0.023986608
2406,0,0,0.8789916,0.11951353,0.0014948891
2407,1,1,0.40526432,0.5720605,0.022675198
2408,0,0,0.69749033,0.2959939,0.006515754
2409,2,1,0.011578635,0.5488383,0.43958306
2410,0,0,0.762226,0.23164172,0.0061322004
2411,0,0,0.98177594,0.017982626,0.00024147463
2412,0,0,0.87833244,0.12066629,0.0010013189
2413,0,0,0.9978243,0.0021194061,5.6319033e-05
2414,0,0,0.8973361,0.10186553,0.00079837383
2415,1,2,0.001307132,0.2465547,0.75213814
2416,0,0,0.8804135,0.118575506,0.0010110333
2417,0,0,0.9995843,0.00035334402,6.238127e-05
2418,1,2,0.007477173,0.40702805,0.5854948
2419,0,0,0.61315,0.37958786,0.0072621885
2420,0,1,0.37527668,0.5989524,0.025770908
2421,2,1,0.026395354,0.5745386,0.3990661
2422,1,0,0.9014344,0.09766764,0.00089796603
2423,0,0,0.9824541,0.017428419,0.00011746089
2424,1,1,0.032768883,0.6687515,0.2984796
2425,1,1,0.11536007,0.7449414,0.13969855
2426,1,1,0.01835448,0.5933187,0.38832682
2427,0,1,0.26738197,0.6826888,0.04992921
2428,0,0,0.7024708,0.2919768,0.005552386
2429,0,0,0.9854294,0.014409032,0.00016160146
2430,1,1,0.014570687,0.5331634,0.45226583
2431,0,0,0.77401143,0.22378382,0.002204777
2432,1,1,0.10738776,0.7359587,0.1566536
2433,1,1,0.28407305,0.66822135,0.047705606
2434,0,0,0.994876,0.005063886,6.008311e-05
2435,0,0,0.94359845,0.05596731,0.00043422933
2436,0,0,0.9853705,0.014452043,0.0001774509
2437,0,0,0.9870208,0.012827828,0.00015138953
2438,0,1,0.461702,0.5198807,0.018417312
2439,1,1,0.022107609,0.5379075,0.43998495
2440,2,2,0.00037650383,0.056256194,0.9433673
2441,0,0,0.9177017,0.08165786,0.00064042123
2442,2,1,0.046571925,0.7100517,0.2433764
2443,0,0,0.9894351,0.010454818,0.000110095534
2444,0,1,0.4085813,0.56719756,0.024221156
2445,0,0,0.9774505,0.022393327,0.00015620707
2446,2,2,0.00081153214,0.16219479,0.8369937
2447,1,0,0.98854375,0.01134271,0.00011351945
2448,1,1,0.023692016,0.5900043,0.3863037
2449,1,0,0.91877687,0.080696076,0.0005270197
2450,1,1,0.13775754,0.75229347,0.10994899
2451,1,1,0.33393195,0.6306124,0.03545571
2452,1,1,0.11810836,0.7461171,0.13577458
2453,2,1,0.024427662,0.61158895,0.36398342
2454,2,2,0.0022971286,0.29253668,0.7051662
2455,1,1,0.18635046,0.7397423,0.073907256
2456,0,0,0.6057812,0.3828718,0.011346992
2457,2,1,0.0462403,0.679517,0.27424276
2458,0,1,0.11283327,0.7611836,0.12598316
2459,1,1,0.21312201,0.7290455,0.057832494
2460,1,0,0.84657073,0.15064919,0.0027800947
2461,2,2,0.000110713474,0.039393984,0.9604953
2462,0,0,0.7935519,0.20409608,0.0023519776
2463,0,0,0.5471242,0.4408877,0.011988114
2464,1,1,0.03502659,0.6870035,0.2779699
2465,1,0,0.7296526,0.26689878,0.0034486125
2466,1,1,0.082155555,0.7341768,0.18366764
2467,0,0,0.9082627,0.09087324,0.0008640742
2468,2,2,9.8384284e-05,0.002895541,0.99700606
2469,0,1,0.18230626,0.7480251,0.069668666
2470,0,0,0.835221,0.16329262,0.0014864062
2471,1,1,0.11413284,0.7567008,0.12916633
2472,0,0,0.9964744,0.0034646706,6.0947517e-05
2473,0,0,0.72583795,0.2706859,0.0034761145
2474,0,0,0.95234454,0.047280725,0.0003747211
2475,0,0,0.86268854,0.13587974,0.0014317873
2476,0,0,0.9467814,0.052614424,0.0006041634
2477,1,2,0.002776994,0.28233817,0.7148849
2478,1,1,0.115905635,0.74975276,0.13434163
2479,0,0,0.5694109,0.42075634,0.009832787
2480,0,0,0.9822697,0.017425694,0.00030463687
2481,0,0,0.9361705,0.06310906,0.0007204711
2482,1,0,0.7703426,0.22732776,0.0023296638
2483,2,2,0.0015007292,0.25071818,0.7477811
2484,1,1,0.06260929,0.7253348,0.21205586
2485,0,0,0.99535,0.00458947,6.054598e-05
2486,1,1,0.13962519,0.7401935,0.12018133
2487,1,1,0.024587214,0.6313678,0.34404498
2488,2,1,0.040967427,0.7079739,0.2510587
2489,2,2,0.0012201393,0.1799634,0.8188165
2490,2,1,0.03343871,0.6677756,0.29878578
2491,1,1,0.087282196,0.7520094,0.16070841
2492,0,0,0.9996259,0.00033131108,4.278451e-05
2493,1,1,0.42482853,0.55099285,0.024178606
2494,0,0,0.89396703,0.10443178,0.0016012227
2495,1,0,0.8263602,0.17148523,0.0021545405
2496,0,0,0.7939211,0.20405138,0.002027506
2497,0,0,0.8906219,0.108085215,0.0012929323
2498,0,0,0.959306,0.04037822,0.0003157725
2499,0,0,0.99138886,0.00852807,8.308546e-05
2500,0,0,0.8243004,0.17361027,0.0020893447
2501,1,1,0.48473176,0.4993571,0.015911186
2502,0,0,0.9949877,0.0049460484,6.623295e-05
2503,2,2,0.0022738725,0.2733345,0.72439164
2504,0,1,0.38442045,0.59138936,0.024190221
2505,1,0,0.5249137,0.45939556,0.01569071
2506,1,1,0.4862846,0.50035834,0.0133570675
2507,0,0,0.9876064,0.0122619625,0.00013157236
2508,0,0,0.9277858,0.071676634,0.00053758424
2509,0,0,0.6551926,0.3365446,0.008262765
2510,1,1,0.05083144,0.70042205,0.24874651
2511,0,0,0.563549,0.4239117,0.012539323
2512,1,1,0.24135864,0.7049648,0.05367656
2513,0,0,0.81340206,0.18495989,0.0016380548
2514,1,0,0.5487114,0.43849865,0.012789994
2515,1,0,0.7109787,0.28458425,0.0044370783
2516,1,1,0.31374836,0.6465383,0.0397133
2517,1,1,0.43290126,0.5437429,0.023355866
2518,1,1,0.017815294,0.6259141,0.3562706
2519,0,1,0.39325863,0.5786476,0.028093792
2520,0,0,0.93501496,0.064482965,0.00050210394
2521,0,0,0.9906328,0.009280116,8.7110246e-05
2522,1,0,0.5283344,0.4580924,0.013573224
2523,1,2,0.009242581,0.49177742,0.49898
2524,0,0,0.890868,0.1078181,0.0013139212
2525,1,0,0.61845225,0.37430918,0.0072385487
2526,1,1,0.36709708,0.5998195,0.033083457
2527,1,1,0.12362312,0.7593698,0.11700708
2528,0,0,0.997765,0.0021601545,7.4857555e-05
2529,1,2,0.0032488322,0.3641785,0.63257265
2530,0,0,0.78267837,0.21472076,0.0026009143
2531,2,2,0.0007480802,0.15970096,0.839551
2532,0,1,0.4207228,0.5563642,0.022913016
2533,2,1,0.066001914,0.75728464,0.17671351
2534,2,1,0.123094544,0.75689197,0.12001349
2535,0,0,0.9902309,0.009583807,0.00018528641
2536,0,1,0.42782068,0.55368674,0.01849258
2537,0,0,0.9985717,0.0013848875,4.336992e-05
2538,0,0,0.9217544,0.0776456,0.000599986
2539,0,0,0.97414565,0.025568698,0.00028565113
2540,1,0,0.6575629,0.3355019,0.0069351643
2541,2,2,4.5838104e-05,0.005000937,0.9949533
2542,2,2,0.001659732,0.25202942,0.7463109
2543,1,1,0.061778218,0.7287185,0.2095033
2544,0,0,0.9989743,0.0009818475,4.3836008e-05
2545,0,1,0.2634079,0.6920208,0.044571355
2546,1,1,0.011938544,0.5143928,0.4736686
2547,0,0,0.83588284,0.16264868,0.0014684913
2548,0,0,0.99967504,0.0002845433,4.039368e-05
2549,1,1,0.28732818,0.6668461,0.045825664
2550,1,0,0.756061,0.23922619,0.004712843
2551,1,0,0.83902544,0.15831347,0.002661094
2552,2,2,5.616538e-05,0.006530497,0.9934133
2553,1,2,0.005900883,0.41676188,0.57733727
2554,0,0,0.8299597,0.16789977,0.0021405364
2555,2,2,0.009405901,0.46874297,0.5218511
2556,2,2,0.0070227818,0.42869455,0.5642827
2557,1,1,0.018941995,0.6103877,0.3706703
2558,2,1,0.32782045,0.6391531,0.033026427
2559,0,0,0.7888272,0.2082121,0.0029606689
2560,1,1,0.16178179,0.7347382,0.10348006
2561,0,0,0.9977289,0.002216003,5.513247e-05
2562,1,1,0.06356454,0.67879033,0.2576451
2563,2,2,0.0001082744,0.023408504,0.9764832
2564,0,0,0.9432036,0.05613442,0.00066197827
2565,1,1,0.04325667,0.68929684,0.26744655
2566,2,2,0.0019899867,0.26587838,0.73213166
2567,0,0,0.9978963,0.0020412095,6.2491206e-05
2568,1,0,0.94548535,0.05411382,0.00040082366
2569,0,0,0.7434213,0.2521537,0.0044249673
2570,1,1,0.0747494,0.7386737,0.18657687
2571,2,2,0.0022217114,0.26381806,0.7339602
2572,0,1,0.43519753,0.5435689,0.021233607
2573,0,0,0.8089417,0.18850002,0.0025582686
2574,1,1,0.3870213,0.5904095,0.022569213
2575,0,0,0.9995062,0.00045147398,4.2406387e-05
2576,0,0,0.8550582,0.14326614,0.0016756498
2577,1,1,0.24453011,0.69733673,0.05813313
2578,0,1,0.29892495,0.6653072,0.035767835
2579,2,2,5.4884316e-05,0.0037736697,0.9961715
2580,2,2,0.00010009038,0.004023767,0.99587613
2581,1,1,0.2852981,0.6673347,0.047367293
2582,1,1,0.06180045,0.7297406,0.20845896
2583,2,1,0.08023447,0.75711083,0.16265467
2584,1,0,0.9574548,0.042222705,0.00032242623
2585,0,0,0.62954986,0.3635233,0.006926857
2586,0,1,0.17180283,0.73355603,0.09464115
2587,0,0,0.96607345,0.03371941,0.00020717859
2588,2,1,0.04795536,0.68145406,0.2705906
2589,0,0,0.8882728,0.11090535,0.0008218002
2590,2,2,0.0001108357,0.011646457,0.98824275
2591,0,0,0.9988457,0.0011003444,5.397835e-05
2592,0,0,0.63668114,0.3562811,0.007037806
2593,1,1,0.016859047,0.52415806,0.45898288
2594,1,1,0.011827173,0.5659612,0.42221162
2595,2,2,8.259248e-05,0.016412513,0.9835049
2596,0,0,0.89993113,0.09931119,0.00075767783
2597,1,1,0.24297999,0.69833255,0.058687452
2598,1,1,0.11011079,0.77364564,0.116243586
2599,1,1,0.4709754,0.51372063,0.015303995
2600,1,1,0.14177096,0.7578168,0.100412235
2601,0,0,0.7612185,0.23523617,0.0035453415
2602,0,0,0.9736189,0.026194148,0.00018695273
2603,1,1,0.28489062,0.6718662,0.043243207
2604,1,2,0.00027209258,0.0775547,0.9221732
2605,0,0,0.96064806,0.038915165,0.0004368356
2606,0,0,0.9933164,0.006562193,0.00012144208
2607,1,1,0.4830906,0.50214285,0.014766594
2608,0,0,0.9968096,0.0031393587,5.1009214e-05
2609,1,1,0.2514564,0.70024484,0.048298787
2610,0,0,0.9991391,0.0008047277,5.623285e-05
2611,0,0,0.7228833,0.2730435,0.0040731765
2612,2,1,0.015177218,0.5259719,0.45885092
2613,0,0,0.9948495,0.0050888127,6.1701845e-05
2614,2,2,0.00062091067,0.044436835,0.9549422
2615,0,0,0.9795436,0.020336637,0.00011976944
2616,0,0,0.9061681,0.092674345,0.0011575706
2617,1,1,0.20610973,0.72025746,0.07363281
2618,2,1,0.3115727,0.6468972,0.041530117
2619,0,0,0.9983314,0.0016195609,4.9039067e-05
2620,0,0,0.77594453,0.22075194,0.0033035153
2621,0,0,0.77747107,0.21885085,0.0036780676
2622,1,1,0.31219244,0.64184326,0.045964323
2623,2,2,0.0036536923,0.3367769,0.6595694
2624,0,1,0.3304427,0.6307772,0.038780168
2625,1,1,0.059936073,0.73149145,0.20857248
2626,0,0,0.83562994,0.1629337,0.0014363823
2627,2,1,0.036556292,0.66765654,0.29578716
2628,0,0,0.98887956,0.011030866,8.959036e-05
2629,1,1,0.21374115,0.695186,0.09107284
2630,0,0,0.89158326,0.10748743,0.0009293057
2631,1,1,0.14546084,0.7444687,0.11007047
2632,0,0,0.9857235,0.014151398,0.00012510686
2633,0,0,0.9991379,0.0007930449,6.9094844e-05
2634,0,1,0.32472944,0.63627756,0.03899298
2635,0,0,0.99981457,0.00014542641,4.0006827e-05
2636,0,0,0.8685335,0.12905021,0.0024162268
2637,0,0,0.6493914,0.34273407,0.007874575
2638,0,0,0.62645763,0.36792475,0.0056176377
2639,2,1,0.014287479,0.506045,0.47966754
2640,0,0,0.8173204,0.1810207,0.0016589351
2641,1,1,0.39026818,0.58193654,0.027795294
2642,1,1,0.11439118,0.75913703,0.12647174
2643,1,2,0.008467313,0.42411697,0.5674157
2644,0,0,0.99678075,0.0031654397,5.3793512e-05
2645,1,2,0.0002620105,0.08845152,0.9112865
2646,0,1,0.09874428,0.7608233,0.14043242
2647,0,0,0.9941305,0.005798972,7.0483584e-05
2648,2,2,0.0003628061,0.07392849,0.9257087
2649,1,1,0.21982503,0.7141459,0.06602909
2650,1,0,0.90425646,0.093905896,0.0018375675
2651,2,2,0.006713562,0.45384592,0.5394405
2652,1,0,0.6416014,0.3494059,0.008992753
2653,1,2,0.00683837,0.43563658,0.55752504
2654,0,0,0.98981565,0.010078565,0.00010581967
2655,1,1,0.013002767,0.5573623,0.42963496
2656,1,1,0.14562099,0.7690955,0.085283585
2657,0,0,0.8846047,0.11456676,0.00082845526
2658,0,0,0.95589185,0.043779224,0.00032891054
2659,1,1,0.037946135,0.6777783,0.28427553
2660,0,1,0.43062606,0.551454,0.017919855
2661,1,1,0.09530285,0.769313,0.13538419
2662,1,0,0.7961725,0.20137876,0.002448691
2663,0,0,0.9788015,0.020990133,0.00020835362
2664,1,0,0.6219769,0.36544836,0.012574725
2665,0,0,0.7657573,0.23101887,0.003223797
2666,2,2,0.0012920885,0.16100699,0.8377009
2667,1,0,0.80476886,0.1920801,0.0031510422
2668,0,0,0.85402066,0.14463359,0.0013457376
2669,1,0,0.57444733,0.4146118,0.010940912
2670,0,0,0.99241745,0.007515226,6.734267e-05
2671,0,0,0.97337186,0.026464732,0.00016339062
2672,0,0,0.98873883,0.011142211,0.0001189805
2673,0,0,0.99250215,0.0074233343,7.4517964e-05
2674,0,0,0.9780786,0.02162879,0.00029260598
2675,1,1,0.41056263,0.54681087,0.04262655
2676,1,1,0.20370221,0.7279316,0.06836617
2677,0,0,0.71605897,0.27729,0.00665108
2678,1,1,0.42447823,0.55334795,0.0221738
2679,1,1,0.24575038,0.6993557,0.054893956
2680,1,1,0.26911288,0.67410624,0.056780897
2681,2,2,0.0072135427,0.44698107,0.5458054
2682,1,0,0.50225884,0.48171988,0.016021216
2683,1,1,0.06852004,0.72516793,0.20631209
2684,0,0,0.64233077,0.35169086,0.005978347
2685,0,0,0.99271655,0.007172812,0.00011063136
2686,1,1,0.11204571,0.7771892,0.11076511
2687,0,1,0.12327071,0.7683186,0.10841073
2688,1,1,0.05580213,0.7448549,0.19934297
2689,0,0,0.8447821,0.15380615,0.0014117227
2690,0,0,0.92828715,0.07124,0.00047288134
2691,0,0,0.9162682,0.08299224,0.0007395359
2692,0,0,0.9893627,0.010559402,7.79112e-05
2693,0,0,0.99874496,0.0012107842,4.4188677e-05
2694,0,0,0.99711895,0.0028298968,5.1169678e-05
2695,2,2,0.0011314698,0.19220287,0.80666566
2696,1,2,0.0016207129,0.23897061,0.7594087
2697,0,0,0.9880304,0.011845512,0.00012412733
2698,1,2,0.0011705956,0.23468684,0.7641426
2699,2,1,0.017178684,0.6042958,0.37852547
2700,1,1,0.04715822,0.6819573,0.27088448
2701,0,0,0.97938687,0.020499142,0.00011399547
2702,1,1,0.12830037,0.7469734,0.124726236
2703,1,1,0.044514254,0.70435107,0.25113466
2704,2,2,0.00034572702,0.07840513,0.92124915
2705,1,1,0.04897213,0.7168835,0.23414445
2706,1,1,0.019015582,0.6250095,0.355975
2707,1,1,0.06430431,0.7012379,0.23445776
2708,1,1,0.03668589,0.71632314,0.24699102
2709,2,2,0.00025408738,0.054977275,0.9447686
2710,0,0,0.9744548,0.025315808,0.00022938047
2711,1,0,0.80733144,0.19041625,0.0022523701
2712,1,1,0.03169506,0.6535939,0.31471103
2713,0,0,0.9101683,0.08907587,0.00075582194
2714,0,0,0.9994414,0.0005165998,4.1993506e-05
2715,0,0,0.9188292,0.080547564,0.0006232525
2716,0,1,0.36030215,0.60654217,0.03315566
2717,0,0,0.9794766,0.020376232,0.00014719712
2718,1,1,0.06002088,0.7388816,0.20109755
2719,0,0,0.9643325,0.035422415,0.0002450873
2720,1,1,0.019535746,0.60062957,0.3798347
2721,1,0,0.54776853,0.4426334,0.009598119
2722,1,1,0.17547993,0.749418,0.07510206
2723,2,2,7.619792e-05,0.018938206,0.9809856
2724,0,0,0.9399764,0.05946597,0.00055763556
2725,2,2,0.00019863495,0.053488918,0.9463124
2726,0,1,0.43959653,0.54208654,0.018316928
2727,0,0,0.9255142,0.07389556,0.0005902241
2728,0,0,0.63595617,0.3570826,0.0069612274
2729,1,1,0.02263917,0.6134363,0.36392453
2730,1,1,0.043111518,0.72852486,0.22836365
2731,1,1,0.1151061,0.75551426,0.12937967
2732,1,1,0.013653791,0.52756214,0.458784
2733,1,1,0.24326047,0.70294887,0.05379072
2734,0,0,0.77546304,0.22129636,0.0032406684
2735,0,0,0.91932863,0.07999936,0.00067202176
2736,0,0,0.83157104,0.16671465,0.0017143107
2737,1,2,0.00063150795,0.15318935,0.8461791
2738,2,2,0.00016155106,0.028113717,0.97172475
2739,0,0,0.99674153,0.003205009,5.3491516e-05
2740,0,0,0.9925414,0.007328649,0.00012999348
2741,0,0,0.8719354,0.1269001,0.0011644551
2742,0,0,0.63860214,0.35455948,0.0068383627
2743,2,1,0.032353006,0.6274538,0.34019318
2744,0,0,0.9850204,0.014882633,9.6968e-05
2745,1,2,0.008877488,0.42650157,0.5646209
2746,2,2,0.010340659,0.47648123,0.5131781
2747,0,0,0.99751854,0.0024241605,5.732459e-05
2748,0,0,0.97975105,0.020102825,0.00014615843
2749,0,0,0.98147535,0.018290494,0.0002340691
2750,1,1,0.06367861,0.76614136,0.17018002
2751,1,1,0.19321692,0.7193124,0.08747069
2752,0,0,0.9365341,0.06292238,0.00054352055
2753,1,1,0.011872474,0.54445875,0.44366878
2754,0,0,0.9196454,0.07922445,0.0011301457
2755,2,1,0.017629165,0.54877675,0.4335941
2756,0,0,0.99937534,0.0005654423,5.9131435e-05
2757,2,2,0.00010640734,0.0022475598,0.99764603
2758,0,0,0.9990764,0.0008813524,4.2247317e-05
2759,1,1,0.03238658,0.5410198,0.42659366
2760,1,1,0.0501631,0.7047997,0.2450372
2761,0,0,0.9071874,0.09216041,0.0006522211
2762,1,2,0.0057268543,0.38203245,0.6122407
2763,0,0,0.62806326,0.3652672,0.006669538
2764,1,0,0.6246138,0.36573085,0.00965538
2765,0,1,0.22404698,0.71463907,0.061313964
2766,1,0,0.92728424,0.07208858,0.0006271949
2767,0,0,0.80602,0.19168931,0.002290645
2768,0,0,0.5624333,0.42418137,0.0133853825
2769,1,1,0.012725022,0.5542491,0.43302593
2770,0,0,0.894364,0.104568884,0.0010671266
2771,1,1,0.20288739,0.72905415,0.06805846
2772,1,1,0.14154619,0.7558864,0.102567434
2773,0,0,0.7848428,0.2116882,0.003469057
2774,1,1,0.0609089,0.7468152,0.19227593
2775,0,0,0.9984617,0.0014845778,5.3718948e-05
2776,0,0,0.6246938,0.3685955,0.006710654
2777,2,1,0.023497853,0.58139825,0.3951039
2778,1,1,0.47773194,0.5073446,0.014923431
2779,0,0,0.7873946,0.20996086,0.0026445983
2780,1,1,0.09774003,0.748577,0.15368304
2781,1,1,0.018219668,0.58467156,0.39710876
2782,1,0,0.49598986,0.490308,0.013702159
2783,1,1,0.2789254,0.66948277,0.051591903
2784,2,1,0.4529844,0.5235737,0.023441933
2785,0,1,0.030043812,0.6501367,0.31981945
2786,1,2,0.0012364925,0.19668916,0.8020744
2787,0,0,0.9932356,0.006661133,0.00010328502
2788,0,0,0.693995,0.30158663,0.004418374
2789,0,0,0.67953825,0.31427896,0.0061827702
2790,1,1,0.15316015,0.7386842,0.10815566
2791,0,0,0.9991191,0.0008373821,4.3508553e-05
2792,0,0,0.8812659,0.11727111,0.0014630437
2793,2,2,0.0013731546,0.19868603,0.7999408
2794,2,2,0.0032902882,0.3106135,0.6860962
2795,0,1,0.33189327,0.63234895,0.035757795
2796,2,2,0.0041021146,0.3643675,0.6315304
2797,0,0,0.990584,0.009321477,9.45316e-05
2798,0,1,0.4924355,0.49279732,0.014767223
2799,1,0,0.6954708,0.29931363,0.005215615
2800,0,0,0.9581002,0.041593455,0.00030634511
2801,0,0,0.9996844,0.00027501886,4.0563085e-05
2802,0,0,0.9892944,0.010565426,0.00014019255
2803,2,2,0.002727457,0.31480163,0.6824709
2804,0,0,0.5130535,0.47163087,0.01531567
2805,0,0,0.8707033,0.12781803,0.0014787315
2806,1,1,0.30767706,0.65186054,0.040462434
2807,0,2,0.010858312,0.48333585,0.50580585
2808,0,0,0.99903893,0.0009184571,4.2621163e-05
2809,1,1,0.04617346,0.68466926,0.2691573
2810,1,1,0.06422131,0.74336004,0.1924186
2811,0,1,0.3829249,0.5823888,0.03468621
2812,1,1,0.059789665,0.7175275,0.22268283
2813,0,0,0.75376296,0.24300247,0.0032345848
2814,1,2,0.001033642,0.22808716,0.7708792
2815,1,1,0.34229675,0.6162869,0.041416395
2816,1,0,0.79636896,0.201349,0.0022820516
2817,1,1,0.0260996,0.6467026,0.3271978
2818,2,1,0.07651051,0.74085456,0.18263496
2819,2,1,0.018856965,0.58834296,0.39280012
2820,1,0,0.55306345,0.43568906,0.011247534
2821,1,1,0.010924124,0.5093023,0.47977358
2822,2,1,0.009880506,0.5247157,0.46540377
2823,0,0,0.6382478,0.35264042,0.009111789
2824,0,0,0.5802918,0.40871528,0.0109929275
2825,1,1,0.024741404,0.6329341,0.34232455
2826,2,2,0.009997686,0.48735198,0.5026504
2827,0,0,0.99914104,0.0008132681,4.569805e-05
2828,0,0,0.9418799,0.057489906,0.0006302185
2829,0,0,0.9680785,0.031584308,0.00033715297
2830,0,0,0.78032815,0.21529375,0.0043781274
2831,2,2,0.00033920343,0.032819424,0.9668414
2832,0,1,0.48416764,0.49909127,0.016741129
2833,0,1,0.3786058,0.59163284,0.02976136
2834,0,1,0.18400902,0.7377533,0.07823768
2835,0,0,0.9954306,0.0045044916,6.490895e-05
2836,2,1,0.07241806,0.7345923,0.19298962
2837,0,0,0.6878225,0.3059047,0.006272878
2838,0,0,0.9971512,0.0027918401,5.6963363e-05
2839,0,0,0.8812397,0.11773349,0.0010268175
2840,0,0,0.9992359,0.0006410227,0.00012305097
2841,0,0,0.99973017,0.00022921614,4.057251e-05
2842,2,2,0.0016626633,0.22406761,0.77426976
2843,0,0,0.84882146,0.14958599,0.0015925543
2844,2,2,0.0009992531,0.16176455,0.8372362
2845,0,0,0.9918379,0.008087409,7.4664145e-05
2846,1,1,0.4729252,0.50955796,0.017516863
2847,1,2,0.004352626,0.42309633,0.5725511
2848,2,1,0.06089116,0.71300477,0.22610408
2849,1,1,0.38190374,0.594271,0.023825267
2850,1,0,0.4952932,0.49086604,0.013840802
2851,1,1,0.017904408,0.5874683,0.39462727
2852,1,1,0.29797482,0.65303016,0.048995025
2853,0,0,0.9220817,0.07720662,0.00071170105
2854,1,1,0.21220887,0.7192836,0.06850755
2855,2,1,0.010717522,0.5271697,0.46211278
2856,1,1,0.3296125,0.6356524,0.034735095
2857,1,0,0.77295107,0.22288933,0.004159583
2858,0,0,0.99404716,0.005885371,6.7501176e-05
2859,0,0,0.9840132,0.015802018,0.00018477076
2860,0,1,0.31977057,0.6474081,0.032821298
2861,2,2,0.001672359,0.20780814,0.7905195
2862,2,2,0.0037133913,0.3603226,0.63596404
2863,0,0,0.99583435,0.004090277,7.53818e-05
2864,0,0,0.9821635,0.017685305,0.00015120307
2865,2,2,0.001339122,0.19437177,0.8042891
2866,1,1,0.03868077,0.7042324,0.2570868
2867,2,2,0.0021620272,0.2441899,0.7536481
2868,0,0,0.7787786,0.21808098,0.003140403
2869,1,0,0.5316561,0.45695725,0.011386668
2870,0,0,0.86987877,0.12908791,0.0010333883
2871,2,2,5.0506213e-05,0.002981063,0.99696845
2872,0,0,0.6923478,0.30251756,0.005134618
2873,0,0,0.9619814,0.037772074,0.00024654405
2874,0,0,0.9469504,0.05259091,0.00045874348
2875,2,2,0.0073718014,0.43324232,0.5593859
2876,0,0,0.9174146,0.081640646,0.0009447387
2877,1,1,0.20480517,0.72787476,0.06732009
2878,2,1,0.01814074,0.5748608,0.40699852
2879,1,1,0.044821307,0.700216,0.25496274
2880,2,1,0.055813458,0.7033669,0.24081972
2881,0,0,0.80600566,0.19133557,0.002658784
2882,0,0,0.64880484,0.34360322,0.0075919577
2883,1,1,0.3339898,0.6309762,0.03503403
2884,0,0,0.99823767,0.0016860134,7.6316486e-05
2885,0,0,0.93773514,0.061679106,0.0005857536
2886,2,1,0.14600034,0.74442995,0.109569766
2887,2,2,0.00010599112,0.0075709354,0.9923231
2888,0,0,0.6781574,0.3156311,0.0062114727
2889,1,1,0.10812428,0.70827407,0.18360168
2890,0,0,0.97229767,0.027472848,0.00022951639
2891,1,1,0.24759643,0.69927496,0.05312869
2892,1,1,0.31168163,0.6458287,0.042489693
2893,0,0,0.9880283,0.011883772,8.795717e-05
2894,2,2,0.00018364003,0.049119446,0.95069695
2895,1,2,0.004911023,0.41751817,0.5775708
2896,0,0,0.9934153,0.00648192,0.00010278603
2897,0,1,0.3929315,0.5821495,0.024919024
2898,1,0,0.6239134,0.3692311,0.006855524
2899,0,0,0.59090155,0.40072098,0.00837738
2900,2,2,0.0034269143,0.3446245,0.65194863
2901,1,1,0.039371096,0.711877,0.24875194
2902,2,1,0.013924487,0.5742508,0.41182467
2903,1,0,0.8438619,0.15479371,0.0013444577
2904,1,2,0.008678359,0.4613004,0.53002125
2905,1,1,0.16303504,0.7382841,0.09868084
2906,0,0,0.9965083,0.0033497985,0.00014190559
2907,1,2,0.005755768,0.45192564,0.5423186
2908,0,0,0.9983634,0.0015858813,5.072113e-05
2909,0,0,0.99974734,0.00021200838,4.0657636e-05
2910,2,2,0.0023710774,0.29792735,0.69970155
2911,0,0,0.62329596,0.36995295,0.0067511336
2912,2,1,0.020930538,0.645424,0.33364543
2913,1,1,0.46851605,0.51648015,0.015003749
2914,2,2,0.00020892482,0.06490593,0.93488514
2915,1,1,0.298153,0.6566868,0.045160227
2916,2,1,0.09529585,0.7519233,0.1527808
2917,1,1,0.10914564,0.7610676,0.12978673
2918,2,1,0.052300815,0.7095871,0.23811209
2919,0,1,0.3373749,0.62530255,0.037322503
2920,1,1,0.021950787,0.61945117,0.35859808
2921,2,2,9.609057e-05,0.017303199,0.9826007
2922,0,0,0.7852016,0.21255568,0.002242697
2923,0,1,0.31285447,0.64438576,0.04275979
2924,1,1,0.23576026,0.7039173,0.06032249
2925,2,2,0.003084167,0.3451672,0.65174866
2926,0,0,0.83949184,0.15817994,0.0023282473
2927,0,0,0.8764193,0.12249598,0.0010847172
2928,1,0,0.52933425,0.45698237,0.013683397
2929,1,1,0.16202185,0.7297703,0.10820785
2930,0,0,0.932805,0.06676454,0.0004304942
2931,0,1,0.4189084,0.5571609,0.023930661
2932,0,1,0.082027435,0.7598983,0.15807423
2933,1,0,0.59044254,0.39757317,0.011984311
2934,0,0,0.9964676,0.003475553,5.6846926e-05
2935,1,1,0.025602551,0.65553904,0.31885847
2936,1,1,0.23412786,0.7107177,0.05515447
2937,1,0,0.983959,0.01594302,9.799527e-05
2938,0,0,0.99498093,0.0049278736,9.116996e-05
2939,0,0,0.8163595,0.18162316,0.002017323
2940,0,0,0.8971797,0.10211031,0.00070993707
2941,2,2,5.388073e-05,0.0038628017,0.9960833
2942,1,2,0.0016450938,0.22806245,0.7702925
2943,0,0,0.8807864,0.118284784,0.00092879595
2944,0,0,0.99933964,0.00061962544,4.0700375e-05
2945,0,0,0.5986672,0.39275008,0.008582761
2946,2,2,0.0028172778,0.3078526,0.6893301
2947,1,1,0.06441884,0.6788442,0.25673696
2948,2,2,0.0025744727,0.27602676,0.72139883
2949,1,1,0.28402317,0.66409445,0.051882364
2950,1,1,0.041851867,0.65950215,0.29864597
2951,1,1,0.031132035,0.6998379,0.26903003
2952,1,1,0.016223859,0.55885184,0.42492434
2953,0,0,0.9361121,0.06341406,0.000473874
2954,0,0,0.93358016,0.065881014,0.0005388111
2955,0,0,0.78677386,0.21041498,0.0028111744
2956,0,1,0.060235113,0.72323066,0.21653426
2957,1,1,0.30274254,0.65463334,0.04262411
2958,2,2,0.00073388685,0.17648004,0.8227861
2959,1,1,0.10809804,0.7424863,0.14941567
2960,2,2,0.0012010533,0.20789349,0.7909055
2961,1,1,0.14695156,0.7241707,0.12887779
2962,0,0,0.9883922,0.011505473,0.00010235898
2963,1,1,0.041465707,0.70643115,0.25210315
2964,1,1,0.30600166,0.6498602,0.044138122
2965,1,1,0.19337672,0.7325434,0.07407986
2966,1,2,0.0035261635,0.3748913,0.62158257
2967,0,0,0.79556525,0.20222257,0.002212149
2968,2,1,0.014745653,0.5457609,0.43949345
2969,0,0,0.8584776,0.14003322,0.0014891877
2970,0,0,0.9089428,0.09021399,0.0008432011
2971,2,1,0.42642507,0.55126745,0.022307536
2972,0,0,0.82423794,0.17340979,0.002352261
2973,0,0,0.6619086,0.32860488,0.009486549
2974,1,0,0.57977057,0.41001004,0.010219436
2975,1,0,0.5722318,0.4125486,0.015219637
2976,0,0,0.8253566,0.171931,0.002712412
2977,2,2,0.00013206864,0.0073936195,0.9924743
2978,0,0,0.99958867,0.0003702853,4.1041072e-05
2979,1,1,0.16834465,0.74055177,0.09110354
2980,0,1,0.18333173,0.74414,0.07252821
2981,1,1,0.13776536,0.7583778,0.103856765
2982,1,0,0.5251334,0.4630437,0.011822958
2983,0,0,0.9520724,0.04752512,0.00040251476
2984,2,1,0.011431076,0.5181989,0.47037002
2985,0,0,0.5511299,0.43667057,0.012199595
2986,1,1,0.052899312,0.70535153,0.24174917
2987,0,0,0.8987849,0.1002987,0.00091646693
2988,1,1,0.09220902,0.7196277,0.18816335
2989,1,1,0.0402889,0.700969,0.2587421
2990,0,1,0.29247454,0.6706684,0.036857083
2991,0,0,0.99967575,0.000282155,4.206613e-05
2992,0,0,0.9122961,0.08706192,0.0006420138
2993,2,2,0.0006275837,0.1351785,0.8641939
2994,0,0,0.9976091,0.0023398031,5.113302e-05
2995,0,0,0.99811053,0.0018304437,5.900103e-05
2996,0,0,0.99794203,0.0019087928,0.00014918168
2997,1,1,0.013595088,0.5263535,0.46005145
2998,2,2,5.1649604e-05,0.004034812,0.99591357
2999,1,2,0.0032541752,0.37580776,0.62093806
3000,1,1,0.2905663,0.6594891,0.049944647
3001,1,2,0.008044806,0.45458275,0.53737247
3002,1,2,0.0027461,0.32283306,0.67442083
3003,0,0,0.99960107,0.00035827348,4.0639094e-05
3004,1,1,0.3718425,0.60227466,0.02588281
3005,1,1,0.10704906,0.739895,0.15305597
3006,2,2,0.00022437196,0.027147666,0.972628
3007,1,1,0.1573392,0.7573288,0.085332006
3008,0,1,0.069361985,0.76965296,0.16098504
3009,2,2,0.0029969916,0.32490498,0.67209804
3010,0,1,0.3600201,0.6095349,0.030444995
3011,1,0,0.5189071,0.46893418,0.012158692
3012,1,0,0.69389045,0.30157465,0.0045348755
3013,1,1,0.41122872,0.5660711,0.022700178
3014,1,1,0.027272249,0.6732534,0.2994744
3015,0,0,0.50488913,0.47998065,0.0151301995
3016,0,0,0.57483244,0.41563427,0.009533315
3017,0,1,0.13545547,0.7589389,0.10560557
3018,0,0,0.797997,0.19971244,0.002290598
3019,0,0,0.49327314,0.49119496,0.01553194
3020,0,1,0.3978327,0.5743468,0.027820535
3021,0,0,0.86032903,0.13726607,0.0024049468
3022,1,1,0.08245003,0.7729783,0.14457168
3023,0,0,0.99448574,0.0054480294,6.623888e-05
3024,0,0,0.97149634,0.028039321,0.00046437606
3025,0,0,0.58911085,0.4010351,0.009854082
3026,1,1,0.02887444,0.6412288,0.32989675
3027,1,1,0.023316478,0.625359,0.35132453
3028,1,1,0.07819384,0.7585812,0.16322497
3029,0,0,0.9743714,0.025421951,0.00020667096
3030,1,1,0.083080634,0.73625803,0.18066135
3031,0,0,0.9987646,0.0011856555,4.9765586e-05
3032,1,1,0.4081064,0.5716761,0.020217484
3033,2,1,0.013362281,0.55333346,0.43330428
3034,0,0,0.9187321,0.08054444,0.00072350836
3035,1,1,0.31991637,0.6451391,0.034944523
3036,0,0,0.9523851,0.04711511,0.0004997641
3037,0,0,0.9327027,0.06672393,0.0005733896
3038,0,1,0.021908581,0.64239407,0.33569732
3039,0,0,0.7052086,0.29066542,0.0041259686
3040,0,0,0.9932211,0.0067015975,7.730189e-05
3041,1,1,0.25440407,0.69152266,0.05407327
3042,1,0,0.53780437,0.45189974,0.010295909
3043,0,0,0.89867395,0.10046063,0.0008654519
3044,0,0,0.91812336,0.08131595,0.0005606947
3045,0,0,0.9991389,0.000820477,4.0672363e-05
3046,0,0,0.9996953,0.00026404826,4.0645547e-05
3047,2,2,0.004421742,0.3487299,0.6468484
3048,2,1,0.030150395,0.62504935,0.3448003
3049,0,0,0.9988735,0.0010811746,4.538476e-05
3050,1,1,0.020485446,0.6102361,0.36927843
3051,2,2,0.0005195894,0.04938872,0.95009166
3052,2,2,0.00026449884,0.079524405,0.9202111
3053,0,0,0.99563366,0.004308803,5.7528552e-05
3054,2,2,0.00020839518,0.053108916,0.9466827
3055,1,1,0.0631291,0.69331664,0.24355431
3056,0,0,0.9969741,0.0029676838,5.8231384e-05
3057,1,1,0.097507775,0.7682025,0.13428973
3058,2,2,0.0024467395,0.33314836,0.66440487
3059,0,0,0.94214684,0.057426702,0.00042649714
3060,1,1,0.04391098,0.68151915,0.27456987
3061,1,1,0.19060904,0.7308013,0.07858963
3062,0,0,0.985807,0.014075298,0.000117735675
3063,2,2,0.004719114,0.41656974,0.57871115
3064,2,2,6.229812e-05,0.010629963,0.98930776
3065,1,1,0.32285792,0.6237361,0.05340608
3066,0,1,0.36154458,0.60153514,0.036920283
3067,1,1,0.017486868,0.54416037,0.43835276
3068,1,1,0.029758427,0.6851503,0.28509128
3069,1,1,0.062256843,0.74084103,0.19690213
3070,0,0,0.6283456,0.3655529,0.0061015203
3071,0,0,0.88130087,0.11758731,0.0011118199
3072,0,0,0.9266661,0.07282076,0.00051308057
3073,0,1,0.22612162,0.7130063,0.06087208
3074,2,2,0.00036705984,0.06947016,0.9301628
3075,0,0,0.8432146,0.15379545,0.0029899904
3076,1,1,0.01795076,0.6031852,0.37886405
3077,1,1,0.033941306,0.6842118,0.2818469
3078,1,2,0.0013956164,0.24522975,0.7533747
3079,1,1,0.14512071,0.759866,0.09501332
3080,2,2,0.00013025058,0.026869385,0.97300035
3081,0,0,0.65470606,0.33938453,0.005909457
3082,1,1,0.017967872,0.53461087,0.44742128
3083,0,1,0.48946646,0.49327675,0.017256837
3084,1,1,0.35906518,0.5986314,0.042303443
3085,2,2,0.00020346502,0.032707136,0.9670894
3086,1,1,0.051014993,0.7360127,0.21297231
3087,1,1,0.28930965,0.6601803,0.05051012
3088,2,2,0.0019784258,0.26697612,0.7310454
3089,1,0,0.60231125,0.38791996,0.009768773
3090,0,0,0.6541327,0.34034622,0.0055210874
3091,1,1,0.3253376,0.6362048,0.038457714
3092,0,0,0.8714609,0.12763596,0.0009031228
3093,1,1,0.01912817,0.5929256,0.38794628
3094,0,0,0.5029396,0.4826938,0.014366671
3095,0,0,0.5435297,0.44465998,0.0118103875
3096,1,1,0.17053239,0.74062264,0.08884494
3097,1,1,0.028500209,0.60306275,0.36843705
3098,0,0,0.8695639,0.12877254,0.0016636517
3099,0,0,0.98102856,0.018796131,0.00017535166
3100,1,2,0.0031071613,0.3590404,0.63785243
3101,0,0,0.5279004,0.45805627,0.01404338
3102,0,1,0.48283848,0.5013031,0.015858393
3103,2,1,0.057908732,0.7159573,0.22613397
3104,2,2,0.00039081316,0.09379934,0.9058099
3105,2,2,0.0011285966,0.21362197,0.7852495
3106,0,0,0.96578085,0.034019284,0.00019989762
3107,2,2,0.0006227403,0.1411198,0.8582575
3108,0,0,0.9996374,0.00032117227,4.142828e-05
3109,0,1,0.3732281,0.5949185,0.031853393
3110,1,1,0.1528465,0.7506058,0.09654765
3111,1,1,0.039406948,0.66982526,0.2907678
3112,0,0,0.90923506,0.09013197,0.00063298084
3113,2,1,0.08521546,0.7581077,0.15667681
3114,0,0,0.9926429,0.00724665,0.000110463705
3115,1,0,0.58399564,0.40742412,0.008580295
3116,0,0,0.968583,0.031136008,0.00028103942
3117,1,1,0.036528796,0.68529683,0.27817443
3118,0,0,0.9774192,0.022416571,0.00016424667
3119,0,1,0.074283555,0.7573147,0.16840178
3120,1,0,0.73610693,0.26014262,0.0037503887
3121,1,1,0.3629312,0.608083,0.028985787
3122,0,0,0.98791546,0.011962604,0.000121958314
3123,0,0,0.9657998,0.033991855,0.00020835068
3124,1,1,0.25660056,0.64476335,0.098636106
3125,0,0,0.79123163,0.20580664,0.002961731
3126,0,0,0.9664476,0.0333207,0.00023173123
3127,2,2,0.00011445747,0.014814676,0.9850709
3128,0,0,0.88061893,0.118327126,0.0010539433
3129,1,1,0.04790081,0.69704896,0.2550502
3130,1,0,0.75058335,0.24526462,0.0041520726
3131,0,0,0.9030645,0.09621579,0.00071972446
3132,1,0,0.8972821,0.10187921,0.00083867623
3133,0,0,0.96071994,0.038983665,0.00029639073
3134,0,0,0.9748496,0.025004208,0.00014625047
3135,1,0,0.49987453,0.48393857,0.016186872
3136,1,1,0.024974197,0.65532887,0.31969696
3137,1,1,0.19695489,0.73378587,0.06925924
3138,0,1,0.21070836,0.7220061,0.067285605
3139,2,2,0.00014110118,0.04527939,0.95457953
3140,1,0,0.58394104,0.39228517,0.023773786
3141,0,0,0.9580023,0.041619774,0.00037786755
3142,1,1,0.05407363,0.72822714,0.21769924
3143,2,2,0.00031152344,0.09091452,0.90877396
3144,1,2,0.0015174972,0.26273334,0.7357492
3145,0,0,0.68571913,0.30885273,0.0054281754
3146,2,2,5.24996e-05,0.0017254018,0.9982221
3147,1,1,0.012264879,0.5368509,0.45088416
3148,0,0,0.8005049,0.19772784,0.001767217
3149,1,1,0.17505273,0.7473501,0.07759711
3150,1,1,0.20989315,0.71703476,0.07307214
3151,1,1,0.04298348,0.7201551,0.23686141
3152,0,1,0.13134842,0.75820047,0.11045114
3153,0,0,0.9220522,0.07686768,0.0010801349
3154,2,1,0.012218868,0.51316786,0.4746133
3155,1,2,0.0003642955,0.10330285,0.89633286
3156,2,2,0.00026802736,0.07008833,0.92964363
3157,0,0,0.5359329,0.44901842,0.015048665
3158,1,0,0.754188,0.24212345,0.0036885443
3159,2,2,0.00078047684,0.13366807,0.8655515
3160,0,0,0.97329724,0.026515368,0.00018740319
3161,2,2,4.7164292e-05,0.0018822115,0.9980706
3162,1,1,0.26269037,0.69473183,0.04257782
3163,1,2,0.0045179473,0.24670997,0.7487721
3164,2,1,0.3116366,0.6472069,0.0411565
3165,1,1,0.010713477,0.52135146,0.4679351
3166,0,0,0.996549,0.0033697253,8.1183454e-05
3167,0,0,0.9997582,0.00019997808,4.1848452e-05
3168,0,0,0.993465,0.006460455,7.4580705e-05
3169,1,1,0.019004714,0.60104,0.3799553
3170,1,1,0.06360062,0.75544375,0.18095566
3171,0,0,0.95861036,0.04099728,0.00039238797
3172,1,1,0.011509771,0.5250326,0.46345764
3173,0,0,0.9918704,0.008039996,8.962702e-05
3174,0,0,0.9992101,0.00074899953,4.088426e-05
3175,2,2,0.002683468,0.3282254,0.66909117
3176,2,2,0.00059135567,0.117740504,0.88166815
3177,0,0,0.99914104,0.0008145058,4.4482887e-05
3178,0,0,0.96014524,0.03949525,0.0003595786
3179,0,0,0.9431286,0.0564006,0.00047083147
3180,1,0,0.735824,0.26002595,0.0041500097
3181,1,1,0.05543651,0.7452706,0.19929287
3182,2,1,0.011705303,0.53741753,0.4508772
3183,0,1,0.31997037,0.64165103,0.038378604
3184,1,1,0.35683542,0.60536194,0.03780265
3185,1,1,0.04654446,0.56552696,0.38792858
3186,2,1,0.054103643,0.7403689,0.20552748
3187,2,2,0.0026698445,0.3355149,0.6618152
3188,2,1,0.014276266,0.5181556,0.46756813
3189,1,1,0.049528413,0.6670453,0.2834263
3190,0,0,0.99581623,0.0041072094,7.64804e-05
3191,1,1,0.1012121,0.7663387,0.13244922
3192,0,0,0.8724998,0.12648514,0.0010150733
3193,0,0,0.9411982,0.058382727,0.00041902933
3194,1,1,0.04611813,0.60590434,0.34797752
3195,2,2,0.0002518596,0.0027846114,0.9969635
3196,1,1,0.07725356,0.7166847,0.20606178
3197,1,1,0.027414402,0.6489591,0.32362655
3198,1,1,0.015500194,0.59857583,0.38592395
3199,1,1,0.026029658,0.6095864,0.36438394
3200,1,1,0.1713306,0.7425849,0.08608454
3201,1,1,0.01646329,0.55899674,0.42453998
3202,0,0,0.9049468,0.09421423,0.00083897065
3203,0,1,0.07533361,0.7287179,0.19594848
3204,0,0,0.8343092,0.16412777,0.0015629893
3205,0,0,0.7917915,0.20595932,0.0022491822
3206,1,1,0.20988914,0.72758824,0.06252268
3207,2,2,0.0018356489,0.22114953,0.77701485
3208,1,2,0.0005246048,0.10096641,0.898509
3209,0,0,0.6119667,0.38144368,0.0065895882
3210,2,2,0.000278807,0.08161705,0.9181042
3211,0,0,0.97177714,0.027973019,0.0002498421
3212,1,1,0.062167324,0.7353186,0.20251408
3213,0,0,0.6921754,0.30139256,0.006432051
3214,0,0,0.8913885,0.107433505,0.0011780469
3215,0,0,0.78615713,0.21154317,0.002299706
3216,2,2,0.0026030897,0.27264428,0.7247526
3217,0,0,0.9977297,0.0022167026,5.3559772e-05
3218,0,0,0.91674155,0.082599536,0.0006589022
3219,1,0,0.60338676,0.3876352,0.00897809
3220,2,2,0.00013344773,0.052082602,0.94778395
3221,1,1,0.2686609,0.6792301,0.052109055
3222,0,0,0.99946487,0.0004946325,4.0452156e-05
3223,0,0,0.74695915,0.24898617,0.004054719
3224,0,0,0.8311037,0.16679384,0.0021024768
3225,1,1,0.23243077,0.7000919,0.067477345
3226,2,2,0.00027133242,0.07584883,0.92387986
3227,0,0,0.890301,0.10873184,0.00096721994
3228,2,2,5.864955e-05,0.006981668,0.9929597
3229,0,0,0.9982206,0.0017211491,5.826182e-05
3230,0,0,0.8816123,0.11718529,0.0012024061
3231,1,1,0.112988874,0.73288375,0.15412734
3232,0,1,0.09932575,0.7591225,0.14155172
3233,2,2,9.323252e-05,0.003066882,0.9968399
3234,0,1,0.45979965,0.5223801,0.017820232
3235,0,0,0.99656725,0.0033731963,5.958823e-05
3236,0,0,0.5627731,0.4257899,0.011437033
3237,1,1,0.48909417,0.49644798,0.014457855
3238,1,1,0.01792587,0.5795176,0.4025566
3239,2,2,0.008429657,0.48967895,0.50189143
3240,0,0,0.989615,0.0102960635,8.892736e-05
3241,0,0,0.736301,0.26001722,0.0036818662
3242,2,2,0.0012172776,0.18215936,0.8166234
3243,0,0,0.7515707,0.24470454,0.0037247853
3244,0,0,0.99976146,0.00019547617,4.302277e-05
3245,0,0,0.92684925,0.07261574,0.00053502584
3246,1,1,0.3226709,0.6377051,0.03962397
3247,0,0,0.9964365,0.003509137,5.4393866e-05
3248,0,1,0.09908185,0.77378976,0.12712838
3249,0,1,0.37307996,0.5990834,0.027836654
3250,1,2,0.0012678204,0.20066291,0.79806924
3251,1,0,0.82600576,0.17215535,0.0018389311
3252,0,0,0.99837554,0.0015797721,4.4698627e-05
3253,0,0,0.9949401,0.004990888,6.900869e-05
3254,0,0,0.90210885,0.09707882,0.000812336
3255,1,0,0.60445917,0.38569403,0.009846816
3256,2,1,0.011894196,0.5250057,0.46310014
3257,0,0,0.99127686,0.0086143,0.000108843036
3258,0,0,0.9620423,0.037626624,0.00033109737
3259,1,1,0.2255871,0.69693273,0.07748018
3260,1,0,0.58206034,0.4066058,0.011333864
3261,1,2,0.0021573554,0.2673945,0.7304481
3262,0,0,0.99637645,0.0035751923,4.8352755e-05
3263,1,1,0.032710552,0.6571912,0.3100982
3264,0,0,0.9992562,0.0006942919,4.9553397e-05
3265,1,1,0.024864938,0.6130531,0.362082
3266,2,2,0.0001418443,0.027281098,0.9725771
3267,1,1,0.3023148,0.65059745,0.047087766
3268,0,1,0.07703635,0.707564,0.2153997
3269,1,1,0.3423801,0.63004637,0.027573496
3270,2,2,7.012961e-05,0.009857207,0.99007267
3271,1,1,0.12942848,0.7456854,0.12488614
3272,0,0,0.87638193,0.12258995,0.0010281393
3273,1,1,0.11392435,0.74770504,0.13837066
3274,0,1,0.3456818,0.6272469,0.027071321
3275,1,1,0.40197527,0.57277966,0.025245056
3276,0,0,0.9996455,0.00030871315,4.5856552e-05
3277,2,2,0.0004777948,0.034201987,0.9653202
3278,2,2,0.0017925354,0.2660324,0.7321751
3279,0,0,0.9180621,0.08129785,0.0006400543
3280,1,0,0.57561415,0.4141261,0.010259814
3281,2,2,0.00023176307,0.044836544,0.9549317
3282,0,1,0.48125482,0.5040599,0.014685288
3283,1,0,0.88265914,0.115751445,0.001589447
3284,0,0,0.85989094,0.13863534,0.0014737499
3285,0,0,0.9252572,0.07410404,0.000638706
3286,0,0,0.9989008,0.0010421725,5.7065256e-05
3287,0,0,0.91995955,0.07943646,0.0006039708
3288,1,1,0.3693968,0.6048988,0.025704429
3289,0,0,0.85944676,0.13952261,0.0010306323
3290,2,2,0.005180067,0.38950422,0.60531574
3291,2,2,0.0001610231,0.04998028,0.9498587
3292,0,0,0.99222064,0.0076691774,0.000110202556
3293,2,1,0.11008234,0.7246089,0.16530877
3294,2,1,0.012925007,0.5191052,0.46796975
3295,0,0,0.9707015,0.029082641,0.00021580298
3296,0,0,0.99306786,0.0068650106,6.709878e-05
3297,0,0,0.9959259,0.003999852,7.4264695e-05
3298,2,2,0.00011493782,0.027308188,0.97257686
3299,0,0,0.6664503,0.32498652,0.008563131
3300,1,0,0.57289845,0.41607133,0.011030201
3301,1,0,0.9790477,0.020781264,0.0001710029
3302,0,0,0.9988921,0.0010465567,6.132086e-05
3303,1,1,0.029864712,0.6355437,0.33459163
3304,2,2,0.0005670276,0.15860032,0.8408326
3305,0,0,0.7034912,0.29285705,0.0036517526
3306,0,1,0.28812656,0.6697151,0.042158343
3307,2,2,4.6048823e-05,0.006229547,0.99372435
3308,0,0,0.90727776,0.09196419,0.0007580622
3309,1,1,0.117683075,0.7669714,0.11534553
3310,0,0,0.99048865,0.009433885,7.747182e-05
3311,1,1,0.03416355,0.53910524,0.42673126
3312,0,0,0.83795524,0.16039078,0.0016539153
3313,0,0,0.73666334,0.2590996,0.004237055
3314,2,1,0.023503676,0.6281023,0.34839407
3315,2,2,0.0056039295,0.36120045,0.63319564
3316,1,1,0.08408931,0.7689316,0.14697912
3317,1,1,0.021269176,0.5820135,0.39671737
3318,0,0,0.9974024,0.0025312966,6.627779e-05
3319,1,1,0.075088896,0.74019754,0.1847136
3320,1,0,0.6008628,0.39011642,0.009020786
3321,0,0,0.7397525,0.2415181,0.01872947
3322,0,0,0.97435594,0.02545579,0.00018829494
3323,0,0,0.8860481,0.11309831,0.0008535967
3324,1,1,0.017623162,0.60288715,0.37948972
3325,0,0,0.9972267,0.002712382,6.0919177e-05
3326,0,0,0.8999598,0.09914559,0.00089459965
3327,2,2,0.0007493463,0.17096025,0.8282904
3328,2,2,0.0010420897,0.1755771,0.8233808
3329,2,2,0.0009053885,0.0036963313,0.9953983
3330,0,0,0.99839985,0.0015505498,4.9594437e-05
3331,1,1,0.15622538,0.7428644,0.100910276
3332,2,2,5.5653218e-05,0.009322694,0.9906217
3333,0,0,0.9906188,0.009275572,0.00010561214
3334,1,1,0.18694176,0.7267003,0.08635795
3335,0,0,0.995481,0.004460303,5.8728663e-05
3336,2,2,0.00021619227,0.046443164,0.95334065
3337,1,1,0.18064846,0.74054295,0.07880863
3338,2,2,0.00040029487,0.002311806,0.9972879
3339,0,0,0.99942327,0.0005346446,4.2104664e-05
3340,0,0,0.9982443,0.0017008646,5.4869393e-05
3341,2,2,0.00019668853,0.044024426,0.9557789
3342,1,0,0.5628367,0.42699614,0.010167083
3343,0,1,0.47660863,0.51097435,0.012417052
3344,2,1,0.027370116,0.68138945,0.29124045
3345,0,0,0.9966434,0.0033047805,5.180882e-05
3346,0,0,0.9172261,0.08191064,0.00086329796
3347,0,0,0.8022588,0.19604523,0.0016960023
3348,0,0,0.633505,0.35847992,0.0080151
3349,2,1,0.17125766,0.7441962,0.08454618
3350,1,1,0.26210082,0.6902872,0.04761202
3351,2,1,0.0836432,0.7447089,0.17164788
3352,0,1,0.40146357,0.5766562,0.021880217
3353,1,1,0.42788324,0.5483694,0.023747362
3354,0,0,0.990685,0.009184042,0.00013095223
3355,1,0,0.6522668,0.34029883,0.0074344254
3356,0,0,0.85535645,0.14320718,0.0014364091
3357,1,1,0.23284438,0.7111575,0.055998083
3358,1,2,0.00051054725,0.13482967,0.8646598
3359,2,2,0.0035739276,0.35324615,0.6431799
3360,0,0,0.99979424,0.0001645395,4.1213258e-05
3361,1,1,0.42360848,0.55233884,0.024052728
3362,0,0,0.99967426,0.00028550017,4.0207266e-05
3363,1,0,0.5696547,0.42079818,0.009547124
3364,1,1,0.20714936,0.69438964,0.09846102
3365,2,0,0.5143009,0.46393576,0.02176327
3366,0,0,0.686538,0.30850285,0.004959186
3367,1,1,0.34874582,0.61862075,0.032633394
3368,1,1,0.18215354,0.7268452,0.09100124
3369,1,1,0.012725443,0.54012704,0.44714755
3370,1,1,0.103619486,0.7806728,0.115707755
3371,1,1,0.13093342,0.70028514,0.16878147
3372,0,0,0.87656,0.12199354,0.0014465235
3373,1,1,0.027906274,0.63290036,0.33919334
3374,1,1,0.10986461,0.76512575,0.12500966
3375,0,0,0.8019929,0.19571845,0.0022886482
3376,2,2,0.00053112325,0.14769098,0.8517779
3377,1,1,0.01263768,0.51901543,0.4683469
3378,1,0,0.5332215,0.4529927,0.013785842
3379,2,2,0.0003867146,0.10425092,0.8953624
3380,0,0,0.9032159,0.09608923,0.0006948589
3381,1,0,0.66667634,0.32799676,0.005326955
3382,1,1,0.4386991,0.5414797,0.019821204
3383,0,0,0.99549556,0.0044316864,7.281519e-05
3384,2,1,0.045946162,0.60429275,0.3497611
3385,1,1,0.24088393,0.7048093,0.05430683
3386,1,0,0.7906781,0.20613638,0.0031855495
3387,0,0,0.562026,0.4275782,0.010395803
3388,2,2,0.00025090817,0.072488815,0.9272603
3389,0,0,0.90911585,0.090208575,0.0006755444
3390,0,0,0.9984546,0.0014989951,4.641334e-05
3391,0,1,0.11410313,0.76243687,0.123459995
3392,2,2,0.0005330072,0.104220755,0.89524627
3393,0,0,0.9973853,0.002541929,7.2779134e-05
3394,2,2,7.8208446e-05,0.016671007,0.9832508
3395,2,1,0.060379602,0.7258726,0.21374781
3396,0,0,0.59215003,0.39834276,0.009507258
3397,2,2,0.00041199563,0.123554155,0.8760339
3398,2,2,0.005915786,0.4575048,0.5365794
3399,1,1,0.26667076,0.6634446,0.06988474
3400,0,0,0.9255955,0.07380369,0.00060080085
3401,1,0,0.59098727,0.40083578,0.008176878
3402,1,2,0.007900322,0.41269684,0.5794028
3403,0,0,0.9089798,0.09030798,0.000712282
3404,1,1,0.36252996,0.60717225,0.030297773
3405,2,2,0.00011971021,0.03184796,0.96803236
3406,2,1,0.09290715,0.7336728,0.17342006
3407,2,1,0.15315041,0.750468,0.09638159
3408,0,0,0.89463377,0.10435006,0.00101619
3409,2,1,0.009158583,0.50650287,0.48433858
3410,1,1,0.24647957,0.69507456,0.05844591
3411,0,0,0.9818075,0.01783477,0.00035774623
3412,1,1,0.078118265,0.6992483,0.22263345
3413,1,1,0.40285295,0.5601163,0.037030816
3414,1,1,0.103038855,0.7612973,0.1356639
3415,0,0,0.9972491,0.0027008266,5.0047074e-05
3416,0,0,0.5756774,0.41568863,0.008633989
3417,0,0,0.809243,0.18779781,0.0029592055
3418,0,0,0.64772815,0.34522972,0.0070421863
3419,0,0,0.57547605,0.41460532,0.009918638
3420,1,1,0.01902823,0.5811837,0.3997881
3421,0,0,0.7846074,0.21242332,0.0029692692
3422,0,0,0.4992842,0.47815776,0.022558065
3423,1,1,0.24484159,0.7061972,0.04896122
3424,1,1,0.1507997,0.72383714,0.12536317
3425,1,1,0.22032058,0.71123666,0.06844273
3426,0,1,0.49120286,0.49178594,0.017011108
3427,0,1,0.035352957,0.664242,0.300405
3428,0,0,0.9574109,0.042237774,0.0003513754
3429,0,0,0.85586035,0.14264861,0.0014910739
3430,0,1,0.39488995,0.5833635,0.021746615
3431,2,2,0.00049271336,0.12736471,0.8721426
3432,1,1,0.0250813,0.6349243,0.33999443
3433,0,0,0.9378971,0.061305314,0.0007975199
3434,0,0,0.83327174,0.16424856,0.002479646
3435,1,1,0.32637188,0.6346118,0.03901638
3436,0,0,0.6484131,0.3452955,0.006291377
3437,0,0,0.999571,0.00035746297,7.153404e-05
3438,1,1,0.017073996,0.57714504,0.405781
3439,0,0,0.8698532,0.12881121,0.0013355936
3440,1,1,0.15357554,0.6946778,0.15174666
3441,1,1,0.13073951,0.7524324,0.11682807
3442,2,2,0.00010758089,0.022190787,0.9777016
3443,2,1,0.26635706,0.6880101,0.045632895
3444,1,1,0.23058313,0.70957696,0.059839886
3445,2,1,0.046403576,0.6745093,0.27908713
3446,0,0,0.9739994,0.02582058,0.00018003702
3447,1,0,0.83670807,0.1615679,0.0017239777
3448,1,1,0.008794257,0.497021,0.49418473
3449,0,0,0.9740554,0.025740236,0.00020438257
3450,1,0,0.54274553,0.445566,0.01168848
3451,1,1,0.13442183,0.74402416,0.12155406
3452,1,1,0.037152614,0.6747836,0.28806382
3453,1,1,0.08981502,0.7630359,0.14714915
3454,2,2,0.008711748,0.46056873,0.5307195
3455,1,1,0.095397115,0.7487131,0.15588978
3456,1,1,0.010852484,0.5140771,0.47507045
3457,0,0,0.5850135,0.40676954,0.008216992
3458,2,2,0.009504883,0.45838523,0.53210986
3459,0,0,0.97087216,0.02892992,0.00019793567
3460,1,1,0.20420668,0.7319677,0.06382564
3461,2,2,0.006530623,0.37040854,0.6230608
3462,1,1,0.13240913,0.76773167,0.09985922
3463,0,1,0.4206187,0.55960065,0.019780632
3464,0,0,0.7790068,0.21824324,0.0027498652
3465,1,1,0.015149001,0.5214363,0.46341473
3466,1,0,0.86528593,0.13358918,0.0011248894
3467,2,1,0.012833012,0.49506462,0.49210235
3468,1,0,0.56366676,0.42661208,0.009721162
3469,0,0,0.93825114,0.061163917,0.00058494403
3470,1,1,0.18376234,0.7335254,0.08271228
3471,0,0,0.99957675,0.00034964728,7.363678e-05
3472,0,0,0.9343406,0.065192856,0.00046651362
3473,0,0,0.9075815,0.09148218,0.00093634054
3474,0,0,0.9993584,0.0005977041,4.384159e-05
3475,1,2,0.0032791265,0.30849186,0.688229
3476,1,1,0.02202132,0.6089243,0.36905435
3477,0,0,0.994509,0.0054300083,6.103208e-05
3478,0,0,0.9688412,0.030987667,0.00017106577
3479,0,0,0.9768424,0.02289667,0.00026096366
3480,1,1,0.13607003,0.75318563,0.1107444
3481,0,0,0.61342657,0.37607288,0.010500589
3482,1,1,0.07109482,0.75809276,0.17081244
3483,0,0,0.93000764,0.069405474,0.00058691646
3484,1,2,0.0065007694,0.4473625,0.54613674
3485,2,2,0.00013123482,0.03504224,0.9648265
3486,0,0,0.9869666,0.012933477,9.988868e-05
3487,0,1,0.051575433,0.7016401,0.24678445
3488,1,1,0.3326577,0.63302493,0.03431738
3489,1,2,0.0041090343,0.385163,0.61072797
3490,2,2,0.0018077391,0.28612512,0.7120671
3491,1,2,0.007840633,0.4822663,0.50989306
3492,0,0,0.5711007,0.4195786,0.009320682
3493,0,0,0.9760343,0.023752943,0.00021277704
3494,1,0,0.77892584,0.2184967,0.002577386
3495,1,1,0.44088727,0.5411383,0.01797441
3496,1,1,0.017469607,0.604447,0.3780834
3497,0,0,0.999713,0.00024498752,4.203783e-05
3498,1,1,0.3595421,0.6144857,0.02597222
3499,1,0,0.49388552,0.48156273,0.024551742
3500,0,1,0.46062502,0.5226897,0.016685253
3501,2,1,0.042464875,0.70221084,0.25532433
3502,0,0,0.904337,0.09476932,0.0008936994
3503,0,1,0.4095701,0.56917083,0.021259114
3504,1,1,0.09738473,0.74617195,0.15644327
3505,0,0,0.8656768,0.13290583,0.0014173716
3506,1,1,0.17191069,0.7408813,0.08720799
3507,2,1,0.018542394,0.602884,0.3785736
3508,1,0,0.588104,0.4033715,0.0085244775
3509,0,0,0.93396664,0.065470874,0.00056253234
3510,1,1,0.028427066,0.6655381,0.30603486
3511,0,0,0.9480061,0.051667746,0.00032616977
3512,2,2,4.2184187e-05,0.0018755301,0.9980823
3513,1,1,0.09993037,0.75065804,0.14941159
3514,0,0,0.960141,0.03957068,0.000288303
3515,0,0,0.95228106,0.047406673,0.00031225983
3516,0,0,0.6224848,0.369062,0.008453166
3517,0,0,0.8933866,0.10574369,0.00086971576
3518,0,0,0.98259336,0.017299138,0.00010753714
3519,0,1,0.3073116,0.6469515,0.0457369
3520,0,0,0.760371,0.23692286,0.002706102
3521,0,0,0.72436744,0.2718195,0.0038131021
3522,1,2,0.0060240948,0.4513626,0.54261327
3523,1,1,0.1496813,0.75343764,0.09688101
3524,2,2,0.0017064007,0.23587343,0.7624202
3525,1,1,0.08322026,0.74738157,0.16939817
3526,0,0,0.997674,0.002267321,5.8755322e-05
3527,1,1,0.27394307,0.68067575,0.045381214
3528,1,1,0.18766016,0.71400726,0.0983326
3529,1,1,0.037504967,0.6867096,0.27578545
3530,0,0,0.950431,0.049198575,0.00037044496
3531,0,0,0.6736845,0.3203261,0.0059894626
3532,1,1,0.039996505,0.68438184,0.27562165
3533,2,2,0.00048456714,0.071594544,0.92792094
3534,1,1,0.022616077,0.599777,0.37760693
3535,2,2,0.004951919,0.26784718,0.72720087
3536,1,1,0.25596038,0.693772,0.05026764
3537,0,0,0.86205494,0.13652718,0.0014178825
3538,0,0,0.7870912,0.21031334,0.0025955078
3539,2,2,5.683048e-05,0.003695579,0.99624765
3540,2,1,0.009267224,0.498923,0.4918098
3541,1,0,0.65541273,0.33881542,0.0057718973
3542,0,0,0.94897825,0.050603196,0.00041852714
3543,0,0,0.9991803,0.00077782094,4.184703e-05
3544,2,2,0.0006270635,0.15291132,0.84646165
3545,1,1,0.3500179,0.6183981,0.03158408
3546,1,1,0.054109983,0.7142551,0.23163494
3547,1,1,0.039382793,0.6478605,0.31275666
3548,1,1,0.15448473,0.74413455,0.10138079
3549,2,1,0.032086648,0.6181483,0.34976503
3550,2,2,0.0009248043,0.18206273,0.8170124
3551,1,1,0.112596676,0.74160945,0.14579386
3552,1,2,0.008116499,0.47875696,0.51312655
3553,2,2,0.004372926,0.39842755,0.5971995
3554,1,1,0.01264868,0.5510066,0.4363447
3555,1,0,0.9268612,0.072645634,0.0004931401
3556,1,1,0.13885763,0.7501357,0.11100662
3557,1,1,0.26297575,0.6924956,0.04452869
3558,1,1,0.18564312,0.73707473,0.077282146
3559,1,0,0.528641,0.4584621,0.01289691
3560,1,1,0.27909347,0.67971766,0.041188832
3561,0,1,0.18739012,0.7247751,0.08783481
3562,1,0,0.6402329,0.35387564,0.0058914786
3563,1,1,0.05432809,0.6831657,0.26250616
3564,0,0,0.95756525,0.042136032,0.0002987218
3565,0,1,0.3588481,0.6137347,0.027417209
3566,2,1,0.02653101,0.61012495,0.36334404
3567,0,0,0.6691303,0.3243402,0.0065294644
3568,0,0,0.8757571,0.12296894,0.0012740007
3569,1,1,0.12977992,0.7509177,0.119302325
3570,0,0,0.9995515,0.00040817668,4.0343846e-05
3571,2,1,0.18890157,0.73747253,0.07362591
3572,0,0,0.7084952,0.286778,0.0047267834
3573,0,0,0.9785998,0.021257551,0.00014261456
3574,1,1,0.29087073,0.6652541,0.043875128
3575,2,2,0.0014518895,0.2606199,0.7379282
3576,0,0,0.999246,0.00071293785,4.1096766e-05
3577,2,1,0.017612211,0.5798427,0.4025451
3578,1,1,0.10506913,0.74684364,0.14808723
3579,2,1,0.010831885,0.53561044,0.45355767
3580,1,1,0.096190065,0.75131786,0.15249206
3581,2,2,0.0033612219,0.32039106,0.6762477
3582,0,0,0.65053463,0.34325287,0.006212499
3583,0,0,0.9895375,0.010380711,8.1845166e-05
3584,0,0,0.9397132,0.05965564,0.00063117524
3585,1,0,0.7349052,0.2612273,0.0038675237
3586,0,0,0.65229577,0.34009868,0.0076055876
3587,1,2,0.0060222815,0.44367272,0.550305
3588,2,2,0.00078366394,0.117276646,0.8819397
3589,1,0,0.5654767,0.4257373,0.008785908
3590,0,0,0.9908626,0.009012773,0.00012465303
3591,0,0,0.89639795,0.1027917,0.00081037625
3592,2,2,0.0004547347,0.09889808,0.90064716
3593,0,0,0.987807,0.012087013,0.000106019295
3594,1,1,0.067218184,0.74787253,0.18490928
3595,2,2,0.00010204752,0.017710578,0.9821874
3596,0,0,0.99620044,0.0037466127,5.2873394e-05
3597,2,2,0.0006739666,0.14228605,0.85704
3598,1,1,0.15010945,0.7444888,0.105401784
3599,0,0,0.99792427,0.002018987,5.6758472e-05
3600,0,0,0.9983878,0.0015661195,4.6079633e-05
3601,0,0,0.76502085,0.23132357,0.0036554993
3602,0,0,0.80918074,0.18823645,0.00258283
3603,1,1,0.06953296,0.74849105,0.18197596
3604,0,1,0.20401926,0.71687233,0.07910843
3605,1,0,0.7949762,0.20251341,0.00251045
3606,1,1,0.07867341,0.7104753,0.2108513
3607,2,2,6.01463e-05,0.0038825432,0.99605733
3608,1,1,0.3004964,0.6435524,0.055951204
3609,0,0,0.87362176,0.12519908,0.001179171
3610,1,1,0.16852841,0.75037444,0.081097186
3611,1,0,0.6864015,0.30576608,0.007832458
3612,2,1,0.01461944,0.5271407,0.45823994
3613,0,0,0.7977551,0.19906992,0.0031748605
3614,0,0,0.5489224,0.4310038,0.020073801
3615,2,2,0.0003448939,0.048350126,0.95130503
3616,1,0,0.7332376,0.26262778,0.004134599
3617,0,0,0.9978343,0.0021162736,4.9422048e-05
3618,0,0,0.99798465,0.001961796,5.361177e-05
3619,0,0,0.9303402,0.069074854,0.0005850088
3620,0,0,0.9997788,0.00018044146,4.0795338e-05
3621,1,1,0.2322798,0.71033514,0.057385072
3622,2,1,0.44627175,0.5325729,0.021155372
3623,0,0,0.90872693,0.09054963,0.00072343077
3624,2,2,0.000591574,0.06670484,0.93270355
3625,2,1,0.019392459,0.62221205,0.35839555
3626,2,1,0.013312269,0.5538007,0.432887
3627,0,0,0.72686243,0.26787043,0.0052671167
3628,1,1,0.15401348,0.76326895,0.08271757
3629,2,2,7.2935254e-05,0.006771118,0.99315596
3630,0,0,0.99785537,0.002091558,5.307883e-05
3631,2,2,0.0010149328,0.18458103,0.8144041
3632,1,0,0.762866,0.23431036,0.0028235833
3633,1,1,0.007975336,0.5101002,0.48192453
3634,0,0,0.97440386,0.025356064,0.0002400813
3635,0,0,0.74787855,0.24795625,0.0041651893
3636,0,0,0.82781094,0.16959861,0.0025904258
3637,0,0,0.9025004,0.09668704,0.0008126108
3638,0,0,0.70862657,0.28751764,0.0038558424
3639,1,0,0.6936443,0.30151892,0.0048368406
3640,0,0,0.5212609,0.46793154,0.010807603
3641,2,1,0.018822663,0.5976819,0.38349545
3642,0,0,0.8111077,0.18655267,0.002339636
3643,0,0,0.9753729,0.024445824,0.00018125138
3644,1,1,0.12382415,0.7412992,0.13487664
3645,1,1,0.45631105,0.5272912,0.01639782
3646,2,1,0.15135397,0.7658702,0.0827758
3647,1,1,0.42478922,0.55206376,0.023147013
3648,2,1,0.24205966,0.6893222,0.06861821
3649,0,0,0.6584314,0.33269387,0.008874717
3650,2,2,0.00012434261,0.017095828,0.9827798
3651,1,0,0.9650203,0.034688123,0.00029158103
3652,0,1,0.4016783,0.5738466,0.024475075
3653,2,2,0.005558023,0.3978235,0.5966185
3654,1,1,0.32301393,0.641748,0.035238042
3655,2,2,0.0012196599,0.16964656,0.82913375
3656,1,1,0.043774385,0.6813696,0.27485606
3657,1,1,0.009412644,0.53093636,0.459651
3658,0,0,0.5015692,0.4861285,0.01230226
3659,0,0,0.97262037,0.027201032,0.0001785565
3660,0,0,0.7567156,0.23940822,0.0038762162
3661,1,0,0.6882578,0.30613798,0.005604219
3662,0,0,0.79103315,0.20599894,0.002967873
3663,0,0,0.8471128,0.1505758,0.002311357
3664,0,0,0.8436878,0.15446967,0.0018425783
3665,2,2,0.0004039976,0.122266755,0.8773293
3666,2,2,0.0004433721,0.10924406,0.89031255
3667,1,2,0.00038213888,0.08763193,0.91198593
3668,0,0,0.8231022,0.17523524,0.0016626123
3669,2,2,0.0040858104,0.28003472,0.71587944
3670,0,1,0.4536138,0.52372885,0.0226574
3671,1,1,0.025791578,0.61676776,0.35744065
3672,1,1,0.4415746,0.53133374,0.027091706
3673,1,1,0.07651328,0.7322574,0.19122928
3674,0,0,0.97801805,0.02173915,0.00024281502
3675,2,2,0.00030186228,0.08868555,0.91101265
3676,0,0,0.96346515,0.036177974,0.00035689556
3677,0,0,0.9077148,0.090577,0.001708256
3678,0,0,0.9632666,0.036526535,0.00020684299
3679,0,0,0.9947235,0.0051913634,8.513557e-05
3680,0,0,0.8710082,0.12613764,0.0028541083
3681,0,0,0.8999169,0.0989736,0.0011095165
3682,1,0,0.6137057,0.37923685,0.007057445
3683,0,0,0.9710498,0.028679803,0.00027040968
3684,0,0,0.8332692,0.16469061,0.002040221
3685,2,2,5.8879064e-05,0.013095696,0.98684543
3686,0,0,0.48734143,0.48361558,0.029042985
3687,1,2,0.014230174,0.4794848,0.5062851
3688,1,1,0.43925774,0.5408106,0.019931719
3689,1,1,0.3916006,0.5861407,0.02225875
3690,1,0,0.91728926,0.082112685,0.00059811876
3691,1,1,0.03586054,0.68305373,0.28108576
3692,1,1,0.43480223,0.53790927,0.0272885
3693,0,0,0.99892133,0.001034378,4.4290977e-05
3694,0,1,0.3028385,0.65951884,0.037642688
3695,0,0,0.81645095,0.18049908,0.0030499687
3696,1,1,0.038366735,0.67081434,0.29081893
3697,1,2,0.0035361336,0.3675455,0.6289184
3698,0,0,0.99420345,0.005716921,7.96605e-05
3699,1,1,0.1475941,0.7384785,0.11392743
3700,0,0,0.97626334,0.023540296,0.00019636075
3701,2,2,0.0026534921,0.32935667,0.66798985
3702,2,2,0.00020971335,0.033419676,0.96637064
3703,1,1,0.019602688,0.5879693,0.39242804
3704,1,2,0.002916443,0.33252415,0.6645594
3705,1,1,0.12540919,0.73717403,0.13741682
3706,0,0,0.99924034,0.00070627424,5.3420805e-05
3707,1,1,0.37547624,0.59094375,0.033579994
3708,0,0,0.9996941,0.0002616339,4.4263445e-05
3709,1,1,0.21975362,0.70782804,0.07241834
3710,1,1,0.34196436,0.62110174,0.0369339
3711,1,1,0.2191697,0.7254418,0.055388443
3712,0,1,0.35607046,0.6193363,0.024593271
3713,0,0,0.98697144,0.012918329,0.00011022524
3714,0,1,0.055457853,0.7463419,0.19820029
3715,1,1,0.32104257,0.6320083,0.046949178
3716,2,2,0.0003385101,0.10817081,0.8914907
3717,2,2,0.00025815322,0.051532596,0.9482093
3718,2,2,0.001888836,0.2683308,0.7297804
3719,2,1,0.020040851,0.5917051,0.38825405
3720,2,2,0.0006595872,0.17436275,0.8249777
3721,0,0,0.98172444,0.018157197,0.00011838247
3722,0,0,0.9958372,0.004104865,5.7949313e-05
3723,2,1,0.054169305,0.7337943,0.21203643
3724,1,1,0.033802614,0.67046714,0.29573023
3725,1,1,0.09484084,0.7780141,0.12714502
3726,0,0,0.9986767,0.0012766061,4.6692618e-05
3727,2,2,0.0037429272,0.35583395,0.6404231
3728,0,0,0.99936736,0.0005845472,4.8124042e-05
3729,2,2,0.00017164115,0.055800803,0.94402754
3730,0,0,0.999241,0.000714804,4.4250803e-05
3731,0,0,0.9945998,0.005334945,6.523483e-05
3732,0,0,0.98826516,0.011607754,0.00012705491
3733,0,1,0.24195646,0.7020638,0.055979807
3734,0,0,0.93783474,0.06167741,0.00048788986
3735,2,2,6.951389e-05,0.0129828,0.9869477
3736,1,1,0.30290294,0.6624675,0.03462961
3737,0,0,0.9297403,0.06965719,0.00060250406
3738,2,2,0.002116704,0.3050086,0.6928747
3739,0,1,0.4419454,0.53740203,0.020652525
3740,1,0,0.676406,0.31701696,0.0065770233
3741,0,1,0.39970174,0.5633183,0.03697993
3742,0,1,0.28448543,0.6743845,0.041130118
3743,0,0,0.62550485,0.36829987,0.006195314
3744,2,2,0.0012543751,0.16738223,0.83136344
3745,0,0,0.9784621,0.021228518,0.0003094048
3746,1,1,0.043284282,0.7191086,0.23760712
3747,2,2,0.004392905,0.19319868,0.8024084
3748,0,0,0.6236404,0.3679555,0.00840408
3749,0,1,0.38586915,0.59064746,0.0234834
3750,1,1,0.2985433,0.66119665,0.04026006
3751,1,1,0.0392626,0.7188327,0.24190474
3752,0,0,0.99762154,0.002329927,4.8500406e-05
3753,0,0,0.9207187,0.07868484,0.00059648853
3754,0,0,0.7257831,0.26917046,0.0050464477
3755,0,1,0.43995392,0.5408768,0.019169277
3756,0,1,0.47545058,0.5095494,0.015000036
3757,0,0,0.93078303,0.0686751,0.00054185383
3758,1,2,0.008181181,0.46898413,0.52283466
3759,2,2,0.00023271558,0.08417346,0.91559386
3760,0,0,0.7887334,0.20121409,0.010052526
3761,0,0,0.5799237,0.40618387,0.013892486
3762,1,1,0.089545205,0.74017084,0.17028397
3763,1,1,0.06071578,0.7196411,0.21964313
3764,0,0,0.9989034,0.0010539424,4.265997e-05
3765,1,0,0.84729695,0.1513994,0.0013036616
3766,1,0,0.7221157,0.27441832,0.0034659917
3767,0,0,0.853465,0.14467525,0.0018597445
3768,2,2,0.0022340184,0.25512415,0.7426418
3769,0,0,0.97696096,0.02284945,0.00018962876
3770,1,1,0.4079847,0.56938165,0.0226337
3771,2,2,0.009402903,0.4684802,0.5221169
3772,2,2,0.0010234951,0.15667515,0.84230137
3773,2,2,0.00019198623,0.051256664,0.94855136
3774,2,2,0.00020300613,0.041106906,0.9586901
3775,0,0,0.9557482,0.04345456,0.00079725834
3776,2,1,0.25317305,0.6553593,0.091467604
3777,2,1,0.03276048,0.6713345,0.295905
3778,0,0,0.9988123,0.0011450464,4.2614134e-05
3779,2,2,6.869588e-05,0.002854851,0.9970765
3780,1,0,0.5833493,0.4075511,0.009099586
3781,1,0,0.53300613,0.44754618,0.019447682
3782,0,0,0.85659236,0.14218679,0.0012208321
3783,0,0,0.9751416,0.024534227,0.00032417552
3784,2,1,0.02711181,0.66705334,0.3058349
3785,0,0,0.89714235,0.10187085,0.0009868159
3786,1,1,0.008910434,0.5020926,0.48899698
3787,0,0,0.9288999,0.07010695,0.0009931558
3788,0,0,0.7945196,0.20272188,0.0027585493
3789,2,2,0.00042990182,0.112230286,0.88733983
3790,2,2,0.00048310737,0.11511339,0.88440347
3791,0,1,0.3488307,0.61994684,0.031222463
3792,2,2,0.00021193743,0.055625867,0.94416213
3793,2,2,0.0007173269,0.15183157,0.8474511
3794,1,2,0.0032013077,0.30847675,0.68832195
3795,0,0,0.9457302,0.05383869,0.0004311119
3796,0,0,0.5290511,0.45547232,0.015476586
3797,0,1,0.36198193,0.6051003,0.032917768
3798,1,1,0.013500261,0.54833144,0.43816826
3799,1,1,0.026960008,0.62060237,0.35243767
3800,2,1,0.14639348,0.7416259,0.11198059
3801,0,0,0.99532413,0.0046110316,6.484101e-05
3802,1,1,0.42120966,0.55393964,0.024850732
3803,1,1,0.04038153,0.6364589,0.32315958
3804,2,2,0.001208931,0.19127157,0.8075195
3805,0,0,0.9884851,0.011389697,0.00012522352
3806,1,1,0.13526537,0.7143322,0.15040246
3807,2,2,6.465469e-05,0.0034351745,0.9965002
3808,0,0,0.99872243,0.0012323967,4.5176548e-05
3809,1,1,0.11206849,0.77364355,0.114287995
3810,0,0,0.7876531,0.21013145,0.0022154683
3811,0,0,0.9998089,0.00014901765,4.2070944e-05
3812,2,2,0.00036781054,0.10295069,0.8966815
3813,1,0,0.8152316,0.18260789,0.002160505
3814,0,0,0.97437906,0.02542844,0.0001925448
3815,0,0,0.98268336,0.017196625,0.000120046934
3816,1,1,0.32960948,0.6337538,0.03663676
3817,1,1,0.0906685,0.7606316,0.14869988
3818,0,1,0.18796071,0.74304664,0.06899262
3819,1,0,0.65879804,0.33400983,0.0071921367
3820,0,0,0.98301756,0.016804937,0.00017749805
3821,2,2,0.007885018,0.44081223,0.5513028
3822,1,1,0.06790668,0.73282814,0.19926518
3823,2,2,0.011102319,0.4301638,0.5587339
3824,0,0,0.98497915,0.014862728,0.00015817716
3825,0,0,0.9665717,0.033162467,0.00026588206
3826,1,2,0.0060773985,0.47328675,0.52063584
3827,1,1,0.24915397,0.687402,0.063444
3828,2,1,0.013248539,0.53571856,0.45103288
3829,2,1,0.056453656,0.64203477,0.3015116
3830,1,1,0.09389925,0.7572992,0.1488016
3831,0,0,0.55694896,0.4254499,0.017601158
3832,0,1,0.15694241,0.7566021,0.08645555
3833,0,1,0.39587194,0.58215034,0.021977743
3834,0,0,0.68062395,0.31253436,0.0068416563
3835,2,2,0.0052059256,0.3612138,0.63358027
3836,0,0,0.53581375,0.45222914,0.011957085
3837,0,0,0.94086015,0.058563508,0.0005763292
3838,0,1,0.20733342,0.7224732,0.07019341
3839,1,1,0.41585597,0.5636111,0.020532971
3840,1,1,0.013576068,0.53133655,0.4550874
3841,0,0,0.9084559,0.09036556,0.0011785458
3842,2,1,0.018095335,0.57202667,0.40987805
3843,0,0,0.9948118,0.00512021,6.8015666e-05
3844,2,1,0.011990661,0.51479185,0.4732175
3845,1,0,0.8166496,0.18169469,0.001655718
3846,0,1,0.4723642,0.51097447,0.016661331
3847,0,1,0.4729394,0.50837874,0.018681882
3848,0,0,0.7682931,0.22926567,0.0024412805
3849,2,2,0.002528079,0.29486638,0.70260555
3850,0,0,0.9747951,0.024837647,0.00036724872
3851,2,1,0.16069272,0.74045444,0.09885284
3852,1,0,0.5880465,0.40425196,0.0077015883
3853,0,0,0.98093885,0.018948726,0.000112439855
3854,0,0,0.9989262,0.0010266673,4.708257e-05
3855,0,0,0.76148057,0.23564312,0.002876287
3856,1,1,0.22370282,0.714265,0.0620322
3857,1,0,0.76002246,0.23695555,0.0030220074
3858,0,0,0.8902197,0.108959,0.00082130707
3859,2,2,0.00045339472,0.06852417,0.9310224
3860,2,2,0.0060859276,0.327316,0.6665981
3861,0,0,0.6432074,0.350885,0.0059076753
3862,2,2,0.0011779664,0.0930179,0.90580416
3863,0,0,0.9952521,0.0046446,0.000103373364
3864,0,0,0.96764886,0.031921834,0.00042928907
3865,0,0,0.892877,0.10627398,0.00084898295
3866,1,1,0.2301479,0.7022409,0.06761122
3867,1,0,0.9896408,0.0102456175,0.00011359959
3868,0,1,0.38285813,0.5880561,0.029085778
3869,2,2,0.00011998292,0.042665306,0.9572147
3870,2,2,0.0016503325,0.22957346,0.76877624
3871,0,0,0.9965602,0.003386008,5.374919e-05
3872,0,0,0.9958569,0.004078614,6.4520704e-05
3873,2,1,0.014486173,0.5891168,0.39639705
3874,1,0,0.9852886,0.014597521,0.00011379608
3875,0,0,0.998823,0.0011284846,4.851565e-05
3876,1,0,0.8760601,0.12298384,0.0009560838
3877,2,2,0.00021875829,0.048308007,0.9514733
3878,0,1,0.34181565,0.62422097,0.033963397
3879,0,0,0.87828916,0.12075167,0.0009591619
3880,1,1,0.2661208,0.68686,0.047019243
3881,0,0,0.9008333,0.098272756,0.0008939579
3882,1,1,0.010629171,0.52966475,0.45970604
3883,2,2,7.8252255e-05,0.025975514,0.9739463
3884,2,1,0.14728704,0.75300264,0.09971033
3885,0,0,0.97624975,0.023565033,0.00018522088
3886,0,0,0.9978985,0.0020547165,4.6761546e-05
3887,0,1,0.1540336,0.71753764,0.12842876
3888,0,0,0.9994141,0.0005454078,4.0539482e-05
3889,0,0,0.544604,0.44333053,0.012065453
3890,2,2,0.0032616572,0.32573,0.67100835
3891,1,0,0.6094893,0.37679535,0.013715297
3892,0,0,0.7060639,0.28788573,0.006050421
3893,0,1,0.42408484,0.5560652,0.019849982
3894,1,1,0.031763956,0.6806221,0.28761393
3895,1,1,0.20192474,0.72331494,0.07476034
3896,0,0,0.9972493,0.0026968413,5.3898144e-05
3897,1,1,0.16802865,0.7245523,0.10741912
3898,0,0,0.770275,0.22722316,0.002501863
3899,2,2,0.00083014806,0.034529027,0.96464086
3900,1,1,0.33433253,0.63288945,0.03277801
3901,2,2,5.7872316e-05,0.0013799401,0.9985622
3902,0,0,0.98493755,0.014947796,0.00011468497
3903,0,1,0.16076182,0.7574762,0.081761986
3904,1,1,0.033264313,0.7095706,0.25716516
3905,1,0,0.65981805,0.33381242,0.006369533
3906,0,0,0.98621786,0.013671607,0.00011052924
3907,0,1,0.46646634,0.5196137,0.013920032
3908,1,1,0.3614213,0.6076954,0.030883258
3909,0,0,0.9972528,0.0026966513,5.0531165e-05
3910,0,0,0.87850666,0.12052275,0.0009706242
3911,0,0,0.9687885,0.030684927,0.00052655325
3912,1,1,0.25010076,0.68881327,0.061085965
3913,2,2,0.0007602059,0.12228124,0.87695855
3914,2,1,0.04101571,0.70923835,0.249746
3915,0,0,0.99934757,0.0006111595,4.125224e-05
3916,2,2,0.00021549928,0.050063234,0.9497213
3917,1,1,0.13346924,0.76056147,0.10596931
3918,2,1,0.014559438,0.5583037,0.42713687
3919,1,1,0.08582236,0.73329496,0.18088272
3920,0,0,0.93207806,0.067381985,0.00053995464
3921,2,2,0.0010303244,0.20215133,0.7968183
3922,1,1,0.22152533,0.7121441,0.066330634
3923,1,2,0.00038731156,0.1113932,0.8882195
3924,1,1,0.21288292,0.70411175,0.08300539
3925,0,0,0.9996667,0.00029242766,4.0875435e-05
3926,0,0,0.9773772,0.02230011,0.00032273695
3927,1,0,0.90289915,0.096491784,0.00060904364
3928,0,0,0.9947016,0.0051734988,0.00012485444
3929,2,1,0.011217542,0.53804815,0.45073432
3930,1,1,0.4234327,0.55608606,0.020481227
3931,1,1,0.022695111,0.56506205,0.41224283
3932,0,0,0.9808613,0.018957298,0.00018135147
3933,0,0,0.90419304,0.09488463,0.00092230085
3934,1,0,0.6785678,0.31647614,0.0049560484
3935,0,0,0.9769205,0.02279619,0.00028332788
3936,1,1,0.10545079,0.77852684,0.11602243
3937,1,1,0.009853077,0.49521372,0.49493322
3938,1,2,0.0016939233,0.18571748,0.81258863
3939,2,2,0.00016825192,0.0017959827,0.9980358
3940,0,0,0.50383174,0.48044285,0.015725415
3941,0,0,0.961573,0.038078163,0.00034888057
3942,0,1,0.35815316,0.61366165,0.028185207
3943,2,2,0.0006115086,0.14387085,0.8555176
3944,2,1,0.1500668,0.7607273,0.089205906
3945,1,2,0.0043680035,0.4180653,0.5775667
3946,1,1,0.23795295,0.705915,0.05613207
3947,2,2,0.0016298223,0.20728484,0.79108536
3948,0,0,0.9826149,0.017216545,0.00016855133
3949,2,2,0.0012751502,0.17222562,0.8264992
3950,0,0,0.9996119,0.00031583628,7.224151e-05
3951,1,1,0.10144867,0.71787643,0.1806749
3952,0,0,0.9928747,0.0070114285,0.000113906484
3953,2,2,5.0972103e-05,0.008365411,0.99158365
3954,0,1,0.034942165,0.6502508,0.3148071
3955,0,0,0.78626406,0.21105187,0.0026840712
3956,2,2,0.000121245066,0.023865297,0.9760135
3957,0,1,0.23458116,0.70838386,0.057035033
3958,0,0,0.99861825,0.001335673,4.6109933e-05
3959,0,0,0.9887355,0.011141159,0.00012337633
3960,0,1,0.29317468,0.6615627,0.04526268
3961,0,0,0.6761482,0.31844735,0.005404506
3962,1,2,0.008619145,0.4551374,0.53624344
3963,0,0,0.93856865,0.060957335,0.00047405768
3964,0,1,0.048274662,0.6784855,0.27323985
3965,0,0,0.953127,0.04652802,0.0003449889
3966,0,0,0.99921316,0.00069306634,9.377472e-05
3967,1,0,0.55370003,0.4356212,0.010678771
3968,1,1,0.256889,0.6679945,0.07511652
3969,1,1,0.32666394,0.64112407,0.032212015
3970,1,1,0.25020486,0.689152,0.06064314
3971,2,2,0.00021902804,0.05999518,0.9397858
3972,0,0,0.99961984,0.0003392622,4.08759e-05
3973,1,1,0.36689866,0.5940639,0.039037485
3974,2,1,0.011332949,0.54561967,0.4430474
3975,2,2,0.0034266463,0.30956113,0.68701226
3976,2,2,0.0001715216,0.0035656488,0.99626285
3977,0,0,0.9365589,0.06286972,0.00057135976
3978,1,2,0.0049068164,0.3869716,0.6081216
3979,1,1,0.28614116,0.6376688,0.076190054
3980,0,0,0.99954337,0.00041147415,4.5165638e-05
3981,1,1,0.015377556,0.534361,0.4502614
3982,0,0,0.9717848,0.028035406,0.00017985885
3983,1,1,0.2786907,0.68146884,0.039840467
3984,2,2,0.0003332081,0.09539764,0.9042692
3985,0,0,0.90867907,0.09050752,0.00081340835
3986,0,0,0.99604326,0.0038614995,9.525785e-05
3987,2,2,4.6237634e-05,0.004019861,0.9959339
3988,0,1,0.33979967,0.6236915,0.036508877
3989,2,1,0.012146235,0.5199961,0.4678577
3990,1,1,0.18822485,0.72725904,0.08451609
3991,2,2,0.0019703924,0.23936065,0.75866896
3992,1,0,0.86699265,0.1316952,0.0013121325
3993,1,1,0.13767672,0.7388787,0.12344455
3994,2,2,0.0012082323,0.23244542,0.76634634
3995,0,0,0.8638,0.13485976,0.0013402972
3996,2,1,0.016377259,0.57077825,0.41284445
3997,1,1,0.06502179,0.7272486,0.20772965
3998,0,0,0.8413208,0.15715499,0.0015241926
3999,1,1,0.09104979,0.7301756,0.17877457
4000,1,0,0.53634477,0.452131,0.011524228
4001,1,1,0.032081507,0.6495508,0.3183677
4002,0,0,0.9976852,0.002249861,6.4944965e-05
4003,2,2,0.00035287623,0.09881432,0.9008328
4004,1,1,0.016531859,0.5948607,0.3886074
4005,2,2,7.892269e-05,0.015476561,0.9844445
4006,0,0,0.785985,0.21189784,0.0021171505
4007,1,1,0.14259104,0.75950307,0.097905934
4008,1,1,0.091667205,0.7570292,0.15130362
4009,0,0,0.99958223,0.00037563685,4.2153883e-05
4010,0,0,0.9567278,0.0429585,0.0003137189
4011,2,2,7.134861e-05,0.004555554,0.9953731
4012,1,0,0.85137016,0.14735247,0.0012773683
4013,1,1,0.1314551,0.76432645,0.10421847
4014,2,2,0.0043473607,0.37541288,0.62023973
4015,1,1,0.025805596,0.61020696,0.36398748
4016,0,0,0.9983484,0.0016021924,4.9394846e-05
4017,0,0,0.9971831,0.0027383445,7.856774e-05
4018,0,0,0.99493825,0.0050013615,6.039423e-05
4019,0,1,0.37013173,0.6026386,0.027229678
4020,1,2,0.0030983626,0.3578213,0.63908035
4021,1,0,0.5169616,0.47015777,0.012880679
4022,0,0,0.9947635,0.00516034,7.614515e-05
4023,1,1,0.027126571,0.6109933,0.36188015
4024,0,0,0.93732417,0.061985172,0.00069060165
4025,1,1,0.035602674,0.68756145,0.27683592
4026,2,2,6.452547e-05,0.009427808,0.9905077
4027,0,0,0.99940366,0.0005059184,9.0424954e-05
4028,2,2,0.00011301174,0.02696018,0.9729268
4029,0,0,0.9976648,0.0022861373,4.908876e-05
4030,0,0,0.7153452,0.2789174,0.0057374504
4031,1,2,0.0007108436,0.17333913,0.82595
4032,2,2,0.000297017,0.08152351,0.9181795
4033,2,2,0.0037372885,0.31029484,0.68596786
4034,0,0,0.83260417,0.166022,0.0013738369
4035,2,1,0.04797647,0.69516087,0.2568627
4036,0,0,0.99934196,0.00059667137,6.139996e-05
4037,1,1,0.25784284,0.69530356,0.04685364
4038,2,2,0.0005062599,0.118801974,0.88069177
4039,1,0,0.60018116,0.39106208,0.008756775
4040,1,1,0.00914041,0.51019,0.48066956
4041,1,2,0.003443991,0.38233447,0.6142216
4042,1,1,0.1584267,0.74269223,0.09888107
4043,2,2,0.0003084719,0.10790971,0.8917818
4044,0,1,0.33200407,0.6254233,0.042572614
4045,2,1,0.018534835,0.61292017,0.368545
4046,1,0,0.6358402,0.3552818,0.008878
4047,2,2,0.0014687835,0.25473133,0.7437999
4048,1,1,0.14000723,0.7624977,0.09749508
4049,2,2,0.0005198999,0.08344565,0.91603446
4050,2,1,0.029630667,0.6103411,0.3600283
4051,0,0,0.8498595,0.14860392,0.0015365924
4052,1,1,0.09473057,0.7386023,0.16666713
4053,0,0,0.99597627,0.0039630285,6.062291e-05
4054,0,0,0.5966558,0.3935378,0.009806434
4055,0,0,0.9824985,0.017366368,0.00013513117
4056,1,0,0.5175215,0.46107548,0.021403003
4057,1,0,0.66752595,0.32653016,0.005943896
4058,2,2,5.3891014e-05,0.008703938,0.9912422
4059,0,0,0.8758899,0.12248522,0.0016248615
4060,0,0,0.64051604,0.35301507,0.00646894
4061,1,1,0.386855,0.5833797,0.029765312
4062,0,0,0.70887303,0.28646874,0.0046582134
4063,0,0,0.9996434,0.0002992312,5.7387177e-05
4064,0,1,0.3005342,0.656802,0.042663787
4065,2,2,0.0061290096,0.45645583,0.53741515
4066,1,0,0.68873733,0.30685535,0.0044073598
4067,1,2,0.0010332075,0.2338031,0.7651637
4068,1,1,0.3437454,0.6220961,0.034158554
4069,2,2,0.001116335,0.20804338,0.79084027
4070,2,2,0.00072485727,0.123541646,0.8757335
4071,0,0,0.9994501,0.00050928985,4.065272e-05
4072,0,0,0.99977463,0.00018443503,4.0966577e-05
4073,1,1,0.2559778,0.6927799,0.0512423
4074,1,2,0.00070676906,0.16217448,0.83711874
4075,0,0,0.8677479,0.13123393,0.0010181642
4076,0,0,0.81421995,0.18378879,0.0019912436
4077,1,0,0.70869386,0.2867849,0.004521291
4078,2,2,6.218983e-05,0.016793406,0.9831444
4079,0,0,0.9967848,0.00316274,5.244789e-05
4080,2,2,7.8117795e-05,0.014690145,0.98523176
4081,2,2,0.0007331687,0.1861031,0.81316376
4082,1,1,0.42506996,0.5551939,0.019736193
4083,2,1,0.020504184,0.60930455,0.37019128
4084,0,0,0.99944043,0.00050059863,5.8970603e-05
4085,0,0,0.99784654,0.0021062146,4.7292488e-05
4086,1,1,0.41467032,0.56261885,0.022710819
4087,0,0,0.8821909,0.115722865,0.0020862757
4088,1,1,0.05587423,0.7429439,0.20118186
4089,2,2,0.00032158184,0.10711323,0.89256513
4090,0,0,0.79544055,0.20164064,0.0029188497
4091,1,0,0.63793856,0.3539569,0.008104575
4092,1,1,0.040810585,0.6813011,0.2778883
4093,2,2,0.00092205976,0.19250159,0.8065764
4094,1,0,0.8411181,0.15712884,0.0017531053
4095,1,1,0.2249518,0.7168907,0.05815751
4096,2,2,0.00013570013,0.03644849,0.96341586
4097,1,1,0.12982643,0.7536651,0.116508454
4098,0,0,0.61346525,0.3785607,0.007974102
4099,2,1,0.014358162,0.5303112,0.45533058
4100,1,1,0.22712354,0.7151799,0.0576965
4101,1,1,0.00724646,0.4980565,0.49469706
4102,0,1,0.009444001,0.5327653,0.4577907
4103,0,0,0.56766737,0.42130947,0.011023195
4104,1,1,0.009611474,0.5032517,0.4871369
4105,0,0,0.9991568,0.00079729955,4.5959205e-05
4106,0,0,0.9990727,0.00088075123,4.6562745e-05
4107,0,0,0.5496424,0.43883783,0.011519772
4108,1,1,0.08616662,0.7516783,0.16215506
4109,0,0,0.95881003,0.040828224,0.00036176518
4110,2,1,0.060571484,0.7405895,0.198839
4111,2,2,0.00052610587,0.14822052,0.8512534
4112,0,0,0.9983647,0.0015833427,5.1989835e-05
4113,1,1,0.2437869,0.6922736,0.06393944
4114,2,2,0.0024736356,0.3335056,0.6640208
4115,0,0,0.5049877,0.4770797,0.017932586
4116,0,0,0.9981501,0.0017964401,5.3482607e-05
4117,0,0,0.81778157,0.17974302,0.0024753984
4118,0,0,0.9528584,0.046576165,0.000565488
4119,1,1,0.029922772,0.6417929,0.3282843
4120,1,1,0.3693945,0.5990538,0.03155173
4121,0,1,0.41512337,0.5627633,0.022113398
4122,1,1,0.2431394,0.6974482,0.059412405
4123,0,0,0.9833217,0.016551124,0.00012715482
4124,2,1,0.11668934,0.7535681,0.12974255
4125,0,1,0.31173986,0.6545531,0.03370705
4126,0,0,0.5539646,0.43493372,0.011101678
4127,0,0,0.998314,0.0016212834,6.466729e-05
4128,1,0,0.57449967,0.4168594,0.008640917
4129,1,1,0.009381201,0.5046037,0.48601514
4130,0,0,0.7302894,0.2658382,0.0038723778
4131,0,0,0.75801605,0.23920086,0.002783111
4132,2,2,0.00012105176,0.015846567,0.9840324
4133,0,0,0.78890663,0.20791247,0.003180912
4134,1,0,0.6417567,0.35012475,0.008118597
4135,0,1,0.035651438,0.6961373,0.2682113
4136,2,1,0.42542553,0.5504065,0.024167946
4137,0,0,0.8820501,0.1165742,0.0013756827
4138,1,1,0.3054685,0.66387844,0.030653058
4139,0,1,0.21184641,0.7069712,0.08118231
4140,0,0,0.86094916,0.13795884,0.0010920444
4141,2,2,0.007929905,0.45033684,0.54173326
4142,0,0,0.9981897,0.001750092,6.0235754e-05
4143,0,0,0.9709774,0.028813927,0.00020868368
4144,0,0,0.97323334,0.026599618,0.00016704458
4145,0,1,0.4348572,0.5472575,0.017885284
4146,0,0,0.99951,0.00042154462,6.850288e-05
4147,1,1,0.095227554,0.7444779,0.16029449
4148,1,1,0.03965193,0.6984737,0.26187438
4149,1,0,0.5331789,0.45508844,0.011732612
4150,2,2,0.00013803529,0.037395544,0.9624664
4151,0,0,0.99963903,0.00031244193,4.8532507e-05
4152,0,1,0.1596235,0.74546164,0.094914876
4153,1,1,0.18591122,0.7306482,0.08344053
4154,0,1,0.3822177,0.5877922,0.029990144
4155,1,1,0.07469885,0.7495432,0.17575796
4156,1,1,0.021158298,0.6358139,0.34302786
4157,0,0,0.89643824,0.10237822,0.0011834848
4158,2,2,0.004805398,0.39159855,0.6035961
4159,1,1,0.025146153,0.6692135,0.30564037
4160,1,1,0.3307063,0.6299771,0.03931658
4161,1,2,0.0030503601,0.34096417,0.6559855
4162,0,0,0.88872015,0.110434175,0.0008456637
4163,0,0,0.99806094,0.0018928102,4.6266803e-05
4164,0,0,0.9880644,0.011764092,0.00017152075
4165,0,0,0.6067021,0.38416427,0.009133669
4166,1,0,0.5469657,0.4428692,0.010165084
4167,0,0,0.9991303,0.00067418476,0.00019549634
4168,1,1,0.32691634,0.6411356,0.03194809
4169,0,1,0.22902706,0.7091217,0.06185124
4170,2,2,0.0044277217,0.43829098,0.5572813
4171,0,0,0.9458508,0.053716827,0.00043236447
4172,1,1,0.04752317,0.6990102,0.25346658
4173,1,1,0.012567835,0.49475625,0.4926759
4174,0,0,0.99853796,0.0014122066,4.984092e-05
4175,0,0,0.9993271,0.0006318371,4.1072573e-05
4176,1,1,0.01887872,0.60298043,0.37814087
4177,2,2,0.00772374,0.46440387,0.52787244
4178,1,1,0.3905644,0.58336776,0.026067846
4179,0,1,0.0990557,0.7307195,0.17022482
4180,0,0,0.9675077,0.032245487,0.00024682158
4181,0,0,0.9991186,0.00083963166,4.1729836e-05
4182,0,0,0.91133106,0.08760178,0.001067186
4183,0,0,0.92876923,0.07073209,0.0004986734
4184,1,1,0.26319656,0.6762327,0.060570758
4185,2,1,0.115328416,0.7506698,0.1340018
4186,2,2,0.0040677194,0.36024526,0.635687
4187,1,1,0.055607088,0.7167907,0.22760221
4188,0,0,0.9988311,0.0011256291,4.329351e-05
4189,1,1,0.2155231,0.707801,0.07667591
4190,1,1,0.22042143,0.72308385,0.056494724
4191,0,0,0.9168464,0.08229715,0.0008564333
4192,1,1,0.12074522,0.7621428,0.117111996
4193,1,1,0.04175704,0.68789005,0.2703529
4194,2,2,0.003310792,0.34112316,0.65556604
4195,0,0,0.65096885,0.34309596,0.0059351535
4196,0,0,0.9397913,0.05977858,0.0004301449
4197,2,2,0.0007061451,0.18376525,0.81552863
4198,2,2,0.008280901,0.4467854,0.5449337
4199,0,0,0.83252174,0.1653927,0.0020855917
4200,0,0,0.99969864,0.00025921993,4.2151627e-05
4201,1,2,0.007093129,0.44419318,0.5487137
4202,0,0,0.9996166,0.0003188952,6.452096e-05
4203,0,0,0.8677125,0.12971626,0.0025712636
4204,2,2,8.636275e-05,0.02764006,0.9722736
4205,0,0,0.9923501,0.007527203,0.00012272377
4206,0,0,0.99098086,0.008497092,0.0005220038
4207,1,0,0.9489505,0.050525878,0.0005235949
4208,0,0,0.9425949,0.05695823,0.00044688926
4209,2,2,0.000102593636,0.0018722473,0.9980252
4210,0,0,0.99430174,0.0056373673,6.0928916e-05
4211,2,2,4.5291094e-05,0.0021523815,0.9978023
4212,0,0,0.8083755,0.18973187,0.0018927192
4213,0,0,0.9593858,0.04036053,0.0002536776
4214,1,1,0.08315213,0.7415874,0.1752605
4215,0,0,0.9638965,0.035877474,0.00022607931
4216,0,0,0.5435837,0.4423144,0.014101903
4217,0,0,0.94659495,0.052739758,0.0006652835
4218,1,2,0.0011162518,0.16257013,0.8363136
4219,0,0,0.99291265,0.0069912504,9.603928e-05
4220,2,2,0.0025529643,0.29601172,0.7014353
4221,0,0,0.9986712,0.0012824428,4.640811e-05
4222,2,2,0.0016041572,0.23054872,0.7678471
4223,2,0,0.5164043,0.47259983,0.010995863
4224,1,1,0.23611033,0.70485955,0.05903013
4225,2,2,0.00026089707,0.09184383,0.9078953
4226,1,1,0.010447802,0.52684885,0.46270335
4227,1,1,0.040152602,0.72473896,0.2351085
4228,0,0,0.70044565,0.2939905,0.0055638496
4229,1,1,0.023674313,0.5690032,0.40732247
4230,0,0,0.9710069,0.028743042,0.00025010976
4231,2,2,0.00019606628,0.022681125,0.97712284
4232,0,0,0.91520345,0.084216125,0.00058042933
4233,0,1,0.19319169,0.7358833,0.07092509
4234,1,1,0.33171156,0.63582987,0.032458607
4235,1,1,0.35910156,0.6137459,0.02715251
4236,1,1,0.23654673,0.69780374,0.06564955
4237,2,1,0.055800423,0.69781226,0.2463873
4238,2,2,0.0026708904,0.32195908,0.67537004
4239,1,0,0.92157316,0.077777356,0.0006494416
4240,0,0,0.9816784,0.0181898,0.00013180291
4241,2,2,0.00091091776,0.17521338,0.8238757
4242,1,2,0.0031015126,0.2571182,0.7397803
4243,1,1,0.019707013,0.64593995,0.33435303
4244,0,0,0.95569813,0.043963425,0.00033846192
4245,0,0,0.81114197,0.18544558,0.003412495
4246,1,0,0.7075641,0.2831099,0.009326026
4247,0,0,0.7836338,0.21345854,0.0029076247
4248,2,1,0.022696486,0.5515282,0.4257753
4249,1,1,0.10584561,0.7478651,0.14628929
4250,2,2,0.00018417794,0.035338454,0.96447736
4251,1,1,0.25488603,0.7026341,0.042479895
4252,1,0,0.8672353,0.13099436,0.0017703448
4253,1,0,0.8246026,0.1734327,0.0019646601
4254,1,1,0.020339014,0.6252296,0.3544314
4255,0,0,0.9985449,0.0013650166,9.015006e-05
4256,1,1,0.46953747,0.5128829,0.01757966
4257,0,0,0.7740358,0.22302824,0.002935845
4258,2,2,8.1620296e-05,0.015057618,0.9848608
4259,1,0,0.72786057,0.2665823,0.005557091
4260,2,2,0.00020460064,0.059236392,0.940559
4261,2,2,4.9838454e-05,0.0022612263,0.99768895
4262,0,0,0.9994836,0.00047003583,4.636271e-05
4263,2,2,0.0014359707,0.21419436,0.7843697
4264,2,1,0.025373317,0.53986466,0.434762
4265,2,1,0.061422072,0.7460892,0.1924887
4266,0,0,0.7590185,0.23820427,0.0027772281
4267,2,2,0.0051699732,0.42449558,0.57033443
4268,1,1,0.057497326,0.7341486,0.20835406
4269,1,1,0.24797995,0.7018283,0.05019177
4270,0,0,0.97016066,0.029575033,0.00026431264
4271,1,1,0.0745537,0.728611,0.19683531
4272,2,2,0.00036034404,0.002194935,0.99744475
4273,1,1,0.18749611,0.7296482,0.08285578
4274,0,0,0.9000981,0.09881345,0.0010884554
4275,0,0,0.50649714,0.4745668,0.018936062
4276,2,2,0.0005224128,0.11170418,0.8877734
4277,2,1,0.07519044,0.7197498,0.20505977
4278,2,2,0.002749655,0.2846031,0.7126473
4279,1,0,0.6221975,0.36992055,0.007881917
4280,0,0,0.77299136,0.22412434,0.002884298
4281,0,0,0.9493859,0.050055522,0.0005586115
4282,2,2,0.00026844395,0.08405396,0.9156776
4283,0,0,0.9983218,0.0016343571,4.384073e-05
4284,0,0,0.52712595,0.46060392,0.012270123
4285,1,1,0.07505778,0.73211217,0.19283
4286,0,0,0.84473795,0.1536869,0.001575086
4287,1,0,0.59222066,0.40060508,0.0071742516
4288,2,2,0.0009597262,0.03176658,0.9672737
4289,1,0,0.93711334,0.06243878,0.00044789992
4290,2,2,9.024401e-05,0.0097845225,0.99012524
4291,2,2,0.00065968744,0.13421024,0.86513007
4292,2,1,0.021786444,0.6159559,0.3622577
4293,0,0,0.800734,0.19738953,0.0018765527
4294,0,0,0.8783792,0.12057438,0.0010463959
4295,0,0,0.8448198,0.1536442,0.0015360261
4296,2,2,0.00015938388,0.05944608,0.9403945
4297,0,0,0.66225874,0.3301749,0.0075663156
4298,0,0,0.699975,0.29577208,0.004252947
4299,0,1,0.14863117,0.7440887,0.10728008
4300,1,1,0.013298625,0.5641091,0.42259228
4301,0,0,0.92484057,0.07430456,0.0008548117
4302,0,0,0.97247064,0.027232207,0.00029717106
4303,0,0,0.92855716,0.070905924,0.00053694344
4304,0,1,0.35879892,0.6158708,0.025330294
4305,0,0,0.99827135,0.0016839828,4.4681146e-05
4306,1,1,0.4141237,0.5654148,0.020461481
4307,0,0,0.9974183,0.002528605,5.31427e-05
4308,1,1,0.050376475,0.6959467,0.25367683
4309,0,0,0.76096755,0.23577419,0.0032582951
4310,1,2,0.009535466,0.4831302,0.50733435
4311,2,2,0.0016635675,0.27426198,0.7240745
4312,0,0,0.9519237,0.047726326,0.00034995977
4313,1,1,0.14526534,0.7184306,0.13630407
4314,0,0,0.80764276,0.18880032,0.0035568988
4315,2,1,0.024709532,0.654183,0.32110754
4316,0,1,0.3310749,0.63217306,0.036752053
4317,1,1,0.33841476,0.6307928,0.030792475
4318,1,1,0.08615726,0.73834085,0.17550188
4319,0,0,0.9875573,0.0122904405,0.00015231178
4320,0,1,0.15982068,0.75351447,0.08666484
4321,0,0,0.7768693,0.22016312,0.0029676347
