row,y_true,y_pred,p_Low,p_Moderate,p_High
0,0,0,0.74482685,0.25385484,0.0013183039
1,0,0,0.96057034,0.039373085,5.658243e-05
2,0,1,0.18939373,0.759543,0.051063213
3,0,0,0.9990349,0.0009630433,2.1361127e-06
4,0,0,0.99998343,1.4945042e-05,1.6195535e-06
5,1,1,0.04138566,0.7451308,0.21348353
6,0,0,0.92875,0.07112189,0.00012808647
7,2,2,3.2424912e-06,0.00027610647,0.99972063
8,2,2,2.4537383e-06,0.0012276908,0.9987698
9,0,0,0.98548096,0.014503352,1.5787495e-05
10,1,1,0.042449437,0.7414124,0.21613817
11,0,0,0.9802516,0.01971854,2.985222e-05
12,2,2,4.7148383e-06,0.007815848,0.9921794
13,0,0,0.9942596,0.005730188,1.0142133e-05
14,2,2,0.0037119333,0.40832928,0.5879588
15,0,1,0.32630274,0.6534528,0.020244395
16,2,1,0.009777541,0.5676487,0.42257372
17,0,1,0.4180253,0.5713729,0.010601781
18,1,1,0.031720888,0.7157243,0.2525548
19,1,1,0.0945444,0.7929862,0.11246937
20,2,2,3.7681362e-05,0.029608961,0.97035336
21,0,0,0.99998343,1.4945496e-05,1.619603e-06
22,0,0,0.99998343,1.4945042e-05,1.6195535e-06
23,0,0,0.99161655,0.008373155,1.0292311e-05
24,0,1,0.36111772,0.61856246,0.02031988
25,2,2,0.00018527606,0.11417164,0.8856431
26,1,2,0.0033666303,0.3918413,0.60479206
27,2,2,0.00066296296,0.20223896,0.79709804
28,0,0,0.9649325,0.03502582,4.158458e-05
29,2,2,0.0010339788,0.2410015,0.75796455
30,0,0,0.913692,0.086175196,0.00013274679
31,0,0,0.9753921,0.024588618,1.9245183e-05
32,0,0,0.9957224,0.0042719897,5.531888e-06
33,0,0,0.7941909,0.20503014,0.000778988
34,2,2,0.00014351492,0.07831722,0.92153925
35,0,0,0.9964259,0.0035703515,3.7133336e-06
36,0,0,0.77661955,0.22250521,0.0008752515
37,2,1,0.03175634,0.67136145,0.29688224
38,2,1,0.026779246,0.7094834,0.26373732
39,1,0,0.57511735,0.42076477,0.0041178777
40,1,0,0.7578399,0.24096191,0.0011981989
41,1,1,0.03537352,0.73496115,0.22966531
42,0,0,0.6993026,0.29868487,0.0020125224
43,0,0,0.6047201,0.3917947,0.0034851662
44,0,0,0.8647135,0.13493043,0.00035602972
45,2,2,0.0044823596,0.40383965,0.59167796
46,0,0,0.9980696,0.0019267276,3.7194663e-06
47,1,1,0.11169714,0.79440767,0.093895264
48,0,0,0.9995784,0.00041876512,2.8216175e-06
49,0,0,0.8430765,0.15649594,0.00042752278
50,2,2,6.223634e-06,0.007951628,0.9920421
51,1,0,0.97133607,0.028627476,3.643229e-05
52,0,0,0.99998343,1.4945042e-05,1.619603e-06
53,0,0,0.9585628,0.04139142,4.584533e-05
54,0,0,0.99385405,0.0061397525,6.235001e-06
55,1,0,0.68448836,0.31338167,0.0021299573
56,1,1,0.0869342,0.8022126,0.11085323
57,0,0,0.63744396,0.3594408,0.0031151758
58,0,0,0.7673287,0.23159699,0.0010743703
59,0,0,0.93532425,0.064539805,0.00013588966
60,0,0,0.95108503,0.04885483,6.0052516e-05
61,1,1,0.24207088,0.72269034,0.035238788
62,2,2,0.00015242925,0.10244864,0.89739895
63,1,0,0.64142066,0.3554583,0.0031210347
64,0,0,0.6882752,0.3096917,0.0020330467
65,1,1,0.029662732,0.6869439,0.28339338
66,0,1,0.16543785,0.7756758,0.058886353
67,1,1,0.019567043,0.65390456,0.32652834
68,1,1,0.11591636,0.79628104,0.08780259
69,0,0,0.9625031,0.03745009,4.683999e-05
70,2,2,0.0024536918,0.35173285,0.64581347
71,2,1,0.08330567,0.80282897,0.11386536
72,1,1,0.20933066,0.74343127,0.047238052
73,1,1,0.2254551,0.734123,0.04042187
74,1,1,0.26677456,0.7053022,0.027923247
75,2,2,1.51134755e-05,0.0061397008,0.99384516
76,1,1,0.024245894,0.65078396,0.32497013
77,0,0,0.9839125,0.01606999,1.749285e-05
78,0,1,0.19956271,0.74663246,0.0538049
79,0,1,0.41723955,0.5702989,0.01246154
80,2,2,0.00016299276,0.0889464,0.9108906
81,0,1,0.28080657,0.6925939,0.026599575
82,1,0,0.9363791,0.06350053,0.00012047494
83,0,1,0.20424335,0.7006097,0.095147006
84,2,2,1.1316859e-05,0.00031722957,0.99967146
85,1,1,0.0971199,0.8005678,0.10231228
86,1,1,0.4646605,0.5247042,0.010635316
87,0,0,0.99903333,0.00096304185,3.7230504e-06
88,2,2,0.0006068093,0.16110499,0.8382882
89,0,1,0.22809386,0.7299321,0.041973937
90,0,0,0.9827716,0.017205644,2.2670125e-05
91,2,2,2.4064155e-05,0.026758641,0.97321737
92,0,1,0.21625692,0.74181974,0.041923318
93,0,0,0.8707208,0.1289725,0.0003066441
94,0,0,0.74488467,0.2538747,0.0012406801
95,0,0,0.9997569,0.00024031043,2.8221214e-06
96,1,0,0.50557315,0.48831975,0.006107147
97,1,1,0.43434948,0.5538562,0.011794357
98,0,0,0.99549,0.004504219,5.8262854e-06
99,2,2,3.7674163e-05,0.046491764,0.9534705
100,1,1,0.19296785,0.7605572,0.046474904
101,0,0,0.9972716,0.0027243926,3.9837482e-06
102,1,2,0.0007323093,0.21954846,0.77971923
103,2,2,1.9008397e-05,0.019718755,0.9802623
104,0,1,0.19802739,0.75386333,0.048109267
105,1,1,0.22884627,0.71973544,0.051418338
106,1,2,0.004386059,0.45899472,0.5366192
107,1,1,0.0080923345,0.53889763,0.45301005
108,0,0,0.96829736,0.031670965,3.1608746e-05
109,0,0,0.97036314,0.02960926,2.756855e-05
110,1,1,0.05233993,0.75852114,0.18913892
111,0,0,0.9122527,0.08754624,0.00020104584
112,2,2,0.0006425894,0.19945693,0.79990053
113,1,2,0.0006832139,0.21955924,0.7797575
114,0,0,0.99975806,0.00024031257,1.6192131e-06
115,1,2,0.0006992524,0.16583723,0.83346355
116,1,1,0.39038053,0.592167,0.017452499
117,0,0,0.64960146,0.3477066,0.002691902
118,0,0,0.56189144,0.4330668,0.0050418186
119,0,0,0.9999529,4.5397785e-05,1.619504e-06
120,0,0,0.98471695,0.01526691,1.605153e-05
121,1,0,0.58709407,0.40772864,0.0051772934
122,0,0,0.99954695,0.00041875197,3.4373257e-05
123,2,1,0.045522626,0.7613168,0.19316058
124,1,0,0.89895517,0.10085995,0.00018482408
125,0,0,0.897352,0.10244327,0.00020474933
126,1,0,0.5270335,0.46672323,0.0062432457
127,0,1,0.35068205,0.632802,0.016515909
128,0,0,0.9999497,4.539764e-05,4.91962e-06
129,2,2,0.0028212983,0.37566227,0.62151647
130,1,1,0.25638935,0.71408564,0.02952505
131,1,0,0.5229383,0.47120678,0.0058548828
132,1,1,0.40460038,0.5825898,0.012809778
133,1,1,0.16236521,0.7746011,0.06303359
134,1,2,0.0014279002,0.3025081,0.696064
135,2,2,3.024612e-06,0.00039068182,0.9996063
136,0,0,0.9486033,0.051332492,6.420309e-05
137,1,1,0.042942896,0.7467828,0.21027434
138,0,0,0.9999497,4.5396955e-05,4.9196947e-06
139,0,0,0.83834255,0.16111545,0.00054209
140,0,0,0.74486035,0.25386626,0.0012733721
141,0,0,0.8783558,0.12137502,0.0002692201
142,0,0,0.82870024,0.17071529,0.00058444875
143,0,0,0.9999529,4.5397785e-05,1.6195287e-06
144,2,1,0.07868253,0.79881513,0.122502275
145,0,0,0.6920352,0.30602437,0.0019404126
146,1,0,0.5139923,0.4795094,0.0064983503
147,2,2,0.00028734238,0.12512444,0.87458825
148,0,0,0.99482745,0.0051662796,6.2411077e-06
149,0,1,0.41763097,0.5708339,0.011535073
150,2,1,0.06251875,0.7885445,0.14893681
151,2,1,0.015099429,0.5976722,0.38722837
152,1,1,0.008368514,0.53019214,0.46143934
153,1,1,0.050300095,0.7679323,0.18176764
154,2,2,0.00028841136,0.1369789,0.8627327
155,2,1,0.11354286,0.7867764,0.09968067
156,1,1,0.07079999,0.7704786,0.15872143
157,1,1,0.21701343,0.74441457,0.038572066
158,1,0,0.81072575,0.18859401,0.0006801761
159,2,2,5.8581492e-05,0.039373018,0.96056837
160,1,1,0.042785358,0.7440428,0.21317182
161,0,0,0.5622803,0.43336657,0.0043531046
162,1,1,0.443942,0.54676956,0.009288507
163,0,0,0.9985367,0.0014601105,3.2386513e-06
164,0,0,0.821105,0.17819405,0.0007009482
165,1,1,0.19769137,0.7525841,0.049724553
166,1,1,0.018683327,0.6353065,0.34601024
167,0,0,0.82366985,0.17567417,0.0006559654
168,2,1,0.3779852,0.6040188,0.017996011
169,0,0,0.9985335,0.0014601059,6.485691e-06
170,0,0,0.68832296,0.3097132,0.0019638026
171,1,0,0.53569394,0.45820332,0.0061027324
172,0,0,0.97496676,0.025008323,2.495918e-05
173,1,0,0.5398793,0.45383534,0.0062853447
174,2,2,0.00032351047,0.11241199,0.88726455
175,0,0,0.6455376,0.35158247,0.0028799032
176,1,1,0.02642858,0.682194,0.29137748
177,0,1,0.29964438,0.6776077,0.022747863
178,1,0,0.8665499,0.13288975,0.00056032947
179,0,0,0.6691811,0.3284054,0.0024134428
180,1,1,0.11956504,0.80023247,0.08020253
181,2,1,0.010611477,0.558746,0.43064255
182,0,0,0.99926823,0.00072964426,2.1366118e-06
183,2,1,0.0642461,0.77591294,0.15984097
184,0,0,0.9998616,0.00013789209,5.3307895e-07
185,0,0,0.9985374,0.0014601089,2.4531696e-06
186,1,1,0.045787074,0.77914965,0.17506328
187,2,2,0.0001109318,0.059494443,0.94039464
188,2,2,0.0031112449,0.3320089,0.66487986
189,0,0,0.99525636,0.0047387723,4.896557e-06
190,2,1,0.03537964,0.73190475,0.2327156
191,2,2,2.173413e-06,0.0010144804,0.9989833
192,0,0,0.6995574,0.29879373,0.0016488871
193,2,1,0.013519676,0.5945372,0.39194316
194,1,1,0.08302976,0.77960116,0.13736908
195,0,0,0.92155844,0.07831884,0.00012275737
196,1,1,0.07710849,0.78966,0.13323152
197,0,1,0.22809385,0.72993225,0.041973926
198,0,0,0.9189986,0.080860786,0.00014065603
199,2,2,2.5350691e-05,0.026758604,0.973216
200,1,2,0.0022843971,0.32463437,0.6730812
201,2,2,7.647072e-06,0.010292643,0.9896998
202,0,0,0.5269686,0.4666658,0.006365599
203,0,0,0.6376712,0.35956907,0.002759679
204,1,1,0.021790875,0.6561827,0.3220264
205,1,1,0.046667624,0.7604036,0.19292887
206,2,2,0.0016004547,0.27056062,0.7278389
207,0,0,0.6651166,0.33212718,0.0027561956
208,1,1,0.43030888,0.558313,0.011378101
209,0,0,0.9999529,4.53971e-05,1.6195287e-06
210,1,1,0.04246551,0.7384807,0.21905378
211,1,2,0.0047456576,0.44170845,0.5535459
212,0,0,0.9998572,0.00013789358,4.919165e-06
213,1,1,0.25001708,0.7209407,0.029042242
214,1,1,0.13268453,0.78641796,0.08089747
215,1,2,0.0028996842,0.35553712,0.6415632
216,0,0,0.74136573,0.25710025,0.0015340912
217,0,0,0.9999529,4.5397785e-05,1.619504e-06
218,1,1,0.034942124,0.72915614,0.23590179
219,0,0,0.93430394,0.06559844,9.760123e-05
220,2,2,0.0016218874,0.29517958,0.70319855
221,0,0,0.99204004,0.007951608,8.3602645e-06
222,0,0,0.9887687,0.011215468,1.5840165e-05
223,1,1,0.088500366,0.79567194,0.115827695
224,1,0,0.57437354,0.4202206,0.0054058474
225,0,0,0.9745353,0.025435034,2.967814e-05
226,1,1,0.30736098,0.6713381,0.021300953
227,2,2,7.1340473e-06,0.010292647,0.9897002
228,0,0,0.9998572,0.00013789358,4.919165e-06
229,1,1,0.02735959,0.712383,0.2602574
230,2,2,0.00018698222,0.090361156,0.9094519
231,1,0,0.79145616,0.20790248,0.0006413494
232,0,1,0.13023093,0.7853931,0.084375866
233,1,1,0.17367797,0.7729841,0.05333791
234,0,1,0.4873239,0.5045421,0.008133952
235,2,2,3.8498765e-06,0.0021845992,0.9978116
236,2,2,2.9660032e-05,0.04279199,0.9571784
237,1,2,0.0007103265,0.18858832,0.8107013
238,0,0,0.672905,0.3245494,0.0025455507
239,1,1,0.06406255,0.787246,0.14869155
240,0,0,0.59125656,0.40355203,0.005191417
241,0,0,0.9977831,0.0022131666,3.718388e-06
242,0,0,0.99675435,0.0032392354,6.474135e-06
243,1,0,0.8856051,0.11416673,0.0002281805
244,1,1,0.17104025,0.77457595,0.05438377
245,0,0,0.9592329,0.040707458,5.952457e-05
246,0,0,0.99037945,0.009608722,1.181108e-05
247,0,0,0.7969349,0.20219755,0.00086749636
248,2,1,0.026410997,0.67146224,0.30212674
249,0,0,0.67297065,0.32458106,0.002448271
250,1,0,0.68083733,0.31716898,0.0019936953
251,1,1,0.42626563,0.56275296,0.010981462
252,2,2,0.0006867491,0.18075281,0.8185604
253,0,0,0.86064553,0.1390406,0.00031380478
254,2,2,0.0009794855,0.20217492,0.7968456
255,0,0,0.9999541,4.539784e-05,5.331283e-07
256,1,1,0.27718404,0.6956318,0.027184118
257,0,0,0.9905449,0.009444925,1.0104241e-05
258,0,1,0.39157468,0.5939784,0.014446902
259,2,2,0.0018530985,0.32858992,0.66955703
260,2,2,0.00013046229,0.08617541,0.9136941
261,0,0,0.91223615,0.08754464,0.00021927358
262,0,0,0.99998343,1.4945496e-05,1.619603e-06
263,2,2,1.21826315e-05,0.013313581,0.98667425
264,0,0,0.8856153,0.11416805,0.00021660286
265,0,0,0.7735931,0.22551969,0.0008871095
266,1,1,0.24890389,0.71773076,0.033365354
267,2,2,0.0003322511,0.11952825,0.8801395
268,2,2,3.9930705e-06,0.00039068144,0.99960536
269,0,0,0.9929993,0.0069875685,1.3142429e-05
270,2,2,0.0037537704,0.42938083,0.5668654
271,1,2,0.003226987,0.40434903,0.59242404
272,0,1,0.0314602,0.71914536,0.24939442
273,0,0,0.9765985,0.023369618,3.1879725e-05
274,2,2,1.804372e-05,0.01971877,0.9802632
275,0,0,0.99872524,0.0012710099,3.7219024e-06
276,1,1,0.024707315,0.67624915,0.29904357
277,0,0,0.9999497,4.539764e-05,4.9197697e-06
278,0,0,0.91369826,0.08617576,0.00012601064
279,2,2,4.8115642e-05,0.04497606,0.95497584
280,0,1,0.10738032,0.790689,0.101930745
281,2,2,2.1336814e-06,0.002101088,0.9978968
282,0,0,0.823808,0.1757036,0.0004884011
283,1,0,0.633681,0.36357662,0.0027424104
284,0,0,0.8764967,0.123239234,0.00026402637
285,0,0,0.98572856,0.014257304,1.42292865e-05
286,1,0,0.9871221,0.012865072,1.283979e-05
287,0,1,0.2855028,0.69205713,0.022440085
288,0,0,0.96985686,0.030112077,3.111473e-05
289,1,0,0.62544155,0.37152827,0.0030301032
290,0,0,0.5794641,0.41664842,0.0038874892
291,1,2,0.0021939469,0.3400543,0.65775174
292,1,1,0.47428846,0.5172992,0.008412324
293,1,1,0.011239338,0.5835166,0.4052441
294,1,2,0.0054606632,0.4413911,0.5531482
295,2,1,0.020287482,0.6534241,0.32628846
296,0,0,0.98951894,0.010470977,1.0093774e-05
297,1,1,0.049773436,0.76319706,0.18702948
298,1,1,0.015255616,0.6177721,0.3669723
299,1,0,0.8541714,0.14537235,0.00045630656
300,0,0,0.9947818,0.005211078,7.170677e-06
301,1,1,0.011507741,0.58335817,0.40513402
302,1,1,0.20071514,0.7509441,0.04834079
303,2,2,0.0020235146,0.32471928,0.67325723
304,0,0,0.99436295,0.005632149,4.892166e-06
305,0,0,0.99117285,0.008816867,1.0287706e-05
306,0,0,0.99853563,0.0014601119,4.2756424e-06
307,0,0,0.9992675,0.000729641,2.8207398e-06
308,0,0,0.7970246,0.2022203,0.0007550886
309,1,1,0.05623411,0.7871449,0.156621
310,1,1,0.17795111,0.7649744,0.05707443
311,2,2,1.5449112e-05,0.018736836,0.98124766
312,1,2,0.00089623476,0.24422406,0.75487965
313,2,1,0.0334296,0.6945721,0.27199832
314,0,0,0.9868968,0.013087382,1.5810176e-05
315,1,1,0.08070958,0.79143155,0.12785883
316,0,0,0.97579736,0.024175463,2.7245802e-05
317,1,0,0.8820539,0.11772653,0.00021950978
318,0,0,0.9005241,0.09929704,0.00017882844
319,2,2,4.2063664e-05,0.040708184,0.95924973
320,1,2,0.0008123181,0.17817421,0.82101345
321,0,0,0.882029,0.1177232,0.00024786798
322,0,0,0.6454297,0.35152382,0.0030465615
323,2,2,7.167212e-05,0.045726623,0.95420176
324,1,1,0.13131303,0.78507423,0.08361265
325,1,1,0.41300887,0.57440245,0.012588713
326,0,0,0.9999497,4.539764e-05,4.9196947e-06
327,1,1,0.11151328,0.78624517,0.10224152
328,0,0,0.7641153,0.23466599,0.0012186532
329,0,0,0.9999497,4.539764e-05,4.91962e-06
330,1,1,0.056362882,0.77536863,0.1682685
331,0,0,0.91500455,0.08481368,0.000181704
332,2,1,0.0737363,0.7954974,0.13076633
333,0,0,0.5913869,0.40364105,0.004972012
334,2,1,0.050228488,0.76021117,0.18956034
335,0,0,0.7855796,0.21364981,0.00077054126
336,0,1,0.37947038,0.6063919,0.014137713
337,1,1,0.010718088,0.5754906,0.4137913
338,0,0,0.8185701,0.18075494,0.0006749372
339,2,2,0.0012605132,0.27409193,0.7246476
340,0,0,0.9722906,0.027677698,3.17391e-05
341,2,2,0.00014753704,0.08481657,0.9150359
342,2,1,0.014913789,0.62594706,0.35913917
343,1,0,0.55775136,0.4374043,0.004844381
344,0,0,0.9935235,0.0064658555,1.0676453e-05
345,2,1,0.019132107,0.6764824,0.30438548
346,2,2,3.4889092e-06,0.0008132007,0.99918336
347,1,1,0.18657534,0.761344,0.052080642
348,2,2,0.00070912804,0.21076114,0.78852975
349,2,2,4.4547585e-05,0.035617277,0.9643382
350,0,0,0.6651166,0.33212712,0.002756194
351,1,1,0.03597072,0.73450613,0.22952317
352,0,0,0.8407905,0.15880476,0.00040472526
353,0,0,0.9905425,0.009444902,1.2662519e-05
354,0,0,0.9997569,0.00024031043,2.8221214e-06
355,1,1,0.21875285,0.72477335,0.056473754
356,2,2,1.7840655e-05,0.013777419,0.98620474
357,0,1,0.39558142,0.58972853,0.014690059
358,0,0,0.84751886,0.15195179,0.00052932155
359,1,1,0.40040585,0.5866469,0.012947188
360,1,1,0.21293147,0.74320394,0.043864675
361,1,1,0.047084447,0.7705324,0.1823831
362,1,1,0.25411516,0.70775163,0.03813323
363,1,1,0.10081349,0.80265504,0.09653148
364,2,1,0.0072254185,0.50500417,0.4877704
365,1,1,0.3340821,0.6462,0.019717874
366,1,1,0.32659736,0.65404266,0.019359967
367,0,0,0.9821814,0.017802859,1.5734635e-05
368,2,2,0.00023687711,0.09622899,0.9035342
369,1,1,0.2743422,0.7005574,0.025100386
370,1,1,0.23722133,0.72061485,0.04216384
371,1,1,0.037207697,0.7243434,0.23844881
372,2,2,6.443526e-06,0.007951627,0.9920419
373,0,0,0.9997588,0.00024031273,9.290282e-07
374,2,2,0.006291529,0.4796093,0.5140992
375,1,1,0.1258466,0.7926181,0.08153527
376,1,1,0.03969762,0.746443,0.21385945
377,1,1,0.21309231,0.7437654,0.043142274
378,1,1,0.26961043,0.7005315,0.029858131
379,1,1,0.06985741,0.7735343,0.15660828
380,1,2,0.0051163626,0.45008683,0.5447968
381,0,0,0.7826191,0.21657217,0.0008086785
382,0,0,0.95345384,0.04649094,5.5196615e-05
383,0,0,0.8159677,0.18333575,0.00069656264
384,0,0,0.8707635,0.12897882,0.00025778494
385,0,0,0.54050624,0.4543623,0.005131447
386,1,1,0.045130044,0.7746646,0.18020533
387,0,0,0.69551086,0.30226782,0.0022213585
388,1,2,0.0009591245,0.2255034,0.7735374
389,0,0,0.9998604,0.00013789402,1.619379e-06
390,1,1,0.3342515,0.64652765,0.019220756
391,1,2,0.0030148465,0.35549608,0.6414891
392,1,1,0.074691705,0.7783055,0.14700289
393,0,0,0.9970952,0.0029008463,3.957195e-06
394,0,0,0.998069,0.0019267246,4.2736406e-06
395,0,1,0.06044482,0.7825008,0.15705436
396,1,1,0.409057,0.5788692,0.012073834
397,1,0,0.76719755,0.23155743,0.0012449971
398,2,2,0.00011314643,0.07345127,0.92643553
399,0,0,0.50512874,0.48789066,0.006980562
400,0,0,0.9998604,0.00013789402,1.6193543e-06
401,1,1,0.30017123,0.6787991,0.021029642
402,1,1,0.27552885,0.69147813,0.03299304
403,0,0,0.74784464,0.2504965,0.001658782
404,0,0,0.9997588,0.00024030905,9.29014e-07
405,1,1,0.15344535,0.75136095,0.09519371
406,0,0,0.9732092,0.026758417,3.2325435e-05
407,0,1,0.26606554,0.7034278,0.03050664
408,0,0,0.9799156,0.020056983,2.7360766e-05
409,0,1,0.46497723,0.52506185,0.009960949
410,0,0,0.9785121,0.021468539,1.9306743e-05
411,2,2,0.0018679881,0.30237487,0.6957572
412,2,2,8.581533e-05,0.07228044,0.92763376
413,1,1,0.2649813,0.7005611,0.034457568
414,1,0,0.6693408,0.32848397,0.0021752124
415,1,2,0.001266773,0.23155227,0.7671809
416,1,1,0.08005055,0.8056797,0.11426967
417,0,0,0.9999529,4.5397785e-05,1.6195536e-06
418,2,1,0.017138235,0.6125932,0.37026858
419,0,0,0.9997588,0.00024030905,9.29014e-07
420,0,1,0.22282198,0.7382552,0.038922843
421,2,2,0.0021383334,0.2986472,0.6992145
422,0,0,0.7998391,0.19944164,0.00071929855
423,1,1,0.11196739,0.7963296,0.091702975
424,2,2,6.976736e-05,0.054821253,0.945109
425,1,0,0.6089164,0.38772336,0.0033602933
426,0,0,0.72451156,0.27404034,0.0014480526
427,2,1,0.008792203,0.53424436,0.45696342
428,0,0,0.9736649,0.026310183,2.4925852e-05
429,0,0,0.9450749,0.054819293,0.000105826104
430,2,2,1.3267999e-05,0.014753628,0.9852331
431,0,0,0.999985,1.4945064e-05,1.7551224e-07
432,2,2,0.003803075,0.43786198,0.55833495
433,0,0,0.9998604,0.00013789191,1.6193543e-06
434,0,0,0.70306796,0.29512468,0.0018074402
435,1,1,0.012711008,0.5867873,0.40050167
436,0,1,0.25934058,0.7098732,0.030786172
437,2,2,0.0012623805,0.25386912,0.7448685
438,1,1,0.06312217,0.7756897,0.1611881
439,2,2,0.00020415294,0.07344457,0.92635125
440,1,1,0.025649799,0.70357025,0.27078003
441,0,0,0.77660763,0.2225018,0.0008905658
442,0,0,0.9859694,0.014015349,1.5256282e-05
443,1,1,0.48273027,0.5085388,0.008730922
444,0,0,0.9992687,0.0007296446,1.6184146e-06
445,0,0,0.93942934,0.060474217,9.644763e-05
446,0,0,0.94774806,0.052184373,6.757468e-05
447,0,0,0.89413935,0.10568309,0.00017756053
448,0,0,0.99770445,0.0022911816,4.423017e-06
449,0,0,0.9995796,0.00041876565,1.6189118e-06
450,1,1,0.47854033,0.5129535,0.008506175
451,2,1,0.39627942,0.59076905,0.012951522
452,0,0,0.5051441,0.48790535,0.006950539
453,1,0,0.5532386,0.4414633,0.005298118
454,0,0,0.9998572,0.00013789358,4.919202e-06
455,1,1,0.030060183,0.69013166,0.27980822
456,0,1,0.2659593,0.70314664,0.030894104
457,1,1,0.40877256,0.5784669,0.012760597
458,2,1,0.011149008,0.5201536,0.4686974
459,1,1,0.16455913,0.7715556,0.06388531
460,1,0,0.69920146,0.29864162,0.0021569354
461,1,0,0.56194615,0.43310905,0.0049447846
462,0,0,0.998319,0.001677297,3.7203745e-06
463,1,1,0.1379966,0.77639365,0.08560969
464,0,1,0.052038178,0.77404547,0.17391641
465,1,2,0.0060329824,0.45395055,0.5400165
466,1,1,0.16254155,0.77544254,0.062015966
467,1,2,0.0047255335,0.43320447,0.56207
468,1,1,0.08359302,0.778106,0.13830096
469,1,0,0.59209114,0.40412182,0.0037870125
470,2,1,0.06102247,0.7831512,0.15582635
471,1,1,0.4653718,0.52550757,0.009120684
472,2,2,0.000104737526,0.064541794,0.93535346
473,0,0,0.99577796,0.00421696,5.072225e-06
474,0,0,0.87073874,0.12897515,0.0002860779
475,1,1,0.34297675,0.6407647,0.016258523
476,0,0,0.9985367,0.0014601105,3.2386513e-06
477,1,2,0.0019826829,0.32094067,0.67707664
478,1,1,0.008085411,0.5260565,0.46585807
479,1,1,0.013752578,0.61470336,0.37154403
480,0,0,0.9999529,4.5397785e-05,1.619504e-06
481,0,1,0.21720931,0.7322627,0.050528027
482,1,0,0.54441625,0.44977254,0.0058111805
483,2,2,0.00012268148,0.09474051,0.9051368
484,1,0,0.6732273,0.32470483,0.0020678155
485,0,1,0.23278676,0.7321287,0.035084575
486,0,2,0.00015131445,0.10901284,0.8908358
487,2,2,0.00033796733,0.13493286,0.86472917
488,2,2,0.00087052624,0.19941147,0.799718
489,0,1,0.21675545,0.7435298,0.03971469
490,1,2,0.0015193549,0.27058268,0.72789794
491,1,0,0.62117517,0.37545583,0.0033689423
492,0,0,0.6169204,0.37941444,0.0036651609
493,2,2,7.984686e-05,0.058532223,0.94138795
494,0,1,0.36673832,0.6173784,0.01588335
495,0,0,0.8957214,0.10404792,0.00023078703
496,2,2,0.0010068652,0.20782645,0.7911667
497,1,1,0.020005282,0.6685499,0.31144476
498,1,2,0.004124174,0.4334661,0.5624097
499,0,1,0.40415692,0.58195114,0.013891905
500,1,0,0.90205413,0.09775383,0.00019201417
501,0,0,0.58361953,0.41241378,0.0039666807
502,2,2,3.5826943e-06,0.0046575973,0.9953388
503,0,0,0.98391426,0.016070018,1.5762396e-05
504,0,0,0.9413706,0.058531146,9.833944e-05
505,1,1,0.34195125,0.6388491,0.019199682
506,0,0,0.77044857,0.22853631,0.0010151418
507,1,2,0.0039238813,0.3957557,0.6003204
508,1,0,0.8476278,0.1519713,0.00040099418
509,1,1,0.02109821,0.6751264,0.30377543
510,1,1,0.03705008,0.7275634,0.23538654
511,2,2,8.727003e-05,0.040033784,0.959879
512,2,2,0.0007267653,0.2050409,0.7942323
513,0,0,0.99269474,0.0072952867,9.951879e-06
514,0,0,0.9995796,0.00041876565,1.6189118e-06
515,1,1,0.46941796,0.5209531,0.009628954
516,2,2,0.00056014734,0.1912876,0.8081522
517,0,0,0.5268275,0.46654072,0.0066317795
518,0,0,0.6537286,0.34389314,0.0023782682
519,1,1,0.29093117,0.68114907,0.027919808
520,0,0,0.97180027,0.028148202,5.1581108e-05
521,1,2,0.009031761,0.4825838,0.5083844
522,0,0,0.99968064,0.0002402921,7.910221e-05
523,0,0,0.9175953,0.08215125,0.0002534248
524,0,0,0.89076257,0.10900389,0.00023352883
525,1,1,0.1619125,0.7724413,0.0656461
526,2,2,9.643627e-06,0.004056047,0.99593425
527,0,0,0.99306375,0.0069276257,8.664592e-06
528,0,1,0.11315162,0.7909012,0.095947206
529,0,0,0.99975806,0.00024031072,1.6192008e-06
530,1,1,0.10063068,0.7942748,0.10509449
531,0,0,0.874617,0.12512855,0.00025446917
532,2,1,0.112561345,0.7936347,0.09380393
533,1,1,0.2390093,0.7260462,0.034944445
534,0,0,0.99998343,1.4945042e-05,1.6195535e-06
535,1,1,0.020662177,0.6455775,0.33376026
536,0,1,0.2956831,0.6803598,0.023957161
537,0,1,0.44790724,0.5421585,0.009934288
538,1,1,0.014490592,0.59804165,0.3874677
539,2,2,7.357453e-06,0.0012118225,0.9987808
540,2,2,0.0005541292,0.18597552,0.81347036
541,2,2,6.011812e-05,0.03114196,0.9687979
542,2,1,0.026336398,0.6962381,0.27742553
543,1,1,0.34174883,0.6384709,0.019780247
544,0,0,0.97452605,0.025434792,3.918049e-05
545,1,1,0.18542175,0.7566365,0.057941753
546,1,1,0.2806758,0.6922714,0.027052797
547,0,0,0.56663185,0.42920396,0.004164162
548,1,2,0.0011658942,0.2741178,0.7247163
549,0,1,0.11598225,0.7898476,0.0941702
550,0,0,0.93213356,0.067758396,0.00010806483
551,0,0,0.9994443,0.0005527771,2.821239e-06
552,2,2,0.00012603655,0.06998361,0.9298904
553,2,2,7.884928e-05,0.0374489,0.96247226
554,0,0,0.9998572,0.00013789358,4.9192395e-06
555,1,1,0.025266541,0.69005615,0.2846773
556,0,0,0.9998572,0.00013789358,4.9192395e-06
557,1,1,0.04157604,0.7420886,0.2163353
558,1,0,0.91765475,0.08215657,0.00018866871
559,1,1,0.03842603,0.74159616,0.21997787
560,0,0,0.8957543,0.10405174,0.00019401227
561,1,1,0.16882038,0.7384325,0.092747144
562,2,2,8.163497e-05,0.037448797,0.96246964
563,2,1,0.07692865,0.7946866,0.1283847
564,2,2,0.00011404532,0.08216268,0.91772324
565,0,1,0.40419784,0.5820102,0.013791924
566,1,1,0.33376026,0.6455776,0.020662177
567,0,0,0.999445,0.0005527775,2.1369897e-06
568,0,1,0.4531258,0.5390353,0.007838875
569,2,2,0.0036119772,0.4167636,0.5796244
570,0,1,0.34673917,0.63664466,0.0166162
571,1,1,0.474859,0.51792127,0.007219746
572,1,1,0.1899656,0.76183647,0.048197888
573,0,0,0.9923086,0.0076823276,8.963901e-06
574,2,1,0.033648558,0.7301335,0.23621799
575,0,1,0.47353548,0.5164779,0.009986607
576,1,2,0.00483393,0.4374089,0.5577572
577,1,0,0.6806079,0.317062,0.0023300806
578,0,0,0.74486846,0.2538691,0.0012623804
579,0,0,0.92280424,0.07707495,0.00012080771
580,1,0,0.82621306,0.1731837,0.0006032826
581,1,1,0.2074832,0.7497745,0.04274231
582,1,1,0.09346298,0.80459845,0.10193863
583,2,2,0.0026774649,0.33988956,0.657433
584,2,2,0.004177061,0.4249637,0.57085925
585,0,0,0.95855063,0.041390896,5.8458434e-05
586,1,1,0.040977594,0.7539694,0.205053
587,0,0,0.9995764,0.00041876428,4.9178207e-06
588,2,2,0.00044222333,0.18599634,0.8135614
589,0,0,0.9518947,0.048054855,5.0524563e-05
590,2,2,8.774349e-05,0.06775977,0.9321525
591,1,1,0.040781796,0.7569088,0.2023094
592,1,1,0.026996056,0.7059749,0.26702908
593,1,1,0.017000321,0.65561646,0.32738325
594,1,2,0.0023395657,0.35177308,0.6458874
595,2,1,0.03598405,0.72213197,0.24188392
596,0,1,0.33744895,0.64147836,0.021072667
597,0,0,0.6003509,0.39577582,0.0038733187
598,0,0,0.68093944,0.31721643,0.0018441424
599,0,0,0.93430233,0.065598324,9.931037e-05
600,1,1,0.27008584,0.7017667,0.028147401
601,0,0,0.9998604,0.00013789402,1.6193543e-06
602,0,0,0.99478346,0.005211087,5.431547e-06
603,2,2,0.00011773242,0.08481911,0.91506314
604,1,1,0.23253508,0.73133713,0.03612777
605,0,0,0.99086326,0.009125535,1.1217135e-05
606,0,0,0.88023907,0.11954177,0.00021905833
607,0,0,0.98797417,0.012012337,1.3537922e-05
608,0,0,0.9708524,0.029114308,3.338648e-05
609,0,0,0.92276067,0.077071294,0.00016800832
610,2,2,0.00034209786,0.15423118,0.84542674
611,0,0,0.99926823,0.00072964426,2.1366118e-06
612,2,2,3.2379467e-06,0.0016772978,0.99831945
613,1,1,0.062698156,0.77719647,0.16010533
614,0,0,0.8801592,0.11953091,0.0003099679
615,0,1,0.010026017,0.5035797,0.48639432
616,0,0,0.99903417,0.00096304266,2.8200811e-06
617,0,0,0.9136587,0.08617205,0.00016926444
618,1,1,0.010802208,0.54168326,0.44751456
619,0,0,0.66536826,0.3322528,0.0023789515
620,1,1,0.25608817,0.71324676,0.03066513
621,2,2,0.00065608806,0.19669706,0.8026468
622,0,0,0.96665156,0.03330749,4.0941683e-05
623,2,2,5.6274775e-06,0.004499356,0.99549496
624,1,1,0.009089678,0.51694584,0.4739645
625,0,0,0.9924386,0.0075510964,1.0300843e-05
626,1,1,0.291071,0.6814766,0.027452469
627,0,1,0.32859868,0.6467246,0.024676746
628,2,2,3.4682362e-06,0.0024133837,0.99758315
629,0,0,0.9995784,0.00041876192,2.821596e-06
630,0,0,0.8667264,0.13291676,0.0003568585
631,2,2,7.454952e-06,0.001068655,0.99892384
632,2,2,0.0062555945,0.47532004,0.51842433
633,0,1,0.33023095,0.6499371,0.01983191
634,1,2,0.0066636694,0.47082338,0.522513
635,0,0,0.53191924,0.46294245,0.0051383628
636,0,0,0.87065893,0.12896334,0.00037764333
637,0,0,0.96493953,0.035026085,3.435561e-05
638,2,1,0.13220114,0.77678055,0.091018304
639,1,2,0.00092794624,0.25067994,0.7483921
640,0,0,0.8453893,0.15422435,0.00038628685
641,0,0,0.8940922,0.10567753,0.00023036725
642,1,0,0.7447832,0.25384003,0.001376701
643,1,1,0.45608792,0.53322077,0.010691301
644,0,1,0.14994267,0.78020644,0.06985097
645,1,1,0.13756567,0.78071684,0.08171747
646,2,2,2.904241e-05,0.029609207,0.9703617
647,0,1,0.4395805,0.5508792,0.009540307
648,0,1,0.46102107,0.5297114,0.009267517
649,0,0,0.8563705,0.14323817,0.00039130452
650,2,2,4.7505227e-06,0.00030640897,0.99968886
651,0,0,0.999445,0.0005527775,2.1369897e-06
652,2,2,0.0062397444,0.4624299,0.53133035
653,1,2,0.0013403513,0.26721954,0.73144007
654,2,2,5.08434e-05,0.058533907,0.9414153
655,1,1,0.341434,0.63788253,0.020683466
656,0,0,0.9050543,0.094731875,0.00021380313
657,1,1,0.022149663,0.6816197,0.29623064
658,0,1,0.3340102,0.6460611,0.019928701
659,1,1,0.03493794,0.7322399,0.23282218
660,1,1,0.35068205,0.632802,0.016515912
661,2,2,4.584533e-05,0.04139142,0.9585628
662,1,1,0.25951204,0.71034276,0.03014519
663,0,0,0.66539544,0.33226648,0.002338103
664,1,0,0.54011387,0.45403263,0.0058535025
665,2,2,3.023734e-06,0.0006807262,0.9993162
666,1,1,0.18665937,0.7616869,0.05165377
667,2,2,0.00027618237,0.114161246,0.88556254
668,1,1,0.21325067,0.7443181,0.042431246
669,0,0,0.710221,0.2879533,0.0018258292
670,1,1,0.383239,0.60187376,0.014887226
671,0,0,0.8801817,0.11953398,0.0002842031
672,1,1,0.1584529,0.78264517,0.05890193
673,0,0,0.9962752,0.003720082,4.734301e-06
674,0,0,0.83835804,0.16111843,0.0005236001
675,0,0,0.8873341,0.1124208,0.00024506715
676,2,2,4.0064635e-05,0.037450355,0.9625096
677,0,0,0.53095365,0.4621021,0.0069443146
678,0,1,0.33860564,0.64367723,0.017717134
679,0,0,0.9931833,0.0068092123,7.4121103e-06
680,0,0,0.96720093,0.03275284,4.625847e-05
681,0,0,0.9732058,0.026758324,3.5874145e-05
682,1,1,0.13450345,0.79030854,0.075188085
683,2,2,1.4195059e-05,0.01662838,0.9833574
684,1,1,0.09192054,0.80517805,0.102901466
685,0,0,0.9995796,0.00041876885,1.6189241e-06
686,1,1,0.036590736,0.7248077,0.23860165
687,1,0,0.9374294,0.062477607,9.2957904e-05
688,0,0,0.9176874,0.082159474,0.00015319248
689,2,2,9.732071e-06,0.0122201815,0.9877701
690,1,1,0.24229035,0.7233456,0.03436408
691,0,0,0.9240357,0.07584948,0.00011482977
692,0,0,0.9998616,0.0001378942,5.33087e-07
693,0,0,0.7445783,0.25377014,0.0016515369
694,0,0,0.6129616,0.38358158,0.0034568245
695,1,1,0.0455575,0.7586005,0.19584204
696,0,0,0.71015155,0.2879252,0.0019232568
697,1,0,0.67310774,0.32464707,0.002245168
698,0,1,0.05279514,0.7684461,0.17875876
699,1,1,0.124982916,0.7940414,0.080975726
700,0,0,0.9805911,0.019385874,2.3015975e-05
701,0,0,0.9999529,4.5398483e-05,1.6195287e-06
702,0,0,0.91087425,0.08894481,0.0001808838
703,0,0,0.97454077,0.025435176,2.4096877e-05
704,0,0,0.9310287,0.06886328,0.00010793675
705,1,2,0.005330911,0.4887011,0.505968
706,2,2,0.0028085485,0.3838311,0.61336035
707,1,1,0.12162602,0.78624654,0.092127465
708,1,1,0.035777047,0.7465787,0.21764433
709,1,1,0.35091615,0.6332244,0.015859345
710,1,0,0.5051668,0.48792744,0.0069057466
711,0,0,0.980265,0.019718805,1.6258788e-05
712,1,1,0.037812587,0.73611915,0.22606817
713,2,2,5.431797e-06,0.005166281,0.9948283
714,2,2,6.7189736e-05,0.05758356,0.9423492
715,1,1,0.46973047,0.5213001,0.0089694625
716,2,2,3.0761564e-06,0.00085293414,0.99914396
717,1,1,0.13787852,0.7961959,0.06592552
718,2,1,0.0344782,0.7416694,0.2238524
719,0,0,0.9432593,0.056647107,9.3536015e-05
720,1,0,0.55788296,0.4375075,0.0046096067
721,2,2,0.0002090767,0.08347349,0.91631746
722,0,0,0.5232174,0.47145808,0.005324524
723,0,1,0.2643685,0.698941,0.03669049
724,0,0,0.6844499,0.31336403,0.0021860315
725,1,0,0.5702432,0.4245051,0.005251758
726,2,1,0.07196895,0.7900279,0.13800316
727,2,2,0.00024458562,0.11416489,0.88559055
728,1,1,0.021549957,0.66749614,0.31095394
729,0,0,0.8989369,0.10085796,0.00020511096
730,0,0,0.9713308,0.028627312,4.186032e-05
731,2,2,0.0010842922,0.23782915,0.7610866
732,2,2,9.776126e-06,0.0077487864,0.9922415
733,1,1,0.03363869,0.7362829,0.23007838
734,0,0,0.99549556,0.0044993586,5.0707868e-06
735,2,2,5.638354e-06,0.0025753079,0.997419
736,1,1,0.05602976,0.7707861,0.17318413
737,0,1,0.030039424,0.7328603,0.23710024
738,1,1,0.18428342,0.76516104,0.050555527
739,0,0,0.9999541,4.539784e-05,5.331283e-07
740,1,1,0.042235024,0.74733514,0.21042988
741,0,0,0.9999529,4.5397785e-05,1.619504e-06
742,2,2,0.0014053335,0.27061352,0.72798115
743,0,0,0.99975806,0.00024030887,1.6191884e-06
744,2,2,3.9928377e-06,0.00044886585,0.99954706
745,0,0,0.64495355,0.3512644,0.0037821364
746,0,0,0.9955336,0.004460642,5.8265405e-06
747,1,0,0.54862857,0.4454514,0.005920032
748,1,1,0.008238957,0.53026146,0.46149963
749,1,1,0.018578582,0.65833753,0.32308394
750,1,1,0.049120985,0.7764273,0.17445162
751,0,0,0.9079897,0.09179577,0.00021449655
752,0,0,0.88733786,0.11242134,0.00024085035
753,0,1,0.40885127,0.5785781,0.012570636
754,0,0,0.9998572,0.00013789358,4.919165e-06
755,0,0,0.5657885,0.4285651,0.0056463843
756,0,0,0.9998604,0.00013789191,1.6193543e-06
757,2,2,0.0003165398,0.13904025,0.86064315
758,1,1,0.4031865,0.58055395,0.016259523
759,1,0,0.7911737,0.20782818,0.0009981719
760,0,0,0.8957102,0.10404665,0.00024312285
761,1,1,0.090440676,0.79221517,0.117344126
762,1,1,0.08865705,0.8040301,0.107312776
763,1,1,0.12776892,0.7908751,0.08135599
764,0,0,0.96932936,0.030622749,4.7998277e-05
765,0,1,0.3416454,0.63827765,0.020076942
766,0,0,0.9136691,0.08617301,0.0001579106
767,1,2,0.00025277815,0.13094234,0.8688049
768,1,2,0.005760512,0.48417687,0.51006263
769,1,1,0.1879181,0.76682323,0.04525871
770,2,1,0.027928825,0.6740154,0.2980558
771,0,0,0.98335475,0.016628336,1.6886288e-05
772,1,1,0.043018132,0.75789535,0.19908655
773,0,0,0.999985,1.4945064e-05,1.7550688e-07
774,1,1,0.05250157,0.7809382,0.16656023
775,2,2,0.0041177706,0.40816295,0.5877193
776,0,0,0.95189124,0.04805469,5.415773e-05
777,1,1,0.1440635,0.77610034,0.07983614
778,2,1,0.07041649,0.79338014,0.13620342
779,0,0,0.9605731,0.03937321,5.3711028e-05
780,0,0,0.9864384,0.013543494,1.8157407e-05
781,0,0,0.9252143,0.074639075,0.00014661069
782,1,1,0.16474026,0.7724049,0.06285487
783,0,0,0.9997569,0.00024030858,2.8220998e-06
784,1,1,0.03445336,0.6765709,0.28897572
785,1,1,0.42546666,0.5616979,0.012835437
786,0,0,0.97620165,0.02376921,2.9217197e-05
787,0,0,0.8764927,0.123238675,0.00026864905
788,0,0,0.76680124,0.23143782,0.0017609244
789,0,0,0.9666423,0.03330718,5.042425e-05
790,1,0,0.92399675,0.07584628,0.00015694706
791,1,1,0.30689088,0.6703113,0.022797842
792,2,2,0.00043767277,0.12135457,0.87820774
793,0,0,0.9998604,0.00013789402,1.6193543e-06
794,2,2,2.5198117e-06,0.00069867383,0.9992988
795,2,2,0.0018088565,0.25373015,0.744461
796,2,2,0.00016506172,0.093258046,0.90657693
797,1,1,0.28790477,0.6858681,0.026227178
798,0,0,0.53124285,0.4623538,0.00640332
799,0,1,0.42224795,0.5672111,0.01054099
800,1,1,0.38669887,0.5968549,0.016446196
801,2,2,4.125784e-06,0.0024133818,0.99758244
802,0,1,0.38770345,0.5984055,0.01389109
803,2,2,0.001352021,0.26721644,0.7314315
804,1,1,0.15021236,0.78160983,0.068177834
805,0,0,0.9998604,0.00013789402,1.619379e-06
806,1,1,0.16801861,0.7742173,0.05776404
807,0,1,0.33028758,0.6500486,0.019663872
808,1,0,0.53510004,0.45769534,0.007204658
809,0,0,0.9618752,0.038081087,4.366906e-05
810,1,1,0.4261109,0.56254846,0.011340692
811,0,0,0.97408336,0.025868455,4.823368e-05
812,0,0,0.83602834,0.16348448,0.0004871153
813,1,1,0.031061072,0.7162119,0.25272694
814,0,0,0.84760326,0.15196691,0.0004298183
815,0,0,0.8497928,0.14973715,0.00047000716
816,2,2,0.0004884011,0.1757036,0.823808
817,0,0,0.72117805,0.27755657,0.0012654146
818,0,0,0.98497665,0.015008103,1.5240921e-05
819,0,1,0.3296072,0.6487094,0.02168341
820,0,0,0.8159775,0.18333793,0.0006845818
821,0,0,0.6917668,0.30590567,0.0023275223
822,1,2,0.0059356024,0.47978097,0.51428336
823,0,0,0.99903333,0.0009630456,3.7230504e-06
824,1,1,0.020259183,0.68293744,0.2968034
825,2,1,0.14426169,0.7771683,0.07857001
826,0,0,0.89735824,0.10244399,0.00019776334
827,1,0,0.52747303,0.46711236,0.0054146294
828,2,2,0.00020684554,0.093254164,0.906539
829,2,2,1.0119474e-05,0.007951593,0.99203825
830,0,0,0.77056175,0.22856987,0.0008684243
831,1,1,0.29470125,0.6781006,0.027198168
832,0,0,0.57069886,0.42484435,0.004456802
833,0,0,0.9275988,0.07227773,0.00012356199
834,0,0,0.9943593,0.0056321253,8.526568e-06
835,1,1,0.034453675,0.74760324,0.21794306
836,0,1,0.1548794,0.778392,0.066728555
837,1,1,0.047910895,0.75402045,0.19806865
838,0,0,0.98418844,0.015797831,1.3722232e-05
839,1,1,0.020609692,0.66813755,0.31125274
840,1,1,0.34903184,0.6298244,0.021143738
841,1,0,0.9839027,0.016069837,2.7472117e-05
842,0,1,0.48287642,0.5086928,0.008430808
843,1,1,0.06426253,0.79658824,0.13914913
844,0,0,0.99793243,0.0020649978,2.627988e-06
845,0,0,0.8890543,0.110700116,0.00024554224
846,1,1,0.060111273,0.7781826,0.16170612
847,1,0,0.8647291,0.1349329,0.0003379673
848,2,2,3.7860689e-06,0.0015380534,0.99845815
849,1,1,0.018978432,0.6580692,0.32295233
850,0,0,0.97886825,0.021106714,2.5059056e-05
851,0,0,0.8855789,0.114163384,0.00025765877
852,0,1,0.34522402,0.6338629,0.020913066
853,2,2,9.382813e-05,0.06998588,0.92992026
854,0,0,0.9693405,0.030623103,3.6357444e-05
855,0,0,0.9990349,0.00096304703,2.1361209e-06
856,1,1,0.009267366,0.5637283,0.4270044
857,0,0,0.9599138,0.04003525,5.0950202e-05
858,1,1,0.13954577,0.7851095,0.075344674
859,0,0,0.55752563,0.43722716,0.0052472795
860,1,1,0.20376712,0.7492415,0.046991378
861,0,0,0.9176921,0.082159914,0.00014796531
862,0,0,0.93425924,0.06559528,0.00014549584
863,2,2,7.132652e-05,0.066672385,0.9332563
864,0,0,0.9998604,0.00013789402,1.6193543e-06
865,2,2,2.6892452e-05,0.036830008,0.96314317
866,0,0,0.67328066,0.3247305,0.0019887565
867,0,0,0.641611,0.35556364,0.0028253575
868,1,1,0.17104025,0.77457595,0.05438377
869,2,1,0.012009893,0.61578953,0.37220058
870,1,0,0.56170094,0.43291995,0.0053791585
871,0,0,0.9997569,0.00024031043,2.8221214e-06
872,0,0,0.66538197,0.33225965,0.0023584394
873,1,0,0.68076473,0.31713516,0.0021000619
874,2,2,0.000230767,0.11954036,0.8802288
875,2,2,0.003614404,0.39587858,0.60050696
876,0,0,0.8262545,0.17319235,0.0005531506
877,0,0,0.9766011,0.023369681,2.9229153e-05
878,0,1,0.47828084,0.5126752,0.0090439785
879,1,1,0.38378745,0.60273504,0.013477504
880,0,0,0.99975806,0.00024031257,1.6192008e-06
881,0,0,0.99998343,1.4945042e-05,1.6195535e-06
882,2,2,0.00048561662,0.15879197,0.8407224
883,0,0,0.9998604,0.00013789402,1.619379e-06
884,0,1,0.39250416,0.5953885,0.012107371
885,0,0,0.9815601,0.018420214,1.970604e-05
886,2,2,4.918315e-06,0.0003172316,0.9996779
887,1,1,0.18964267,0.7605413,0.049815986
888,2,2,0.002209182,0.28784272,0.7099481
889,1,1,0.16695982,0.7693384,0.063701704
890,1,1,0.117416106,0.7996121,0.08297188
891,1,1,0.052848484,0.7333606,0.21379095
892,1,0,0.6729708,0.32458094,0.0024482713
893,1,1,0.03805738,0.7505949,0.21134774
894,2,2,2.0759588e-05,0.018420195,0.9815591
895,1,1,0.2323137,0.7306407,0.037045643
896,2,2,5.8316664e-06,0.0035838813,0.9964103
897,2,1,0.21251793,0.7417606,0.04572148
898,2,2,7.290166e-05,0.06247886,0.9374482
899,1,2,0.0036261324,0.42943573,0.5669381
900,0,0,0.9812414,0.018736714,2.1862403e-05
901,0,1,0.40926164,0.579159,0.01157935
902,1,0,0.7674231,0.23162542,0.0009515427
903,1,1,0.044617683,0.7397335,0.21564876
904,1,0,0.7912202,0.20784049,0.0009393802
905,1,2,0.003000894,0.39612243,0.6008767
906,0,0,0.93431705,0.06559936,8.348393e-05
907,1,1,0.0865088,0.7982872,0.11520399
908,0,0,0.95784456,0.04208474,7.070749e-05
909,1,1,0.011196486,0.5541912,0.43461233
910,2,2,7.290166e-05,0.06247886,0.9374482
911,1,1,0.04744612,0.75978255,0.19277132
912,1,1,0.42630616,0.56280625,0.010887583
913,0,0,0.99363697,0.006355298,7.677493e-06
914,1,1,0.29568315,0.6803597,0.023957165
915,0,1,0.13158645,0.79356784,0.07484564
916,0,0,0.99832016,0.001677299,2.4526312e-06
917,0,0,0.9998604,0.00013789402,1.619379e-06
918,1,1,0.08523521,0.7797365,0.13502823
919,2,1,0.18665938,0.76168686,0.051653765
920,2,1,0.05361492,0.77028304,0.17610204
921,2,2,6.459527e-06,0.0054881587,0.99450535
922,2,2,4.8820793e-06,0.0076823663,0.9923127
923,0,0,0.76094705,0.23778555,0.0012674336
924,0,0,0.9999529,4.5397785e-05,1.619504e-06
925,0,0,0.9526661,0.047266033,6.792527e-05
926,1,1,0.07121911,0.7886125,0.14016838
927,0,0,0.94138795,0.058532204,7.984686e-05
928,0,0,0.9510706,0.04885409,7.525625e-05
929,1,0,0.5090388,0.483205,0.0077562314
930,0,0,0.9310287,0.068863295,0.00010793675
931,2,2,0.0011362737,0.22850858,0.7703551
932,2,2,0.0056864144,0.4842129,0.5101007
933,0,0,0.99998343,1.4945042e-05,1.619603e-06
934,1,2,0.004907559,0.43737638,0.5577161
935,0,0,0.9703541,0.029608974,3.703286e-05
936,0,1,0.4434312,0.5461403,0.010428499
937,2,2,0.00024310181,0.11953891,0.880218
938,0,0,0.9979316,0.0020649983,3.4694474e-06
939,0,1,0.24972813,0.7201077,0.03016425
940,0,0,0.9995796,0.00041876565,1.6189241e-06
941,0,1,0.46997043,0.5215662,0.008463329
942,0,1,0.028178936,0.6844933,0.28732768
943,2,2,0.0016403035,0.30244386,0.6959158
944,0,0,0.99500066,0.004990839,8.385216e-06
945,2,1,0.0071548494,0.5222545,0.47059062
946,2,2,0.00023941137,0.11772419,0.8820364
947,0,0,0.9995784,0.00041876512,2.8216175e-06
948,1,1,0.23519534,0.7269725,0.03783216
949,0,0,0.9671993,0.032752775,4.7892805e-05
950,0,0,0.9883813,0.01160718,1.1384984e-05
951,0,1,0.40406013,0.5818119,0.01412797
952,1,1,0.0793981,0.7991131,0.12148877
953,1,2,0.00068517117,0.19669133,0.80262345
954,0,0,0.9883775,0.011607136,1.5293543e-05
955,2,1,0.01640688,0.60094535,0.38264778
956,2,1,0.091702975,0.7963296,0.11196739
957,0,0,0.9910206,0.008969897,9.430892e-06
958,1,2,0.0003796407,0.15422536,0.845395
959,2,2,1.5899877e-06,0.0010873555,0.998911
960,2,2,0.007774404,0.48750064,0.5047249
961,0,0,0.7449005,0.25388002,0.0012193529
962,0,0,0.6534499,0.34374654,0.0028035222
963,2,2,5.6193826e-06,0.0059314747,0.99406296
964,0,0,0.9868962,0.013087374,1.6368775e-05
965,0,0,0.9459931,0.053928103,7.8856436e-05
966,1,2,0.0038603558,0.37934005,0.6167996
967,1,1,0.34193704,0.6388223,0.019240595
968,0,0,0.7482163,0.2506211,0.0011626225
969,1,1,0.42631364,0.5628163,0.01087007
970,1,1,0.043781817,0.7680095,0.18820877
971,0,0,0.9998472,0.00013789009,1.4943005e-05
972,0,0,0.99998343,1.4945496e-05,1.619603e-06
973,1,1,0.39158702,0.59399694,0.014416035
974,2,2,0.0036717118,0.3592402,0.6370881
975,1,2,0.0013356177,0.2505777,0.74808675
976,1,1,0.068737715,0.77446544,0.15679681
977,0,0,0.99975806,0.00024031257,1.6192131e-06
978,0,0,0.99998343,1.4945042e-05,1.6195535e-06
979,2,2,5.3598204e-05,0.04139111,0.95855534
980,0,0,0.99889046,0.0011063738,3.2397986e-06
981,0,0,0.9468781,0.053049516,7.23676e-05
982,0,0,0.9924425,0.0075511257,6.4461283e-06
983,2,2,0.0034635921,0.38768315,0.6088532
984,2,2,2.136042e-06,0.0009970377,0.99900085
985,0,0,0.98667115,0.013313531,1.526714e-05
986,2,2,4.2000834e-06,0.0019267267,0.9980691
987,0,0,0.9413906,0.05853237,7.712212e-05
988,1,1,0.37439454,0.60875833,0.016847152
989,0,0,0.9995796,0.00041876565,1.6189118e-06
990,0,0,0.6530932,0.34355903,0.0033477293
991,2,2,7.921396e-06,0.009775391,0.99021673
992,0,0,0.9999497,4.539764e-05,4.91962e-06
993,1,1,0.07355033,0.78663313,0.13981654
994,0,0,0.9310097,0.06886191,0.00012839811
995,1,0,0.5489691,0.44572788,0.0053030658
996,0,0,0.82627773,0.17319718,0.0005250926
997,0,0,0.9969733,0.0030225844,4.1232647e-06
998,1,1,0.03613493,0.722019,0.24184607
999,1,1,0.070248924,0.7914922,0.13825893
1000,1,1,0.18395488,0.7637967,0.052248437
1001,1,1,0.08247867,0.78798926,0.12953211
1002,0,0,0.99998343,1.4945042e-05,1.6195535e-06
1003,0,0,0.59143746,0.40367568,0.004886857
1004,0,0,0.9992687,0.0007296418,1.6184146e-06
1005,1,1,0.0072827917,0.52218723,0.47053
1006,0,0,0.64165753,0.35558954,0.0027529288
1007,2,2,9.093587e-06,0.0106524145,0.9893385
1008,2,2,8.237944e-06,0.0053478265,0.9946439
1009,1,1,0.092164315,0.8073135,0.1005222
1010,0,0,0.9998604,0.00013789402,1.6193543e-06
1011,1,0,0.6653404,0.332239,0.0024205134
1012,2,1,0.10328453,0.7738489,0.12286655
1013,1,1,0.13714385,0.7919535,0.07090266
1014,2,2,0.0003825235,0.11770734,0.8819102
1015,0,1,0.28060964,0.69210815,0.02728222
1016,2,2,0.001700357,0.3135166,0.68478304
1017,0,1,0.24834648,0.7161234,0.035530098
1018,0,0,0.7244932,0.2740334,0.0014733744
1019,2,1,0.029136956,0.70776457,0.26309842
1020,0,0,0.9998604,0.00013789191,1.6193543e-06
1021,2,2,1.928461e-05,0.022590403,0.97739035
1022,1,1,0.018564342,0.6353835,0.3460522
1023,1,1,0.006701478,0.49664924,0.49664924
1024,1,1,0.39226666,0.59502786,0.012705527
1025,2,2,0.0017319842,0.2570493,0.74121875
1026,0,0,0.99491405,0.0050778026,8.240181e-06
1027,0,1,0.0076484196,0.5090941,0.48325744
1028,1,1,0.016664498,0.6596215,0.32371402
1029,2,2,0.005147607,0.4801613,0.51469105
1030,0,0,0.8211528,0.17820446,0.0006427056
1031,1,1,0.23662207,0.7313825,0.03199553
1032,0,0,0.99975806,0.00024030887,1.6191884e-06
1033,2,2,0.00047698355,0.15195975,0.84756327
1034,1,1,0.17422582,0.7754224,0.050351728
1035,0,0,0.9556965,0.04423531,6.814134e-05
1036,1,0,0.77965105,0.2195292,0.00081971975
1037,1,1,0.018233795,0.66605145,0.31571478
1038,2,1,0.018493738,0.6546204,0.32688588
1039,0,0,0.99831843,0.0016772992,4.274721e-06
1040,0,0,0.8312128,0.16828577,0.00050142116
1041,1,1,0.13150229,0.7862057,0.082292035
1042,1,1,0.012328394,0.5828739,0.40479773
1043,1,1,0.49216196,0.50078106,0.007056974
1044,0,0,0.9999497,4.539764e-05,4.9196947e-06
1045,0,0,0.97957546,0.020401148,2.3394778e-05
1046,1,1,0.16141772,0.7835672,0.055015054
1047,2,1,0.013946392,0.577772,0.40828162
1048,1,1,0.022543438,0.6556779,0.32177868
1049,0,1,0.40814725,0.57758194,0.0142708765
1050,0,0,0.9374264,0.062477406,9.6241994e-05
1051,2,2,0.0034414574,0.4210506,0.575508
1052,0,0,0.6294668,0.3674836,0.0030496044
1053,0,0,0.99727196,0.002724392,3.7164866e-06
1054,2,1,0.021869393,0.6818151,0.29631555
1055,0,0,0.63759315,0.35952505,0.0028817423
1056,2,2,0.0011373457,0.2605319,0.7383307
1057,2,2,0.008021836,0.49168372,0.50029445
1058,0,0,0.9136691,0.08617301,0.0001579106
1059,0,1,0.3306041,0.65067154,0.018724406
1060,0,0,0.99903536,0.00096304377,1.6180303e-06
1061,0,1,0.41341043,0.57496095,0.0116287125
1062,0,0,0.9708524,0.029114317,3.338648e-05
1063,0,0,0.9998572,0.00013789358,4.9192395e-06
1064,1,1,0.0703252,0.7787142,0.15096062
1065,0,0,0.9999529,4.5397785e-05,1.6195287e-06
1066,1,1,0.054783043,0.76683336,0.1783836
1067,2,2,0.00028115543,0.12897578,0.87074304
1068,0,0,0.99872524,0.0012710099,3.7219024e-06
1069,0,0,0.7068806,0.2916181,0.0015013241
1070,0,0,0.79973,0.19941442,0.0008555558
1071,0,0,0.98902506,0.010930003,4.4901662e-05
1072,1,1,0.10222207,0.77930117,0.11847678
1073,0,1,0.25927094,0.70968276,0.031046249
1074,0,0,0.9625023,0.03745007,4.766022e-05
1075,1,1,0.09009019,0.79602516,0.11388469
1076,1,0,0.73480237,0.2638276,0.0013700939
1077,2,2,0.0011276387,0.24097894,0.75789344
1078,0,0,0.99807006,0.0019267284,3.2371377e-06
1079,1,1,0.11949236,0.7859814,0.094526224
1080,0,0,0.9364063,0.06350235,9.125822e-05
1081,2,2,0.0013470498,0.25714847,0.7415045
1082,0,0,0.53133035,0.4624299,0.0062397444
1083,0,1,0.030905914,0.706475,0.26261908
1084,2,2,3.2977355e-06,0.00074241095,0.9992543
1085,2,1,0.008210213,0.5388335,0.4529563
1086,0,0,0.9885768,0.011409661,1.35461805e-05
1087,1,1,0.014405615,0.5980932,0.38750118
1088,1,1,0.23149529,0.7280668,0.04043791
1089,0,0,0.6917528,0.30589947,0.0023477674
1090,1,0,0.7243863,0.27399296,0.001620758
1091,0,0,0.620757,0.37520316,0.004039889
1092,1,1,0.19680391,0.74920577,0.05399034
1093,2,1,0.22568962,0.7348865,0.039423764
1094,0,0,0.9960776,0.003918193,4.191703e-06
1095,1,1,0.14936976,0.78400165,0.06662855
1096,0,1,0.37036437,0.6127514,0.016884219
1097,0,0,0.99745446,0.0025420836,3.4677855e-06
1098,2,2,4.5056324e-05,0.041391462,0.9585635
1099,2,2,0.00022559897,0.09325238,0.9065221
1100,0,0,0.99806577,0.0019267203,7.4485624e-06
1101,2,1,0.08126545,0.7899951,0.12873946
1102,1,1,0.17181727,0.75154114,0.07664158
1103,0,0,0.96773505,0.032206893,5.80028e-05
1104,1,1,0.110083304,0.80358624,0.0863304
1105,0,0,0.999985,1.4945064e-05,1.7551224e-07
1106,1,1,0.09078121,0.7883252,0.12089359
1107,1,1,0.1821949,0.76973736,0.048067767
1108,1,1,0.33082846,0.6511131,0.018058449
1109,0,1,0.25026506,0.721656,0.028078957
1110,1,1,0.24050774,0.7180235,0.041468736
1111,2,1,0.06135443,0.7806056,0.15803993
1112,2,2,1.753361e-05,0.013777418,0.98620504
1113,1,1,0.3749197,0.6096123,0.0154680675
1114,1,2,0.0034938627,0.40841863,0.5880875
1115,1,1,0.103434354,0.7885431,0.10802255
1116,0,0,0.9423359,0.057582743,8.132697e-05
1117,0,1,0.35378015,0.6274049,0.018814875
1118,2,1,0.037993427,0.72062683,0.24137975
1119,0,0,0.9992675,0.00072963827,2.8207398e-06
1120,1,1,0.38214198,0.600151,0.017707009
1121,0,0,0.5916606,0.40382788,0.004511506
1122,1,0,0.8707208,0.1289725,0.00030664395
1123,0,0,0.99564725,0.004346476,6.246251e-06
1124,1,1,0.007007565,0.5137287,0.47926375
1125,0,0,0.98497957,0.015008147,1.2374698e-05
1126,1,1,0.16354494,0.7802291,0.056226015
1127,1,1,0.07432278,0.7880241,0.13765313
1128,1,0,0.9176358,0.08215485,0.0002093775
1129,0,1,0.45996413,0.52849716,0.011538738
1130,0,0,0.99998343,1.4945042e-05,1.619603e-06
1131,0,0,0.96666116,0.033307828,3.101221e-05
1132,0,0,0.7031324,0.29515177,0.00171587
1133,0,0,0.8429269,0.15646817,0.0006048932
1134,2,2,5.538683e-06,0.0030488526,0.99694556
1135,1,1,0.15270889,0.780924,0.066367015
1136,2,2,3.3566268e-06,0.00040448015,0.9995921
1137,1,1,0.012354851,0.5745385,0.4131067
1138,2,2,0.002646922,0.39626306,0.60109
1139,0,0,0.9163587,0.083477266,0.00016397121
1140,1,2,3.367951e-05,0.0374506,0.96251565
1141,0,0,0.7383011,0.26052138,0.0011774832
1142,0,0,0.7611616,0.23785265,0.000985644
1143,2,2,4.8544316e-05,0.05305078,0.94690067
1144,0,0,0.9995796,0.00041876565,1.6189118e-06
1145,1,1,0.04157604,0.7420886,0.2163353
1146,2,2,0.00041860854,0.08345601,0.91612536
1147,0,0,0.7348451,0.26384294,0.0013119765
1148,1,2,0.004066649,0.43774596,0.55818737
1149,2,2,0.0019318156,0.3209571,0.6771111
1150,2,2,4.904347e-06,0.003156237,0.9968388
1151,1,1,0.1509026,0.7852013,0.063896164
1152,2,2,1.0196736e-05,0.00037735194,0.9996125
1153,0,0,0.854178,0.14537351,0.00044845635
1154,1,1,0.060126513,0.7649831,0.17489037
1155,2,2,9.1926326e-05,0.056647234,0.9432608
1156,0,0,0.98391473,0.016070032,1.5224489e-05
1157,2,2,2.1486123e-05,0.01873673,0.9812418
1158,2,1,0.014581116,0.60611916,0.3792997
1159,1,1,0.43941474,0.55067134,0.009913918
1160,0,1,0.11706479,0.79032934,0.09260587
1161,0,0,0.93733275,0.06247113,0.0001960895
1162,1,0,0.99363625,0.0063552908,8.520368e-06
1163,1,1,0.12089359,0.7883252,0.09078121
1164,2,1,0.06882068,0.78216034,0.14901896
1165,0,0,0.81609803,0.18336508,0.0005369478
1166,1,0,0.8783158,0.12136949,0.00031473572
1167,1,0,0.9887709,0.0112154875,1.3548841e-05
1168,0,0,0.94138116,0.058531802,8.70871e-05
1169,0,0,0.9998572,0.00013789358,4.919165e-06
1170,2,2,7.293169e-06,0.0056321356,0.9943606
1171,0,0,0.8873719,0.11242562,0.00020247216
1172,0,0,0.9983205,0.0016772996,2.1345897e-06
1173,2,2,0.0007378372,0.21365681,0.7856054
1174,2,2,0.0001550982,0.10244835,0.89739656
1175,1,0,0.5271459,0.46682265,0.0060314727
1176,2,2,2.240665e-05,0.028627878,0.9713497
1177,1,2,0.00079866534,0.21953383,0.7796675
1178,1,1,0.18468003,0.76680756,0.0485124
1179,0,0,0.6414466,0.35547262,0.0030807834
1180,1,1,0.012896103,0.61120474,0.37589914
1181,1,0,0.566185,0.42886528,0.0049497513
1182,1,1,0.37137505,0.61442375,0.014201156
1183,0,0,0.9995784,0.00041876512,2.8216175e-06
1184,0,1,0.2199042,0.7413478,0.038748063
1185,1,1,0.0845608,0.7803114,0.13512777
1186,2,2,0.0016569085,0.27054536,0.72779775
1187,1,1,0.108733445,0.8006527,0.0906139
1188,1,1,0.11896622,0.7893428,0.0916909
1189,0,0,0.8210636,0.17818509,0.0007513173
1190,2,2,0.00016951586,0.08481471,0.91501576
1191,1,1,0.015903627,0.60934246,0.3747539
1192,0,0,0.85198855,0.14754018,0.0004712213
1193,0,0,0.6295643,0.3675404,0.0028952847
1194,1,1,0.23848723,0.72446024,0.037052523
1195,0,0,0.99872607,0.001271011,2.8192117e-06
1196,0,0,0.518518,0.47540593,0.006076081
1197,0,1,0.027199356,0.69904906,0.2737516
1198,0,0,0.99975806,0.00024031257,1.6192131e-06
1199,1,1,0.44379294,0.5465858,0.009621286
1200,1,2,0.0003637271,0.16830894,0.8313273
1201,0,0,0.99831843,0.001677296,4.274704e-06
1202,0,0,0.92027926,0.07957984,0.00014085205
1203,1,0,0.50969034,0.4838236,0.0064860536
1204,0,0,0.9005064,0.09929509,0.00019845714
1205,0,0,0.9961423,0.0038510074,6.6987577e-06
1206,2,2,3.130491e-06,0.0007047603,0.99929214
1207,2,2,0.00043739198,0.18079792,0.8187647
1208,1,1,0.051653765,0.76168686,0.18665938
1209,2,2,0.0030235713,0.37558594,0.62139046
1210,1,1,0.07656313,0.784075,0.13936186
1211,1,2,0.00036322395,0.14755617,0.85208064
1212,1,2,0.0014958758,0.28804848,0.7104556
1213,1,2,0.00049607933,0.19129986,0.80820405
1214,0,0,0.9510765,0.048854403,6.899954e-05
1215,0,0,0.9963696,0.0036247983,5.632422e-06
1216,2,2,0.0004913473,0.1707312,0.8287775
1217,2,1,0.2383715,0.7241086,0.037519917
1218,1,0,0.9649304,0.035025753,4.3807766e-05
1219,0,0,0.9992675,0.00072964374,2.8207398e-06
1220,0,0,0.989335,0.010652377,1.2647095e-05
1221,0,0,0.5228712,0.4711463,0.005982562
1222,0,1,0.41383448,0.5755505,0.010615036
1223,1,1,0.042148814,0.7297989,0.22805223
1224,1,0,0.58735895,0.4079126,0.004728403
1225,1,1,0.4524488,0.53822994,0.009321244
1226,0,0,0.9988912,0.0011063789,2.4540434e-06
1227,1,1,0.2696453,0.700622,0.029732667
1228,0,0,0.8668171,0.13293068,0.00025219982
1229,2,2,0.003002783,0.3878625,0.60913473
1230,1,2,0.0015699102,0.2844823,0.7139478
1231,0,0,0.9394309,0.060474318,9.478775e-05
1232,1,1,0.40072998,0.58712167,0.012148356
1233,1,1,0.36686802,0.61759675,0.015535221
1234,1,1,0.22219998,0.7361946,0.04160542
1235,2,2,0.0014626441,0.30986878,0.6886686
1236,0,1,0.33416742,0.64636487,0.019467762
1237,0,1,0.49145713,0.5000639,0.008478957
1238,0,1,0.39030626,0.5920542,0.017639544
1239,1,1,0.11309975,0.79743093,0.08946926
1240,0,0,0.6761407,0.32049713,0.003362153
1241,0,1,0.10196241,0.79783016,0.1002075
1242,0,1,0.2996886,0.67770785,0.022603583
1243,0,0,0.90048677,0.09929291,0.00022024012
1244,0,0,0.92642,0.073450044,0.0001300027
1245,0,1,0.28711426,0.6839849,0.028900916
1246,0,0,0.6840956,0.3132017,0.0027026783
1247,2,2,0.00015229268,0.0875505,0.9122972
1248,2,2,6.897619e-06,0.009283905,0.9907092
1249,1,1,0.1073744,0.7975384,0.09508717
1250,1,1,0.40877467,0.5784699,0.012755471
1251,0,0,0.9956714,0.0043183733,1.0156534e-05
1252,1,0,0.71006596,0.2878905,0.0020434982
1253,0,0,0.79125184,0.20784873,0.00089951645
1254,1,1,0.00670484,0.5009587,0.4923365
1255,0,0,0.9995796,0.00041876565,1.6189118e-06
1256,1,1,0.051911037,0.7588644,0.1892245
1257,0,1,0.43058768,0.55867475,0.010737524
1258,1,1,0.059477545,0.75018597,0.19033648
1259,1,2,0.007171139,0.48779696,0.5050319
1260,1,0,0.7580602,0.24103191,0.0009078574
1261,1,1,0.01016602,0.58414996,0.405684
1262,0,0,0.76711106,0.23153125,0.0013577457
1263,0,0,0.7311812,0.26712498,0.0016937624
1264,0,0,0.9766039,0.023369735,2.633773e-05
1265,0,0,0.99998343,1.4945042e-05,1.6195535e-06
1266,1,1,0.44209135,0.5444901,0.013418619
1267,0,1,0.48748416,0.5047079,0.007807956
1268,0,0,0.9948725,0.0051218583,5.623959e-06
1269,1,1,0.21027438,0.74678266,0.042942908
1270,0,0,0.858487,0.14112076,0.00039227164
1271,0,0,0.99464536,0.005347834,6.925024e-06
1272,2,2,0.00028300786,0.123236865,0.8764801
1273,1,1,0.43074554,0.55887955,0.010374895
1274,0,0,0.92279625,0.07707428,0.00012949419
1275,0,0,0.99872726,0.0012710125,1.6175314e-06
1276,0,0,0.99975806,0.00024031072,1.6192008e-06
1277,0,0,0.99455345,0.0054409862,5.622155e-06
1278,0,0,0.983639,0.016346874,1.4199124e-05
1279,1,1,0.3709471,0.6137155,0.015337416
1280,1,1,0.3384807,0.6434397,0.018079517
1281,0,0,0.8802217,0.119539395,0.00023891882
1282,0,0,0.74133563,0.2570899,0.0015745029
1283,0,0,0.9995784,0.00041876512,2.8216175e-06
1284,0,0,0.9999497,4.539764e-05,4.91962e-06
1285,2,1,0.0063613984,0.5097544,0.4838842
1286,1,1,0.008017895,0.5474708,0.44451135
1287,1,1,0.0099046305,0.5759639,0.41413146
1288,0,0,0.997931,0.002064997,3.986382e-06
1289,0,0,0.946888,0.053050086,6.189993e-05
1290,0,0,0.89075893,0.10900347,0.00023761745
1291,0,0,0.8801903,0.11953515,0.00027450692
1292,0,1,0.33384952,0.6457501,0.020400334
1293,0,0,0.9969151,0.0030795138,5.356764e-06
1294,1,1,0.18614532,0.75958914,0.05426551
1295,1,1,0.045246445,0.71829563,0.23645788
1296,1,2,0.004076816,0.41656917,0.579354
1297,0,0,0.9035943,0.096235394,0.00017033148
1298,1,0,0.880218,0.119538896,0.00024310181
1299,0,0,0.98091805,0.019058565,2.3426866e-05
1300,2,2,3.718459e-06,0.0021940807,0.9978022
1301,1,1,0.16053285,0.7792718,0.0601954
1302,0,0,0.96493393,0.035025872,4.016555e-05
1303,1,1,0.16236521,0.7746011,0.06303359
1304,0,0,0.98987156,0.010117249,1.1205907e-05
1305,0,0,0.999985,1.4945064e-05,1.7550688e-07
1306,0,0,0.7911737,0.20782818,0.0009981719
1307,0,0,0.9773885,0.022590354,2.1033386e-05
1308,0,0,0.9094632,0.09036228,0.00017444023
1309,2,2,4.8958264e-05,0.044976026,0.95497507
1310,2,1,0.13180344,0.8018065,0.0663901
1311,0,0,0.9788711,0.021106776,2.2191527e-05
1312,1,2,0.005036868,0.46728984,0.5276733
1313,0,0,0.9773875,0.022590326,2.2157894e-05
1314,0,0,0.9998604,0.00013789402,1.619379e-06
1315,1,0,0.5358328,0.4583221,0.0058450364
1316,1,1,0.007989308,0.5346771,0.4573336
1317,2,2,0.00021121754,0.10567955,0.89410925
1318,1,1,0.041100673,0.73360366,0.22529562
1319,2,2,0.0028519752,0.37159464,0.6255534
1320,0,0,0.9981997,0.0017977011,2.6286943e-06
1321,0,1,0.491632,0.5002418,0.008126113
1322,0,0,0.9924402,0.007551109,8.659152e-06
1323,1,2,0.0034900142,0.40007797,0.59643203
1324,1,1,0.12900895,0.79164886,0.07934224
1325,2,2,2.6289122e-06,0.0017140341,0.9982834
1326,1,1,0.26275885,0.70685107,0.030390155
1327,2,1,0.013811604,0.63846034,0.34772807
1328,0,0,0.99745446,0.002542085,3.4677887e-06
1329,1,1,0.26361376,0.7091508,0.027235456
1330,0,0,0.9941116,0.005880495,7.952561e-06
1331,0,1,0.37541988,0.61042535,0.014154749
1332,1,1,0.010330105,0.57989097,0.40977892
1333,1,1,0.020763237,0.67898387,0.30025288
1334,1,1,0.42531264,0.5614948,0.013192558
1335,2,2,4.8364567e-05,0.040035333,0.95991635
1336,2,2,7.6682545e-06,0.007551116,0.9924412
1337,0,1,0.2602264,0.7122982,0.02747532
1338,1,1,0.04011032,0.7190411,0.2408486
1339,1,1,0.3820235,0.599965,0.01801152
1340,2,1,0.027052797,0.69227135,0.28067583
1341,0,0,0.9994443,0.00055277493,2.821228e-06
1342,1,0,0.600381,0.39579555,0.0038234033
1343,1,1,0.48673156,0.50392884,0.009339588
1344,1,0,0.62925607,0.36736068,0.0033832735
1345,0,0,0.9332395,0.066671185,8.938428e-05
1346,1,1,0.42169523,0.5664688,0.011836041
1347,0,0,0.6728213,0.32450902,0.0026696995
1348,2,2,0.0003127066,0.12703401,0.87265325
1349,0,0,0.51839596,0.47529423,0.0063097896
1350,0,0,0.9934161,0.00657838,5.615726e-06
1351,1,2,5.9192284e-05,0.062479716,0.9374611
1352,0,1,0.2629304,0.70731246,0.029757164
1353,2,2,0.00021905816,0.11954177,0.8802392
1354,0,1,0.14324784,0.78522104,0.07153106
1355,2,1,0.017027821,0.60864645,0.37432575
1356,1,1,0.036919538,0.7571598,0.20592064
1357,0,0,0.9451055,0.054821067,7.349714e-05
1358,2,1,0.04026289,0.7312358,0.22850123
1359,1,1,0.4254555,0.56168324,0.01286124
1360,0,0,0.99975806,0.00024031257,1.6192131e-06
1361,0,0,0.9998616,0.0001378942,5.3309515e-07
1362,0,0,0.99600667,0.003986527,6.934502e-06
1363,0,0,0.9999529,4.5397785e-05,1.619504e-06
1364,2,2,0.004852549,0.4078617,0.5872857
1365,2,2,5.911694e-06,0.007295316,0.9926987
1366,1,1,0.07611699,0.7727688,0.15111415
1367,0,0,0.6576209,0.33998662,0.0023924285
1368,0,0,0.99021673,0.009775391,7.921396e-06
1369,0,0,0.5488857,0.44566032,0.0054539777
1370,0,0,0.9404097,0.059495397,9.488651e-05
1371,2,1,0.026870402,0.7026889,0.27044076
1372,0,1,0.089023635,0.80037683,0.11059955
1373,2,1,0.026955504,0.69579536,0.2772492
1374,0,0,0.99975806,0.00024031072,1.6192008e-06
1375,0,0,0.7941962,0.20503157,0.00077226013
1376,0,0,0.7314054,0.267207,0.0013876432
1377,1,1,0.013138304,0.6070066,0.37985504
1378,1,0,0.5663039,0.42895555,0.00474051
1379,1,0,0.79668957,0.20213532,0.0011751171
1380,0,0,0.9896945,0.010292588,1.287325e-05
1381,0,0,0.5878522,0.40825504,0.0038927444
1382,1,2,0.0036169542,0.42097643,0.5754066
1383,1,1,0.108465776,0.78493536,0.106598936
1384,0,0,0.97991955,0.020057064,2.3402996e-05
1385,2,2,0.0002961824,0.12897384,0.8707299
1386,0,0,0.9998604,0.00013789402,1.6193543e-06
1387,0,1,0.0673191,0.7990331,0.1336478
1388,0,0,0.9971758,0.0028203789,3.8474236e-06
1389,1,1,0.36692968,0.61770016,0.015370142
1390,1,1,0.051984906,0.7665699,0.18144517
1391,1,1,0.015983691,0.64866155,0.33535472
1392,2,2,0.00037087,0.15197583,0.8476533
1393,2,2,3.347655e-06,0.0030753596,0.9969213
1394,1,1,0.39620817,0.59066284,0.013128972
1395,1,1,0.03869808,0.75009495,0.21120697
1396,2,1,0.012814312,0.61528814,0.37189752
1397,0,1,0.20983376,0.7452178,0.04494847
1398,1,1,0.14860855,0.7868064,0.06458501
1399,0,0,0.8801986,0.119536266,0.00026514148
1400,0,0,0.9942141,0.00577988,6.024404e-06
1401,2,1,0.10472217,0.79146075,0.10381707
1402,1,0,0.5312576,0.46236664,0.0063757626
1403,1,1,0.4343132,0.55380994,0.011876843
1404,0,1,0.07775868,0.8032611,0.11898025
1405,0,0,0.93323505,0.066670865,9.416259e-05
1406,1,1,0.18076941,0.7637149,0.055515744
1407,0,0,0.9995784,0.00041876512,2.8216175e-06
1408,0,0,0.8783206,0.12137016,0.00030932055
1409,1,1,0.035167743,0.74996406,0.21486826
1410,1,0,0.77942425,0.21946532,0.0011104173
1411,0,0,0.9916135,0.008373133,1.33539215e-05
1412,1,1,0.017583668,0.6514279,0.3309884
1413,2,1,0.013867106,0.614632,0.37150094
1414,2,2,0.0015844147,0.30246076,0.6959548
1415,0,0,0.93536,0.06454227,9.7711556e-05
1416,0,1,0.08828172,0.8076066,0.10411165
1417,0,0,0.9741023,0.025868973,2.8652592e-05
1418,0,0,0.9605828,0.039373595,4.3610384e-05
1419,1,1,0.48309776,0.50892586,0.007976393
1420,1,1,0.10728546,0.79687786,0.095836736
1421,0,0,0.9990349,0.0009630433,2.1361127e-06
1422,1,1,0.3266656,0.65417933,0.019155033
1423,2,1,0.067343466,0.78556496,0.14709164
1424,2,2,6.227752e-06,0.007295314,0.9926985
1425,0,0,0.56659067,0.42917255,0.0042367806
1426,1,1,0.39692068,0.59172505,0.011354243
1427,1,0,0.5137052,0.47924176,0.007053014
1428,0,0,0.94135857,0.058530398,0.000111045505
1429,0,0,0.9995796,0.00041876565,1.6189118e-06
1430,1,1,0.012099311,0.5746871,0.41321355
1431,0,0,0.87264365,0.12703262,0.0003237518
1432,1,1,0.039762758,0.7316169,0.2286203
1433,1,0,0.8647241,0.13493206,0.00034388388
1434,2,2,3.1281277e-06,0.0014601122,0.9985367
1435,1,1,0.13450512,0.7834874,0.08200748
1436,1,0,0.50054336,0.4919285,0.0075281216
1437,2,2,0.0013069662,0.24734007,0.75135297
1438,0,0,0.882005,0.11771996,0.00027507287
1439,1,1,0.18988582,0.76151645,0.04859767
1440,0,0,0.99593604,0.004056054,7.967149e-06
1441,0,1,0.1537981,0.78649426,0.059707668
1442,2,2,1.6101181e-05,0.012220097,0.9877638
1443,0,0,0.94600165,0.05392859,6.983325e-05
1444,2,2,0.0040885443,0.41236326,0.5835482
1445,0,0,0.9908631,0.009125533,1.141357e-05
1446,1,0,0.7824992,0.21653897,0.00096185034
1447,2,2,0.0003165442,0.1611518,0.8385317
1448,1,1,0.15998173,0.76988435,0.07013393
1449,0,0,0.64139456,0.3554437,0.0031618106
1450,0,1,0.2559507,0.7128639,0.031185407
1451,1,1,0.012430584,0.6033747,0.38419467
1452,1,1,0.032403808,0.724814,0.24278222
1453,0,0,0.9997569,0.00024031228,2.8221425e-06
1454,1,0,0.8625975,0.13695745,0.0004450821
1455,1,1,0.034743607,0.74737877,0.2178775
1456,0,0,0.9997569,0.00024031228,2.8221425e-06
1457,0,0,0.54458344,0.44991055,0.005505991
1458,0,0,0.9502679,0.049667705,6.431575e-05
1459,0,0,0.94418865,0.055727,8.436599e-05
1460,0,0,0.99807006,0.0019267284,3.2371313e-06
1461,0,0,0.93097687,0.06885948,0.00016371968
1462,0,1,0.023088029,0.6773719,0.29954007
1463,2,2,2.1793347e-05,0.021836251,0.97814196
1464,2,2,0.0011035951,0.24417341,0.754723
1465,2,1,0.040783625,0.7216532,0.23756316
1466,1,1,0.11131397,0.78483987,0.10384611
1467,1,1,0.20234515,0.7570425,0.040612344
1468,2,1,0.030570524,0.68976843,0.27966097
1469,0,0,0.6336351,0.3635503,0.0028145611
1470,1,1,0.11709285,0.8043629,0.078544214
1471,1,1,0.05411942,0.78430986,0.16157071
1472,1,1,0.26313162,0.707854,0.029014423
1473,0,0,0.9599208,0.040035546,4.3580334e-05
1474,1,1,0.09559707,0.8088059,0.09559707
1475,0,0,0.99998343,1.4945042e-05,1.619603e-06
1476,0,0,0.97660476,0.023369754,2.5438963e-05
1477,0,0,0.680403,0.31696662,0.0026303828
1478,1,0,0.7675233,0.23165567,0.00082110125
1479,2,2,0.0004106681,0.16113663,0.8384527
1480,0,0,0.9995796,0.00041876565,1.6189118e-06
1481,0,0,0.88734514,0.1124222,0.00023263265
1482,0,0,0.994736,0.005256272,7.685986e-06
1483,1,1,0.3153013,0.66517925,0.019519432
1484,1,2,0.0034709754,0.35931256,0.63721645
1485,0,0,0.96373314,0.036218297,4.8556874e-05
1486,2,2,0.00075446663,0.21658392,0.7826616
1487,1,2,0.00013546957,0.08347965,0.9163849
1488,0,1,0.08465928,0.7880312,0.12730946
1489,1,1,0.030809607,0.72915703,0.24003336
1490,1,2,0.0036909264,0.41673055,0.57957846
1491,1,1,0.45647132,0.53366905,0.009859638
1492,0,0,0.8605653,0.13902764,0.00040711462
1493,0,0,0.8763831,0.12322328,0.0003935569
1494,0,0,0.9643409,0.035617393,4.1559084e-05
1495,0,0,0.8973209,0.10243973,0.00023936792
1496,0,0,0.9353646,0.0645426,9.275315e-05
1497,0,0,0.9757953,0.024175417,2.9205037e-05
1498,0,0,0.8957631,0.10405276,0.0001841678
1499,2,2,0.0054934267,0.48430693,0.51019967
1500,0,0,0.53590006,0.45837966,0.005720278
1501,1,2,0.00015753126,0.10405554,0.895787
1502,1,1,0.12043894,0.7922076,0.08735343
1503,1,1,0.06628995,0.75996655,0.17374349
1504,0,0,0.9605806,0.039373506,4.5941833e-05
1505,1,1,0.40025,0.5864185,0.013331442
1506,0,0,0.98470795,0.015266764,2.5208554e-05
1507,1,1,0.11158221,0.8074881,0.08092971
1508,1,1,0.18444395,0.76582736,0.04972868
1509,1,2,0.0018996316,0.28438836,0.71371204
1510,0,0,0.77971435,0.219547,0.0007386891
1511,0,0,0.9999497,4.539764e-05,4.9197697e-06
1512,0,0,0.9422694,0.057578668,0.00015192808
1513,0,0,0.82629246,0.17320035,0.0005071826
1514,0,0,0.99998343,1.4945042e-05,1.6195535e-06
1515,0,1,0.25850508,0.70758647,0.03390849
1516,1,2,0.005205356,0.46291122,0.5318834
1517,1,0,0.738214,0.2604907,0.0012953068
1518,0,0,0.9887714,0.011215492,1.3086473e-05
1519,1,1,0.01697568,0.65183103,0.33119327
1520,1,1,0.16890717,0.77831167,0.052781176
1521,0,0,0.9992692,0.00072964496,1.2258967e-06
1522,1,1,0.049612187,0.74439365,0.20599413
1523,0,0,0.9557139,0.04423614,4.9854225e-05
1524,2,1,0.010712104,0.56711304,0.42217484
1525,1,1,0.42548144,0.56171745,0.012801111
1526,0,0,0.9992675,0.00072964374,2.8207398e-06
1527,2,2,0.003514355,0.41260108,0.5838846
1528,1,2,0.00089174893,0.20785032,0.7912579
1529,2,2,0.001025051,0.24100365,0.7579713
1530,1,0,0.76721406,0.23156233,0.0012235952
1531,2,1,0.109902054,0.7884552,0.101642765
1532,0,1,0.45656604,0.53377974,0.009654235
1533,1,1,0.27988097,0.69031096,0.029808123
1534,2,2,0.00054845586,0.16586225,0.83358926
1535,1,0,0.81599647,0.18334226,0.0006612355
1536,0,0,0.9979316,0.0020649983,3.4694474e-06
1537,0,0,0.9051013,0.09473679,0.00016195684
1538,0,0,0.99537563,0.0046175113,6.9301086e-06
1539,1,1,0.024217024,0.6729754,0.3028076
1540,2,1,0.057209544,0.7734705,0.16931997
1541,0,0,0.99998343,1.4945042e-05,1.619603e-06
1542,1,1,0.024448989,0.66917866,0.3063723
1543,1,0,0.82100767,0.17817293,0.00081939436
1544,0,0,0.9176945,0.08216011,0.0001454191
1545,0,0,0.7345584,0.26374,0.0017015865
1546,0,0,0.7482386,0.25062856,0.0011327701
1547,0,0,0.6730406,0.3246148,0.0023445264
1548,0,1,0.47833216,0.5127302,0.008937633
1549,1,1,0.108215176,0.7899495,0.10183541
1550,2,1,0.081638835,0.7867654,0.13159585
1551,0,0,0.73825455,0.26050505,0.0012403579
1552,0,0,0.99831784,0.001677295,4.911619e-06
1553,2,2,0.0004264492,0.16588245,0.83369106
1554,0,0,0.9321387,0.067758754,0.00010258102
1555,2,2,5.392274e-05,0.052185073,0.947761
1556,2,2,1.6229766e-05,0.021468611,0.97851515
1557,0,1,0.34673917,0.63664466,0.016616205
1558,2,2,7.997534e-06,0.00025758674,0.99973446
1559,0,0,0.98797685,0.01201237,1.0802773e-05
1560,0,0,0.9841875,0.015797816,1.4709007e-05
1561,1,1,0.063727744,0.78313166,0.15314059
1562,2,2,1.6918482e-05,0.0147535745,0.98522955
1563,0,1,0.3745032,0.6089348,0.016561994
1564,0,0,0.9432444,0.05664621,0.00010935294
1565,0,0,0.85421604,0.14537995,0.00040411094
1566,0,0,0.9643444,0.03561752,3.810382e-05
1567,1,0,0.50498044,0.48774728,0.007272266
1568,0,0,0.9940621,0.0059314696,6.4566484e-06
1569,1,0,0.6843699,0.31332746,0.0023026345
1570,2,1,0.286969,0.6836389,0.029392177
1571,1,1,0.17803895,0.765352,0.05660906
1572,2,2,0.0005711117,0.168274,0.83115494
1573,1,0,0.66538197,0.33225965,0.0023584394
1574,2,2,0.0033171347,0.40849093,0.58819187
1575,2,2,1.8674802e-05,0.020057162,0.9799241
1576,1,0,0.5118087,0.46117803,0.027013257
1577,0,1,0.15861365,0.78343946,0.05794689
1578,0,1,0.11668301,0.78775185,0.09556515
1579,1,1,0.05498434,0.7564045,0.18861112
1580,1,0,0.8360687,0.16349237,0.0004389489
1581,0,0,0.99244094,0.007551114,7.939197e-06
1582,1,1,0.15458646,0.77020484,0.07520873
1583,0,0,0.9913209,0.008666412,1.267247e-05
1584,1,1,0.13653739,0.7884512,0.075011395
1585,2,2,0.0009475622,0.20783871,0.79121375
1586,0,0,0.50888157,0.48305574,0.008062714
1587,2,1,0.00827472,0.5430673,0.448658
1588,2,2,0.00026229816,0.12897822,0.8707595
1589,0,0,0.58733475,0.4078959,0.0047694314
1590,2,2,0.002678294,0.2984857,0.698836
1591,1,1,0.20736699,0.7493547,0.04327824
1592,0,1,0.30951518,0.6644079,0.026076874
1593,0,1,0.24295123,0.72531855,0.031730246
1594,2,1,0.14557052,0.7842192,0.070210226
1595,0,0,0.9967849,0.003211338,3.6825666e-06
1596,0,0,0.9995764,0.00041876428,4.9178207e-06
1597,0,1,0.32113928,0.654375,0.024485726
1598,0,0,0.9432462,0.056646317,0.000107470994
1599,1,1,0.188834,0.7572984,0.053867538
1600,0,0,0.9718156,0.028148646,3.5822897e-05
1601,1,1,0.030776184,0.7065696,0.26265424
1602,0,0,0.97366726,0.02631025,2.246011e-05
1603,1,1,0.38378462,0.60273063,0.01348472
1604,2,1,0.049070552,0.7689265,0.18200298
1605,1,0,0.6254252,0.37151834,0.0030564405
1606,0,1,0.008868361,0.55973035,0.43140125
1607,2,2,0.0023651903,0.33611572,0.66151905
1608,0,0,0.7068141,0.2915907,0.0015952296
1609,1,1,0.053114843,0.7630985,0.18378672
1610,0,0,0.98548245,0.014503375,1.4225735e-05
1611,1,1,0.09942749,0.7985217,0.10205077
1612,0,0,0.9310252,0.06886306,0.00011174996
1613,2,2,0.0038895048,0.42508644,0.57102406
1614,1,0,0.7415715,0.2571717,0.0012567928
1615,0,0,0.99807006,0.0019267284,3.2371377e-06
1616,0,0,0.5706034,0.42477304,0.0046235183
1617,0,0,0.9666595,0.03330778,3.2670163e-05
1618,0,1,0.12492292,0.7868005,0.088276565
1619,1,2,0.0044337963,0.43758467,0.5579815
1620,0,0,0.9830663,0.01691459,1.906277e-05
1621,1,0,0.50085694,0.49223652,0.006906521
1622,0,0,0.5181723,0.475089,0.00673865
1623,1,1,0.040977582,0.75396943,0.20505296
1624,0,1,0.36543456,0.6151834,0.019382035
1625,2,1,0.12971625,0.7891094,0.08117437
1626,0,0,0.9992675,0.00072964374,2.8207398e-06
1627,1,1,0.1686723,0.7772293,0.054098427
1628,1,0,0.7936541,0.20489153,0.0014543568
1629,0,0,0.97229415,0.027677802,2.810716e-05
1630,2,1,0.009047393,0.5722706,0.41868204
1631,0,0,0.6844884,0.31338164,0.0021299575
1632,1,1,0.14691837,0.78463954,0.06844211
1633,2,1,0.05173957,0.756358,0.19190243
1634,2,2,1.4281323e-05,0.01065236,0.98933333
1635,1,0,0.5534648,0.4416438,0.004891336
1636,1,1,0.080034934,0.7985603,0.12140474
1637,2,1,0.27602854,0.6927319,0.031239543
1638,1,2,0.006524624,0.4838047,0.5096707
1639,0,0,0.9877627,0.012220083,1.725904e-05
1640,0,0,0.99680734,0.0031836545,9.004539e-06
1641,0,0,0.96774566,0.032207236,4.7095116e-05
1642,0,1,0.1471921,0.77930725,0.07350065
1643,1,1,0.46564817,0.5258195,0.008532345
1644,2,1,0.012949356,0.56163317,0.42541742
1645,1,1,0.08218773,0.7920551,0.1257572
1646,1,1,0.049112882,0.7530685,0.19781862
1647,1,2,5.237137e-06,0.0069276495,0.99306715
1648,0,0,0.9866736,0.013313572,1.2833956e-05
1649,1,2,0.0024011447,0.35175136,0.6458475
1650,2,2,0.0009987281,0.24101001,0.7579913
1651,0,0,0.9992655,0.00072963675,4.9162536e-06
1652,1,0,0.5229845,0.4712484,0.0057671224
1653,1,1,0.07098681,0.79289335,0.13611986
1654,1,1,0.059547283,0.78438157,0.15607122
1655,0,0,0.9215247,0.07831596,0.0001592683
1656,1,0,0.82377905,0.17569746,0.0005235047
1657,0,0,0.540482,0.4543421,0.005175954
1658,0,1,0.4218656,0.56669766,0.011436739
1659,0,0,0.8475969,0.15196578,0.00043734213
1660,0,0,0.8053687,0.19396721,0.0006640523
1661,0,0,0.7445995,0.25377735,0.0016231588
1662,1,2,0.0017756483,0.31349292,0.6847314
1663,0,0,0.9847207,0.015266961,1.23714335e-05
1664,1,1,0.16732357,0.7710145,0.06166187
1665,1,1,0.30549818,0.66726935,0.027232444
1666,0,1,0.16535296,0.7752778,0.059369266
1667,0,0,0.9998604,0.00013789402,1.619379e-06
1668,2,2,0.004944436,0.44162023,0.5534354
1669,2,2,1.1418859e-05,0.008666423,0.99132216
1670,0,0,0.8940922,0.10567751,0.00023036725
1671,1,1,0.40079552,0.5872178,0.011986655
1672,2,2,0.0001083153,0.065597735,0.934294
1673,2,1,0.054419477,0.7886584,0.15692213
1674,0,0,0.6613093,0.33600911,0.0026815883
1675,1,2,0.00026807026,0.12512682,0.8746051
1676,1,1,0.032778636,0.7051098,0.2621115
1677,1,1,0.03449102,0.7104316,0.2550774
1678,0,1,0.2742822,0.70040417,0.025313683
1679,1,1,0.38762105,0.5982782,0.014100722
1680,2,1,0.12882994,0.79055035,0.080619715
1681,0,0,0.9985374,0.0014601116,2.4531648e-06
1682,1,2,0.004127819,0.3670861,0.62878615
1683,1,0,0.72455615,0.2740572,0.0013866328
1684,1,0,0.5830088,0.41198212,0.0050091073
1685,1,1,0.17507155,0.76577556,0.05915288
1686,0,0,0.99102134,0.008969899,8.798196e-06
1687,0,0,0.8237865,0.17569901,0.0005144994
1688,0,0,0.9298883,0.069983475,0.00012824345
1689,1,1,0.2568053,0.7152442,0.027950535
1690,0,0,0.94140524,0.058533285,6.154151e-05
1691,2,1,0.008370788,0.53874636,0.4528829
1692,2,2,0.00012159195,0.05481843,0.94506
1693,2,1,0.010677749,0.5460028,0.44331944
1694,2,1,0.0076837298,0.500465,0.4918513
1695,2,1,0.17795111,0.7649744,0.05707443
1696,2,1,0.013334956,0.61093307,0.37573203
1697,0,0,0.98497355,0.015008056,1.8447947e-05
1698,1,1,0.011477221,0.58752066,0.40100214
1699,0,0,0.9992667,0.00072964316,3.7239201e-06
1700,1,1,0.2763953,0.69365233,0.029952405
1701,2,1,0.0097213695,0.5634698,0.4268088
1702,2,2,9.155173e-06,0.0039521996,0.9960387
1703,2,2,1.0088127e-05,0.01102462,0.9889653
1704,2,1,0.06527271,0.7680476,0.1666797
1705,0,0,0.96312547,0.03682933,4.5270714e-05
1706,1,1,0.100207485,0.79783016,0.10196239
1707,1,1,0.18111256,0.76516443,0.053722978
1708,0,0,0.52655196,0.46629667,0.0071513737
1709,1,1,0.0605183,0.77668065,0.16280107
1710,1,1,0.08408161,0.7894776,0.12644081
1711,0,0,0.6575078,0.33992818,0.0025640335
1712,0,0,0.9677117,0.032206118,8.20796e-05
1713,0,0,0.7547514,0.24418259,0.0010659733
1714,1,2,0.00024578717,0.12512964,0.87462455
1715,0,0,0.9862022,0.013777377,2.0498805e-05
1716,0,0,0.9264178,0.073449865,0.00013227905
1717,0,0,0.9889642,0.011024615,1.1195635e-05
1718,1,1,0.4486499,0.5430575,0.008292547
1719,0,0,0.938455,0.06146945,7.555843e-05
1720,0,0,0.9998604,0.00013789402,1.619379e-06
1721,2,1,0.16518125,0.77447253,0.060346257
1722,1,1,0.40895614,0.57872665,0.012317284
1723,2,2,0.0005146439,0.16828357,0.8312018
1724,0,0,0.9983205,0.0016773028,2.1345897e-06
1725,0,0,0.9998604,0.00013789402,1.6193543e-06
1726,0,0,0.9983198,0.0016772985,2.8180648e-06
1727,2,2,0.0023011847,0.3284424,0.66925645
1728,1,1,0.1787996,0.7686219,0.052578494
1729,0,0,0.9625014,0.037450034,4.8494814e-05
1730,2,2,8.522955e-05,0.062478054,0.9374367
1731,1,1,0.029663414,0.7236867,0.2466499
1732,1,1,0.05840714,0.7760708,0.16552213
1733,1,1,0.00807194,0.5217721,0.47015592
1734,1,1,0.030018555,0.7104355,0.25954592
1735,0,0,0.60863197,0.38754225,0.0038258056
1736,1,1,0.04112273,0.7566398,0.2022375
1737,0,0,0.99712354,0.0028696212,6.822789e-06
1738,0,0,0.64563954,0.3516381,0.0027223385
1739,1,1,0.06151295,0.7758584,0.16262871
1740,0,0,0.995131,0.004863185,5.824179e-06
1741,0,0,0.9998604,0.00013789402,1.619379e-06
1742,0,0,0.90509874,0.094736524,0.00016479274
1743,1,1,0.21404187,0.7470796,0.038878545
1744,1,2,0.0023294573,0.35177657,0.645894
1745,0,1,0.18361591,0.76238924,0.0539948
1746,0,0,0.98026377,0.019718785,1.742798e-05
1747,2,2,3.7849652e-06,0.0018291239,0.99816704
1748,1,1,0.02045661,0.67919654,0.3003469
1749,2,1,0.049070552,0.7689265,0.18200298
1750,1,0,0.82371473,0.17568378,0.00060145836
1751,0,0,0.96665156,0.033307496,4.0941683e-05
1752,1,0,0.535778,0.45827523,0.005946792
1753,1,1,0.010579457,0.55030113,0.43911934
1754,1,0,0.8584928,0.14112172,0.0003855227
1755,0,0,0.9998604,0.00013789402,1.6193543e-06
1756,0,0,0.8585202,0.14112626,0.0003534799
1757,0,0,0.99806684,0.0019267222,6.4826595e-06
1758,1,1,0.49183896,0.5004524,0.0077085895
1759,0,0,0.8053302,0.19395795,0.000711772
1760,1,0,0.7793937,0.21945673,0.0011496056
1761,0,1,0.44228533,0.544729,0.012985739
1762,0,0,0.97035336,0.029608954,3.7681362e-05
1763,1,1,0.029900424,0.71380943,0.25629017
1764,2,2,5.4374723e-06,0.0041268044,0.9958677
1765,0,0,0.99975806,0.00024031072,1.6192008e-06
1766,1,2,0.000444582,0.14537407,0.8541813
1767,0,1,0.07501137,0.78845125,0.13653736
1768,0,0,0.7449541,0.25389835,0.0011475486
1769,2,2,2.4973303e-06,0.0009798934,0.9990176
1770,0,1,0.23069336,0.7255448,0.043761875
1771,0,0,0.7942521,0.20504594,0.0007019809
1772,2,2,5.313918e-06,0.001077964,0.99891675
1773,1,0,0.6496316,0.34772274,0.002645693
1774,1,2,0.0041972627,0.39151472,0.60428804
1775,0,0,0.99975806,0.00024031072,1.6192008e-06
1776,1,1,0.19855145,0.75585836,0.045590263
1777,0,1,0.39960063,0.58546716,0.014932184
1778,2,1,0.025829598,0.675471,0.29869947
1779,1,1,0.05234887,0.7786669,0.16898425
1780,2,1,0.014947858,0.62195444,0.36309776
1781,0,1,0.24826954,0.71590173,0.03582876
1782,0,0,0.9999529,4.53971e-05,1.6195287e-06
1783,1,0,0.50044405,0.49183077,0.007725208
1784,2,1,0.018257007,0.6316818,0.35006127
1785,0,0,0.9108624,0.088943645,0.00019388912
1786,1,2,0.003469049,0.41261977,0.5839112
1787,1,0,0.93742317,0.06247719,9.964209e-05
1788,1,2,0.00095821696,0.21949883,0.779543
1789,0,0,0.76722217,0.23156479,0.001213033
1790,0,0,0.96932673,0.030622665,5.0564282e-05
1791,0,1,0.3658923,0.61595416,0.018153561
1792,0,0,0.8288303,0.1707421,0.00042765893
1793,1,1,0.04066132,0.75140446,0.20793422
1794,2,2,1.2315514e-05,0.019718885,0.9802688
1795,2,2,2.5289326e-05,0.029114548,0.9708601
1796,0,0,0.9649282,0.035025675,4.614977e-05
1797,0,0,0.80261385,0.19668898,0.000697162
1798,2,1,0.011539957,0.59161395,0.39684615
1799,2,2,0.0028622798,0.35555047,0.6415872
1800,1,0,0.92643005,0.07345083,0.00011919489
1801,0,0,0.9995764,0.00041876428,4.9178207e-06
1802,0,0,0.9995784,0.00041876512,2.8216175e-06
1803,0,0,0.9995796,0.00041876565,1.6189241e-06
1804,1,1,0.12443567,0.7837316,0.09183277
1805,0,0,0.751495,0.24738687,0.0011181188
1806,0,1,0.17712963,0.7614431,0.06142729
1807,1,0,0.6493756,0.34758568,0.003038694
1808,2,2,2.998799e-05,0.0322078,0.9677622
1809,0,0,0.87648857,0.12323809,0.00027335246
1810,0,0,0.95420957,0.045727,6.347101e-05
1811,2,2,8.978587e-05,0.062477805,0.93743235
1812,2,2,0.0018820467,0.28793707,0.7101809
1813,0,0,0.9020713,0.097755685,0.0001730224
1814,0,0,0.99021405,0.009775364,1.064088e-05
1815,2,2,3.3407441e-06,0.0008061781,0.9991905
1816,1,1,0.16280107,0.77668065,0.0605183
1817,1,1,0.016397946,0.640674,0.34292805
1818,2,2,2.625843e-05,0.026310146,0.97366357
1819,0,0,0.99176335,0.00823026,6.4417172e-06
1820,1,1,0.1578135,0.7660713,0.07611517
1821,1,1,0.043203123,0.7319952,0.22480166
1822,2,1,0.03323033,0.7241948,0.24257483
1823,2,2,2.0988407e-06,0.0012065872,0.9987914
1824,0,0,0.9998472,0.0001378922,1.4943005e-05
1825,2,2,9.579485e-05,0.05049201,0.94941217
1826,2,2,0.00018288115,0.09473478,0.90508235
1827,0,0,0.9995784,0.00041876512,2.8216175e-06
1828,0,0,0.7853996,0.21360084,0.0009995257
1829,1,1,0.011095553,0.5836015,0.40530294
1830,0,0,0.99998343,1.4945042e-05,1.6195535e-06
1831,0,0,0.9906217,0.00936402,1.4299921e-05
1832,0,1,0.42270613,0.56782657,0.00946735
1833,1,1,0.016476052,0.6521624,0.3313616
1834,1,1,0.010062929,0.537827,0.45211002
1835,0,0,0.9849769,0.015008107,1.4978616e-05
1836,0,0,0.99395424,0.006034688,1.1058468e-05
1837,0,0,0.95421356,0.045727175,5.9213096e-05
1838,1,1,0.29224643,0.68422854,0.023525057
1839,1,0,0.6414891,0.35549608,0.0030148465
1840,1,1,0.050768424,0.7750822,0.17414938
1841,2,2,0.0028871624,0.35554168,0.6415711
1842,1,1,0.011507979,0.6080094,0.38048258
1843,1,1,0.0074842037,0.53922796,0.45328778
1844,0,0,0.91770977,0.08216148,0.0001287803
1845,1,1,0.06283814,0.79257286,0.14458902
1846,1,1,0.21436115,0.748194,0.0374449
1847,0,1,0.27246058,0.69575244,0.031786967
1848,1,0,0.86269563,0.13697304,0.0003313692
1849,2,2,0.000102083584,0.072279274,0.9276186
1850,0,0,0.97954077,0.02040043,5.8710397e-05
1851,1,0,0.9887705,0.011215482,1.4027545e-05
1852,0,0,0.84072596,0.1587926,0.0004814216
1853,0,0,0.97699696,0.022976758,2.6348327e-05
1854,2,2,0.002541788,0.35964754,0.63781065
1855,1,1,0.057316978,0.7884939,0.15418915
1856,0,0,0.9298862,0.0699833,0.000130489
1857,0,0,0.8940735,0.1056753,0.00025125273
1858,0,0,0.9999529,4.5397785e-05,1.619504e-06
1859,2,2,0.0016942059,0.32482642,0.6734794
1860,1,1,0.11247554,0.78617555,0.10134889
1861,0,0,0.9999529,4.5397785e-05,1.619504e-06
1862,1,1,0.07898223,0.78805673,0.13296106
1863,1,0,0.5270192,0.46671057,0.0062702317
1864,1,1,0.048286084,0.7339917,0.21772222
1865,0,0,0.92517084,0.07463557,0.00019354523
1866,1,0,0.7068988,0.29162562,0.0014755224
1867,2,2,0.0032180254,0.38777864,0.6090033
1868,2,2,2.5829704e-05,0.025435131,0.97453904
1869,2,2,6.514856e-05,0.05392884,0.946006
1870,2,2,0.001953209,0.31343713,0.68460965
1871,2,2,8.205344e-06,0.009283888,0.9907079
1872,0,0,0.9682862,0.0316706,4.320353e-05
1873,1,0,0.892444,0.10733001,0.00022598512
1874,0,0,0.7765115,0.22247426,0.0010142876
1875,1,1,0.15098591,0.7856351,0.063378915
1876,2,2,4.946836e-05,0.03502555,0.964925
1877,0,0,0.9364174,0.06350311,7.942527e-05
1878,0,1,0.4051718,0.58341265,0.0114155365
1879,0,0,0.99306387,0.006927626,8.51546e-06
1880,1,1,0.2800602,0.6907529,0.029186893
1881,1,0,0.8474054,0.1519314,0.00066325313
1882,0,0,0.9998616,0.0001378942,5.33087e-07
1883,0,0,0.95189124,0.048054684,5.415773e-05
1884,1,1,0.073145606,0.7960047,0.13084972
1885,2,1,0.06527269,0.7680476,0.16667968
1886,1,2,0.008391418,0.4785957,0.5130129
1887,0,0,0.99872464,0.0012710115,4.2764436e-06
1888,1,0,0.8783299,0.12137143,0.0002987677
1889,0,0,0.5998984,0.39547738,0.004624224
1890,1,1,0.3222069,0.65655047,0.021242626
1891,1,1,0.20771141,0.7505992,0.041689396
1892,0,0,0.97085506,0.029114397,3.0610663e-05
1893,0,0,0.92642206,0.0734502,0.00012776541
1894,0,0,0.86054003,0.13902357,0.00043637853
1895,2,2,0.00016324267,0.08754952,0.91228724
1896,1,0,0.63347346,0.36345756,0.0030690157
1897,0,0,0.9990349,0.00096304703,2.1361209e-06
1898,1,0,0.653715,0.34388602,0.0023989526
1899,0,0,0.9404016,0.059494898,0.00010349034
1900,0,0,0.9722806,0.027677417,4.1901254e-05
1901,0,1,0.49219197,0.50081164,0.006996406
1902,1,1,0.2704235,0.6905506,0.039025895
1903,0,0,0.9992687,0.0007296446,1.6184206e-06
1904,1,1,0.052414365,0.7662226,0.18136297
1905,1,1,0.13059768,0.79447144,0.07493086
1906,0,0,0.9980708,0.001926726,2.4520184e-06
1907,1,0,0.7884999,0.21075319,0.0007470127
1908,0,0,0.9108854,0.08894587,0.00016875067
1909,0,0,0.9799099,0.020056864,3.3117987e-05
1910,0,0,0.87265795,0.1270347,0.00030732618
1911,2,2,0.0030366827,0.37558103,0.62138236
1912,1,1,0.023437865,0.6513229,0.32523924
1913,1,2,0.0053305845,0.4499899,0.5446795
1914,1,1,0.033772424,0.7392101,0.22701742
1915,2,2,7.649759e-06,0.009944883,0.9900475
1916,2,2,0.00028909292,0.13493948,0.8647714
1917,1,0,0.88552606,0.114156574,0.00031731962
1918,1,1,0.047827553,0.7429713,0.20920114
1919,1,0,0.92643553,0.07345125,0.00011314643
1920,2,2,0.00013585661,0.080861196,0.919003
1921,0,0,0.99217457,0.007815814,9.607222e-06
1922,0,0,0.67678005,0.3208002,0.0024197532
1923,1,1,0.15345538,0.77123517,0.075309366
1924,0,0,0.9966426,0.0033533087,4.121897e-06
1925,2,1,0.07399907,0.7778107,0.14819026
1926,0,0,0.9852284,0.014753564,1.8135135e-05
1927,2,2,5.8812402e-05,0.05218483,0.9477564
1928,1,2,0.005201719,0.47582424,0.518974
1929,1,1,0.17871767,0.7682697,0.05301259
1930,0,0,0.8989608,0.10086064,0.000178518
1931,2,2,0.0032613776,0.3714421,0.62529653
1932,0,0,0.83362734,0.16586977,0.00050287775
1933,0,1,0.15432887,0.77562493,0.070046216
1934,0,0,0.7911598,0.20782454,0.0010156343
1935,0,0,0.9999497,4.539764e-05,4.91962e-06
1936,2,2,5.6094846e-06,0.0076823537,0.992312
1937,0,1,0.055016406,0.7904182,0.15456542
1938,1,1,0.4302393,0.55822283,0.011537871
1939,1,1,0.3963912,0.5909357,0.012673031
1940,1,1,0.063191354,0.79013926,0.14666942
1941,2,2,0.0029517896,0.36350024,0.63354796
1942,1,1,0.012033928,0.5995324,0.38843364
1943,1,1,0.06651298,0.78946495,0.14402206
1944,0,1,0.11292282,0.79618347,0.0908937
1945,2,1,0.01572443,0.6333113,0.35096428
1946,1,2,0.012645024,0.4808242,0.50653076
1947,1,1,0.019603182,0.64244133,0.3379555
1948,0,0,0.9908631,0.009125533,1.141357e-05
1949,1,1,0.276918,0.6949644,0.028117588
1950,0,0,0.9978555,0.002137794,6.710285e-06
1951,1,1,0.024737548,0.69043064,0.2848318
1952,0,0,0.999985,1.4945064e-05,1.7551224e-07
1953,1,1,0.0652354,0.79472977,0.14003481
1954,1,1,0.24936034,0.71904695,0.031592716
1955,0,0,0.69893116,0.29852617,0.0025427155
1956,0,0,0.9998616,0.0001378942,5.33087e-07
1957,1,1,0.16801864,0.7742173,0.05776404
1958,0,0,0.75792974,0.24099047,0.0010797948
1959,1,1,0.009383759,0.52108216,0.4695341
1960,2,2,0.002504656,0.371724,0.6257713
1961,1,1,0.33010185,0.649683,0.02021515
1962,0,0,0.78265125,0.21658105,0.0007676693
1963,0,1,0.38711956,0.59750426,0.0153762195
1964,0,0,0.508362,0.48256245,0.009075571
1965,1,0,0.7481375,0.2505946,0.0012679206
1966,0,0,0.65730643,0.33982408,0.0028694551
1967,0,0,0.9998604,0.00013789402,1.619379e-06
1968,2,2,1.092866e-05,0.000498117,0.999491
1969,1,1,0.08888097,0.7853408,0.12577824
1970,0,0,0.9741029,0.025868978,2.8159448e-05
1971,0,1,0.3657614,0.6157336,0.018504985
1972,2,2,2.5350691e-05,0.026758604,0.973216
1973,0,1,0.18956031,0.76021117,0.050228488
1974,0,0,0.9977831,0.0022131684,3.7183913e-06
1975,0,1,0.44334003,0.546028,0.010632
1976,0,0,0.9999541,4.539784e-05,5.331445e-07
1977,0,0,0.9708575,0.029114472,2.806563e-05
1978,1,1,0.008741185,0.52999294,0.46126583
1979,0,0,0.99820006,0.0017977001,2.2878155e-06
1980,1,0,0.5576437,0.4373199,0.005036388
1981,1,1,0.16593374,0.77800083,0.056065414
1982,0,0,0.88199633,0.117718816,0.000284789
1983,0,0,0.9998604,0.00013789191,1.6193543e-06
1984,0,0,0.8940695,0.105674826,0.00025565183
1985,2,1,0.019776292,0.653765,0.32645872
1986,1,0,0.7970033,0.20221493,0.0007817466
1987,0,0,0.566185,0.42886528,0.0049497513
1988,1,1,0.009287817,0.5339772,0.45673493
1989,0,1,0.38029033,0.6077022,0.0120075
1990,2,2,0.00019975455,0.10900757,0.89079267
1991,2,2,0.0012605127,0.2740918,0.72464764
1992,2,2,0.00117779,0.25389063,0.74493164
1993,0,0,0.99557245,0.0044222604,5.250349e-06
1994,0,0,0.9873352,0.012646377,1.849218e-05
1995,2,1,0.10143178,0.8005979,0.097970285
1996,0,0,0.77665406,0.22251508,0.000830869
1997,0,0,0.9332395,0.066671185,8.938428e-05
1998,1,0,0.91231096,0.0875518,0.00013722917
1999,0,0,0.57903737,0.4163415,0.004621122
2000,0,0,0.98644096,0.013543529,1.5530892e-05
2001,0,0,0.9998604,0.00013789402,1.6194039e-06
2002,2,2,1.1201903e-05,0.0104709705,0.98951787
2003,1,1,0.10362702,0.79001194,0.10636109
2004,0,0,0.7175548,0.28099856,0.0014466521
2005,1,1,0.06449809,0.7722238,0.1632781
2006,1,1,0.04203758,0.75032645,0.2076359
2007,0,0,0.98390996,0.016069956,2.009918e-05
2008,1,0,0.9177077,0.082161285,0.00013103537
2009,1,1,0.13158645,0.79356784,0.07484564
2010,2,2,0.0005221268,0.16347876,0.8359991
2011,1,1,0.009839515,0.51655465,0.47360587
2012,0,0,0.98987037,0.010117241,1.2436142e-05
2013,0,0,0.7704068,0.2285239,0.0010693563
2014,0,0,0.6954424,0.30223805,0.0023196659
2015,0,0,0.6456243,0.3516297,0.0027460076
2016,0,0,0.8890387,0.1106982,0.0002631952
2017,0,0,0.99903214,0.0009630444,4.915143e-06
2018,0,0,0.97321135,0.026758475,3.0156845e-05
2019,1,0,0.51882374,0.4756862,0.0054901335
2020,0,1,0.35027942,0.63207567,0.017644955
2021,0,1,0.39179742,0.5943163,0.0138862785
2022,1,1,0.027141996,0.69909036,0.2737677
2023,1,1,0.010764208,0.5754637,0.41377208
2024,2,1,0.011731287,0.5538915,0.43437716
2025,1,1,0.015007047,0.60180056,0.3831924
2026,1,2,0.004339026,0.43762642,0.5580346
2027,1,1,0.20771141,0.7505992,0.041689396
2028,1,1,0.3426915,0.6402321,0.017076423
2029,1,1,0.18506137,0.7683909,0.04654776
2030,0,0,0.9275905,0.07227706,0.00013244648
2031,1,2,0.00033307963,0.08615792,0.913509
2032,0,0,0.87458825,0.12512444,0.00028734238
2033,0,0,0.9995784,0.00041876512,2.8216175e-06
2034,1,0,0.83840823,0.16112807,0.00046371052
2035,0,0,0.9873017,0.012645941,5.2403895e-05
2036,0,0,0.9999497,4.539764e-05,4.91962e-06
2037,1,1,0.03761786,0.74515337,0.21722881
2038,2,2,0.00010448105,0.050491575,0.949404
2039,0,0,0.895714,0.10404706,0.00023893926
2040,0,0,0.7673142,0.23159263,0.0010931646
2041,1,1,0.095370255,0.7861453,0.11848431
2042,1,1,0.42685583,0.5635319,0.009612297
2043,0,0,0.98363286,0.016346771,2.04454e-05
2044,0,0,0.9948723,0.005121857,5.822665e-06
2045,1,1,0.36320564,0.6221392,0.014655144
2046,0,1,0.41410252,0.57592344,0.009974033
2047,0,0,0.67297065,0.32458106,0.0024482722
2048,1,1,0.022176087,0.67800415,0.2998197
2049,1,1,0.011318281,0.57095915,0.41772258
2050,2,2,0.00016987401,0.1141734,0.8856568
2051,0,0,0.9713336,0.028627403,3.9052098e-05
2052,1,1,0.035225708,0.7350738,0.2297005
2053,2,2,0.0005083554,0.12700917,0.8724824
2054,1,1,0.041896224,0.76420933,0.19389448
2055,0,0,0.99991226,7.912114e-05,8.5742095e-06
2056,0,0,0.98643976,0.013543513,1.6647724e-05
2057,2,2,7.7229975e-05,0.04070677,0.95921606
2058,0,0,0.9937471,0.006246605,6.23433e-06
2059,2,2,1.0452281e-05,0.010292613,0.9896969
2060,0,2,0.0058111805,0.44977254,0.54441625
2061,0,0,0.97321767,0.02675865,2.3649998e-05
2062,2,1,0.17452575,0.7767571,0.048717126
2063,1,1,0.03281315,0.7213377,0.24584916
2064,0,0,0.9999541,4.539784e-05,5.3313636e-07
2065,1,1,0.02316192,0.66639644,0.31044155
2066,0,0,0.98306125,0.016914502,2.4307557e-05
2067,0,0,0.9666548,0.03330761,3.753774e-05
2068,0,1,0.48218626,0.5079657,0.009848031
2069,0,0,0.9722911,0.027677715,3.1192827e-05
2070,0,0,0.987553,0.012431457,1.5548385e-05
2071,0,0,0.9995796,0.00041876565,1.6189118e-06
2072,1,1,0.010323755,0.58820605,0.40147015
2073,1,1,0.016327502,0.57637686,0.40729564
2074,0,0,0.7942324,0.20504086,0.0007267654
2075,0,0,0.49593243,0.49593243,0.008135168
2076,0,0,0.9998572,0.00013789147,4.919165e-06
2077,0,0,0.9998472,0.00013789009,1.4943005e-05
2078,2,2,6.0576394e-06,0.00029595563,0.99969804
2079,0,0,0.9741029,0.025868988,2.8159448e-05
2080,0,0,0.8890581,0.110700585,0.00024131728
2081,0,0,0.6127494,0.3834487,0.00380186
2082,2,2,0.0003687141,0.11952387,0.8801074
2083,0,0,0.699527,0.29878068,0.0016923172
2084,1,1,0.12566715,0.79148793,0.08284488
2085,0,0,0.85203445,0.1475482,0.00041732052
2086,1,1,0.02100764,0.667866,0.31112632
2087,0,0,0.8262044,0.17318182,0.00061384094
2088,0,0,0.9578726,0.042085983,4.1280327e-05
2089,0,0,0.9999529,4.5397785e-05,1.619504e-06
2090,2,2,0.0015489825,0.30614436,0.6923067
2091,1,1,0.13534962,0.7952801,0.06937026
2092,1,1,0.26552075,0.70198715,0.03249215
2093,2,2,0.00022681589,0.10404835,0.89572483
2094,2,2,0.0029522665,0.37968582,0.61736184
2095,0,0,0.49633187,0.49633187,0.0073363027
2096,2,2,0.00023670583,0.112421766,0.8873415
2097,0,0,0.9980696,0.0019267276,3.7194588e-06
2098,1,0,0.61709946,0.37952456,0.0033760192
2099,1,1,0.40489563,0.5830148,0.012089588
2100,1,1,0.21046837,0.7474718,0.042059798
2101,1,1,0.119783424,0.78789586,0.09232072
2102,0,0,0.98710895,0.012864901,2.6162865e-05
2103,1,1,0.13628636,0.7938633,0.06985038
2104,1,1,0.014115814,0.5982691,0.3876151
2105,0,0,0.9384444,0.061468765,8.681542e-05
2106,0,0,0.641703,0.35561463,0.0026823538
2107,0,0,0.9999529,4.5397785e-05,1.619504e-06
2108,2,1,0.008960343,0.5426918,0.4483478
2109,1,0,0.58261734,0.4117055,0.0056771752
2110,1,1,0.03058942,0.69319683,0.2762137
2111,2,2,0.0054550446,0.4585019,0.53604305
2112,1,1,0.08666389,0.79280615,0.120529935
2113,0,1,0.3745434,0.6090004,0.016456285
2114,1,2,0.0025918772,0.38802227,0.60938585
2115,0,0,0.99975806,0.00024031072,1.6192008e-06
2116,1,1,0.05531979,0.7879075,0.15677276
2117,2,2,2.371242e-06,0.0007047611,0.99929285
2118,0,0,0.95990247,0.040034767,6.275072e-05
2119,1,1,0.06442333,0.77805346,0.15752326
2120,1,1,0.29943427,0.67713255,0.023433156
2121,0,0,0.9946466,0.005347841,5.6226822e-06
2122,1,1,0.15347436,0.7848385,0.061687127
2123,1,1,0.043744575,0.73158103,0.2246744
2124,2,2,0.00060686923,0.16826801,0.8311251
2125,0,0,0.9977836,0.0022131675,3.2362116e-06
2126,0,0,0.83125407,0.16829409,0.00045184046
2127,0,0,0.84968305,0.14971778,0.00059924705
2128,0,0,0.874601,0.12512623,0.00027276378
2129,0,0,0.9898726,0.0101172635,1.0097382e-05
2130,2,2,0.00095433154,0.20218001,0.79686564
2131,2,2,0.00058373756,0.18597004,0.8134462
2132,2,2,0.00060040463,0.1912799,0.8081197
2133,1,1,0.2664782,0.7045185,0.029003324
2134,0,0,0.8764801,0.123236865,0.00028300786
2135,0,1,0.3587545,0.62527627,0.015969155
2136,1,1,0.03991982,0.734507,0.22557306
2137,1,1,0.060689844,0.78567266,0.15363747
2138,0,1,0.19843288,0.7554069,0.04616019
2139,1,0,0.57925993,0.41650152,0.00423853
2140,1,1,0.08088758,0.79317707,0.12593536
2141,1,1,0.20028567,0.7493373,0.05037708
2142,0,0,0.9698589,0.03011214,2.9027362e-05
2143,1,1,0.2954963,0.67993003,0.024573708
2144,1,1,0.2426792,0.72450626,0.03281455
2145,2,2,0.00071756204,0.22860439,0.770678
2146,1,0,0.6004303,0.39582813,0.0037416308
2147,1,1,0.010002175,0.5506223,0.43937558
2148,1,1,0.098887965,0.7941886,0.10692339
2149,0,0,0.8079862,0.19124836,0.00076547376
2150,1,2,0.01341159,0.4378624,0.5487261
2151,1,1,0.18267666,0.77177244,0.04555083
2152,0,0,0.99903536,0.0009630475,1.6180365e-06
2153,0,1,0.1076624,0.79276603,0.09957145
2154,1,1,0.047667697,0.7800773,0.17225505
2155,0,0,0.82121325,0.17821757,0.0005692005
2156,2,2,0.0013214721,0.277541,0.7211375
2157,1,1,0.05968831,0.7930938,0.14721791
2158,0,0,0.6807895,0.31714657,0.0020639908
2159,0,0,0.9769991,0.02297681,2.4157664e-05
2160,1,1,0.22850122,0.7312359,0.040262893
2161,2,2,7.984362e-05,0.042084355,0.9578358
2162,1,1,0.04278535,0.7440429,0.21317181
2163,2,2,3.1917578e-05,0.022209944,0.9777581
2164,2,1,0.031587847,0.7158226,0.25258955
2165,0,0,0.9703581,0.029609097,3.2795167e-05
2166,1,1,0.028854165,0.69786,0.27328587
2167,0,0,0.91087997,0.08894534,0.00017471181
2168,2,1,0.047043093,0.74358344,0.2093735
2169,2,1,0.016119914,0.6291283,0.35475183
2170,2,1,0.063378915,0.7856351,0.15098596
2171,2,2,6.819326e-05,0.0435071,0.9564247
2172,1,0,0.9202088,0.07957372,0.00021738312
2173,2,2,5.6117486e-05,0.047266584,0.95267725
2174,1,1,0.056526583,0.77762073,0.16585268
2175,0,0,0.50106096,0.49243706,0.006501998
2176,1,1,0.04292023,0.74963516,0.2074446
2177,1,1,0.14474472,0.7797705,0.0754847
2178,0,0,0.55763763,0.4373151,0.0050472734
2179,0,0,0.7031837,0.29517323,0.0016431088
2180,0,0,0.933245,0.06667159,8.338814e-05
2181,1,1,0.10211946,0.79215294,0.10572754
2182,0,0,0.93638295,0.06350079,0.00011636415
2183,1,2,0.002405332,0.3478065,0.64978814
2184,0,0,0.99998343,1.4945042e-05,1.619603e-06
2185,0,0,0.9985367,0.0014601134,3.2386572e-06
2186,0,0,0.54448426,0.44982862,0.0056871367
2187,1,1,0.12123481,0.7974426,0.08132258
2188,2,2,0.0007497319,0.20787987,0.79137045
2189,1,1,0.24811828,0.70315146,0.04873032
2190,0,0,0.87266713,0.12703602,0.00029684135
2191,2,1,0.03956451,0.740718,0.2197174
2192,1,1,0.12152841,0.78561556,0.09285608
2193,0,0,0.9857211,0.014257204,2.1584205e-05
2194,2,2,0.0013574404,0.2706265,0.7280161
2195,0,0,0.989335,0.010652377,1.2647095e-05
2196,1,0,0.7314315,0.26721647,0.0013520216
2197,1,1,0.13524921,0.7878217,0.076929
2198,1,0,0.6954563,0.302244,0.0022996624
2199,0,0,0.6995372,0.2987851,0.001677715
2200,2,1,0.051085472,0.76983315,0.17908137
2201,2,2,2.4925852e-05,0.026310183,0.9736649
2202,0,0,0.87648857,0.12323809,0.00027335246
2203,1,1,0.11169714,0.79440767,0.093895264
2204,1,0,0.88381976,0.11593193,0.00024837122
2205,0,1,0.25124732,0.71201897,0.036733706
2206,0,2,0.005945214,0.47977647,0.5142783
2207,2,1,0.0154846,0.60960203,0.37491342
2208,1,1,0.0423367,0.7235691,0.23409423
2209,0,0,0.52691734,0.46662024,0.006462406
2210,0,0,0.96551025,0.03444361,4.6177607e-05
2211,0,0,0.9985367,0.0014601105,3.2386513e-06
2212,0,0,0.9999497,4.539764e-05,4.91962e-06
2213,2,2,0.0030269786,0.39611205,0.60086095
2214,0,0,0.99872607,0.0012710158,2.8192117e-06
2215,1,1,0.23756316,0.7216532,0.040783625
2216,0,0,0.9881814,0.011808067,1.0436274e-05
2217,0,0,0.9757986,0.024175499,2.5863088e-05
2218,0,0,0.9995796,0.00041876565,1.6189118e-06
2219,1,1,0.27311298,0.69741845,0.029468536
2220,2,2,6.336863e-05,0.047266256,0.95267045
2221,2,2,2.653315e-06,0.0011553968,0.99884194
2222,1,1,0.11619842,0.80517775,0.07862378
2223,0,0,0.98667437,0.013313583,1.1972959e-05
2224,0,0,0.81065464,0.18857741,0.0007680015
2225,2,2,2.3386447e-05,0.02075102,0.97922564
2226,0,1,0.43083432,0.5589949,0.010170805
2227,1,1,0.028892403,0.7079429,0.26316467
2228,1,1,0.050969593,0.75159806,0.19743235
2229,0,0,0.9995796,0.00041876565,1.6189118e-06
2230,1,1,0.47461247,0.5176526,0.007734918
2231,2,2,6.677265e-06,0.007048103,0.99294525
2232,2,2,4.9066975e-06,0.0026776239,0.9973175
2233,2,2,7.5638454e-05,0.060475454,0.9394489
2234,0,0,0.999445,0.0005527775,2.1369897e-06
2235,1,0,0.54864967,0.44546852,0.005881839
2236,0,0,0.9905453,0.009444929,9.759414e-06
2237,1,1,0.013217401,0.5823492,0.40443337
2238,0,0,0.97849864,0.021468248,3.307029e-05
2239,0,0,0.98667115,0.013313531,1.526714e-05
2240,0,1,0.36179438,0.6197217,0.018483913
2241,0,0,0.9883797,0.011607162,1.3081289e-05
2242,0,1,0.010336933,0.5715259,0.4181372
2243,2,2,0.0022818507,0.29860422,0.69911397
2244,2,1,0.0136050135,0.57381123,0.41258377
2245,2,1,0.010781551,0.5754537,0.41376472
2246,0,0,0.9998604,0.00013789402,1.619379e-06
2247,1,2,0.0005736965,0.18597184,0.8134545
2248,0,0,0.9992687,0.0007296446,1.6184083e-06
2249,0,1,0.07879873,0.786226,0.13497527
2250,2,2,0.0037280193,0.40832254,0.5879494
2251,1,0,0.71392816,0.28447446,0.0015973588
2252,0,0,0.6046362,0.3917403,0.0036234965
2253,1,1,0.3027757,0.6729045,0.024319796
2254,1,2,0.0016513364,0.30981022,0.68853843
2255,0,0,0.82377154,0.17569585,0.0005326681
2256,0,0,0.7705198,0.22855747,0.00092277955
2257,2,2,0.005819505,0.47552875,0.5186517
2258,1,1,0.050237097,0.78040206,0.16936082
2259,2,2,4.278976e-06,0.00068072503,0.999315
2260,1,1,0.34912732,0.6299967,0.020875921
2261,0,0,0.9980647,0.0019267143,8.558349e-06
2262,0,0,0.9873373,0.012646397,1.6376089e-05
2263,2,2,0.0009628616,0.22248569,0.7765514
2264,0,1,0.2986322,0.6753189,0.026048925
2265,0,0,0.999985,1.4945064e-05,1.7551224e-07
2266,0,0,0.9995796,0.00041876565,1.6189118e-06
2267,0,0,0.96665287,0.033307534,3.9544546e-05
2268,0,0,0.9557123,0.044236057,5.1615545e-05
2269,0,0,0.99628973,0.0037040259,6.2502813e-06
2270,0,0,0.9998604,0.00013789402,1.619379e-06
2271,0,0,0.8956503,0.10403969,0.00030999474
2272,0,0,0.9959573,0.0040385756,3.978498e-06
2273,2,2,7.389974e-06,0.0097753955,0.9902172
2274,0,0,0.996881,0.0031138482,5.0531094e-06
2275,0,1,0.4120853,0.573118,0.014796747
2276,0,0,0.99975806,0.00024031257,1.6192131e-06
2277,1,1,0.3500125,0.6315938,0.018393643
2278,1,0,0.78829765,0.21069913,0.0010032138
2279,0,0,0.9995796,0.00041876244,1.6189241e-06
2280,0,0,0.65714437,0.33974028,0.0031153476
2281,0,0,0.993583,0.006410357,6.6815537e-06
2282,0,0,0.9998604,0.00013789191,1.6193543e-06
2283,0,0,0.999985,1.4945064e-05,1.7550688e-07
2284,0,0,0.8585095,0.14112449,0.00036596443
2285,0,1,0.38737872,0.59790426,0.014717002
2286,0,1,0.44259766,0.5451137,0.012288657
2287,1,0,0.68818754,0.30965233,0.0021601378
2288,2,2,0.0038110092,0.42935604,0.5668329
2289,0,1,0.404177,0.5819802,0.0138427485
2290,0,0,0.9321387,0.06775877,0.00010258102
2291,0,0,0.8053869,0.1939716,0.000641405
2292,2,2,1.32713685e-05,0.014503388,0.9854834
2293,0,0,0.99998343,1.4945042e-05,1.619603e-06
2294,2,2,1.0646161e-05,0.009283866,0.99070555
2295,1,1,0.0440713,0.75978166,0.19614704
2296,2,1,0.09716941,0.79405326,0.10877735
2297,1,2,0.0053245225,0.47145808,0.52321744
2298,0,0,0.8941026,0.10567876,0.00021867867
2299,0,0,0.6418045,0.35567087,0.0025246162
2300,2,2,0.002518267,0.35171008,0.6457717
2301,0,0,0.83122,0.16828725,0.00049279555
2302,0,0,0.9666508,0.03330747,4.165863e-05
2303,1,1,0.17407234,0.77473927,0.051188383
2304,1,1,0.07851409,0.7971052,0.12438076
2305,1,2,0.00074897986,0.18074156,0.81850946
2306,1,1,0.013077681,0.6191384,0.36778393
2307,1,1,0.11638955,0.78577065,0.0978398
2308,0,1,0.4785492,0.5129629,0.008487894
2309,0,0,0.9900449,0.009944858,1.0275999e-05
2310,0,0,0.9698547,0.030111998,3.3352175e-05
2311,0,0,0.9992675,0.00072964374,2.8207398e-06
2312,0,1,0.13774161,0.7885305,0.07372777
2313,0,0,0.6919387,0.3059817,0.0020796629
2314,1,1,0.15056267,0.7834326,0.06600475
2315,0,0,0.9881775,0.011808019,1.4514459e-05
2316,0,1,0.07250489,0.7621051,0.16539007
2317,1,1,0.37915307,0.60588485,0.014962062
2318,1,1,0.116076715,0.790491,0.093432315
2319,0,0,0.74484366,0.25386065,0.0012956434
2320,0,0,0.9929349,0.0070480295,1.7050816e-05
2321,2,2,4.903085e-06,0.003411831,0.9965833
2322,2,1,0.008349308,0.5515415,0.44010913
2323,1,0,0.7279358,0.27059665,0.001467581
2324,0,0,0.9698504,0.030111866,3.7661834e-05
2325,1,0,0.55317426,0.441412,0.0054137222
2326,0,0,0.98123646,0.018736618,2.6926084e-05
2327,0,0,0.9802612,0.019718733,2.0024643e-05
2328,0,0,0.714032,0.28451586,0.0014521
2329,2,2,2.2157894e-05,0.022590326,0.9773875
2330,0,0,0.98523116,0.014753599,1.5244859e-05
2331,0,0,0.95853996,0.041390445,6.9541005e-05
2332,0,0,0.91227084,0.08754797,0.00018116114
2333,1,1,0.0103142625,0.567341,0.42234468
2334,0,0,0.99998343,1.4945042e-05,1.6195535e-06
2335,1,1,0.39202583,0.5946627,0.013311437
2336,2,2,5.270956e-06,0.00051571004,0.999479
2337,0,0,0.84303695,0.1564886,0.000474436
2338,2,2,1.9505209e-05,0.011409592,0.98857087
2339,0,1,0.20429385,0.75117797,0.044528153
2340,1,1,0.22614203,0.73635995,0.037498023
2341,0,0,0.88019854,0.119536266,0.00026514145
2342,1,0,0.7103079,0.28798854,0.0017035459
2343,1,1,0.37880453,0.6053279,0.015867569
2344,1,0,0.71042764,0.28803715,0.0015352825
2345,0,1,0.1555759,0.7818923,0.06253182
2346,0,0,0.9953472,0.00464754,5.249161e-06
2347,1,2,9.051547e-05,0.071124546,0.9287849
2348,2,2,0.0017615771,0.32480448,0.6734339
2349,2,2,0.00047443606,0.15648857,0.843037
2350,1,0,0.7854198,0.21360634,0.00097385724
2351,0,0,0.99675566,0.0032392414,5.077205e-06
2352,1,0,0.5275343,0.46716672,0.005299005
2353,1,2,0.005007382,0.4888602,0.5061325
2354,0,1,0.09206467,0.7925605,0.115374744
2355,1,2,0.004566596,0.45462027,0.54081315
2356,1,1,0.10383006,0.79846114,0.09770881
2357,0,0,0.79428947,0.2050556,0.0006549171
2358,1,1,0.16957383,0.7679351,0.06249113
2359,1,1,0.13469522,0.78459483,0.080709934
2360,0,0,0.98218083,0.017802848,1.6290564e-05
2361,2,2,0.0016121181,0.30245242,0.6959355
2362,1,1,0.10391112,0.79217774,0.10391112
2363,1,1,0.33396685,0.64597696,0.020056263
2364,0,1,0.1381743,0.7910077,0.070817985
2365,0,0,0.9999497,4.539764e-05,4.91962e-06
2366,0,0,0.70304567,0.2951153,0.0018390351
2367,0,1,0.48668447,0.5038801,0.009435447
2368,1,1,0.049152475,0.78369856,0.16714899
2369,0,0,0.8855979,0.11416583,0.0002362407
2370,0,0,0.8106861,0.18858479,0.00072905363
2371,1,1,0.0284185,0.71160746,0.25997403
2372,0,0,0.80530995,0.19395308,0.00073690194
2373,2,2,0.00027088847,0.115929276,0.8837998
2374,1,0,0.57064307,0.4248028,0.0045541297
2375,1,2,0.0008684243,0.22856987,0.77056175
2376,1,1,0.17318413,0.7707861,0.05602976
2377,0,0,0.9998604,0.00013789402,1.619379e-06
2378,2,1,0.10589535,0.8003273,0.09377736
2379,0,0,0.9847136,0.015266852,1.9429104e-05
2380,0,1,0.25909448,0.7091998,0.031705763
2381,1,2,0.0051908265,0.4586237,0.53618544
2382,1,1,0.0445986,0.7426334,0.21276802
2383,1,1,0.019005572,0.6504851,0.3305094
2384,0,1,0.082571134,0.7888724,0.1285565
2385,0,1,0.29157555,0.6826577,0.02576672
2386,1,1,0.045584004,0.73313844,0.22127755
2387,0,0,0.9761989,0.023769153,3.186668e-05
2388,1,1,0.18370165,0.76274526,0.053553123
2389,1,1,0.16271524,0.776271,0.061013725
2390,2,2,0.0015077273,0.257107,0.74138534
2391,1,1,0.14172947,0.79050374,0.067766845
2392,0,0,0.9998572,0.00013789358,4.9192395e-06
2393,0,0,0.9995784,0.00041876512,2.8216175e-06
2394,0,0,0.973202,0.026758218,3.981246e-05
2395,0,0,0.8891101,0.11070706,0.00018279995
2396,1,2,0.00012855047,0.067756996,0.9321145
2397,2,2,2.802201e-05,0.030623369,0.9693486
2398,0,0,0.8783678,0.12137668,0.0002555607
2399,0,0,0.9952361,0.0047592865,4.5679676e-06
2400,1,1,0.20120877,0.7527909,0.046000335
2401,1,1,0.030041788,0.72658324,0.24337491
2402,0,0,0.9999529,4.5397785e-05,1.6195287e-06
2403,0,0,0.9990349,0.0009630433,2.1361127e-06
2404,0,0,0.9019906,0.09774693,0.00026243352
2405,1,0,0.5911481,0.40347806,0.005373855
2406,0,0,0.85413593,0.14536636,0.0004976657
2407,1,1,0.41285148,0.5741834,0.012965068
2408,0,0,0.695602,0.30230743,0.002090672
2409,2,1,0.01312858,0.60294825,0.3839232
2410,0,0,0.8954842,0.1040204,0.0004952784
2411,0,0,0.9917583,0.008230218,1.1423882e-05
2412,0,0,0.89412194,0.10568105,0.0001970501
2413,0,0,0.99975806,0.00024030887,1.6191884e-06
2414,0,0,0.9374309,0.062477693,9.135807e-05
2415,1,2,0.000572998,0.19398488,0.8054421
2416,0,0,0.90510625,0.09473731,0.00015643067
2417,0,0,0.9999541,4.539784e-05,5.331445e-07
2418,1,2,0.004506215,0.43329984,0.562194
2419,0,0,0.6576345,0.33999375,0.0023718004
2420,0,1,0.4220101,0.5668916,0.011098293
2421,2,1,0.031199124,0.6858562,0.28294465
2422,1,0,0.92402405,0.07584852,0.0001274347
2423,0,0,0.98951894,0.010470982,1.0093774e-05
2424,1,1,0.025964204,0.6999367,0.27409914
2425,1,1,0.13917527,0.783025,0.077799655
2426,1,1,0.02397792,0.68391114,0.29211092
2427,0,1,0.27332002,0.69794714,0.028732803
2428,0,0,0.75462353,0.24414119,0.0012352682
2429,0,0,0.994163,0.0058299704,7.166216e-06
2430,1,2,0.005773531,0.46264687,0.5315796
2431,0,0,0.83603543,0.16348583,0.00047873548
2432,1,1,0.09768563,0.77775156,0.12456277
2433,1,1,0.23833257,0.72399044,0.03767697
2434,0,0,0.9955337,0.0044606426,5.676765e-06
2435,0,0,0.95345,0.04649076,5.9165715e-05
2436,0,0,0.9931805,0.0068091894,1.0308543e-05
2437,0,0,0.99572194,0.004271986,6.0335406e-06
2438,0,1,0.47867823,0.51310134,0.00822049
2439,1,1,0.014808994,0.58554035,0.3996506
2440,2,2,5.9305647e-05,0.044235718,0.955705
2441,0,0,0.95421654,0.045727316,5.620816e-05
2442,2,1,0.05700642,0.7842216,0.15877204
2443,0,0,0.9950028,0.0049908524,6.2422077e-06
2444,0,1,0.42572424,0.562038,0.0122378
2445,0,0,0.97992444,0.020057164,1.835338e-05
2446,2,2,0.00034907946,0.13697061,0.8626804
2447,1,0,0.99495924,0.0050341426,6.6908024e-06
2448,1,1,0.017136868,0.6205722,0.36229092
2449,1,0,0.9423525,0.057583746,6.378002e-05
2450,1,1,0.12453561,0.7911993,0.084264986
2451,1,1,0.3785517,0.60492384,0.016524466
2452,1,1,0.05747484,0.78383195,0.15869313
2453,2,1,0.024735175,0.67261803,0.3026468
2454,2,2,0.0015776339,0.28096163,0.7174607
2455,1,1,0.16750133,0.77183366,0.06066496
2456,0,0,0.7446508,0.25379485,0.0015543234
2457,2,1,0.07684264,0.79379815,0.12935922
2458,0,1,0.101258054,0.79922664,0.099515274
2459,1,1,0.20494294,0.75356466,0.041492358
2460,1,0,0.8889415,0.1106861,0.00037241512
2461,2,2,2.7960437e-05,0.03275344,0.96721864
2462,0,0,0.7674102,0.23162161,0.0009681911
2463,0,0,0.58765554,0.40811846,0.004225954
2464,1,1,0.021528345,0.6711821,0.30728954
2465,1,0,0.73497015,0.26388782,0.0011420393
2466,1,1,0.0651951,0.78737444,0.14743046
2467,0,0,0.96057904,0.039373443,4.7564987e-05
2468,2,2,4.4304634e-06,0.00061342533,0.99938214
2469,0,1,0.21393286,0.74669915,0.039368022
2470,0,0,0.82376385,0.17569421,0.00054199126
2471,1,1,0.10409151,0.8004716,0.095436856
2472,0,0,0.9985374,0.0014601145,2.4531696e-06
2473,0,0,0.71398604,0.28449756,0.0015164153
2474,0,0,0.97085,0.029114246,3.5787303e-05
2475,0,0,0.9020571,0.09775414,0.00018870986
2476,0,0,0.9849637,0.015007906,2.8473414e-05
2477,1,2,0.00058600673,0.17568646,0.82372755
2478,1,1,0.119227186,0.79797125,0.08280161
2479,0,0,0.5447171,0.45002097,0.0052619907
2480,0,0,0.99363315,0.006355271,1.1645926e-05
2481,0,0,0.9672046,0.03275295,4.2412452e-05
2482,1,0,0.81080556,0.18861257,0.0005818426
2483,2,2,0.0010431843,0.2474054,0.7515514
2484,1,1,0.047407668,0.76246905,0.1901233
2485,0,0,0.9975414,0.0024555458,3.1250097e-06
2486,1,1,0.13533919,0.78834593,0.07631484
2487,1,1,0.016241712,0.64849144,0.33526677
2488,2,1,0.03766998,0.730167,0.23216301
2489,2,2,0.0007378376,0.21365681,0.7856054
2490,2,1,0.04001066,0.74907076,0.21091859
2491,1,1,0.051566284,0.75382465,0.19460909
2492,0,0,0.99998343,1.4945496e-05,1.619603e-06
2493,1,1,0.45663717,0.53386295,0.009499853
2494,0,0,0.9564067,0.04350629,8.6954344e-05
2495,1,0,0.91087425,0.08894481,0.0001808838
2496,0,0,0.7914291,0.20789528,0.0006756149
2497,0,0,0.91501844,0.084814966,0.00016659884
2498,0,0,0.96432644,0.035616834,5.680368e-05
2499,0,0,0.99631554,0.0036800834,4.3692007e-06
2500,0,0,0.8838039,0.11592986,0.0002662275
2501,1,1,0.44776002,0.5419804,0.01025962
2502,0,0,0.9965538,0.0034414742,4.694696e-06
2503,2,2,0.0009017768,0.21951118,0.7795871
2504,0,1,0.31892547,0.6612448,0.019829674
2505,1,1,0.49172205,0.5003334,0.007944498
2506,1,1,0.44792888,0.5421847,0.009886379
2507,0,0,0.9949817,0.0050124545,5.823305e-06
2508,0,0,0.939445,0.060475223,7.968207e-05
2509,0,0,0.77659553,0.22249831,0.000906148
2510,1,1,0.056696583,0.7867592,0.15654428
2511,0,0,0.58336556,0.41223422,0.00440025
2512,1,1,0.23871458,0.7251509,0.036134485
2513,0,0,0.8107353,0.18859622,0.00066847715
2514,1,0,0.5447171,0.45002097,0.0052619907
2515,1,0,0.7514107,0.24735919,0.0012300097
2516,1,1,0.295433,0.6797844,0.024782643
2517,1,1,0.4213193,0.5659635,0.012717217
2518,1,1,0.014486676,0.6419189,0.3435944
2519,0,1,0.26222277,0.70540893,0.03236832
2520,0,0,0.94943666,0.050493326,7.0086826e-05
2521,0,0,0.99473685,0.0052562742,6.925661e-06
2522,1,1,0.49193653,0.5005515,0.007511926
2523,1,2,0.0062353904,0.47532973,0.5184349
2524,0,0,0.94135296,0.05853006,0.00011698178
2525,1,0,0.6457288,0.35168675,0.0025845363
2526,1,1,0.39581025,0.59006965,0.0141201345
2527,1,1,0.120507054,0.7858048,0.0936882
2528,0,0,0.9992655,0.0007296423,4.916291e-06
2529,1,2,0.002264957,0.33614948,0.6615855
2530,0,0,0.7997977,0.1994313,0.0007709854
2531,2,2,0.00019937375,0.11070523,0.8890954
2532,0,1,0.46106878,0.5297665,0.00916472
2533,2,1,0.07320229,0.8035667,0.12323095
2534,2,1,0.12671468,0.79118764,0.08209771
2535,0,0,0.99717194,0.0028203665,7.704815e-06
2536,0,1,0.47434223,0.5173579,0.008299934
2537,0,0,0.9992687,0.0007296446,1.6184206e-06
2538,0,0,0.9342921,0.0655976,0.00011021193
2539,0,0,0.9891522,0.010836922,1.0815635e-05
2540,1,0,0.61722237,0.37960005,0.0031776186
2541,2,2,2.9147125e-06,0.002677631,0.9973195
2542,2,2,0.0008076642,0.21074037,0.7884519
2543,1,1,0.031036172,0.70638007,0.2625838
2544,0,0,0.99975806,0.00024031072,1.6192008e-06
2545,0,1,0.20797083,0.7515368,0.04049235
2546,1,1,0.009987519,0.5293266,0.46068594
2547,0,0,0.8764758,0.123236254,0.00028796252
2548,0,0,0.99998343,1.4945042e-05,1.6195535e-06
2549,1,1,0.2809032,0.69283235,0.026264504
2550,1,0,0.76416254,0.2346805,0.0011568776
2551,1,0,0.86872935,0.13093103,0.00033953076
2552,2,2,6.5770546e-06,0.0048213503,0.9951721
2553,1,2,0.004939455,0.43736237,0.5576982
2554,0,0,0.8626642,0.13696808,0.00036773548
2555,2,1,0.00825743,0.5044793,0.48726323
2556,2,2,0.0023754535,0.33611223,0.66151226
2557,1,1,0.019578174,0.6614145,0.3190073
2558,2,1,0.3028552,0.67308116,0.024063654
2559,0,0,0.7380811,0.26044375,0.0014751741
2560,1,1,0.10381707,0.79146075,0.10472215
2561,0,0,0.9995784,0.00041876512,2.8216175e-06
2562,1,1,0.03292618,0.6811497,0.28592414
2563,2,2,1.2830965e-05,0.013543566,0.98644364
2564,0,0,0.95786005,0.04208542,5.4497326e-05
2565,1,1,0.0428339,0.735251,0.22191517
2566,2,2,0.0007562632,0.20787852,0.79136527
2567,0,0,0.9995764,0.00041876428,4.9178207e-06
2568,1,0,0.9502551,0.049667034,7.784841e-05
2569,0,0,0.7733735,0.22545566,0.0011708228
2570,1,1,0.05485996,0.7813584,0.1637816
2571,2,2,0.000586171,0.16827153,0.8311423
2572,0,1,0.41753963,0.57070917,0.011751237
2573,0,0,0.8646914,0.13492699,0.00038162302
2574,1,1,0.40057987,0.5869017,0.01251842
2575,0,0,0.9998604,0.00013789402,1.6193543e-06
2576,0,0,0.82874054,0.17072359,0.00053588115
2577,1,1,0.20755981,0.7500517,0.042388532
2578,0,1,0.27355522,0.69854784,0.027896948
2579,2,2,3.236146e-06,0.0022324214,0.99776435
2580,2,2,2.9712678e-06,0.0008238502,0.9991731
2581,1,1,0.20954317,0.744186,0.046270892
2582,1,1,0.057249773,0.76732457,0.17542563
2583,2,1,0.08832217,0.80099314,0.110684685
2584,1,0,0.9637433,0.036218673,3.808007e-05
2585,0,0,0.67678,0.32080022,0.002419753
2586,0,1,0.15413974,0.77467465,0.071185574
2587,0,0,0.9605883,0.039373834,3.7955404e-05
2588,2,1,0.03449102,0.7104316,0.2550774
2589,0,0,0.93430394,0.065598436,9.760123e-05
2590,2,2,4.90715e-06,0.0025864837,0.99740857
2591,0,0,0.9998604,0.00013789402,1.6193543e-06
2592,0,0,0.7449467,0.2538957,0.0011575415
2593,1,1,0.008158796,0.5131332,0.478708
2594,1,1,0.011316428,0.59586513,0.39281848
2595,2,2,6.452446e-06,0.0065783733,0.9934151
2596,0,0,0.89572835,0.10404872,0.00022291283
2597,1,1,0.25241458,0.7153269,0.03225849
2598,1,1,0.12636949,0.7959115,0.07771896
2599,1,1,0.44836524,0.5427128,0.008921889
2600,1,1,0.13396497,0.78714424,0.07889077
2601,0,0,0.7997647,0.1994231,0.0008121716
2602,0,0,0.9799152,0.02005698,2.783993e-05
2603,1,1,0.27018422,0.7020224,0.0277934
2604,1,2,6.1541505e-05,0.058533303,0.9414051
2605,0,0,0.9785024,0.021468326,2.9286057e-05
2606,0,0,0.9980696,0.0019267276,3.7194588e-06
2607,1,1,0.42635566,0.5628716,0.010772793
2608,0,0,0.99903417,0.00096304266,2.8200702e-06
2609,1,1,0.22977045,0.7352977,0.03493189
2610,0,0,0.9999497,4.539764e-05,4.91962e-06
2611,0,0,0.75481826,0.24420424,0.0009774304
2612,2,1,0.011027156,0.5458099,0.44316295
2613,0,0,0.9972722,0.0027243928,3.467155e-06
2614,2,2,4.837689e-05,0.022976253,0.97697544
2615,0,0,0.9889669,0.011024645,8.480329e-06
2616,0,0,0.9624916,0.037449665,5.869884e-05
2617,1,1,0.14197679,0.7918831,0.06614007
2618,2,1,0.2601013,0.7119556,0.027943043
2619,0,0,0.9995796,0.00041876565,1.6189118e-06
2620,0,0,0.7346821,0.2637844,0.0015335155
2621,0,0,0.76408243,0.2346559,0.0012616568
2622,1,1,0.30175513,0.67063636,0.027608478
2623,2,2,0.001251158,0.26050225,0.7382466
2624,0,1,0.3830279,0.6015423,0.015429823
2625,1,1,0.06426253,0.79658824,0.13914913
2626,0,0,0.86874914,0.13093399,0.00031675948
2627,2,1,0.039248865,0.73800486,0.22274634
2628,0,0,0.9920415,0.007951624,6.9068956e-06
2629,1,1,0.3445194,0.63256896,0.022911679
2630,0,0,0.895714,0.10404706,0.00023893926
2631,1,1,0.1186119,0.7938532,0.08753488
2632,0,0,0.99070704,0.009283881,9.106157e-06
2633,0,0,0.9999497,4.539764e-05,4.9196947e-06
2634,0,1,0.3114852,0.66863674,0.019878045
2635,0,0,0.999985,1.4945064e-05,1.7550688e-07
2636,0,0,0.84746975,0.15194295,0.0005873994
2637,0,0,0.6611899,0.33594862,0.0028614635
2638,0,0,0.6772808,0.32103753,0.0016817275
2639,2,2,0.0046195714,0.43750307,0.5578773
2640,0,0,0.84075963,0.15879898,0.00044141154
2641,1,1,0.29883227,0.6757715,0.025396332
2642,1,1,0.10365269,0.7970972,0.09925012
2643,1,2,0.003594758,0.37537083,0.6210344
2644,0,0,0.9985367,0.0014601105,3.2386572e-06
2645,1,2,8.04487e-05,0.06776025,0.9321593
2646,0,1,0.08867712,0.79726136,0.11406155
2647,0,0,0.9954549,0.0045384015,6.6941416e-06
2648,2,2,5.5791294e-05,0.036218043,0.96372616
2649,1,1,0.20253733,0.7447193,0.052743353
2650,1,0,0.9541859,0.04572585,8.827166e-05
2651,2,2,0.0036480916,0.38761133,0.60874057
2652,1,0,0.77037764,0.2285153,0.0011070977
2653,1,1,0.0064184237,0.50110316,0.4924784
2654,0,0,0.994058,0.005931445,1.0498337e-05
2655,1,1,0.012180394,0.59123063,0.396589
2656,1,1,0.13946484,0.791495,0.0690401
2657,0,0,0.9190093,0.08086174,0.00012896278
2658,0,0,0.9677555,0.03220757,3.6933685e-05
2659,1,1,0.035090026,0.71963954,0.24527048
2660,0,1,0.49196455,0.50057995,0.0074555078
2661,1,1,0.07195574,0.8037159,0.12432839
2662,1,0,0.849938,0.14976273,0.0002993248
2663,0,0,0.99021554,0.009775379,9.101649e-06
2664,1,0,0.50858015,0.48276958,0.008650299
2665,0,0,0.77658945,0.22249658,0.0009140408
2666,2,2,0.00036399122,0.12322691,0.87640905
2667,1,0,0.7733334,0.22544393,0.0012226952
2668,0,0,0.8957449,0.10405068,0.00020438264
2669,1,0,0.61703527,0.37948498,0.0034798
2670,0,0,0.99521506,0.004779887,5.069358e-06
2671,0,0,0.98667336,0.013313561,1.3058705e-05
2672,0,0,0.99574006,0.0042535616,6.4675464e-06
2673,0,0,0.9960776,0.003918193,4.191703e-06
2674,0,0,0.99352264,0.0064658504,1.1444216e-05
2675,1,1,0.3648392,0.61418116,0.020979669
2676,1,1,0.20659845,0.74657726,0.04682428
2677,0,0,0.83828384,0.16110416,0.0006120964
2678,1,1,0.41752365,0.57068723,0.011789099
2679,1,1,0.22838074,0.7308502,0.040769067
2680,1,1,0.24149844,0.7209812,0.037520364
2681,2,2,0.002701789,0.37570718,0.62159103
2682,1,1,0.42173845,0.56652665,0.011734945
2683,1,1,0.039119132,0.72290546,0.23797539
2684,0,0,0.69573444,0.30236498,0.0019006395
2685,0,0,0.99596405,0.0040298454,6.0350076e-06
2686,1,1,0.097872436,0.806771,0.095356554
2687,0,1,0.14095335,0.7861745,0.07287215
2688,1,1,0.067082554,0.79622555,0.13669191
2689,0,0,0.88734514,0.11242223,0.00023263288
2690,0,0,0.94511944,0.054821875,5.8648766e-05
2691,0,0,0.941401,0.05853304,6.596684e-05
2692,0,0,0.99038273,0.009608758,8.4924695e-06
2693,0,0,0.99975806,0.00024030887,1.6191884e-06
2694,0,0,0.99727243,0.002724392,3.2345506e-06
2695,2,2,0.00041118485,0.1453789,0.8542099
2696,1,2,0.0013069249,0.2538578,0.7448353
2697,0,0,0.99661297,0.0033824444,4.5742872e-06
2698,1,2,0.0012184356,0.2672522,0.73152936
2699,2,1,0.0148704015,0.65322703,0.33190256
2700,1,1,0.046345297,0.73255366,0.22110105
2701,0,0,0.980925,0.019058695,1.6269734e-05
2702,1,1,0.07746069,0.7932667,0.1292726
2703,1,1,0.028747171,0.7013337,0.2699192
2704,2,2,0.00015743126,0.08894687,0.9108957
2705,1,1,0.052348882,0.7786668,0.16898426
2706,1,1,0.01689723,0.6594654,0.32363743
2707,1,1,0.062108427,0.78336906,0.15452252
2708,1,1,0.03186349,0.72836417,0.23977236
2709,2,2,3.9544546e-05,0.03330754,0.96665287
2710,0,0,0.98689926,0.013087414,1.3290435e-05
2711,1,0,0.78847903,0.2107476,0.00077338517
2712,1,1,0.037185986,0.7365987,0.22621542
2713,0,0,0.9510841,0.04885478,6.110411e-05
2714,0,0,0.9998604,0.00013789402,1.619379e-06
2715,0,0,0.9364174,0.06350311,7.942527e-05
2716,0,1,0.387249,0.597704,0.015047076
2717,0,0,0.98896384,0.011024611,1.1591199e-05
2718,1,1,0.040550653,0.74288255,0.21656682
2719,0,0,0.95991546,0.040035296,4.9211496e-05
2720,1,1,0.008861067,0.5127698,0.47836912
2721,1,0,0.5707209,0.42486063,0.0044184504
2722,1,1,0.12089326,0.80212873,0.07697796
2723,2,2,1.11748e-05,0.012865087,0.9871237
2724,0,0,0.9526661,0.047266044,6.792527e-05
2725,2,2,3.0068515e-05,0.029609188,0.9703608
2726,0,1,0.45277244,0.53861475,0.008612877
2727,0,0,0.95643115,0.04350739,6.1447645e-05
2728,0,0,0.68443686,0.31335804,0.0022050475
2729,1,1,0.025070723,0.69368166,0.28124756
2730,1,1,0.04233758,0.75568116,0.20198129
2731,1,1,0.09152351,0.79477125,0.11370529
2732,1,2,0.007511926,0.49193653,0.5005515
2733,1,1,0.24556452,0.7205023,0.033933166
2734,0,0,0.82377905,0.17569746,0.0005235049
2735,0,0,0.93430233,0.065598324,9.931037e-05
2736,0,0,0.9064995,0.09325008,0.00025036032
2737,1,2,0.00024102983,0.12704313,0.8727159
2738,2,2,3.5922927e-05,0.025434874,0.9745292
2739,0,0,0.9985374,0.0014601116,2.4531648e-06
2740,0,0,0.99853563,0.0014601119,4.2756346e-06
2741,0,0,0.8727122,0.1270426,0.00024524977
2742,0,0,0.6415305,0.35551915,0.0029503156
2743,2,1,0.017872073,0.63192946,0.35019842
2744,0,0,0.99190253,0.008089741,7.664093e-06
2745,1,1,0.010644964,0.5502647,0.43909034
2746,2,2,0.004481606,0.42906705,0.5664514
2747,0,0,0.99832016,0.001677299,2.4526312e-06
2748,0,0,0.9809233,0.019058662,1.805587e-05
2749,0,0,0.99093926,0.009047355,1.3344842e-05
2750,1,1,0.05826226,0.78770316,0.15403454
2751,1,1,0.15105243,0.7791878,0.069759764
2752,0,0,0.9510788,0.04885453,6.6644985e-05
2753,1,1,0.0079621915,0.5389683,0.4530695
2754,0,0,0.9320255,0.06775051,0.00022403034
2755,2,1,0.016683508,0.6248225,0.35849404
2756,0,0,0.9999529,4.5397785e-05,1.619504e-06
2757,2,2,6.8983013e-06,0.0005479999,0.99944514
2758,0,0,0.9995784,0.00041876512,2.8216175e-06
2759,1,1,0.22588079,0.73550904,0.03861011
2760,1,1,0.03716343,0.74256986,0.22026674
2761,0,0,0.9136942,0.08617538,0.0001304623
2762,1,2,0.006300593,0.46240163,0.5312978
2763,0,0,0.649815,0.3478209,0.0023640308
2764,1,0,0.71026516,0.28797126,0.0017636305
2765,0,1,0.16793405,0.7738276,0.058238305
2766,1,0,0.9413825,0.058531888,8.558838e-05
2767,0,0,0.8801903,0.11953515,0.00027450692
2768,0,0,0.6085497,0.38748983,0.0039604446
2769,1,1,0.0135190105,0.61886156,0.36761937
2770,0,0,0.94509506,0.054820444,8.4446976e-05
2771,1,1,0.25642213,0.71417695,0.02940094
2772,1,1,0.1340912,0.7947553,0.07115351
2773,0,0,0.7824992,0.21653897,0.00096185034
2774,1,1,0.08858901,0.79646933,0.11494165
2775,0,0,0.9998604,0.00013789402,1.6193543e-06
2776,0,0,0.587802,0.40822017,0.0039778054
2777,2,1,0.017788677,0.6081753,0.37403595
2778,1,0,0.54476637,0.4500617,0.0051718922
2779,0,0,0.82114357,0.17820242,0.00065395347
2780,1,1,0.11449277,0.80027556,0.08523163
2781,1,1,0.015531833,0.62555426,0.3589139
2782,1,0,0.69961596,0.2988187,0.0015653364
2783,1,1,0.2512072,0.71190524,0.036887586
2784,2,0,0.51394844,0.47946864,0.0065829577
2785,0,1,0.013738812,0.60663724,0.37962392
2786,1,2,0.0006711958,0.17819935,0.82112944
2787,0,0,0.9985343,0.001460107,5.64467e-06
2788,0,0,0.77358115,0.2255162,0.00090263074
2789,0,0,0.72433424,0.27397335,0.0016925314
2790,1,1,0.11354285,0.7867764,0.09968067
2791,0,0,0.9998604,0.00013789402,1.6193543e-06
2792,0,0,0.92519134,0.07463724,0.00017140098
2793,2,2,0.000960644,0.21070817,0.78833115
2794,2,2,0.00080562296,0.2195323,0.7796621
2795,0,1,0.3253379,0.65152043,0.023141675
2796,2,2,0.0019338594,0.3023548,0.6957113
2797,0,0,0.9939573,0.0060347067,7.951327e-06
2798,0,0,0.5359266,0.45840234,0.0056711165
2799,1,0,0.63718754,0.35929626,0.0035163069
2800,0,0,0.960582,0.039373577,4.437407e-05
2801,0,0,0.999985,1.4945519e-05,1.7551224e-07
2802,0,0,0.9937453,0.006246594,8.088847e-06
2803,2,2,0.0015275769,0.29161042,0.70686203
2804,0,0,0.50939083,0.4835391,0.007070079
2805,0,0,0.90047985,0.09929215,0.00022801996
2806,1,1,0.29124263,0.6818784,0.02687897
2807,0,1,0.0077484082,0.5219423,0.4703093
2808,0,0,0.9998604,0.00013789402,1.619379e-06
2809,1,1,0.026206136,0.6823498,0.29144397
2810,1,1,0.07888575,0.79395616,0.12715809
2811,0,1,0.28342983,0.6870321,0.029538065
2812,1,1,0.054212447,0.7490299,0.19675773
2813,0,0,0.8406893,0.15878569,0.0005250561
2814,1,2,0.000378739,0.17075044,0.82887083
2815,1,1,0.3536194,0.62712,0.019260665
2816,1,0,0.84763366,0.15197234,0.00039409508
2817,1,1,0.034036107,0.74498177,0.22098213
2818,2,1,0.060840357,0.77406526,0.16509435
2819,2,1,0.013826972,0.59435207,0.391821
2820,1,0,0.5747291,0.42048073,0.004790199
2821,1,2,0.005294118,0.48009062,0.5146153
2822,2,1,0.00832832,0.54303795,0.44863373
2823,0,0,0.67272526,0.32446268,0.0028120298
2824,0,0,0.6127291,0.38343596,0.0038348795
2825,1,1,0.027494837,0.68847865,0.28402653
2826,2,1,0.009558737,0.5338312,0.45661005
2827,0,0,0.9998604,0.00013789402,1.6193543e-06
2828,0,0,0.95265245,0.047265355,8.221733e-05
2829,0,0,0.97084683,0.029114142,3.903253e-05
2830,0,0,0.8764119,0.12322727,0.00036084632
2831,2,2,1.9176985e-05,0.011024526,0.9889563
2832,0,1,0.47409347,0.51708645,0.008820066
2833,0,1,0.42185783,0.56668705,0.011455158
2834,0,1,0.19495216,0.75515354,0.04989432
2835,0,0,0.9965237,0.0034713745,4.9027967e-06
2836,2,1,0.07192941,0.7827692,0.1453014
2837,0,0,0.8051976,0.19392592,0.0008764906
2838,0,0,0.99872607,0.0012710158,2.819222e-06
2839,0,0,0.86870265,0.13092698,0.00037030954
2840,0,0,0.9999497,4.539764e-05,4.91962e-06
2841,0,0,0.9999529,4.5397785e-05,1.6195536e-06
2842,2,2,0.0005687409,0.18597284,0.81345844
2843,0,0,0.9020817,0.097756825,0.00016141652
2844,2,2,9.813649e-05,0.060474113,0.9394278
2845,0,0,0.9959044,0.004091285,4.4150415e-06
2846,1,0,0.52662474,0.46636128,0.0070140264
2847,1,2,0.0035106745,0.43799037,0.558499
2848,2,1,0.05884902,0.7684841,0.17266689
2849,1,1,0.35913342,0.62593687,0.014929741
2850,1,1,0.46938837,0.5209204,0.009691237
2851,1,1,0.009489861,0.55514777,0.43536237
2852,1,1,0.30567694,0.66765964,0.026663415
2853,0,0,0.93429905,0.06559807,0.00010281876
2854,1,1,0.17351593,0.7722627,0.054221354
2855,2,2,0.003881858,0.4124489,0.58366925
2856,1,1,0.25537798,0.71126884,0.033353224
2857,1,0,0.79975337,0.19942023,0.00082638283
2858,0,0,0.9972242,0.0027719708,3.7813934e-06
2859,0,0,0.99395895,0.0060347165,6.235659e-06
2860,0,1,0.29215637,0.6840176,0.023826031
2861,2,2,0.000422029,0.14537737,0.8542006
2862,2,2,0.0028394887,0.37972873,0.61743176
2863,0,0,0.9992675,0.000729641,2.8207398e-06
2864,0,0,0.97538143,0.024588348,3.0224088e-05
2865,2,2,0.0008434606,0.21073283,0.78842366
2866,1,1,0.035952613,0.7405368,0.22351056
2867,2,2,0.0014175687,0.27061018,0.7279722
2868,0,0,0.71372384,0.28439295,0.0018832436
2869,1,0,0.5491526,0.4458769,0.0049704746
2870,0,0,0.92762506,0.07227975,9.5235635e-05
2871,2,2,3.0206747e-06,0.0016918972,0.9983051
2872,0,0,0.7481933,0.25061336,0.00119326
2873,0,0,0.97992134,0.020057106,2.1457228e-05
2874,0,0,0.9703541,0.029608974,3.7032823e-05
2875,2,2,0.004807555,0.44168103,0.55351144
2876,0,0,0.95265764,0.047265634,7.670194e-05
2877,1,1,0.22606818,0.73611915,0.037812587
2878,2,2,0.0075850855,0.4919002,0.5005147
2879,1,1,0.035973486,0.71258086,0.25144565
2880,2,1,0.04988826,0.7356527,0.21445909
2881,0,0,0.8159268,0.18332656,0.0007466169
2882,0,0,0.7208433,0.27742785,0.001728814
2883,1,1,0.28121695,0.693606,0.02517703
2884,0,0,0.9995784,0.00041876512,2.8216175e-06
2885,0,0,0.9549681,0.044975698,5.6252433e-05
2886,2,1,0.10739508,0.8046467,0.08795821
2887,2,2,5.6373774e-06,0.0027480742,0.99724627
2888,0,0,0.7825121,0.21654259,0.0009453116
2889,1,1,0.20466195,0.72056824,0.07476988
2890,0,0,0.97366273,0.026310125,2.71862e-05
2891,1,1,0.25577572,0.71237653,0.031847782
2892,1,1,0.34987837,0.631352,0.018769596
2893,0,0,0.98776776,0.012220153,1.1986227e-05
2894,2,2,4.139722e-05,0.039373685,0.960585
2895,1,2,0.0042568874,0.41649386,0.57924926
2896,0,0,0.9964012,0.0035935838,5.25472e-06
2897,0,1,0.42207816,0.56698316,0.010938669
2898,1,0,0.6770411,0.32092398,0.0020348863
2899,0,0,0.6130692,0.3836489,0.003281967
2900,2,2,0.0014782763,0.30249292,0.6960288
2901,1,1,0.027069582,0.69571376,0.27721667
2902,2,1,0.011029525,0.58364046,0.40533003
2903,1,0,0.89074767,0.109002054,0.0002503181
2904,1,2,0.0060735787,0.471103,0.5228234
2905,1,1,0.1341471,0.78821456,0.07763837
2906,0,0,0.9995784,0.00041876512,2.8216175e-06
2907,1,1,0.006174058,0.50122637,0.49259958
2908,0,0,0.9997569,0.00024030858,2.8220998e-06
2909,0,0,0.9998604,0.00013789402,1.6193543e-06
2910,2,2,0.0007528823,0.23167148,0.7675757
2911,0,0,0.6253404,0.37146807,0.0031915873
2912,2,1,0.03742688,0.7510868,0.21148631
2913,1,1,0.48780075,0.5050358,0.0071634157
2914,2,2,8.633417e-05,0.066671394,0.9332423
2915,1,1,0.22617877,0.7364795,0.037341688
2916,2,1,0.087021835,0.79608065,0.116897516
2917,1,1,0.10582097,0.79285276,0.10132628
2918,2,1,0.05470307,0.77912366,0.16617325
2919,0,1,0.30189863,0.6709551,0.0271462
2920,1,1,0.020487253,0.64569277,0.33381996
2921,2,2,6.6840794e-06,0.0060347146,0.9939586
2922,0,0,0.8287405,0.17072365,0.0005358811
2923,0,1,0.27884752,0.6877621,0.03339043
2924,1,1,0.22628808,0.7368355,0.036876433
2925,2,2,0.0023599141,0.3517659,0.6458742
2926,0,0,0.8726484,0.12703331,0.0003181812
2927,0,0,0.89410925,0.105679505,0.00021121754
2928,1,1,0.42578605,0.5621196,0.012094356
2929,1,1,0.18455282,0.75309074,0.062356405
2930,0,0,0.9441966,0.055727463,7.602071e-05
2931,0,1,0.39590198,0.5902064,0.013891624
2932,0,1,0.071795434,0.7881232,0.14008142
2933,1,0,0.6168909,0.37939617,0.0037130173
2934,0,0,0.99832016,0.001677299,2.4526312e-06
2935,1,1,0.02574558,0.70009375,0.27416065
2936,1,1,0.21625699,0.74181974,0.041923326
2937,1,0,0.9839139,0.016070012,1.6038439e-05
2938,0,0,0.9980677,0.0019267239,5.642021e-06
2939,0,0,0.8359991,0.16347876,0.0005221268
2940,0,0,0.9264391,0.073451556,0.00010928557
2941,2,2,2.9166322e-06,0.0020207574,0.99797636
2942,1,2,0.00065257365,0.20790009,0.79144734
2943,0,0,0.89075893,0.10900341,0.00023761745
2944,0,0,0.9995764,0.00041876748,4.9177834e-06
2945,0,0,0.69927794,0.29867443,0.0020476948
2946,2,2,0.0032606565,0.36338767,0.6333517
2947,1,1,0.047802426,0.74581116,0.20638643
2948,2,2,0.000735405,0.18858355,0.81068105
2949,1,1,0.23417991,0.723834,0.041986145
2950,1,1,0.042845733,0.7322687,0.22488566
2951,1,1,0.02164281,0.6747507,0.30360645
2952,1,1,0.013638162,0.58623624,0.40012556
2953,0,0,0.9423471,0.057583418,6.956347e-05
2954,0,0,0.9510556,0.04885333,9.109068e-05
2955,0,0,0.885531,0.11415716,0.0003118597
2956,0,1,0.056688398,0.77984685,0.16346477
2957,1,1,0.2831718,0.6864067,0.030421536
2958,2,2,0.00041778106,0.17571604,0.8238662
2959,1,1,0.066010855,0.77673316,0.15725596
2960,2,2,0.0006583165,0.19396827,0.8053734
2961,1,1,0.11430728,0.79207337,0.09361936
2962,0,0,0.98187363,0.018108964,1.7456601e-05
2963,1,1,0.05311484,0.7630985,0.18378672
2964,1,1,0.28412756,0.6887236,0.027148806
2965,1,1,0.2233344,0.73995316,0.0367124
2966,1,1,0.15345544,0.77123517,0.075309366
2967,0,0,0.8727084,0.12704203,0.00024954378
2968,2,1,0.010363759,0.5588859,0.4307503
2969,0,0,0.9005125,0.09929578,0.00019168602
2970,0,0,0.9005125,0.09929578,0.00019168602
2971,2,1,0.4038682,0.5815354,0.014596414
2972,0,0,0.86258394,0.1369553,0.00046080063
2973,0,0,0.68040305,0.31696653,0.002630383
2974,1,0,0.5137052,0.47924176,0.007053014
2975,1,0,0.55650604,0.43642753,0.00706645
2976,0,0,0.7911314,0.20781717,0.0010514817
2977,2,2,5.6366202e-06,0.0028820701,0.9971123
2978,0,0,0.99998343,1.4945042e-05,1.6195535e-06
2979,1,1,0.1385971,0.7865705,0.07483244
2980,0,1,0.19886085,0.75703615,0.04410305
2981,1,1,0.15828958,0.7818387,0.059871692
2982,1,0,0.5098102,0.48393714,0.0062525948
2983,0,0,0.96433675,0.035617225,4.612148e-05
2984,2,1,0.01266513,0.58681464,0.40052027
2985,0,1,0.45651796,0.53372353,0.009758529
2986,1,1,0.053553123,0.76274526,0.18370165
2987,0,0,0.9276118,0.072278745,0.0001094239
2988,1,1,0.054535028,0.7567642,0.18870082
2989,1,1,0.033649754,0.7207136,0.24563655
2990,0,1,0.32704777,0.6549445,0.018007718
2991,0,0,0.99998343,1.4945042e-05,1.619603e-06
2992,0,0,0.9534471,0.04649062,6.232871e-05
2993,2,2,0.0001732296,0.08085815,0.91896856
2994,0,0,0.9992687,0.0007296446,1.6184206e-06
2995,0,0,0.9995784,0.00041876512,2.8216175e-06
2996,0,0,0.9998572,0.00013789358,4.9192395e-06
2997,1,1,0.008912247,0.525618,0.46546975
2998,2,2,2.9946552e-06,0.0016628258,0.9983342
2999,1,2,0.0028824343,0.38380265,0.61331487
3000,1,1,0.2378535,0.72253495,0.039611522
3001,1,2,0.0040124506,0.42080933,0.5751782
3002,1,2,0.0016424253,0.31353477,0.68482286
3003,0,0,0.9999541,4.539784e-05,5.331283e-07
3004,1,1,0.40518442,0.5834306,0.011384965
3005,1,1,0.07823418,0.78059304,0.14117278
3006,2,2,1.22362635e-05,0.0089698685,0.99101794
3007,1,1,0.12741643,0.7955694,0.077014096
3008,0,1,0.073812544,0.8102655,0.115922
3009,2,2,0.0018390351,0.2951153,0.70304567
3010,0,1,0.3921737,0.59488726,0.012939009
3011,1,0,0.5619881,0.4331413,0.0048705963
3012,1,0,0.7415553,0.257166,0.0012787747
3013,1,1,0.3791253,0.6058405,0.015034197
3014,1,1,0.028266374,0.70168084,0.2700528
3015,0,1,0.4693087,0.520832,0.009859283
3016,0,0,0.61306036,0.38364348,0.003296195
3017,0,1,0.13214336,0.79003865,0.07781804
3018,0,0,0.77955586,0.21950239,0.0009417403
3019,0,0,0.5749416,0.4206362,0.0044222404
3020,0,1,0.33823714,0.64297664,0.018786196
3021,0,0,0.8837232,0.11591926,0.00035759434
3022,1,1,0.10293735,0.7984974,0.09856517
3023,0,0,0.9949162,0.0050778133,6.028658e-06
3024,0,0,0.983204,0.01677075,2.5170053e-05
3025,0,0,0.7030568,0.2951201,0.0018231696
3026,1,1,0.025635824,0.67918956,0.29517463
3027,1,1,0.019667737,0.6687802,0.31155205
3028,1,1,0.080990374,0.7873209,0.13168879
3029,0,0,0.9799116,0.020056901,3.1437306e-05
3030,1,1,0.051778965,0.7536556,0.19456546
3031,0,0,0.9998604,0.00013789402,1.619379e-06
3032,1,1,0.43533304,0.5551102,0.009556789
3033,2,1,0.008307155,0.5345059,0.45718697
3034,0,0,0.9585628,0.04139143,4.584533e-05
3035,1,1,0.31793883,0.659199,0.022862095
3036,0,0,0.9815564,0.018420149,2.3442111e-05
3037,0,0,0.9518855,0.048054382,6.010306e-05
3038,0,1,0.02610885,0.709972,0.26391903
3039,0,0,0.67686313,0.32083964,0.0022972326
3040,0,0,0.9985367,0.0014601105,3.2386513e-06
3041,1,1,0.19851208,0.75570846,0.045779478
3042,1,1,0.47462055,0.5176612,0.0077182828
3043,0,0,0.9441814,0.055726577,9.2015944e-05
3044,0,0,0.97085446,0.02911438,3.1146737e-05
3045,0,0,0.9998604,0.00013789402,1.619379e-06
3046,0,0,0.9999529,4.5397785e-05,1.619504e-06
3047,2,2,0.0021272078,0.30229625,0.69557655
3048,2,1,0.011844188,0.59554696,0.39260885
3049,0,0,0.9999529,4.5397785e-05,1.6195287e-06
3050,1,1,0.008934629,0.51702666,0.47403863
3051,2,2,1.5350108e-05,0.007951556,0.99203306
3052,2,2,8.504182e-05,0.06454307,0.93537194
3053,0,0,0.9952159,0.004779893,4.261428e-06
3054,2,2,0.0001000615,0.058531042,0.94136894
3055,1,1,0.038452916,0.7075164,0.25403067
3056,0,0,0.9992675,0.00072964374,2.8207398e-06
3057,1,1,0.10820922,0.7967926,0.094998226
3058,2,2,0.0019435413,0.32856017,0.6694963
3059,0,0,0.9451067,0.0548211,7.2232215e-05
3060,1,1,0.042803694,0.74113804,0.21605827
3061,1,1,0.16966547,0.76835006,0.061984494
3062,0,0,0.98951924,0.010470985,9.749305e-06
3063,2,2,0.0018771779,0.34016228,0.6579606
3064,2,2,8.496613e-06,0.00912556,0.990866
3065,1,1,0.34137237,0.63776755,0.02086003
3066,0,1,0.40854722,0.57814795,0.013304844
3067,1,1,0.011863724,0.5789923,0.40914395
3068,1,1,0.020741513,0.6680476,0.31121087
3069,1,1,0.058097158,0.7786821,0.16322064
3070,0,0,0.6535429,0.34379548,0.0026616221
3071,0,0,0.9080344,0.091800295,0.00016532709
3072,0,0,0.94687927,0.05304958,7.112211e-05
3073,0,1,0.15947892,0.7741557,0.06636539
3074,2,2,8.887605e-05,0.055726767,0.94418436
3075,0,0,0.9049594,0.09472194,0.00031870184
3076,1,1,0.014399993,0.61429983,0.37130016
3077,1,1,0.030809976,0.7260078,0.24318217
3078,1,2,0.0007162045,0.21659221,0.78269154
3079,1,1,0.101511136,0.7942994,0.10418942
3080,2,2,1.1782416e-05,0.012012359,0.9879759
3081,0,0,0.7174994,0.28097677,0.001523877
3082,1,1,0.01680094,0.59663963,0.38655937
3083,0,1,0.4916488,0.5002589,0.008092296
3084,1,1,0.37388277,0.607926,0.01819121
3085,2,2,1.3067535e-05,0.012646439,0.9873405
3086,1,1,0.05055553,0.76516104,0.18428347
3087,1,1,0.25511548,0.71053773,0.034346778
3088,2,2,0.0006337123,0.19670147,0.8026648
3089,1,0,0.58322835,0.41213727,0.004634411
3090,0,0,0.69236106,0.30616847,0.0014704871
3091,1,1,0.35038581,0.63226765,0.017346531
3092,0,0,0.8838547,0.11593647,0.00020879509
3093,1,1,0.0145888515,0.6020561,0.38335505
3094,0,1,0.47863644,0.51305634,0.00830719
3095,0,0,0.54890525,0.44567603,0.0054187765
3096,1,1,0.18682547,0.7623646,0.05080991
3097,1,1,0.031388663,0.69603866,0.2725726
3098,0,0,0.90047985,0.09929218,0.00022801996
3099,0,0,0.99054366,0.009444913,1.140989e-05
3100,1,2,0.0018986295,0.3209678,0.67713356
3101,0,1,0.47398314,0.51696616,0.009050668
3102,0,0,0.50081164,0.49219197,0.006996406
3103,2,1,0.05968316,0.7726404,0.1676764
3104,2,2,5.4867e-05,0.052185025,0.94776016
3105,2,2,0.00033388182,0.14539015,0.85427594
3106,0,0,0.97036123,0.029609201,2.9551024e-05
3107,2,2,0.00016885783,0.10405438,0.89577675
3108,0,0,0.9999529,4.5397785e-05,1.619504e-06
3109,0,1,0.4422132,0.5446402,0.013146653
3110,1,1,0.21921399,0.73902094,0.041765146
3111,1,1,0.039105147,0.73211795,0.22877689
3112,0,0,0.9252557,0.07464242,0.00010182355
3113,2,1,0.07123607,0.7956775,0.1330865
3114,0,0,0.9983171,0.0016772969,5.643431e-06
3115,1,1,0.47000477,0.5216045,0.008390793
3116,0,0,0.98059225,0.019385893,2.1847942e-05
3117,1,1,0.048473597,0.75628275,0.19524369
3118,0,0,0.9836375,0.016346848,1.5757962e-05
3119,0,1,0.08272664,0.8041994,0.11307392
3120,1,0,0.77034754,0.22850633,0.0011461687
3121,1,1,0.3102039,0.6658861,0.023909973
3122,0,0,0.99522924,0.0047644195,6.4642286e-06
3123,0,0,0.9677522,0.03220747,4.028286e-05
3124,1,1,0.28524867,0.6795407,0.03521061
3125,0,0,0.78245205,0.21652593,0.0010220471
3126,0,0,0.96985406,0.03011199,3.3936256e-05
3127,2,2,5.611673e-06,0.0072953184,0.9926991
3128,0,0,0.88381976,0.11593193,0.00024837122
3129,1,1,0.029014423,0.707854,0.26313162
3130,1,0,0.82357854,0.1756547,0.00076681626
3131,0,0,0.9252298,0.074640326,0.0001298357
3132,1,0,0.90510625,0.094737284,0.00015643067
3133,0,0,0.9753829,0.024588393,2.8690232e-05
3134,0,0,0.9805978,0.019386,1.6264306e-05
3135,1,0,0.6128867,0.3835348,0.0035785262
3136,1,1,0.026518716,0.6995382,0.2739431
3137,1,1,0.21400572,0.7469532,0.03904105
3138,0,1,0.20376712,0.7492415,0.046991378
3139,2,2,3.205083e-05,0.035026178,0.96494174
3140,1,0,0.73384595,0.26348433,0.0026697358
3141,0,0,0.95991623,0.040035337,4.836456e-05
3142,1,1,0.055015054,0.7835672,0.16141772
3143,2,2,0.00017086389,0.1090107,0.8908184
3144,1,2,0.00053740985,0.19672042,0.8027421
3145,0,0,0.65757936,0.3399652,0.0024553942
3146,2,2,2.0703703e-06,0.00075786526,0.99924004
3147,1,1,0.009772612,0.5379847,0.45224267
3148,0,0,0.83611065,0.16350058,0.00038873765
3149,1,1,0.1705444,0.7723304,0.057125203
3150,1,1,0.17248912,0.7676929,0.059817977
3151,1,1,0.035379633,0.73190475,0.23271556
3152,0,1,0.11814714,0.79763657,0.084216364
3153,0,0,0.8906711,0.10899268,0.00033622675
3154,2,2,0.0058867303,0.46259415,0.5315191
3155,1,2,8.464893e-05,0.06886489,0.9310504
3156,2,2,6.274456e-05,0.05664887,0.9432884
3157,0,0,0.5704563,0.42466366,0.0048800316
3158,1,0,0.8211796,0.17821026,0.00061010773
3159,2,2,0.00013261146,0.07112155,0.92874587
3160,0,0,0.96057653,0.03937335,5.010788e-05
3161,2,2,2.3714563e-06,0.00061342656,0.99938416
3162,1,1,0.25563312,0.71197945,0.03238745
3163,1,2,0.0004099462,0.102422245,0.8971678
3164,2,1,0.2841276,0.68872356,0.027148811
3165,1,1,0.008852379,0.53848463,0.45266303
3166,0,0,0.99831784,0.001677295,4.911619e-06
3167,0,0,0.99998343,1.4945042e-05,1.619603e-06
3168,0,0,0.99469167,0.005301861,6.4607375e-06
3169,1,1,0.01211492,0.6035676,0.3843175
3170,1,1,0.040807363,0.75410324,0.2050894
3171,0,0,0.9875541,0.01243147,1.4505302e-05
3172,1,1,0.008422896,0.5258776,0.46569946
3173,0,0,0.994505,0.0054881545,6.924047e-06
3174,0,0,0.9998604,0.00013789402,1.619379e-06
3175,2,2,0.0021194175,0.32850233,0.6693782
3176,2,2,0.00036054387,0.13903414,0.8606053
3177,0,0,0.9998604,0.00013789191,1.6193543e-06
3178,0,0,0.9773856,0.022590287,2.4167219e-05
3179,0,0,0.9612254,0.038721815,5.2822408e-05
3180,1,0,0.7136271,0.2843545,0.0020184
3181,1,1,0.070902675,0.7919535,0.13714388
3182,2,1,0.010383722,0.5673012,0.42231503
3183,0,1,0.33017388,0.6498248,0.020001354
3184,1,1,0.3061748,0.66874725,0.025077872
3185,1,1,0.046378955,0.70806813,0.24555291
3186,2,1,0.030807558,0.73228,0.23691244
3187,2,2,0.0024504776,0.3636831,0.6338664
3188,2,1,0.010097868,0.5463228,0.4435793
3189,1,1,0.047577944,0.7487803,0.20364176
3190,0,0,0.99903417,0.00096304266,2.8200811e-06
3191,1,1,0.07595585,0.7983785,0.12566562
3192,0,0,0.8890725,0.11070237,0.00022513139
3193,0,0,0.96609247,0.033871204,3.623562e-05
3194,1,1,0.02521853,0.62331027,0.35147116
3195,2,2,9.264326e-06,0.00078888,0.99920183
3196,1,1,0.03537624,0.71302235,0.25160146
3197,1,1,0.030400017,0.71015614,0.25944388
3198,1,1,0.016610116,0.64440256,0.33898732
3199,1,1,0.014863374,0.60188836,0.3832483
3200,1,1,0.20920114,0.7429713,0.047827534
3201,1,1,0.017845366,0.6201249,0.36202976
3202,0,0,0.9342809,0.0655968,0.00012231016
3203,0,1,0.042998124,0.73806995,0.21893191
3204,0,0,0.87459683,0.12512568,0.0002775394
3205,0,0,0.821105,0.17819405,0.0007009482
3206,1,1,0.22336997,0.7400708,0.036559217
3207,2,2,0.0004927953,0.16828722,0.83122
3208,1,2,0.00014427294,0.073448986,0.9264067
3209,0,0,0.5750966,0.42074975,0.00415363
3210,2,2,0.000102083584,0.072279274,0.9276186
3211,0,0,0.98776233,0.012220085,1.7561295e-05
3212,1,1,0.051019646,0.7621961,0.1867842
3213,0,0,0.7545478,0.24411672,0.0013355099
3214,0,0,0.94232446,0.057582047,9.3443305e-05
3215,0,0,0.80801755,0.19125578,0.0007266538
3216,2,2,0.0009233601,0.23473535,0.76434135
3217,0,0,0.9990349,0.0009630433,2.1361127e-06
3218,0,0,0.93741465,0.06247661,0.000108677086
3219,1,0,0.5135854,0.47912994,0.0072846822
3220,2,2,4.952779e-05,0.050494358,0.9494561
3221,1,1,0.23116502,0.7270281,0.041806933
3222,0,0,0.9998604,0.00013789402,1.619379e-06
3223,0,0,0.8053302,0.19395795,0.000711772
3224,0,0,0.82369727,0.17567998,0.0006226959
3225,1,1,0.2947013,0.6781005,0.027198164
3226,2,2,0.00010471205,0.08086368,0.9190316
3227,0,0,0.89886034,0.100849316,0.00029023425
3228,2,2,4.8141806e-06,0.004346482,0.9956487
3229,0,0,0.9995784,0.00041876512,2.8216175e-06
3230,0,0,0.90195537,0.09774309,0.0003015235
3231,1,1,0.10557432,0.7841682,0.11025745
3232,0,1,0.108647615,0.8000207,0.091331765
3233,2,2,4.586901e-06,0.00063508516,0.9993604
3234,0,0,0.5180095,0.47493985,0.007050641
3235,0,0,0.9995796,0.00041876565,1.6189241e-06
3236,0,0,0.5748115,0.420541,0.00464752
3237,1,0,0.59633493,0.4000129,0.003652149
3238,1,1,0.020143444,0.6572878,0.32256877
3239,2,1,0.007437237,0.5135064,0.4790564
3240,0,0,0.9952561,0.004738771,5.069567e-06
3241,0,0,0.79412293,0.20501266,0.0008644354
3242,2,2,0.00052667636,0.16347799,0.8359953
3243,0,0,0.82621306,0.1731837,0.0006032826
3244,0,0,0.9999497,4.539764e-05,4.91962e-06
3245,0,0,0.9612279,0.038721915,5.014181e-05
3246,1,1,0.3295683,0.64863294,0.021798795
3247,0,0,0.99831945,0.0016772978,3.2379403e-06
3248,0,1,0.100278385,0.80535513,0.09436649
3249,0,1,0.41765803,0.57087094,0.011471067
3250,1,2,0.0007479505,0.21658534,0.78266674
3251,1,0,0.8606211,0.13903669,0.00034225237
3252,0,0,0.9995796,0.00041876565,1.6189118e-06
3253,0,0,0.9966421,0.0033533087,4.5744164e-06
3254,0,0,0.9136666,0.08617278,0.00016067554
3255,1,0,0.56179136,0.43298963,0.0052190265
3256,2,1,0.008430971,0.5344391,0.45712999
3257,0,0,0.9946464,0.0053478396,5.8213427e-06
3258,0,0,0.97496164,0.02500819,3.021108e-05
3259,1,1,0.32120726,0.65451354,0.024279237
3260,1,0,0.5032896,0.48611426,0.010596125
3261,1,2,0.00077469205,0.18857619,0.81064916
3262,0,0,0.9980704,0.0019267291,2.8173606e-06
3263,1,1,0.029098408,0.69768447,0.2732171
3264,0,0,0.9999529,4.5397785e-05,1.6195287e-06
3265,1,1,0.018906085,0.6655953,0.31549856
3266,2,2,6.0188713e-06,0.00669281,0.99330115
3267,1,1,0.255341,0.71116555,0.033493448
3268,0,1,0.05996498,0.74979717,0.19023782
3269,1,1,0.3752989,0.6102288,0.014472396
3270,2,2,6.920241e-06,0.0060347132,0.99395835
3271,1,1,0.13973688,0.7793897,0.0808735
3272,0,0,0.9287635,0.07112293,0.000113430746
3273,1,1,0.110075645,0.79658544,0.093338914
3274,0,1,0.33041325,0.65029585,0.01929088
3275,1,1,0.34984985,0.6313005,0.018849703
3276,0,0,0.9999529,4.5398483e-05,1.6195287e-06
3277,2,2,4.8025555e-05,0.01308696,0.986865
3278,2,2,0.0008126408,0.21953076,0.77965665
3279,0,0,0.92875,0.07112189,0.00012808647
3280,1,0,0.69203526,0.30602434,0.0019404127
3281,2,2,1.3503789e-05,0.014503385,0.98548317
3282,0,1,0.41775322,0.5710011,0.011245657
3283,1,0,0.92277837,0.07707279,0.0001487854
3284,0,0,0.8764623,0.12323439,0.00030335353
3285,0,0,0.9189986,0.080860786,0.00014065603
3286,0,0,0.9998604,0.00013789402,1.6193543e-06
3287,0,0,0.9510916,0.04885517,5.3180866e-05
3288,1,1,0.4168584,0.56977797,0.013363592
3289,0,0,0.8606409,0.13903987,0.00031929876
3290,2,2,0.0028569058,0.35953403,0.63760906
3291,2,2,3.7681362e-05,0.029608954,0.97035336
3292,0,0,0.9930601,0.0069276,1.2261478e-05
3293,2,1,0.10868919,0.77975404,0.11155679
3294,2,1,0.01399926,0.5983398,0.3876609
3295,0,0,0.9757983,0.024175478,2.6316002e-05
3296,0,0,0.99504745,0.004947937,4.5671018e-06
3297,0,0,0.99807006,0.0019267284,3.2371377e-06
3298,2,2,2.2131164e-05,0.023769382,0.97620845
3299,0,0,0.7765183,0.22247617,0.0010055295
3300,1,0,0.7030898,0.2951338,0.001776387
3301,1,0,0.9887743,0.011215526,1.0086179e-05
3302,0,0,0.9999529,4.5397785e-05,1.6195287e-06
3303,1,1,0.03155049,0.70267034,0.2657791
3304,2,2,0.00020042874,0.12138338,0.87841624
3305,0,0,0.7175088,0.28098044,0.0015107264
3306,0,1,0.18813697,0.76771647,0.04414666
3307,2,2,4.8926404e-06,0.0055357493,0.9944594
3308,0,0,0.93430394,0.06559841,9.760123e-05
3309,1,1,0.114583,0.7939842,0.09143288
3310,0,0,0.99257106,0.0074221264,6.910582e-06
3311,1,2,0.006656641,0.4071224,0.586221
3312,0,0,0.84764504,0.15197434,0.0003806511
3313,0,0,0.7883821,0.21072172,0.0008962545
3314,2,1,0.015684113,0.6214895,0.36282632
3315,2,2,0.0021915222,0.28430519,0.71350324
3316,1,1,0.085739106,0.7980823,0.11617857
3317,1,1,0.015518718,0.6136025,0.3708787
3318,0,0,0.9992667,0.00072964316,3.7239345e-06
3319,1,1,0.082844906,0.79148793,0.12566718
3320,1,0,0.553351,0.44155288,0.005096186
3321,0,0,0.9284041,0.068669185,0.0029268253
3322,0,0,0.9821797,0.017802835,1.7462042e-05
3323,0,0,0.8989202,0.10085602,0.00022370715
3324,1,1,0.009090446,0.5553716,0.4355379
3325,0,0,0.9995784,0.00041876512,2.8216175e-06
3326,0,0,0.9252506,0.074642025,0.000107266875
3327,2,2,0.00017020848,0.11242928,0.88740057
3328,2,2,0.00022125727,0.1107028,0.8890759
3329,2,2,8.572134e-06,0.00031723073,0.9996742
3330,0,0,0.9992687,0.0007296418,1.6184083e-06
3331,1,1,0.095947206,0.7909012,0.1131516
3332,2,2,5.4297743e-06,0.005535746,0.9944588
3333,0,0,0.9958501,0.0041446807,5.2518135e-06
3334,1,1,0.20608254,0.744713,0.049204495
3335,0,0,0.99722433,0.002771971,3.6523445e-06
3336,2,2,6.178413e-05,0.054821692,0.9451166
3337,1,1,0.1991974,0.75831735,0.042485263
3338,2,2,1.2776776e-05,0.0005068345,0.9994804
3339,0,0,0.9999529,4.5397785e-05,1.6195287e-06
3340,0,0,0.9995784,0.00041876512,2.8216175e-06
3341,2,2,2.713486e-05,0.02814889,0.971824
3342,1,0,0.61715305,0.37955743,0.0032895217
3343,0,1,0.46586624,0.52606577,0.008068026
3344,2,1,0.03811911,0.73887265,0.22300826
3345,0,0,0.99853706,0.001460114,2.8186832e-06
3346,0,0,0.95026124,0.049667355,7.137613e-05
3347,0,0,0.85643816,0.14324948,0.0003122707
3348,0,0,0.76423615,0.23470303,0.0010607912
3349,2,1,0.1304265,0.7934303,0.0761432
3350,1,1,0.27047223,0.70277065,0.02675714
3351,2,1,0.0907838,0.8021538,0.10706237
3352,0,1,0.3303994,0.6502686,0.019331975
3353,1,1,0.4735843,0.5165311,0.009884543
3354,0,0,0.99607533,0.003918184,6.3583752e-06
3355,1,0,0.69563943,0.30232358,0.0020370402
3356,0,0,0.88735896,0.11242398,0.00021702933
3357,1,1,0.31488782,0.664307,0.020805188
3358,1,2,0.00016248213,0.091800556,0.90803695
3359,2,2,0.0014704865,0.3061684,0.69236106
3360,0,0,0.99998343,1.4945042e-05,1.619603e-06
3361,1,1,0.36603498,0.6161942,0.017770775
3362,0,0,0.9999541,4.539784e-05,5.331445e-07
3363,1,0,0.58382136,0.4125563,0.003622373
3364,1,1,0.14302799,0.7705218,0.08645015
3365,2,0,0.5917123,0.4038631,0.004424632
3366,0,0,0.7381628,0.26047269,0.0013644642
3367,1,1,0.2843586,0.6892836,0.026357792
3368,1,1,0.1588186,0.7709503,0.07023104
3369,1,2,0.0047271806,0.45454693,0.5407259
3370,1,1,0.12174674,0.80779165,0.070461616
3371,1,1,0.07662249,0.7645121,0.15886539
3372,0,0,0.92400175,0.075846665,0.00015159168
3373,1,1,0.018735936,0.6468473,0.33441684
3374,1,1,0.12335393,0.7974165,0.07922954
3375,0,0,0.78846836,0.21074477,0.000786919
3376,2,2,0.00037327787,0.13903236,0.86059433
3377,1,1,0.008990607,0.53413737,0.45687202
3378,1,0,0.61268795,0.38341025,0.0039017752
3379,2,2,0.00010956019,0.07112321,0.9287672
3380,0,0,0.90358883,0.09623479,0.0001763486
3381,1,0,0.72107786,0.27751797,0.0014041434
3382,1,1,0.48321,0.5090442,0.0077457977
3383,0,0,0.998319,0.001677297,3.7203883e-06
3384,2,1,0.010164497,0.51638514,0.47345036
3385,1,1,0.21637434,0.74222225,0.04140344
3386,1,0,0.83594275,0.1634677,0.0005895566
3387,0,0,0.5747171,0.42047197,0.0048109367
3388,2,2,5.3225624e-05,0.048054725,0.9518921
3389,0,0,0.922808,0.07707524,0.00011668545
3390,0,0,0.9997588,0.00024031088,9.2902116e-07
3391,0,1,0.10160266,0.7950154,0.10338198
3392,2,2,0.00015297237,0.08347822,0.91636884
3393,0,0,0.9995784,0.00041876512,2.8216175e-06
3394,2,2,6.444409e-06,0.007815839,0.9921778
3395,2,1,0.040410694,0.73711234,0.22247703
3396,0,0,0.58775073,0.40818456,0.0040647183
3397,2,2,0.00025009064,0.12512906,0.8746208
3398,2,1,0.0069239167,0.5266725,0.46640357
3399,1,1,0.38229454,0.60039043,0.017315
3400,0,0,0.9468678,0.053048953,8.314916e-05
3401,1,0,0.5448625,0.4501412,0.004996279
3402,1,2,0.0043240064,0.4249009,0.5707751
3403,0,0,0.94137216,0.058531243,9.6647e-05
3404,1,1,0.32640246,0.6536523,0.019945271
3405,2,2,1.9354293e-05,0.019058643,0.98092204
3406,2,1,0.10858357,0.77899635,0.11242007
3407,2,1,0.11490548,0.789337,0.09575745
3408,0,0,0.902048,0.09775317,0.00019879689
3409,2,2,0.0050970386,0.46726155,0.52764136
3410,1,1,0.2384102,0.7242263,0.037363492
3411,0,0,0.9917562,0.0082302,1.3589746e-05
3412,1,1,0.04670334,0.7576898,0.19560693
3413,1,1,0.30985847,0.66514456,0.024996964
3414,1,1,0.086246654,0.79586816,0.1178852
3415,0,0,0.9990349,0.00096304703,2.1361127e-06
3416,0,0,0.5792277,0.41647846,0.004293842
3417,0,0,0.84296113,0.15647447,0.00056433515
3418,0,0,0.720927,0.27745992,0.0016130182
3419,0,0,0.5618356,0.43302372,0.0051407474
3420,1,1,0.01238136,0.5745231,0.41309562
3421,0,0,0.80530995,0.19395308,0.00073690194
3422,0,1,0.46947393,0.52101535,0.009510681
3423,1,1,0.25205398,0.71430475,0.033641286
3424,1,1,0.070508376,0.7807427,0.14874887
3425,1,1,0.15523295,0.78016865,0.06459847
3426,0,0,0.6129151,0.3835525,0.0035323962
3427,0,1,0.015099428,0.59767216,0.38722837
3428,0,0,0.9677555,0.032207575,3.6933685e-05
3429,0,0,0.85634005,0.14323308,0.00042677458
3430,0,1,0.42206067,0.56695956,0.010979837
3431,2,2,9.29872e-05,0.07832115,0.92158586
3432,1,1,0.010701563,0.57550025,0.4137982
3433,0,0,0.96775293,0.03220749,3.9589544e-05
3434,0,0,0.8184988,0.1807392,0.00076208654
3435,1,1,0.27249807,0.6958483,0.031653654
3436,0,0,0.6772708,0.32103282,0.0016963643
3437,0,0,0.9999497,4.539764e-05,4.9196947e-06
3438,1,1,0.009475526,0.5424097,0.44811475
3439,0,0,0.91770554,0.0821611,0.0001333299
3440,1,1,0.14935638,0.7571788,0.09346484
3441,1,1,0.13359259,0.7849563,0.08145111
3442,2,2,7.130124e-06,0.010836963,0.98915595
3443,2,1,0.22588079,0.73550904,0.03861011
3444,1,1,0.21905378,0.7384807,0.04246551
3445,2,1,0.05191234,0.74259204,0.20549558
3446,0,0,0.98335093,0.016628273,2.0797484e-05
3447,1,0,0.89736724,0.10244503,0.00018772874
3448,1,1,0.010346356,0.55043083,0.43922284
3449,0,0,0.981872,0.018108934,1.9039613e-05
3450,1,0,0.54930246,0.44599855,0.0046990686
3451,1,1,0.10381707,0.79146075,0.10472215
3452,1,1,0.03365078,0.7270195,0.2393297
3453,1,1,0.06806293,0.7870954,0.14484164
3454,2,1,0.0096848,0.51663536,0.47367984
3455,1,1,0.06659588,0.7904489,0.14295524
3456,1,2,0.0051215887,0.47155434,0.523324
3457,0,0,0.5663039,0.42895555,0.00474051
3458,2,2,0.0061232303,0.46677965,0.52709717
3459,0,0,0.9693496,0.03062339,2.7065771e-05
3460,1,1,0.22270831,0.73787886,0.03941285
3461,2,2,0.0038757517,0.3875227,0.6086015
3462,1,1,0.13644813,0.787936,0.07561591
3463,0,1,0.3590867,0.6258554,0.015057944
3464,0,0,0.8081112,0.19127789,0.0006109132
3465,1,1,0.01240671,0.57867414,0.40891913
3466,1,0,0.91770124,0.08216073,0.00013803998
3467,2,1,0.008227129,0.51309776,0.47867507
3468,1,0,0.50995886,0.48407835,0.0059628296
3469,0,0,0.9625053,0.037450187,4.4462915e-05
3470,1,1,0.18665938,0.76168686,0.051653765
3471,0,0,0.99998343,1.4945269e-05,1.6195781e-06
3472,0,0,0.96720874,0.032753102,3.8216996e-05
3473,0,0,0.93533486,0.064540535,0.00012459261
3474,0,0,0.9998604,0.00013789191,1.6193543e-06
3475,1,2,0.0012347244,0.26386333,0.73490196
3476,1,1,0.007764607,0.5347982,0.4574372
3477,0,0,0.9957956,0.0041987714,5.629177e-06
3478,0,0,0.98548293,0.014503381,1.3740281e-05
3479,0,0,0.9945986,0.0053942036,7.1693566e-06
3480,1,1,0.084641114,0.80165946,0.11369948
3481,0,0,0.6610095,0.33585683,0.0031336728
3482,1,1,0.070079245,0.7895804,0.14034043
3483,0,0,0.94599044,0.053927965,8.164238e-05
3484,1,1,0.008645364,0.53859717,0.45275748
3485,2,2,3.142008e-05,0.037450675,0.96251786
3486,0,0,0.9924419,0.0075511215,7.030687e-06
3487,0,1,0.038771536,0.7353856,0.22584286
3488,1,1,0.3792082,0.60597295,0.014818817
3489,1,2,0.0019827355,0.3440295,0.65398777
3490,2,2,0.000880766,0.25726852,0.7418507
3491,1,2,0.0045764707,0.45461577,0.5408077
3492,0,0,0.5449782,0.4502367,0.0047850786
3493,0,0,0.9905449,0.009444925,1.0104241e-05
3494,1,0,0.81074464,0.18859835,0.0006569794
3495,1,1,0.43079907,0.5589493,0.010251682
3496,1,1,0.022345075,0.6921244,0.28553054
3497,0,0,0.9998604,0.00013789402,1.6194039e-06
3498,1,1,0.3423253,0.6395479,0.01812683
3499,1,0,0.587353,0.40790844,0.0047386265
3500,0,0,0.5619999,0.43315047,0.004849607
3501,2,1,0.028394878,0.6808161,0.29078898
3502,0,0,0.93742484,0.062477287,9.792725e-05
3503,0,1,0.43514162,0.55486625,0.0099921515
3504,1,1,0.12420998,0.7960107,0.0797794
3505,0,0,0.900465,0.09929052,0.00024441347
3506,1,1,0.17037398,0.77155846,0.058067556
3507,2,1,0.014578172,0.6141888,0.37123305
3508,1,0,0.63352334,0.36348626,0.0029903613
3509,0,0,0.9403981,0.059494674,0.000107146596
3510,1,1,0.0281798,0.71178234,0.26003793
3511,0,0,0.9459931,0.053928103,7.8856436e-05
3512,2,2,1.4023356e-06,0.00080617965,0.9991924
3513,1,1,0.09432886,0.7843401,0.1213311
3514,0,0,0.96829516,0.031670887,3.3881708e-05
3515,0,0,0.9655228,0.03444404,3.3203203e-05
3516,0,0,0.67305434,0.32462132,0.0023243092
3517,0,0,0.90948385,0.09036433,0.00015182304
3518,0,0,0.9891529,0.010836935,1.0090041e-05
3519,0,1,0.26978335,0.7009808,0.029235886
3520,0,0,0.8026329,0.19669364,0.0006733864
3521,0,0,0.74794775,0.2505311,0.0015210732
3522,1,2,0.0027657507,0.38795465,0.60927963
3523,1,1,0.13663565,0.7821993,0.08116504
3524,2,2,0.0004636263,0.17570798,0.8238284
3525,1,1,0.03703925,0.733692,0.22926876
3526,0,0,0.99853504,0.0014601081,4.9126975e-06
3527,1,1,0.2806758,0.6922714,0.027052797
3528,1,1,0.15641695,0.7725891,0.07099395
3529,1,1,0.02315853,0.68091637,0.29592508
3530,0,0,0.9649312,0.035025783,4.3053795e-05
3531,0,0,0.7102542,0.28796682,0.0017789786
3532,1,1,0.034362618,0.72018206,0.24545532
3533,2,2,9.1462185e-05,0.04497411,0.9549344
3534,1,1,0.009822855,0.54221946,0.44795766
3535,2,2,0.0025874574,0.27372772,0.72368485
3536,1,1,0.27053478,0.7029332,0.026532011
3537,0,0,0.85639846,0.1432428,0.00035878122
3538,0,0,0.79138064,0.20788258,0.00073683745
3539,2,2,2.3704004e-06,0.0010594334,0.99893814
3540,2,2,0.005423433,0.44994795,0.54462856
3541,1,0,0.6728976,0.3245458,0.0025565946
3542,0,0,0.96774566,0.032207247,4.7095065e-05
3543,0,0,0.9997588,0.00024031273,9.290282e-07
3544,2,2,0.00020013003,0.10733278,0.8924671
3545,1,1,0.34563547,0.63461816,0.019746406
3546,1,1,0.04859767,0.76151645,0.18988578
3547,1,1,0.028584259,0.67356086,0.29785484
3548,1,1,0.10231228,0.8005678,0.0971199
3549,2,1,0.029392166,0.6836388,0.286969
3550,2,2,0.00069091225,0.21076499,0.7885441
3551,1,1,0.0865729,0.791974,0.121453136
3552,1,1,0.0073521235,0.49632394,0.49632394
3553,2,1,0.0061988905,0.5098378,0.48396334
3554,1,1,0.0071423883,0.5179617,0.4748959
3555,1,0,0.9571582,0.042791087,5.0803937e-05
3556,1,1,0.15322496,0.7835633,0.063211784
3557,1,1,0.29572904,0.6804656,0.023805402
3558,1,1,0.18412046,0.7644842,0.051395386
3559,1,1,0.41755295,0.5707273,0.011719775
3560,1,1,0.25548822,0.7115758,0.032935966
3561,0,1,0.20152512,0.75397456,0.044500362
3562,1,0,0.62117517,0.37545583,0.0033689423
3563,1,1,0.022495667,0.6557099,0.32179442
3564,0,0,0.9753857,0.024588458,2.5852145e-05
3565,0,1,0.31887043,0.6611305,0.019999102
3566,2,1,0.021363486,0.64892155,0.32971495
3567,0,0,0.61269826,0.3834168,0.0038849448
3568,0,0,0.8519885,0.14754024,0.00047122157
3569,1,1,0.14513718,0.7751269,0.079735994
3570,0,0,0.9998604,0.00013789402,1.619379e-06
3571,2,1,0.14638273,0.7817789,0.07183841
3572,0,0,0.75443715,0.24408093,0.0014819121
3573,0,0,0.9799234,0.020057147,1.933459e-05
3574,1,1,0.284391,0.68936235,0.02624663
3575,2,2,0.0011673184,0.2605241,0.73830855
3576,0,0,0.9995796,0.00041876244,1.6188994e-06
3577,2,1,0.006715689,0.5009531,0.49233118
3578,1,1,0.07844328,0.7895029,0.13205376
3579,2,1,0.013402939,0.61089087,0.3757062
3580,1,1,0.07570485,0.79574025,0.12855491
3581,2,2,0.0020120717,0.32853758,0.6694503
3582,0,0,0.70311123,0.29514295,0.001745867
3583,0,0,0.99175996,0.008230231,9.771381e-06
3584,0,0,0.9564388,0.043507736,5.3479856e-05
3585,1,0,0.7766312,0.22250862,0.00086020055
3586,0,0,0.6168709,0.37938386,0.0037452662
3587,1,2,0.005794449,0.4755406,0.51866496
3588,2,2,0.00025866632,0.110698655,0.8890426
3589,1,0,0.58796835,0.4083357,0.0036959162
3590,0,0,0.9952549,0.004738765,6.464395e-06
3591,0,0,0.89737016,0.10244534,0.00018449822
3592,2,2,7.616555e-05,0.053928245,0.94599557
3593,0,0,0.99132323,0.008666428,1.0289266e-05
3594,1,1,0.041042645,0.74539745,0.21355993
3595,2,2,1.3318216e-05,0.0110245915,0.9889621
3596,0,0,0.9985374,0.0014601145,2.4531648e-06
3597,2,2,0.00013685682,0.10568741,0.89417577
3598,1,1,0.13181806,0.7812822,0.08689983
3599,0,0,0.9995796,0.00041876565,1.6189118e-06
3600,0,0,0.9997588,0.00024031273,9.290282e-07
3601,0,0,0.7911598,0.20782454,0.0010156343
3602,0,0,0.81072587,0.18859397,0.0006801758
3603,1,1,0.072641484,0.7974106,0.1299479
3604,0,1,0.22825874,0.7304599,0.04128133
3605,1,0,0.80256313,0.19667655,0.0007603357
3606,1,1,0.062674046,0.77018285,0.16714306
3607,2,2,3.0170359e-06,0.002894579,0.99710244
3608,1,1,0.2409321,0.71929044,0.039777435
3609,0,0,0.8627239,0.13697752,0.00029859852
3610,1,1,0.176102,0.7702831,0.05361492
3611,1,0,0.7064007,0.29142013,0.002179145
3612,2,2,0.0043369657,0.40807295,0.58759004
3613,0,0,0.84295285,0.15647298,0.0005742124
3614,0,0,0.6523051,0.34314436,0.0045504873
3615,2,2,2.1080496e-05,0.020401198,0.9795777
3616,1,0,0.73136955,0.26719385,0.0014366013
3617,0,0,0.9992675,0.00072964374,2.8207398e-06
3618,0,0,0.9995796,0.00041876565,1.6189118e-06
3619,0,0,0.9502647,0.049667545,6.775411e-05
3620,0,0,0.9999497,4.539764e-05,4.91962e-06
3621,1,1,0.23922423,0.7266989,0.034076788
3622,2,1,0.4604663,0.52907413,0.010459571
3623,0,0,0.9459891,0.053927872,8.3071995e-05
3624,2,2,0.00018649611,0.044230096,0.9555834
3625,2,1,0.019460645,0.67625576,0.30428362
3626,2,1,0.020313779,0.6458072,0.33387902
3627,0,0,0.7700548,0.22841948,0.0015257761
3628,1,1,0.21389621,0.7465713,0.039532486
3629,2,2,4.2736356e-06,0.0019288147,0.99806696
3630,0,0,0.9992687,0.0007296418,1.6184083e-06
3631,2,2,0.00029749193,0.12512317,0.8745793
3632,1,0,0.7102209,0.28795332,0.0018258297
3633,1,2,0.0043640416,0.45471278,0.5409231
3634,0,0,0.9745368,0.025435066,2.8171991e-05
3635,0,0,0.7765383,0.22248201,0.0009797073
3636,0,0,0.82872474,0.17072041,0.0005548044
3637,0,0,0.92277837,0.07707277,0.0001487854
3638,0,0,0.6921786,0.3060877,0.0017337039
3639,1,0,0.6884567,0.30977345,0.0017698777
3640,0,0,0.5404454,0.45431116,0.005243434
3641,2,1,0.01520385,0.60573614,0.37906003
3642,0,0,0.847495,0.15194747,0.00055760506
3643,0,0,0.9824767,0.017501716,2.1513162e-05
3644,1,1,0.111605786,0.7937578,0.094636396
3645,1,1,0.4785492,0.5129629,0.008487894
3646,2,1,0.13542853,0.7888662,0.07570519
3647,1,1,0.44758227,0.5417652,0.010652517
3648,2,1,0.2277561,0.72885126,0.043392595
3649,0,0,0.699278,0.29867437,0.002047695
3650,2,2,7.557008e-06,0.0048213457,0.9951711
3651,1,0,0.98217773,0.017802792,1.9379067e-05
3652,0,1,0.41380873,0.57551485,0.010676461
3653,2,1,0.0063488823,0.5054501,0.48820096
3654,1,1,0.26954028,0.70034915,0.030110607
3655,2,2,0.00034853618,0.12322879,0.8764227
3656,1,1,0.032935966,0.7115758,0.25548822
3657,1,1,0.011825148,0.5955586,0.39261627
3658,0,0,0.5008569,0.49223658,0.006906523
3659,0,0,0.9777711,0.022210237,1.863377e-05
3660,0,0,0.83833456,0.16111392,0.000551578
3661,1,0,0.6497188,0.3477694,0.0025117605
3662,0,0,0.81327766,0.18593147,0.00079081464
3663,0,0,0.9049968,0.094725825,0.00027738544
3664,0,0,0.9176898,0.082159705,0.00015055628
3665,2,2,0.0002548046,0.13904884,0.8606963
3666,2,2,0.00021012418,0.0947322,0.9050577
3667,1,2,8.337371e-05,0.050492648,0.94942397
3668,0,0,0.80810255,0.19127585,0.000621605
3669,2,2,0.0008002649,0.18331672,0.815883
3670,0,0,0.52673537,0.4664591,0.0068055596
3671,1,1,0.012238333,0.5787729,0.4089888
3672,1,1,0.44299585,0.54560405,0.011400087
3673,1,1,0.064859495,0.7765508,0.15858969
3674,0,0,0.99004143,0.009944823,1.3803839e-05
3675,2,2,7.992738e-05,0.05758283,0.9423373
3676,0,0,0.9792213,0.020750927,2.7820215e-05
3677,0,0,0.9352619,0.064535476,0.00020256927
3678,0,0,0.96551603,0.034443814,4.0189778e-05
3679,0,0,0.99872524,0.0012710099,3.7219024e-06
3680,0,0,0.95262367,0.04726394,0.00011237437
3681,0,0,0.93536156,0.06454238,9.603e-05
3682,1,0,0.64154685,0.3555282,0.002924891
3683,0,0,0.9766039,0.023369748,2.633773e-05
3684,0,0,0.9035774,0.09623357,0.0001890279
3685,2,2,5.239572e-06,0.006465891,0.9935289
3686,0,0,0.539049,0.45313737,0.007813597
3687,1,2,0.0073374407,0.44055822,0.55210435
3688,1,0,0.51328593,0.47885057,0.007863489
3689,1,1,0.41376716,0.5754571,0.010775768
3690,1,0,0.92029625,0.07958126,0.00012258925
3691,1,1,0.039105147,0.73211795,0.22877689
3692,1,1,0.3102199,0.6659207,0.023859376
3693,0,0,0.9995796,0.00041876565,1.6189118e-06
3694,0,1,0.33875367,0.6439584,0.017288001
3695,0,0,0.897237,0.10243016,0.000332876
3696,1,1,0.021407489,0.6335428,0.3450498
3697,1,2,0.0018611436,0.32858726,0.6695516
3698,0,0,0.99541616,0.00457779,6.0316875e-06
3699,1,1,0.13696726,0.7773208,0.08571192
3700,0,0,0.9812438,0.018736761,1.9360641e-05
3701,2,2,0.0018986285,0.3209678,0.67713356
3702,2,2,1.7545877e-05,0.013087358,0.9868951
3703,1,1,0.012899609,0.58667517,0.40042517
3704,1,2,0.0039069555,0.39576232,0.60033077
3705,1,1,0.13706881,0.777897,0.08503413
3706,0,0,0.9999497,4.539764e-05,4.91962e-06
3707,1,1,0.27314785,0.6975075,0.029344654
3708,0,0,0.99998343,1.4945042e-05,1.6195535e-06
3709,1,1,0.24141943,0.72074544,0.037835103
3710,1,1,0.29524004,0.6793401,0.025419883
3711,1,1,0.2049429,0.7535647,0.04149235
3712,0,1,0.35888967,0.625512,0.015598338
3713,0,0,0.98837876,0.011607151,1.4021988e-05
3714,0,1,0.04757563,0.77519864,0.17722578
3715,1,1,0.33722982,0.64106154,0.02170861
3716,2,2,0.00011343076,0.071122915,0.9287636
3717,2,2,5.564636e-05,0.038721714,0.9612226
3718,2,2,0.001648887,0.2987937,0.69955736
3719,2,1,0.01592723,0.63318086,0.3508919
3720,2,2,0.00028986004,0.14756699,0.85214317
3721,0,0,0.98877466,0.011215529,9.741969e-06
3722,0,0,0.9977825,0.0022131652,4.272414e-06
3723,2,1,0.040872175,0.74553,0.21359791
3724,1,1,0.026183503,0.67880785,0.29500872
3725,1,1,0.07830232,0.8018856,0.11981204
3726,0,0,0.99903536,0.00096304377,1.6180365e-06
3727,2,2,0.0025200131,0.33994317,0.6575368
3728,0,0,0.9999529,4.53971e-05,1.619504e-06
3729,2,2,6.217417e-05,0.048854742,0.95108306
3730,0,0,0.9998604,0.00013789402,1.619379e-06
3731,0,0,0.99624276,0.0037523923,4.9014143e-06
3732,0,0,0.9896945,0.010292588,1.287325e-05
3733,0,1,0.18128014,0.76587266,0.052847203
3734,0,0,0.97453576,0.02543504,2.9167339e-05
3735,2,2,8.671466e-06,0.00613974,0.99385154
3736,1,1,0.32932273,0.64814955,0.022527719
3737,0,0,0.9526552,0.0472655,7.941177e-05
3738,2,2,0.00079251814,0.22554098,0.77366656
3739,0,1,0.4133103,0.57482165,0.011868068
3740,1,0,0.7852748,0.21356691,0.0011582803
3741,0,1,0.3529544,0.6259408,0.021104759
3742,0,1,0.26313162,0.707854,0.029014423
3743,0,0,0.62544996,0.37153304,0.0030170197
3744,2,2,0.0005998597,0.17071268,0.8286875
3745,0,0,0.99224067,0.007748776,1.0479144e-05
3746,1,1,0.039221074,0.74391204,0.21686688
3747,2,2,0.0014366509,0.20773703,0.7908263
3748,0,0,0.65757936,0.3399652,0.0024553942
3749,0,1,0.33907518,0.64456975,0.016355066
3750,1,1,0.27056587,0.703014,0.02642014
3751,1,1,0.037933383,0.74490905,0.2171576
3752,0,0,0.9987268,0.0012710143,2.1354583e-06
3753,0,0,0.96551925,0.034443915,3.684831e-05
3754,0,0,0.74475616,0.25383082,0.0014129727
3755,0,1,0.39588258,0.5901774,0.013940014
3756,0,0,0.49641773,0.49641773,0.0071644834
3757,0,0,0.9542146,0.045727223,5.8193997e-05
3758,1,1,0.0076814527,0.534843,0.4574755
3759,2,2,8.993549e-05,0.07707734,0.9228328
3760,0,0,0.9016436,0.09770933,0.00064702897
3761,0,0,0.6686271,0.32813352,0.0032393248
3762,1,1,0.07210972,0.78473175,0.14315856
3763,1,1,0.059942923,0.76264733,0.17740977
3764,0,0,0.9997588,0.00024031088,9.2902116e-07
3765,1,0,0.87647134,0.123235665,0.0002930042
3766,1,0,0.7069603,0.29165104,0.0013886552
3767,0,0,0.85634637,0.14323413,0.00041943247
3768,2,2,0.000841329,0.21952444,0.7796342
3769,0,0,0.9903814,0.009608742,9.7577995e-06
3770,1,1,0.4180052,0.57134527,0.01064955
3771,2,2,0.0040009646,0.39572492,0.6002741
3772,2,2,0.00016373186,0.084815204,0.9150211
3773,2,2,2.8702381e-05,0.02417542,0.9757959
3774,2,2,1.8794475e-05,0.013777399,0.9862038
3775,0,0,0.9875365,0.012431249,3.2236752e-05
3776,2,1,0.31932822,0.65068465,0.029987121
3777,2,1,0.032399245,0.7184481,0.24915266
3778,0,0,0.9992687,0.0007296446,1.6184083e-06
3779,2,2,3.2404691e-06,0.00089849316,0.9990983
3780,1,0,0.6957113,0.3023548,0.0019338594
3781,1,1,0.46461192,0.5246495,0.010738564
3782,0,0,0.89076257,0.10900389,0.00023352883
3783,0,0,0.98376346,0.01620764,2.8936742e-05
3784,2,1,0.016570557,0.65590304,0.32752636
3785,0,0,0.9252255,0.07463998,0.00013442244
3786,1,1,0.010930105,0.5836991,0.40537074
3787,0,0,0.97493964,0.025007635,5.2653962e-05
3788,0,0,0.7765449,0.22248381,0.0009712478
3789,2,2,0.00022425423,0.114167206,0.88560855
3790,2,2,0.00012949419,0.07707428,0.92279625
3791,0,1,0.44380912,0.54660577,0.009585163
3792,2,2,2.3741897e-05,0.022976818,0.97699946
3793,2,2,0.00027506435,0.13292764,0.8667973
3794,1,2,0.0016598285,0.28800115,0.710339
3795,0,0,0.94327474,0.05664805,7.727655e-05
3796,0,1,0.48290935,0.50872743,0.008363184
3797,0,1,0.3912272,0.59345114,0.015321712
3798,1,1,0.01608895,0.6252003,0.35871077
3799,1,1,0.013861394,0.5984235,0.3877151
3800,2,1,0.12300956,0.7951905,0.081799895
3801,0,0,0.998319,0.001677297,3.7203883e-06
3802,1,1,0.36286333,0.6215527,0.01558392
3803,1,1,0.015619804,0.57679147,0.40758872
3804,2,2,0.00043500646,0.15649472,0.84307027
3805,0,0,0.99464595,0.005347837,6.239969e-06
3806,1,1,0.11231375,0.7782595,0.10942666
3807,2,2,2.8685183e-06,0.0012932423,0.99870384
3808,0,0,0.99975806,0.00024031257,1.6192008e-06
3809,1,1,0.07681533,0.8004341,0.12275055
3810,0,0,0.87070155,0.12896965,0.0003286883
3811,0,0,0.99998343,1.4945042e-05,1.6195535e-06
3812,2,2,0.00010281876,0.06559809,0.93429905
3813,1,0,0.85426074,0.14538756,0.000351726
3814,0,0,0.97084874,0.0291142,3.7051705e-05
3815,0,0,0.98644406,0.013543572,1.2393097e-05
3816,1,1,0.29173693,0.6830356,0.025227528
3817,1,1,0.07164566,0.79333574,0.13501866
3818,0,1,0.16936082,0.78040206,0.050237097
3819,1,0,0.66146386,0.33608764,0.002448552
3820,0,0,0.99374545,0.0062465947,7.949625e-06
3821,2,1,0.0076819547,0.52197725,0.4703408
3822,1,1,0.044808533,0.7591958,0.19599573
3823,2,2,0.0037374222,0.375317,0.6209456
3824,0,0,0.9875545,0.012431476,1.4010295e-05
3825,0,0,0.9857265,0.014257274,1.6349371e-05
3826,1,2,0.0033690815,0.42954665,0.5670843
3827,1,1,0.22055462,0.730743,0.0487024
3828,2,1,0.013318515,0.5614231,0.42525834
3829,2,1,0.05860435,0.75867444,0.18272123
3830,1,1,0.075969666,0.7916221,0.13240823
3831,0,0,0.71354353,0.28432122,0.0021353087
3832,0,1,0.13526778,0.7947995,0.069932766
3833,0,1,0.40095198,0.58744705,0.011600984
3834,0,0,0.7794091,0.21946107,0.0011298418
3835,2,2,0.002061501,0.32091543,0.67702305
3836,0,0,0.61293375,0.38356423,0.003501973
3837,0,0,0.9571479,0.042790618,6.1493694e-05
3838,0,1,0.21191093,0.73964196,0.04844706
3839,1,1,0.43069673,0.5588164,0.010486894
3840,1,1,0.012349793,0.5619742,0.42567596
3841,0,0,0.95420295,0.045726668,7.043867e-05
3842,2,1,0.01175409,0.57488793,0.41335803
3843,0,0,0.99872524,0.0012710099,3.7219024e-06
3844,2,1,0.012939008,0.5948872,0.3921738
3845,1,0,0.8707672,0.12897937,0.0002533493
3846,0,1,0.452288,0.5380387,0.00967336
3847,0,1,0.49112123,0.4997221,0.009156702
3848,0,0,0.7997647,0.19942306,0.00081217126
3849,2,2,0.0011524174,0.25719857,0.74164903
3850,0,0,0.99216837,0.007815764,1.5894628e-05
3851,2,1,0.12136154,0.7913766,0.087261796
3852,1,0,0.5922325,0.40421832,0.003549163
3853,0,0,0.97620696,0.023769345,2.372264e-05
3854,0,0,0.99975806,0.00024031257,1.6192131e-06
3855,0,0,0.8186739,0.18077792,0.0005480757
3856,1,1,0.16254155,0.77544254,0.062015966
3857,1,0,0.8053687,0.19396721,0.0006640523
3858,0,0,0.919021,0.080862746,0.000116206604
3859,2,2,8.3941784e-05,0.060474973,0.93944114
3860,2,2,0.0034101775,0.31671882,0.679871
3861,0,0,0.6809717,0.31723154,0.001796824
3862,2,2,0.0005229039,0.12509495,0.87438214
3863,0,0,0.998319,0.001677297,3.7203883e-06
3864,0,0,0.9841828,0.015797742,1.9418629e-05
3865,0,0,0.8890954,0.110705264,0.00019937394
3866,1,1,0.20299202,0.7463915,0.05061651
3867,1,0,0.9936373,0.0063552973,7.4154987e-06
3868,0,1,0.43438685,0.5539039,0.011709295
3869,2,2,4.0064635e-05,0.037450366,0.9625096
3870,2,2,0.0004478928,0.16113065,0.83842146
3871,0,0,0.9990349,0.00096304703,2.1361209e-06
3872,0,0,0.99697363,0.0030225855,3.8466437e-06
3873,2,1,0.012965348,0.6111618,0.37587282
3874,1,0,0.990708,0.009283894,8.205346e-06
3875,0,0,0.9995796,0.00041876565,1.6189118e-06
3876,1,0,0.92404276,0.075850055,0.00010712685
3877,2,2,5.437498e-05,0.044235934,0.9557097
3878,0,1,0.3175672,0.65842867,0.02400409
3879,0,0,0.9005323,0.09929794,0.00016975428
3880,1,1,0.28445557,0.6895187,0.026025685
3881,0,0,0.9065743,0.093257755,0.00016795199
3882,1,1,0.0068821697,0.5094871,0.4836307
3883,2,2,1.2801643e-05,0.015797846,0.98418933
3884,2,1,0.16499902,0.76693195,0.06806906
3885,0,0,0.9877631,0.0122201005,1.6670057e-05
3886,0,0,0.9992687,0.0007296446,1.6184206e-06
3887,0,1,0.16695984,0.7693384,0.063701734
3888,0,0,0.9998604,0.00013789191,1.6193543e-06
3889,0,0,0.54444367,0.4497951,0.005761244
3890,2,2,0.002008834,0.3060034,0.69198775
3891,1,0,0.6529864,0.34350273,0.0035108624
3892,0,0,0.6292189,0.36733884,0.0034423198
3893,0,1,0.47857112,0.51298654,0.008442357
3894,1,1,0.045864023,0.76370454,0.19043143
3895,1,1,0.17777343,0.76421064,0.05801598
3896,0,0,0.99872607,0.001271011,2.8192117e-06
3897,1,1,0.19469592,0.7541607,0.051143397
3898,0,0,0.77667606,0.22252141,0.00080253754
3899,2,2,9.804923e-05,0.028146895,0.9717551
3900,1,1,0.34212008,0.6391645,0.018715383
3901,2,2,1.6190825e-06,0.00031723353,0.9996811
3902,0,0,0.9873403,0.012646436,1.3296375e-05
3903,0,1,0.16474026,0.7724049,0.06285487
3904,1,1,0.030678231,0.73237777,0.23694408
3905,1,0,0.69568765,0.3023447,0.0019676606
3906,0,0,0.99132663,0.008666458,6.901918e-06
3907,0,1,0.46564168,0.52581215,0.008546123
3908,1,1,0.3459469,0.63518995,0.01886322
3909,0,0,0.99832016,0.001677299,2.4526312e-06
3910,0,0,0.885575,0.114162855,0.00026216978
3911,0,0,0.9916128,0.008373126,1.40678685e-05
3912,1,1,0.27595338,0.6925433,0.031503323
3913,2,2,0.00015012035,0.08481635,0.9150335
3914,2,1,0.027328111,0.70235837,0.27031353
3915,0,0,0.9998604,0.00013789402,1.619379e-06
3916,2,2,4.2973323e-05,0.036829412,0.96312755
3917,1,1,0.08865705,0.8040301,0.1073128
3918,2,1,0.017955942,0.6587552,0.32328883
3919,1,1,0.08565233,0.79727477,0.11707286
3920,0,0,0.9364003,0.06350195,9.782022e-05
3921,2,2,0.00064140535,0.1939716,0.80538696
3922,1,1,0.18922453,0.7588644,0.051911045
3923,1,2,0.00012247826,0.09623999,0.9036375
3924,1,1,0.20376717,0.7492414,0.04699137
3925,0,0,0.9999529,4.5397785e-05,1.619504e-06
3926,0,0,0.9948638,0.005121813,1.4361157e-05
3927,1,0,0.9190229,0.08086291,0.00011420672
3928,0,0,0.99903333,0.0009630456,3.7230504e-06
3929,2,1,0.007632486,0.5220033,0.47036424
3930,1,1,0.4482329,0.5425527,0.009214371
3931,1,2,0.007957157,0.4788054,0.5132375
3932,0,0,0.9821764,0.01780277,2.0772644e-05
3933,0,0,0.9672074,0.032753058,3.956723e-05
3934,1,0,0.7482313,0.25062615,0.001142635
3935,0,0,0.9802506,0.019718518,3.09069e-05
3936,1,1,0.08447289,0.80006635,0.115460746
3937,1,2,0.006331375,0.46668187,0.5269868
3938,1,2,0.0003776478,0.12136185,0.87826055
3939,2,2,8.570745e-06,0.00048112703,0.9995103
3940,0,1,0.4785227,0.51293445,0.00854286
3941,0,0,0.97886604,0.021106673,2.7331485e-05
3942,0,1,0.36696622,0.61776185,0.015271924
3943,2,2,7.627573e-05,0.06886548,0.9310583
3944,2,1,0.12636949,0.7959115,0.07771896
3945,1,1,0.005824955,0.4970875,0.4970875
3946,1,1,0.24567235,0.7208187,0.033508904
3947,2,2,0.0005542378,0.14972456,0.8497212
3948,0,0,0.98644316,0.013543559,1.3284293e-05
3949,2,2,0.0007839852,0.1859327,0.81328326
3950,0,0,0.9999497,4.539764e-05,4.9196947e-06
3951,1,1,0.05471272,0.75922996,0.1860573
3952,0,0,0.9977825,0.0022131673,4.2724178e-06
3953,2,2,6.1373157e-06,0.0045777895,0.99541605
3954,0,1,0.034072403,0.71720576,0.24872176
3955,0,0,0.8052997,0.19395058,0.0007497972
3956,2,2,1.9686671e-05,0.019385934,0.98059434
3957,0,1,0.18370165,0.76274526,0.053553123
3958,0,0,0.9995796,0.00041876565,1.6189118e-06
3959,0,0,0.9928209,0.007170637,8.366846e-06
3960,0,1,0.2289691,0.7327331,0.038297806
3961,0,0,0.75154454,0.24740317,0.0010522698
3962,1,2,0.0073136766,0.474814,0.51787233
3963,0,0,0.95188034,0.048054133,6.5553104e-05
3964,0,1,0.050169848,0.7495008,0.20032938
3965,0,0,0.9815617,0.018420244,1.8067622e-05
3966,0,0,0.9999497,4.5396955e-05,4.9196947e-06
3967,1,0,0.60460746,0.3917217,0.0036708121
3968,1,1,0.3205748,0.65322477,0.026200414
3969,1,1,0.32719296,0.6552354,0.017571667
3970,1,1,0.2457789,0.72113127,0.033089757
3971,2,2,5.7005036e-05,0.048854996,0.9510881
3972,0,0,0.9999529,4.5397785e-05,1.619504e-06
3973,1,1,0.3692781,0.61095446,0.019767372
3974,2,2,0.005638603,0.48854995,0.50581145
3975,2,2,0.0031151755,0.35944083,0.63744396
3976,2,2,4.4290546e-06,0.00093020865,0.99906534
3977,0,0,0.96057653,0.03937334,5.0107832e-05
3978,1,2,0.002192426,0.35182497,0.6459826
3979,1,1,0.3718514,0.60462326,0.02352533
3980,0,0,0.9999529,4.5397785e-05,1.6195536e-06
3981,1,1,0.0909514,0.8036347,0.105413936
3982,0,0,0.98335254,0.016628316,1.9068322e-05
3983,1,1,0.33890417,0.64424473,0.016851092
3984,2,2,0.000116840456,0.07584931,0.9240339
3985,0,0,0.9035651,0.09623228,0.00020261868
3986,0,0,0.99872464,0.0012710091,4.2764436e-06
3987,2,2,2.1333142e-06,0.0022738907,0.997724
3988,0,1,0.27988094,0.69031096,0.029808125
3989,2,1,0.010023685,0.55061024,0.439366
3990,1,1,0.16245373,0.77502334,0.06252284
3991,2,2,0.0010682147,0.20215696,0.79677486
3992,1,0,0.8585202,0.14112626,0.0003534799
3993,1,1,0.11207422,0.78337044,0.104555376
3994,2,2,0.00062028493,0.18596321,0.8134165
3995,0,0,0.88383085,0.11593338,0.00023576933
3996,2,1,0.010965353,0.58367825,0.40535638
3997,1,1,0.045889325,0.7444837,0.209627
3998,0,0,0.8801495,0.11952959,0.0003209162
3999,1,1,0.05389097,0.76755714,0.17855191
4000,1,0,0.6088533,0.38768318,0.0034635924
4001,1,1,0.01819875,0.63171935,0.35008195
4002,0,0,0.9995784,0.00041876192,2.821596e-06
4003,2,2,0.00014731822,0.08617397,0.91367877
4004,1,1,0.013339349,0.6028195,0.3838412
4005,2,2,6.128333e-06,0.0060347184,0.9939592
4006,0,0,0.79136,0.20787716,0.0007628517
4007,1,1,0.12984386,0.7830587,0.08709743
4008,1,1,0.066261195,0.7864765,0.14726232
4009,0,0,0.9998604,0.00013789402,1.6193543e-06
4010,0,0,0.95344496,0.046490517,6.4530774e-05
4011,2,2,3.4699858e-06,0.0019101065,0.99808645
4012,1,0,0.885625,0.1141693,0.00020561255
4013,1,1,0.11388467,0.79602516,0.090090185
4014,2,2,0.0031096148,0.37962592,0.61726445
4015,1,1,0.015635107,0.61753404,0.3668309
4016,0,0,0.9997569,0.00024031228,2.8220998e-06
4017,0,0,0.9997569,0.00024030858,2.8220998e-06
4018,0,0,0.9972234,0.00277197,4.657248e-06
4019,0,1,0.41324878,0.57473594,0.012015298
4020,1,2,0.0041001155,0.42077228,0.5751276
4021,1,0,0.5620058,0.43315503,0.0048391456
4022,0,0,0.997624,0.0023719429,3.985152e-06
4023,1,1,0.013055636,0.57413083,0.41281354
4024,0,0,0.96665156,0.033307496,4.0941683e-05
4025,1,1,0.04252736,0.769017,0.18845567
4026,2,2,5.8191094e-06,0.005730213,0.99426395
4027,0,0,0.9999497,4.539764e-05,4.91962e-06
4028,2,2,1.5486756e-05,0.016346851,0.9836377
4029,0,0,0.99903417,0.00096304266,2.8200811e-06
4030,0,0,0.7939416,0.20496586,0.0010924992
4031,1,2,0.00044262124,0.15649359,0.84306383
4032,2,2,9.5354255e-05,0.071124196,0.9287804
4033,2,2,0.0016284375,0.27055308,0.72781855
4034,0,0,0.8820364,0.11772416,0.00023941137
4035,2,1,0.05139112,0.7512642,0.19734463
4036,0,0,0.9999846,1.4945059e-05,5.3316074e-07
4037,1,1,0.21134774,0.7505949,0.03805738
4038,2,2,0.00023396754,0.107329115,0.8924369
4039,1,0,0.6045291,0.3916709,0.0038000154
4040,1,1,0.008458418,0.5557258,0.4358157
4041,1,2,0.0020828357,0.3400922,0.65782493
4042,1,1,0.107374385,0.7975385,0.095087156
4043,2,2,0.00013898159,0.09180271,0.9080583
4044,0,1,0.29818138,0.6742993,0.027519347
4045,2,1,0.013957023,0.6265549,0.35948804
4046,1,0,0.69920146,0.29864162,0.0021569354
4047,2,2,0.000576034,0.19671284,0.8027112
4048,1,1,0.15820697,0.78143084,0.060362156
4049,2,2,0.00021113927,0.09035894,0.9094299
4050,2,1,0.02513099,0.6687109,0.30615816
4051,0,0,0.88383085,0.115933344,0.00023576933
4052,1,1,0.06855115,0.7790972,0.15235165
4053,0,0,0.9980696,0.0019267276,3.7194663e-06
4054,0,0,0.612858,0.38351676,0.0036252555
4055,0,0,0.988379,0.011607153,1.3780661e-05
4056,1,1,0.45482856,0.5317484,0.013423021
4057,1,0,0.7067538,0.29156578,0.0016803723
4058,2,2,6.444409e-06,0.007815839,0.9921778
4059,0,0,0.92027473,0.07957942,0.00014582796
4060,0,0,0.6614638,0.33608764,0.0024485518
4061,1,1,0.41708067,0.5700817,0.01283758
4062,0,0,0.7643289,0.23473158,0.0009395153
4063,0,0,0.99998343,1.4945042e-05,1.6195535e-06
4064,0,1,0.23181514,0.7290729,0.039111886
4065,2,2,0.0039969366,0.43777674,0.5582263
4066,1,0,0.71040857,0.28802934,0.0015621269
4067,1,2,0.0008846831,0.25396508,0.74515027
4068,1,1,0.38232318,0.60043555,0.017241307
4069,2,2,0.0005450373,0.17822188,0.8212331
4070,2,2,0.00018060248,0.09036172,0.9094576
4071,0,0,0.9999541,4.539784e-05,5.3313636e-07
4072,0,0,0.99998343,1.4945042e-05,1.6195535e-06
4073,1,1,0.2545274,0.7088998,0.036572784
4074,1,2,0.00060887355,0.19397794,0.8054132
4075,0,0,0.8890725,0.11070241,0.00022513139
4076,0,0,0.83840144,0.16112676,0.00047182728
4077,1,0,0.71737933,0.28092977,0.001690894
4078,2,2,1.0042168e-05,0.015530218,0.98445976
4079,0,0,0.9965545,0.0034414767,4.0859118e-06
4080,2,2,9.429411e-06,0.009125551,0.99086505
4081,2,2,0.00027095122,0.13093998,0.86878914
4082,1,1,0.47883004,0.51326406,0.00790593
4083,2,1,0.019195851,0.6541521,0.32665202
4084,0,0,0.99998343,1.4945042e-05,1.619603e-06
4085,0,0,0.99831945,0.0016772978,3.2379467e-06
4086,1,0,0.5091236,0.4832855,0.0075909845
4087,0,0,0.9476985,0.052181643,0.00011983275
4088,1,1,0.0512302,0.76202714,0.18674274
4089,2,2,0.00012482963,0.09474031,0.90513486
4090,0,0,0.77650464,0.22247228,0.0010231212
4091,1,0,0.6210729,0.375394,0.0035331063
4092,1,1,0.03749803,0.73635995,0.22614211
4093,2,2,0.00056593807,0.21079135,0.7886427
4094,1,0,0.8336555,0.1658754,0.00046915637
4095,1,1,0.19416496,0.7521043,0.053730786
4096,2,2,1.997375e-05,0.02221021,0.9777698
4097,1,1,0.14557052,0.7842192,0.070210226
4098,0,0,0.6652836,0.3322105,0.0025058202
4099,2,1,0.008998971,0.5426707,0.44833034
4100,1,1,0.20028567,0.7493373,0.05037708
4101,1,2,0.0053529693,0.48437533,0.5102717
4102,0,1,0.008530876,0.56414723,0.4273219
4103,0,0,0.6732806,0.32473055,0.0019887562
4104,1,1,0.010159889,0.55900097,0.4308391
4105,0,0,0.9998604,0.00013789402,1.619379e-06
4106,0,0,0.9998604,0.00013789402,1.6193543e-06
4107,0,0,0.4962921,0.4962921,0.0074157473
4108,1,1,0.04605433,0.76355225,0.19039345
4109,0,0,0.9812414,0.018736714,2.1862403e-05
4110,2,1,0.06494194,0.7980524,0.13700557
4111,2,2,0.00035128408,0.1611462,0.8385025
4112,0,0,0.9995784,0.00041876512,2.8216175e-06
4113,1,1,0.23768857,0.72203416,0.040277284
4114,2,2,0.0021284332,0.34007666,0.65779495
4115,0,0,0.5355785,0.45810455,0.0063169906
4116,0,0,0.99903417,0.00096304633,2.8200811e-06
4117,0,0,0.8311981,0.16828282,0.00051912834
4118,0,0,0.96775424,0.032207534,3.823855e-05
4119,1,1,0.01792606,0.6435402,0.3385337
4120,1,1,0.4081591,0.57759863,0.014242284
4121,0,1,0.45210645,0.5378225,0.010071041
4122,1,1,0.24141951,0.7207454,0.0378351
4123,0,0,0.99203813,0.007951592,1.0296687e-05
4124,2,1,0.05631992,0.7680813,0.1755987
4125,0,1,0.2846773,0.69005615,0.025266543
4126,0,0,0.65724826,0.33979398,0.0029577117
4127,0,0,0.9994435,0.0005527766,3.724579e-06
4128,1,0,0.6254905,0.37155712,0.002952443
4129,1,1,0.0061477134,0.49692613,0.49692613
4130,0,0,0.75794387,0.24099496,0.0010612303
4131,0,0,0.7826246,0.21657373,0.00080169487
4132,2,2,1.1425502e-05,0.008089711,0.9918989
4133,0,0,0.7794682,0.21947771,0.001054123
4134,1,0,0.6532311,0.34363157,0.003137383
4135,0,1,0.047520433,0.767607,0.18487257
4136,2,1,0.39969856,0.58561075,0.014690729
4137,0,0,0.92277104,0.07707216,0.00015673887
4138,1,1,0.31538093,0.6653473,0.01927179
4139,0,1,0.2173984,0.7329,0.049701586
4140,0,0,0.8382926,0.16110586,0.0006015676
4141,2,1,0.008967356,0.5384222,0.45261043
4142,0,0,0.9995784,0.00041876512,2.8216175e-06
4143,0,0,0.97276264,0.027214538,2.283223e-05
4144,0,0,0.9875524,0.012431449,1.609775e-05
4145,0,1,0.38012654,0.6074403,0.012433135
4146,0,0,0.9999802,1.4945221e-05,4.9198447e-06
4147,1,1,0.066728555,0.778392,0.15487945
4148,1,1,0.031201178,0.7257148,0.24308401
4149,1,0,0.57916206,0.41643128,0.004406629
4150,2,2,2.009918e-05,0.016069956,0.98390996
4151,0,0,0.99998343,1.4945042e-05,1.6195535e-06
4152,0,1,0.1546072,0.77702403,0.068368725
4153,1,1,0.15975145,0.7754786,0.06476994
4154,0,1,0.34151012,0.638025,0.020464815
4155,1,1,0.061521776,0.78273475,0.15574354
4156,1,1,0.022853928,0.6987282,0.27841786
4157,0,0,0.94136566,0.058530837,0.00010359643
4158,2,2,0.001501324,0.29161814,0.70688057
4159,1,1,0.03378006,0.7361752,0.23004472
4160,1,1,0.2800602,0.6907529,0.029186893
4161,1,2,0.0014731885,0.29884636,0.69968045
4162,0,0,0.9150185,0.08481494,0.0001665987
4163,0,0,0.9995796,0.00041876565,1.6189118e-06
4164,0,0,0.9949136,0.0050777984,8.680732e-06
4165,0,0,0.55331385,0.4415235,0.0051626293
4166,1,0,0.6214148,0.37560064,0.0029845734
4167,0,0,0.9999497,4.539764e-05,4.91962e-06
4168,1,1,0.30338916,0.6742679,0.022342917
4169,0,1,0.23220089,0.7302861,0.037512958
4170,2,2,0.0050172643,0.4845388,0.5104439
4171,0,0,0.9494411,0.05049355,6.538512e-05
4172,1,1,0.017841503,0.65883195,0.32332656
4173,1,1,0.009733284,0.5294625,0.46080422
4174,0,0,0.9992687,0.0007296446,1.6184083e-06
4175,0,0,0.9999541,4.539784e-05,5.3313636e-07
4176,1,1,0.013972313,0.60649365,0.37953404
4177,2,2,0.005409636,0.48003498,0.5145554
4178,1,1,0.35425422,0.6282457,0.017500024
4179,0,1,0.09059513,0.7731691,0.13623573
4180,0,0,0.98915184,0.010836918,1.119776e-05
4181,0,0,0.9998604,0.00013789402,1.619379e-06
4182,0,0,0.9549579,0.044975217,6.691681e-05
4183,0,0,0.94327956,0.056648325,7.2092575e-05
4184,1,1,0.25198,0.71409535,0.033924628
4185,2,1,0.045594055,0.7691595,0.18524647
4186,2,2,0.0022979537,0.33227977,0.6654222
4187,1,1,0.06379378,0.77045023,0.16575599
4188,0,0,0.9992675,0.00072964374,2.8207398e-06
4189,1,1,0.13042687,0.77977645,0.08979676
4190,1,1,0.186989,0.76303184,0.04997912
4191,0,0,0.96123046,0.038722016,4.759724e-05
4192,1,1,0.12944518,0.7943257,0.076229125
4193,1,1,0.02661607,0.69603807,0.27734593
4194,2,2,0.0014521,0.28451586,0.714032
4195,0,0,0.6845382,0.3134044,0.0020574192
4196,0,0,0.9592329,0.040707458,5.952457e-05
4197,2,2,0.00038762775,0.16588889,0.8337235
4198,2,2,0.0066880016,0.4751132,0.5181988
4199,0,0,0.8957385,0.1040499,0.00021160243
4200,0,0,0.99998343,1.4945042e-05,1.6195535e-06
4201,1,2,0.005131447,0.4543623,0.54050624
4202,0,0,0.9999497,4.539764e-05,4.91962e-06
4203,0,0,0.92150575,0.078314394,0.00017984536
4204,2,2,1.8276243e-05,0.024175677,0.975806
4205,0,0,0.9980696,0.0019267276,3.7194588e-06
4206,0,0,0.9992555,0.000729635,1.49342195e-05
4207,1,0,0.9549612,0.04497537,6.3521e-05
4208,0,0,0.96493715,0.03502601,3.6826128e-05
4209,2,2,2.4560763e-06,0.00027610696,0.99972147
4210,0,0,0.9970757,0.0029197356,4.5764064e-06
4211,2,2,2.508845e-06,0.00072021096,0.9992773
4212,0,0,0.86061597,0.13903584,0.00034824412
4213,0,0,0.9494472,0.050493874,5.891732e-05
4214,1,1,0.108685285,0.79338104,0.09793361
4215,0,0,0.97453624,0.025435058,2.8665329e-05
4216,0,0,0.58759,0.40807304,0.0043369653
4217,0,0,0.9624773,0.037449088,7.355981e-05
4218,1,2,0.0005981627,0.165854,0.83354783
4219,0,0,0.99831843,0.001677296,4.274704e-06
4220,2,2,0.0016746387,0.30610582,0.69221956
4221,0,0,0.99975806,0.00024031072,1.6192008e-06
4222,2,2,0.0006256892,0.18596216,0.81341213
4223,2,0,0.5711686,0.42519405,0.00363737
4224,1,1,0.15150133,0.7815034,0.06699528
4225,2,2,9.1054026e-05,0.06559887,0.9343101
4226,1,2,0.0047271806,0.45454693,0.5407259
4227,1,1,0.036824156,0.7486765,0.2144994
4228,0,0,0.75126386,0.24731079,0.0014253192
4229,1,1,0.010737303,0.533196,0.4560667
4230,0,0,0.9799202,0.020057082,2.260435e-05
4231,2,2,1.0832617e-05,0.009283869,0.9907053
4232,0,0,0.9460092,0.053929023,6.184248e-05
4233,0,1,0.18176767,0.7679322,0.050300095
4234,1,1,0.3615507,0.6193044,0.01914486
4235,1,1,0.40944272,0.5794151,0.01114219
4236,1,1,0.22834022,0.7307206,0.04093915
4237,2,1,0.044803053,0.73959005,0.21560693
4238,2,2,0.001601408,0.3248566,0.67354196
4239,1,0,0.92277104,0.07707218,0.00015673887
4240,0,0,0.98712337,0.012865082,1.1569627e-05
4241,2,2,0.00035605463,0.14975424,0.84988964
4242,1,2,0.0007560291,0.1658278,0.83341616
4243,1,1,0.022079818,0.66344225,0.31447792
4244,0,0,0.9741014,0.02586894,2.9664927e-05
4245,0,0,0.89887786,0.1008513,0.0002707682
4246,1,0,0.7058905,0.29120967,0.0028998775
4247,0,0,0.77349776,0.22549188,0.001010351
4248,2,1,0.0138680525,0.6065578,0.37957418
4249,1,1,0.08964376,0.7989862,0.111369975
4250,2,2,3.384384e-05,0.032753244,0.967213
4251,1,1,0.28151795,0.6943486,0.024133459
4252,1,0,0.88902617,0.11069661,0.0002772626
4253,1,0,0.8407117,0.15878987,0.00049842236
4254,1,1,0.01564004,0.62548554,0.35887447
4255,0,0,0.9998572,0.00013789358,4.919165e-06
4256,1,0,0.5138289,0.47935718,0.006813962
4257,0,0,0.8311507,0.16827323,0.0005760883
4258,2,2,7.4112268e-06,0.006927631,0.99306494
4259,1,0,0.7852827,0.21356906,0.0011482806
4260,2,2,2.8400365e-05,0.034444217,0.96552736
4261,2,2,3.5958744e-06,0.0009970363,0.9989994
4262,0,0,0.9998604,0.00013789191,1.6193543e-06
4263,2,2,0.00054363516,0.173194,0.82626235
4264,2,1,0.008728641,0.51283836,0.47843304
4265,2,1,0.04458893,0.7620616,0.19334953
4266,0,0,0.764257,0.23470946,0.0010335515
4267,2,2,0.0035645461,0.40421197,0.59222347
4268,1,1,0.05905451,0.7778908,0.16305473
4269,1,1,0.310379,0.6662618,0.023359144
4270,0,0,0.9741029,0.025868978,2.8159448e-05
4271,1,1,0.07988885,0.79021347,0.12989773
4272,2,2,4.2807123e-06,0.00027610618,0.99971956
4273,1,1,0.1798639,0.7598893,0.060246862
4274,0,0,0.9202677,0.07957879,0.00015362322
4275,0,0,0.5004177,0.49180487,0.0077773654
4276,2,2,0.00044663253,0.16349109,0.8360623
4277,2,1,0.038278572,0.7387501,0.22297135
4278,2,2,0.0019384476,0.30972114,0.6883404
4279,1,0,0.64939266,0.34759483,0.0030125089
4280,0,0,0.8726716,0.12703669,0.00029173394
4281,0,0,0.97884196,0.021106154,5.1954867e-05
4282,2,2,8.37628e-05,0.06247818,0.937438
4283,0,0,0.99926823,0.00072964147,2.1366118e-06
4284,0,1,0.42118984,0.56578976,0.013020449
4285,1,1,0.07959234,0.78047603,0.13993163
4286,0,0,0.8287481,0.17072521,0.0005266627
4287,1,0,0.6007554,0.39604247,0.0032021196
4288,2,2,3.2422184e-05,0.006750587,0.99321693
4289,1,0,0.9451223,0.054822043,5.5672463e-05
4290,2,2,4.4975286e-06,0.0029451158,0.9970504
4291,2,2,0.00029876755,0.121371396,0.8783299
4292,2,1,0.020963058,0.66789645,0.31114045
4293,0,0,0.88910437,0.110706374,0.00018925747
4294,0,0,0.9240261,0.07584868,0.00012524171
4295,0,0,0.882005,0.11771999,0.00027507287
4296,2,2,2.6821413e-05,0.03937426,0.96059895
4297,0,0,0.6536095,0.34383053,0.002559918
4298,0,0,0.7139766,0.28449368,0.001529616
4299,0,1,0.15000398,0.77377945,0.076216534
4300,1,1,0.008422094,0.55574614,0.4358318
4301,0,0,0.9571489,0.04279066,6.0435395e-05
4302,0,0,0.98896015,0.011024569,1.5302558e-05
4303,0,0,0.93535835,0.06454216,9.942262e-05
4304,0,1,0.35489285,0.6293784,0.015728848
4305,0,0,0.9995784,0.00041876512,2.8216175e-06
4306,1,1,0.38370544,0.60260624,0.0136883035
4307,0,0,0.99807006,0.0019267284,3.2371436e-06
4308,1,1,0.029372271,0.7042508,0.26637688
4309,0,0,0.74153024,0.2571574,0.0013124695
4310,1,2,0.0064177043,0.48816717,0.50541514
4311,2,2,0.0014175687,0.27061018,0.7279722
4312,0,0,0.9821797,0.017802835,1.7462042e-05
4313,1,1,0.21108001,0.7367417,0.05217835
4314,0,0,0.86654145,0.13288844,0.00057013653
4315,2,1,0.016779335,0.64429176,0.33892894
4316,0,1,0.2632304,0.70811975,0.02864984
4317,1,1,0.4088624,0.5785939,0.012543724
4318,1,1,0.06564611,0.7724413,0.1619125
4319,0,0,0.99745184,0.002542077,6.0440225e-06
4320,0,1,0.15892793,0.78499174,0.05608029
4321,0,0,0.8407398,0.15879522,0.00046500008
