row,y_true,y_pred,p_Low,p_Moderate,p_High
0,0,0,0.7889397,0.21087073,0.00018963689
1,0,0,0.96612054,0.033872183,7.2101407e-06
2,0,1,0.15510215,0.80705315,0.0378448
3,0,0,0.99986196,0.00013789214,1.7548797e-07
4,0,0,0.99999666,1.6196243e-06,1.6196243e-06
5,1,1,0.027082218,0.75915873,0.21375911
6,0,0,0.84565204,0.15427229,7.5561526e-05
7,2,2,1.4943004e-05,0.0001378922,0.9998472
8,2,2,3.058287e-07,0.00024031103,0.9997594
9,0,0,0.9749875,0.025008855,3.761814e-06
10,1,1,0.0072662844,0.62278414,0.36994958
11,0,0,0.98735166,0.012646582,1.714107e-06
12,2,2,7.4898554e-07,0.0072953543,0.9927039
13,0,0,0.9980726,0.0019267335,6.114171e-07
14,2,2,0.00052449666,0.3509909,0.64848465
15,0,1,0.2703873,0.71485347,0.014759236
16,2,2,0.0012350803,0.40254682,0.59621817
17,0,1,0.3820302,0.6104825,0.0074872957
18,1,2,0.0012756744,0.41352797,0.5851963
19,1,1,0.050640155,0.82872105,0.12063873
20,2,2,6.606966e-06,0.017501978,0.98249143
21,0,0,0.99999833,1.6195281e-06,1.902004e-08
22,0,0,0.999985,1.4944607e-05,1.7550154e-07
23,0,0,0.9815761,0.018420517,3.412585e-06
24,0,1,0.2979652,0.6915881,0.010446662
25,2,2,2.7332473e-05,0.102461465,0.8975112
26,1,1,0.0040567513,0.5981684,0.39777485
27,2,2,0.0007505988,0.35035583,0.6488936
28,0,0,0.97368467,0.026310723,4.626951e-06
29,2,2,0.001404714,0.422969,0.5756263
30,0,0,0.89426434,0.10569783,3.7875787e-05
31,0,0,0.973685,0.026310727,4.3165387e-06
32,0,0,0.9983223,0.0016773026,4.0317133e-07
33,0,0,0.700401,0.29915395,0.00044509897
34,2,2,4.3676453e-05,0.10245979,0.89749646
35,0,0,0.9983223,0.0016773026,4.0317286e-07
36,0,0,0.8942655,0.105698,3.6583268e-05
37,2,1,0.0057074027,0.6197177,0.37457487
38,2,1,0.007993634,0.6343245,0.35768178
39,1,0,0.65872115,0.3405555,0.0007232963
40,1,0,0.8189943,0.18084863,0.00015708762
41,1,1,0.015066438,0.7313179,0.25361574
42,0,1,0.48533338,0.51128095,0.003385691
43,0,0,0.54222244,0.455805,0.0019726083
44,0,0,0.7585037,0.24117297,0.00032333404
45,2,2,0.00041995538,0.297345,0.70223504
46,0,0,0.9995808,0.00041876297,5.3292916e-07
47,1,1,0.060281105,0.8221033,0.117615595
48,0,0,0.99995446,4.5397865e-05,1.755069e-07
49,0,0,0.7253258,0.27434844,0.0003257217
50,2,2,7.7514727e-07,0.0076823942,0.99231684
51,1,0,0.9592816,0.040709548,8.817317e-06
52,0,0,0.99999666,1.6196243e-06,1.6196243e-06
53,0,0,0.96778595,0.032208577,5.4708407e-06
54,0,0,0.9983222,0.0016773024,5.3226626e-07
55,1,1,0.402921,0.5903319,0.0067471047
56,1,1,0.1157648,0.82333726,0.060897943
57,0,0,0.77709806,0.22264221,0.00025978373
58,0,0,0.7217933,0.27779332,0.00041331744
59,0,0,0.9006582,0.09931185,2.9915633e-05
60,0,0,0.9923161,0.007682386,1.4481648e-06
61,1,1,0.2678168,0.71578234,0.01640087
62,2,2,0.0003419416,0.30605343,0.6936046
63,1,0,0.59780574,0.40099946,0.0011948106
64,0,0,0.8587612,0.14116587,7.283861e-05
65,1,1,0.039340645,0.82094234,0.13971706
66,0,1,0.23385829,0.744936,0.021205708
67,1,1,0.0063505466,0.6432907,0.35035875
68,1,1,0.11526003,0.8197474,0.06499263
69,0,0,0.9542618,0.045729488,8.771168e-06
70,2,2,0.00011326802,0.19272004,0.8071667
71,2,1,0.07453587,0.8253391,0.10012499
72,1,1,0.06436057,0.8701518,0.0654877
73,1,1,0.15200992,0.8048149,0.043175153
74,1,1,0.2314315,0.74707,0.021498468
75,2,2,9.288553e-07,0.00041876597,0.9995803
76,1,1,0.048683584,0.83929664,0.11201975
77,0,0,0.9950937,0.0049054013,9.2468963e-07
78,0,1,0.1339008,0.8145653,0.05153381
79,0,1,0.36079937,0.62884045,0.010360234
80,2,2,8.810115e-05,0.15654905,0.84336287
81,0,1,0.13890289,0.81615824,0.04493886
82,1,0,0.92998344,0.069990635,2.5966609e-05
83,0,0,0.50171995,0.49308485,0.0051951716
84,2,2,1.4943004e-05,0.0001378922,0.9998472
85,1,1,0.051632896,0.8449672,0.103399865
86,1,1,0.49438727,0.5030453,0.0025674228
87,0,0,0.9970797,0.0029197463,6.1081e-07
88,2,2,5.867902e-05,0.13295639,0.8669849
89,0,1,0.07075344,0.832538,0.096708484
90,0,0,0.9815765,0.018420525,2.8687027e-06
91,2,2,1.8962196e-06,0.01579802,0.98420006
92,0,1,0.2816227,0.70562196,0.012755345
93,0,0,0.8629345,0.13701093,5.4486598e-05
94,0,0,0.58931535,0.40927118,0.001413367
95,0,0,0.999985,1.4945063e-05,1.7550688e-07
96,1,1,0.4416297,0.5534471,0.0049231267
97,1,1,0.36134088,0.6297843,0.008874875
98,0,0,0.99778605,0.0022131752,7.02316e-07
99,2,2,1.3012861e-05,0.06667628,0.93331075
100,1,1,0.27388424,0.71240866,0.013707099
101,0,0,0.9995808,0.00041876934,5.329373e-07
102,1,2,0.0009224029,0.3682677,0.63080984
103,2,2,9.109024e-06,0.042792857,0.957198
104,0,1,0.0780948,0.8352368,0.08666848
105,1,1,0.04177011,0.8418934,0.11633648
106,1,1,0.0085761575,0.6688368,0.32258704
107,1,1,0.0075855902,0.6266028,0.36581153
108,0,0,0.9927027,0.007295346,1.847331e-06
109,0,0,0.99453413,0.0054645487,1.2631901e-06
110,1,1,0.047884367,0.82551825,0.12659733
111,0,0,0.85232306,0.1475981,7.8848345e-05
112,2,2,0.00065120246,0.31198028,0.6873686
113,1,2,0.00078905676,0.35728538,0.6419256
114,0,0,0.9998616,0.0001378942,5.33087e-07
115,1,2,4.0448373e-05,0.10902492,0.8909347
116,1,1,0.2423256,0.73612,0.021554338
117,0,0,0.7322329,0.2675092,0.00025787234
118,0,1,0.48581588,0.51178926,0.002394871
119,0,0,0.999985,1.4945063e-05,1.7550688e-07
120,0,0,0.98093754,0.019058943,3.5308576e-06
121,1,0,0.7147827,0.28481498,0.00040225836
122,0,0,0.9999497,4.5397646e-05,4.919695e-06
123,2,1,0.011979177,0.6887091,0.29931176
124,1,0,0.89260834,0.10734973,4.195613e-05
125,0,0,0.8975071,0.10246099,3.1954754e-05
126,1,0,0.58479095,0.41324148,0.0019675905
127,0,1,0.24401328,0.7348402,0.021146534
128,0,0,0.999985,1.4944607e-05,1.7550154e-07
129,2,1,0.0055387123,0.59105015,0.4034112
130,1,1,0.24800737,0.74041325,0.0115793375
131,1,1,0.3575486,0.63408816,0.008363237
132,1,1,0.30625436,0.6806357,0.013109987
133,1,1,0.22960398,0.74763244,0.022763489
134,1,2,0.0009719525,0.40526372,0.5937643
135,2,2,1.6195535e-06,1.4945041e-05,0.99998343
136,0,0,0.9649657,0.035027035,7.2015227e-06
137,1,1,0.029218925,0.8049569,0.16582413
138,0,0,0.99999833,1.619627e-06,1.902004e-08
139,0,0,0.8058204,0.19407597,0.000103677194
140,0,0,0.7553414,0.24437344,0.00028514006
141,0,0,0.9862199,0.013777617,2.5085126e-06
142,0,0,0.9322166,0.06776442,1.9043177e-05
143,0,0,0.9999851,1.4945065e-05,1.9019788e-08
144,2,1,0.046226364,0.81089115,0.1428825
145,0,0,0.61020464,0.38854364,0.0012517695
146,1,1,0.41276702,0.58411944,0.003113447
147,2,2,1.8775465e-05,0.08087064,0.91911054
148,0,0,0.9969766,0.0030225962,7.7878724e-07
149,0,1,0.23573078,0.74138767,0.022881608
150,2,1,0.046069887,0.8151917,0.1387384
151,2,2,0.0015251606,0.4450106,0.55346423
152,1,1,0.0027145161,0.54235625,0.4549292
153,1,1,0.01554031,0.75924623,0.22521342
154,2,2,0.00014258755,0.21671654,0.7831409
155,2,1,0.046860524,0.8584786,0.09466083
156,1,1,0.06608824,0.8481642,0.08574755
157,1,1,0.28905427,0.69461006,0.016335664
158,1,0,0.8456224,0.15426688,0.00011070354
159,2,2,3.171349e-06,0.022210581,0.97778624
160,1,1,0.07127907,0.82428783,0.10443317
161,0,1,0.41189066,0.58287925,0.00523014
162,1,1,0.41161245,0.58248556,0.0059019956
163,0,0,0.9983217,0.0016773016,9.2768926e-07
164,0,0,0.8216054,0.17830268,9.2000424e-05
165,1,1,0.2858899,0.6990372,0.0150729
166,1,1,0.030534366,0.79160404,0.1778616
167,0,0,0.76177794,0.23804516,0.0001768594
168,2,1,0.15315948,0.8109014,0.035939135
169,0,0,0.99872774,0.001271013,1.2252278e-06
170,0,0,0.7147674,0.28480887,0.0004237555
171,1,0,0.69654876,0.30271882,0.0007323465
172,0,0,0.98839045,0.011607287,2.2653323e-06
173,1,0,0.7003668,0.29913935,0.0004939404
174,2,2,4.6899866e-05,0.10087385,0.89907926
175,0,0,0.8926153,0.1073506,3.406602e-05
176,1,1,0.015620352,0.686171,0.29820865
177,0,1,0.3687765,0.62350976,0.0077137407
178,1,0,0.8892219,0.110721,5.712972e-05
179,0,0,0.7918352,0.20800196,0.00016280035
180,1,1,0.20635594,0.76537544,0.028268704
181,2,2,0.0013849122,0.42615524,0.5724599
182,0,0,0.99986196,0.00013789424,1.754853e-07
183,2,1,0.054690685,0.84224284,0.10306645
184,0,0,0.99986196,0.00013789424,1.7549065e-07
185,0,0,0.9958002,0.0041987887,9.74819e-07
186,1,1,0.031812403,0.78288156,0.18530606
187,2,2,1.9707682e-06,0.012012476,0.98798555
188,2,1,0.0048805666,0.6023266,0.39279285
189,0,0,0.9943059,0.0056932694,8.0414355e-07
190,2,1,0.021504564,0.7424325,0.23606294
191,2,2,5.329332e-07,0.0004187661,0.9995807
192,0,0,0.7488997,0.25084996,0.00025035703
193,2,1,0.003679016,0.5412953,0.45502564
194,1,1,0.09258736,0.8396743,0.06773836
195,0,0,0.9343785,0.065603666,1.780682e-05
196,1,1,0.1789274,0.7963476,0.024724966
197,0,1,0.37421376,0.61912006,0.0066661946
198,0,0,0.9732354,0.026759136,5.5016462e-06
199,2,2,8.915548e-07,0.0066640526,0.993335
200,1,2,0.00088954647,0.35824618,0.64086425
201,2,2,9.260222e-07,0.0034713885,0.99652773
202,0,0,0.5681028,0.4303181,0.0015791479
203,0,0,0.60183036,0.3967511,0.0014185401
204,1,1,0.018610183,0.7286866,0.25270322
205,1,1,0.008905163,0.66861475,0.32248005
206,2,1,0.0038380602,0.5646956,0.43146634
207,0,0,0.7801073,0.21965769,0.00023499108
208,1,1,0.44680128,0.55029094,0.0029077856
209,0,0,0.99999833,1.619627e-06,1.902004e-08
210,1,1,0.028568223,0.7802287,0.1912032
211,1,1,0.009501498,0.67571557,0.31478295
212,0,0,0.99998343,1.4945041e-05,1.6195535e-06
213,1,1,0.08850905,0.8456024,0.065888636
214,1,1,0.10772552,0.8212574,0.07101706
215,1,2,0.0022816525,0.47506016,0.52265817
216,0,0,0.82161283,0.17830426,8.290001e-05
217,0,0,0.999985,1.4945063e-05,1.7551224e-07
218,1,1,0.023760168,0.7786751,0.1975647
219,0,0,0.96190906,0.038082436,8.5397405e-06
220,2,2,0.0001482629,0.19955562,0.8002961
221,0,0,0.9971787,0.0028203884,8.9500463e-07
222,0,0,0.99244714,0.007551162,1.6073632e-06
223,1,1,0.15092124,0.8130446,0.036034122
224,1,1,0.35936767,0.6318059,0.008826413
225,0,0,0.9969766,0.0030225946,8.3479193e-07
226,1,1,0.21727134,0.75835156,0.024377165
227,2,2,5.132527e-07,0.003324435,0.996675
228,0,0,0.999985,1.4945063e-05,1.7551224e-07
229,1,1,0.013365101,0.68045974,0.30617517
230,2,2,1.1490744e-05,0.053052757,0.9469357
231,1,0,0.82412165,0.17577049,0.00010788869
232,0,1,0.23703052,0.7454756,0.017493896
233,1,1,0.15330112,0.8116512,0.03504769
234,0,1,0.4355157,0.56018496,0.004299398
235,2,2,6.5517287e-07,0.002251846,0.9977475
236,2,2,1.0018828e-05,0.05133526,0.94865465
237,1,2,4.3356995e-05,0.10902459,0.890932
238,0,0,0.67793804,0.32134914,0.0007127793
239,1,1,0.045004148,0.80327654,0.15171933
240,0,0,0.78315014,0.21671912,0.00013073374
241,0,0,0.99530137,0.0046980283,6.3126276e-07
242,0,0,0.99745685,0.0025420873,1.0649887e-06
243,1,0,0.7287454,0.27089763,0.00035693424
244,1,1,0.12638351,0.824124,0.049492493
245,0,0,0.924118,0.07585622,2.5802834e-05
246,0,0,0.9821946,0.017803099,2.251132e-06
247,0,0,0.85450035,0.14542837,7.122982e-05
248,2,1,0.021545712,0.7634788,0.21497554
249,0,0,0.662699,0.3367153,0.0005857108
250,1,0,0.67792535,0.32134312,0.0007315716
251,1,1,0.43773055,0.5581675,0.004101958
252,2,2,4.2478943e-05,0.12706834,0.87288916
253,0,0,0.89260954,0.10734991,4.0524414e-05
254,2,2,6.8998546e-05,0.15770167,0.84222937
255,0,0,0.99998343,1.4945496e-05,1.6196029e-06
256,1,1,0.23247936,0.7439664,0.023554215
257,0,0,0.9930714,0.0069276793,9.891721e-07
258,0,1,0.38241228,0.6110931,0.006494648
259,2,2,0.000585228,0.31386673,0.685548
260,2,2,7.1739355e-06,0.038723595,0.9612692
261,0,0,0.96437556,0.03561866,5.843598e-06
262,0,0,0.999985,1.4945519e-05,1.7551224e-07
263,2,2,8.6038835e-07,0.007518711,0.9924804
264,0,0,0.90065426,0.09931137,3.4372784e-05
265,0,0,0.76173484,0.2380317,0.00023347503
266,1,1,0.1986925,0.77635175,0.024955787
267,2,2,2.8993009e-05,0.09624902,0.903722
268,2,2,1.6196029e-06,1.4945496e-05,0.99998343
269,0,0,0.99162513,0.008373231,1.6060318e-06
270,2,2,0.00060394104,0.35635576,0.6430403
271,1,2,0.0012879383,0.44752714,0.55118495
272,0,1,0.030403607,0.7814015,0.18819487
273,0,0,0.95031947,0.04967041,1.00364105e-05
274,2,2,1.8357034e-06,0.013543713,0.9864544
275,0,0,0.9992699,0.0007296399,5.327675e-07
276,1,1,0.0032509782,0.55437714,0.44237185
277,0,0,0.999985,1.4945519e-05,1.7551224e-07
278,0,0,0.90065914,0.09931191,2.8894721e-05
279,2,2,8.033344e-07,0.0066928454,0.99330634
280,0,1,0.16705996,0.79699844,0.035941556
281,2,2,5.044759e-07,0.0032113483,0.99678814
282,0,0,0.82908326,0.17079422,0.00012256374
283,1,1,0.34890074,0.64061356,0.010485705
284,0,0,0.92165226,0.07832684,2.0894346e-05
285,0,0,0.9889737,0.01102472,1.6017375e-06
286,1,0,0.9781603,0.021836663,3.064297e-06
287,0,1,0.28029698,0.70344424,0.01625869
288,0,0,0.9821931,0.017803071,3.7896157e-06
289,1,1,0.4351802,0.55975336,0.0050664237
290,0,0,0.7488964,0.2508489,0.00025474024
291,1,2,0.0015537394,0.4197349,0.5787114
292,1,1,0.2639191,0.72240585,0.013675054
293,1,1,0.003471188,0.5241923,0.47233656
294,1,1,0.012090207,0.72356665,0.26434314
295,2,1,0.0047335527,0.5321356,0.4631308
296,0,0,0.989881,0.010117345,1.6598518e-06
297,1,1,0.020588946,0.75535256,0.22405845
298,1,1,0.007377991,0.65045226,0.34216976
299,1,0,0.86695313,0.13295153,9.5407406e-05
300,0,0,0.99572694,0.004272007,1.0268603e-06
301,1,1,0.008384957,0.6419737,0.34964144
302,1,1,0.06480124,0.8316467,0.10355206
303,2,2,0.0007079534,0.37722242,0.6220696
304,0,0,0.99629515,0.003704044,8.0226204e-07
305,0,0,0.9927031,0.007295348,1.4999147e-06
306,0,0,0.998728,0.0012710183,9.280633e-07
307,0,0,0.9995808,0.00041876934,5.329373e-07
308,0,0,0.80578774,0.1940681,0.00014418588
309,1,1,0.04509168,0.8118558,0.14305247
310,1,1,0.21296504,0.76293266,0.024102334
311,2,2,1.3891279e-06,0.01450356,0.9854951
312,1,2,0.00010608544,0.20694332,0.79295063
313,2,1,0.00610785,0.6295415,0.3643506
314,0,0,0.9964055,0.0035935992,9.924931e-07
315,1,1,0.046289053,0.8190698,0.13464123
316,0,0,0.96437556,0.03561865,5.843598e-06
317,1,0,0.86085284,0.13907409,7.301602e-05
318,0,0,0.8975081,0.102461085,3.086426e-05
319,2,2,1.6317676e-05,0.08217072,0.917813
320,1,2,0.0001242746,0.21561745,0.78425825
321,0,0,0.67801154,0.32138398,0.00060446875
322,0,0,0.8030435,0.19679426,0.00016226315
323,2,2,5.2622445e-06,0.036219865,0.9637749
324,1,1,0.16016023,0.7910784,0.04876138
325,1,1,0.46182984,0.5352671,0.0029030214
326,0,0,0.99998343,1.4944584e-05,1.619504e-06
327,1,1,0.050372515,0.8460902,0.103537284
328,0,0,0.76492745,0.23491532,0.00015726814
329,0,0,0.99999833,1.6195281e-06,1.9018879e-08
330,1,1,0.10646998,0.84036404,0.05316598
331,0,0,0.920395,0.0795898,1.5265778e-05
332,2,1,0.022605183,0.7537976,0.22359715
333,0,0,0.68198854,0.31770515,0.00030625993
334,2,1,0.0088636335,0.6455815,0.34555486
335,0,0,0.7680217,0.2318061,0.00017222394
336,0,1,0.4747501,0.522317,0.0029328736
337,1,2,0.0020934625,0.48163548,0.51627105
338,0,0,0.87854004,0.121400476,5.946109e-05
339,2,2,0.000139604,0.21967867,0.78018177
340,0,0,0.9643735,0.035618585,7.987235e-06
341,2,2,8.679245e-06,0.055731233,0.94426006
342,2,1,0.014733437,0.7182649,0.26700172
343,1,1,0.48999175,0.5073042,0.0027040099
344,0,0,0.99807274,0.00192673,4.6312766e-07
345,2,1,0.027157756,0.78136134,0.19148088
346,2,2,2.8216173e-06,0.00041876515,0.9995784
347,1,1,0.20917137,0.7657815,0.0250471
348,2,2,0.0007915982,0.36629954,0.6329088
349,2,2,1.000069e-05,0.05305284,0.9469372
350,0,1,0.39997438,0.5962775,0.0037481466
351,1,1,0.028593931,0.7608563,0.21054983
352,0,0,0.6307626,0.36824018,0.0009972806
353,0,0,0.9970796,0.0029197459,7.018173e-07
354,0,0,0.9998604,0.00013789402,1.6194037e-06
355,1,1,0.21381797,0.7676523,0.018529765
356,2,2,1.7798308e-06,0.0097754495,0.9902228
357,0,1,0.30510882,0.683816,0.011075063
358,0,0,0.9333074,0.06667605,1.6593149e-05
359,1,1,0.30613053,0.6803605,0.013508941
360,1,1,0.10143347,0.8217342,0.07683231
361,1,1,0.06962047,0.8335531,0.0968264
362,1,1,0.13172063,0.8153358,0.05294349
363,1,1,0.13419455,0.81635225,0.0494532
364,2,1,0.0028733558,0.49856332,0.49856332
365,1,1,0.09864654,0.8346059,0.06674758
366,1,1,0.29478806,0.69318116,0.01203082
367,0,0,0.9953413,0.0046576113,1.0813407e-06
368,2,2,0.00021174946,0.2196628,0.78012544
369,1,1,0.3055613,0.68204916,0.012389568
370,1,1,0.08138217,0.8406922,0.077925526
371,1,1,0.08717423,0.8256515,0.08717423
372,2,2,1.3472134e-06,0.010471067,0.9895275
373,0,0,0.9995808,0.00041876934,5.329373e-07
374,2,2,0.0021265927,0.4935231,0.5043503
375,1,1,0.205328,0.7682023,0.026469616
376,1,1,0.016765358,0.7428897,0.24034497
377,1,1,0.07328431,0.8474764,0.079239234
378,1,1,0.19224323,0.7709708,0.036785938
379,1,1,0.062499326,0.83044493,0.1070558
380,1,1,0.0053690514,0.60357696,0.39105397
381,0,0,0.89425343,0.105696574,5.0002727e-05
382,0,0,0.95995355,0.040036906,9.458006e-06
383,0,0,0.86294204,0.13701218,4.580315e-05
384,0,0,0.9151476,0.0848269,2.5552343e-05
385,0,1,0.24277103,0.7374733,0.019755624
386,1,1,0.060115073,0.8341964,0.105688564
387,0,0,0.6893179,0.31016096,0.0005211083
388,1,2,0.00036867015,0.27261215,0.7270192
389,0,0,0.999985,1.4945063e-05,1.7551224e-07
390,1,1,0.36163318,0.6302937,0.008073177
391,1,2,0.00032879994,0.26749024,0.732181
392,1,1,0.05798656,0.8258897,0.116123684
393,0,0,0.9990363,0.00096304837,7.031973e-07
394,0,0,0.9995796,0.00041876885,1.6189241e-06
395,0,1,0.08966467,0.827409,0.082926266
396,1,1,0.31308517,0.67499447,0.0119203385
397,1,0,0.80027115,0.19954939,0.00017945567
398,2,2,2.1602918e-05,0.07958931,0.92038906
399,0,0,0.5679869,0.43023023,0.0017828427
400,0,0,0.9998604,0.00013789402,1.6193543e-06
401,1,1,0.1533011,0.81165123,0.035047684
402,1,1,0.27240655,0.71087533,0.016718185
403,0,0,0.52495986,0.47302824,0.0020119115
404,0,0,0.9998616,0.0001378942,5.33087e-07
405,1,1,0.057808094,0.809177,0.13301502
406,0,0,0.9550104,0.04497769,1.1998182e-05
407,0,1,0.29138476,0.6941583,0.014456908
408,0,0,0.9766243,0.023370229,5.5208034e-06
409,0,0,0.56311566,0.4340104,0.0028740072
410,0,0,0.97184485,0.028149487,5.6878926e-06
411,2,2,0.00025251872,0.24438143,0.755366
412,2,2,4.9268647e-06,0.032754187,0.9672408
413,1,1,0.27562487,0.709969,0.014406099
414,1,0,0.643023,0.35634625,0.0006307142
415,1,2,0.00015474932,0.21378149,0.78606373
416,1,1,0.046396542,0.8209722,0.1326312
417,0,0,0.99998343,1.4945041e-05,1.6195535e-06
418,2,1,0.001784506,0.49910778,0.49910778
419,0,0,0.999985,1.4945063e-05,1.7550688e-07
420,0,1,0.29878733,0.6875025,0.013710125
421,2,2,0.0015760795,0.46136713,0.5370568
422,0,0,0.6227635,0.37641585,0.0008205522
423,1,1,0.07138572,0.8473013,0.08131304
424,2,2,7.0922397e-06,0.049670562,0.9503224
425,1,1,0.3863761,0.60680056,0.0068233656
426,0,0,0.8478977,0.15201968,8.263255e-05
427,2,2,0.0013986933,0.4303958,0.5682055
428,0,0,0.9955765,0.004422278,1.2003389e-06
429,0,0,0.89093333,0.109024756,4.18774e-05
430,2,2,9.242785e-07,0.0053478656,0.99465126
431,0,0,0.9999982,1.6196269e-06,1.7551457e-07
432,2,2,0.0011409234,0.43996674,0.55889237
433,0,0,0.999985,1.4945063e-05,1.7551224e-07
434,0,0,0.78893167,0.21086858,0.00019977365
435,1,1,0.0041648657,0.5918667,0.4039685
436,0,1,0.26749036,0.7195794,0.012930251
437,2,2,5.3579206e-05,0.12140115,0.8785452
438,1,1,0.02727988,0.79171765,0.18100247
439,2,2,5.9141094e-05,0.14116777,0.8587731
440,1,1,0.009150512,0.687036,0.30381358
441,0,0,0.6509702,0.34843928,0.00059052394
442,0,0,0.97852683,0.021468867,4.3380032e-06
443,1,1,0.48575363,0.5117238,0.002522587
444,0,0,0.999985,1.4945519e-05,1.7551224e-07
445,0,0,0.9299886,0.06999101,2.0363837e-05
446,0,0,0.99426806,0.005730237,1.638514e-06
447,0,0,0.87854356,0.12140096,5.547217e-05
448,0,0,0.9956149,0.004384226,8.8587785e-07
449,0,0,0.99903667,0.0009630487,4.034613e-07
450,1,1,0.37431964,0.6192954,0.006384861
451,2,1,0.18994632,0.77509964,0.034954004
452,0,1,0.25708795,0.7285709,0.014341154
453,1,1,0.4155561,0.57794505,0.0064988905
454,0,0,0.999985,1.4945063e-05,1.7551224e-07
455,1,1,0.010858288,0.71079177,0.27835
456,0,1,0.23169452,0.7479191,0.020386321
457,1,1,0.21995273,0.7544973,0.025549939
458,2,2,0.0006945909,0.3212367,0.6780687
459,1,1,0.047778443,0.8236922,0.12852941
460,1,0,0.6470445,0.35240316,0.00055235886
461,1,1,0.34515956,0.6448429,0.009997547
462,0,0,0.9992699,0.0007296455,5.3277154e-07
463,1,1,0.06277074,0.8126113,0.12461798
464,0,1,0.03756918,0.79081106,0.17161977
465,1,2,0.0022817976,0.44708177,0.5506364
466,1,1,0.42188218,0.57414716,0.00397064
467,1,2,0.0020320886,0.4946526,0.5033153
468,1,1,0.012942848,0.7328946,0.2541626
469,1,0,0.5334322,0.46425924,0.0023085587
470,2,1,0.032014858,0.78786385,0.18012133
471,1,1,0.48554653,0.5115055,0.0029479451
472,2,2,4.603985e-06,0.03114369,0.96885175
473,0,0,0.9992699,0.0007296455,5.3277154e-07
474,0,0,0.75213695,0.24759819,0.000264882
475,1,1,0.23668435,0.7443868,0.018928822
476,0,0,0.99958116,0.0004187695,1.7543869e-07
477,1,1,0.0053589647,0.6076952,0.3869458
478,1,1,0.011099902,0.7036222,0.28527793
479,1,1,0.019001884,0.7505103,0.23048781
480,0,0,0.999985,1.4945519e-05,1.7551224e-07
481,0,1,0.23740053,0.74663925,0.015960166
482,1,1,0.40717185,0.5862924,0.006535775
483,2,2,3.9199982e-05,0.12140296,0.8785578
484,1,0,0.7648344,0.23488675,0.00027887055
485,0,1,0.4802579,0.51703364,0.0027084372
486,0,2,0.00022402142,0.23646323,0.7633127
487,2,2,0.00020819058,0.25249526,0.7472965
488,2,2,1.3042537e-05,0.06454773,0.93543917
489,0,1,0.29705945,0.689486,0.013454508
490,1,1,0.0029282563,0.5352536,0.46181813
491,1,1,0.4416485,0.5534707,0.004880785
492,0,0,0.76485217,0.2348922,0.00025568993
493,2,2,7.5751927e-06,0.053052966,0.94693947
494,0,1,0.36554697,0.62614954,0.008303459
495,0,0,0.774123,0.22567411,0.00020294974
496,2,2,8.749785e-06,0.048056863,0.95193446
497,1,1,0.00469973,0.5663272,0.42897305
498,1,2,0.0009568945,0.39382374,0.60521936
499,0,1,0.30959576,0.67621934,0.014184906
500,1,0,0.8566594,0.14328645,5.4090386e-05
501,0,0,0.6429291,0.35629418,0.0007766888
502,2,2,5.897087e-07,0.0033533208,0.9966461
503,0,0,0.989527,0.010471066,1.973843e-06
504,0,0,0.9460538,0.05393158,1.4638653e-05
505,1,1,0.09749789,0.8393338,0.06316833
506,0,0,0.77407974,0.22566152,0.00025877473
507,1,2,0.00036362372,0.3010013,0.6986351
508,1,0,0.76800966,0.23180248,0.000187839
509,1,1,0.010471306,0.66377586,0.32575282
510,1,1,0.013016573,0.7057626,0.28122082
511,2,2,3.356503e-05,0.07345714,0.9265093
512,2,2,0.00026191204,0.29377764,0.7059605
513,0,0,0.99707913,0.0029197473,1.2232041e-06
514,0,0,0.9998616,0.0001378942,5.33087e-07
515,1,1,0.08229196,0.8575019,0.06020609
516,2,2,0.00018499536,0.21670733,0.78310764
517,0,0,0.6144073,0.38448626,0.0011065127
518,0,0,0.65869576,0.34054232,0.00076193735
519,1,1,0.13015488,0.819753,0.050092123
520,0,0,0.98219407,0.017803088,2.7725446e-06
521,1,2,0.00051458884,0.20367306,0.79581237
522,0,0,0.9998167,0.000137888,4.5391607e-05
523,0,0,0.97278047,0.027215028,4.4648996e-06
524,0,0,0.9164811,0.08348842,3.0441193e-05
525,1,1,0.10772552,0.8212574,0.07101706
526,2,2,1.5082214e-06,0.0017977031,0.9982008
527,0,0,0.9966455,0.003353317,1.1406443e-06
528,0,1,0.057132784,0.83519864,0.107668646
529,0,0,0.99986196,0.00013789424,1.7549065e-07
530,1,1,0.12126724,0.8187011,0.060031638
531,0,0,0.7947082,0.2051637,0.00012813584
532,2,1,0.045202974,0.8138596,0.14093739
533,1,1,0.22303003,0.75188553,0.025084443
534,0,0,0.999985,1.4944607e-05,1.7551224e-07
535,1,1,0.0074485983,0.6425798,0.34997162
536,0,1,0.2104973,0.7606666,0.028836027
537,0,1,0.34541908,0.64532775,0.009253171
538,1,1,0.013543955,0.7225019,0.2639542
539,2,2,1.6188994e-06,0.00041876247,0.9995796
540,2,2,0.000103032035,0.17079754,0.8290994
541,2,2,1.9806794e-05,0.079589434,0.9203908
542,2,1,0.0061678137,0.62749803,0.3663342
543,1,1,0.19576275,0.77829975,0.02593751
544,0,0,0.98735154,0.012646586,1.8373729e-06
545,1,1,0.09484311,0.83077824,0.07437863
546,1,1,0.2768956,0.70707774,0.016026575
547,0,0,0.5680043,0.4302435,0.0017522121
548,1,2,0.002157172,0.4772804,0.5205624
549,0,1,0.044785157,0.84944654,0.1057684
550,0,0,0.8975071,0.10246099,3.1954754e-05
551,0,0,0.99872845,0.001271014,5.3248084e-07
552,2,2,6.7100846e-06,0.036219813,0.9637734
553,2,2,5.3911357e-05,0.11595446,0.8839916
554,0,0,0.99998343,1.4945041e-05,1.6195535e-06
555,1,1,0.008633319,0.6725646,0.31880203
556,0,0,0.9998604,0.00013788982,1.6193543e-06
557,1,1,0.08649025,0.83351934,0.0799904
558,1,0,0.8669793,0.13295558,6.5120716e-05
559,1,1,0.10505576,0.829202,0.065742224
560,0,0,0.9460565,0.053931717,1.1885691e-05
561,1,1,0.32294887,0.6695868,0.007464311
562,2,2,4.618213e-06,0.028149525,0.97184587
563,2,1,0.041195605,0.8019783,0.15682603
564,2,2,8.127362e-06,0.052187487,0.9478044
565,0,1,0.37213954,0.6210563,0.0068041477
566,1,1,0.27860796,0.7053013,0.016090726
567,0,0,0.9998616,0.0001378942,5.33087e-07
568,0,1,0.49400997,0.5026614,0.0033286114
569,2,2,0.0002778349,0.25084308,0.7488791
570,0,1,0.20839696,0.7729455,0.018657535
571,1,1,0.34120116,0.6486111,0.010187763
572,1,1,0.19473459,0.77421224,0.031053144
573,0,0,0.9995796,0.00041876885,1.6189241e-06
574,2,1,0.008445083,0.6536309,0.33792394
575,0,1,0.46395263,0.53307986,0.0029674382
576,1,2,0.0014447533,0.38025993,0.6182953
577,1,0,0.5374918,0.4597411,0.0027671452
578,0,0,0.8084961,0.191369,0.00013496482
579,0,0,0.8728755,0.12706636,5.8060923e-05
580,1,0,0.85011154,0.14979334,9.519244e-05
581,1,1,0.23238043,0.74365,0.02396952
582,1,1,0.039705664,0.8142986,0.14599574
583,2,2,0.0014301772,0.4325093,0.56606054
584,2,2,0.00092461455,0.321281,0.6777944
585,0,0,0.9178089,0.082170345,2.0807214e-05
586,1,1,0.027424254,0.78902894,0.18354678
587,0,0,0.9995808,0.00041876934,5.329454e-07
588,2,2,0.00024235947,0.22264619,0.7771115
589,0,0,0.97581995,0.024176024,4.035779e-06
590,2,2,4.3594446e-05,0.11956273,0.8803936
591,1,1,0.03596063,0.776923,0.1871163
592,1,1,0.063799866,0.811719,0.12448111
593,1,1,0.007365954,0.6543423,0.3382917
594,1,2,0.0016925166,0.43026915,0.5680383
595,2,1,0.009772912,0.6680293,0.32219777
596,0,1,0.29061985,0.6968582,0.01252197
597,0,0,0.57248694,0.42617542,0.001337714
598,0,0,0.73893034,0.2607435,0.00032611963
599,0,0,0.890932,0.10902459,4.3356995e-05
600,1,1,0.3760457,0.6167738,0.0071805594
601,0,0,0.99999833,1.619627e-06,1.902004e-08
602,0,0,0.9980726,0.0019267335,6.114171e-07
603,2,2,3.2011205e-05,0.100875355,0.8990926
604,1,1,0.263265,0.72139776,0.015337167
605,0,0,0.99640584,0.0035936006,5.694461e-07
606,0,0,0.7585202,0.24117821,0.0003016488
607,0,0,0.99411833,0.005880535,1.137754e-06
608,0,0,0.9534965,0.046493024,1.0425758e-05
609,0,0,0.9564799,0.04350962,1.0458389e-05
610,2,2,0.00039447763,0.31814766,0.6814579
611,0,0,0.99903667,0.00096304505,3.0560645e-07
612,2,2,5.3293724e-07,0.0004187661,0.9995807
613,1,1,0.07201484,0.8400566,0.08792858
614,0,0,0.88039297,0.11956265,4.435785e-05
615,0,1,0.0077450806,0.67691386,0.3153411
616,0,0,0.99986196,0.00013789424,1.754853e-07
617,0,0,0.9592803,0.04070949,1.0131046e-05
618,1,1,0.007363746,0.6023665,0.39026976
619,0,0,0.61844426,0.3803515,0.0012042866
620,1,1,0.1825473,0.79501706,0.022435736
621,2,2,0.00024071877,0.24119286,0.7585664
622,0,0,0.9847306,0.015267115,2.1799226e-06
623,2,2,8.9285885e-07,0.0052111126,0.99478793
624,1,2,0.00063727045,0.36635613,0.63300663
625,0,0,0.97231627,0.02767843,5.3088806e-06
626,1,1,0.34407818,0.64772385,0.008197993
627,0,0,0.5202031,0.476951,0.0028459183
628,2,2,3.7627703e-07,0.0012710141,0.9987286
629,0,0,0.9998616,0.0001378942,5.330789e-07
630,0,0,0.77411455,0.22567159,0.00021379776
631,2,2,1.7551223e-07,1.4945062e-05,0.99998486
632,2,1,0.005974823,0.6266152,0.36741
633,0,1,0.37007833,0.6236773,0.0062443875
634,1,1,0.0038050334,0.51106584,0.4851291
635,0,0,0.4987273,0.4987273,0.0025453847
636,0,0,0.85231435,0.14759666,8.903626e-05
637,0,0,0.98756593,0.012431621,2.4262104e-06
638,2,1,0.0634056,0.8279862,0.10860815
639,1,2,0.0011781193,0.40936768,0.5894542
640,0,0,0.81644124,0.18344219,0.00011657598
641,0,0,0.9164864,0.08348893,2.4716439e-05
642,1,0,0.59371746,0.4052317,0.0010508483
643,1,0,0.53365517,0.4644533,0.0018915342
644,0,1,0.19564806,0.78122723,0.023124684
645,1,1,0.05287748,0.82858026,0.11854224
646,2,2,1.5869224e-05,0.075856954,0.92412716
647,0,1,0.31362745,0.6732351,0.013137391
648,0,0,0.73553115,0.26408938,0.00037951858
649,0,0,0.9333099,0.066676214,1.3948626e-05
650,2,2,4.9194914e-06,7.912143e-05,0.99991596
651,0,0,0.9995809,0.0004187662,3.057741e-07
652,2,2,0.00090601895,0.34636235,0.65273166
653,1,2,0.00018058259,0.22872724,0.7710922
654,2,2,4.2447267e-05,0.11244361,0.88751394
655,1,1,0.284961,0.70284057,0.012198469
656,0,0,0.9037192,0.09624865,3.217593e-05
657,1,1,0.02831921,0.7667429,0.20493792
658,0,0,0.5891996,0.40919077,0.0016096019
659,1,1,0.027034618,0.7677566,0.20520882
660,1,1,0.24833876,0.7286422,0.023019034
661,2,2,1.6063428e-05,0.06454754,0.93543637
662,1,1,0.45437244,0.5405182,0.0051093386
663,0,0,0.51590663,0.48129535,0.0027980185
664,1,0,0.51606065,0.48143917,0.0025001809
665,2,2,1.754853e-07,0.00013789424,0.99986196
666,1,1,0.17795512,0.79202026,0.030024614
667,2,2,8.771168e-06,0.045729488,0.9542618
668,1,1,0.12259929,0.8276938,0.049706876
669,0,0,0.73899204,0.2607652,0.00024279281
670,1,1,0.34144858,0.64908147,0.009469986
671,0,0,0.8942518,0.10569639,5.1769337e-05
672,1,1,0.11192433,0.83858174,0.049493972
673,0,0,0.99807274,0.0019267338,5.321333e-07
674,0,0,0.899082,0.10087421,4.3753615e-05
675,0,0,0.90815514,0.09181253,3.2333865e-05
676,2,2,8.893455e-07,0.0091256285,0.99087346
677,0,1,0.47666553,0.51989174,0.0034427117
678,0,1,0.29059908,0.6922867,0.017114282
679,0,0,0.99071467,0.0092839515,1.3964853e-06
680,0,0,0.94048744,0.059500325,1.22332e-05
681,0,0,0.9900539,0.009944949,1.2145869e-06
682,1,1,0.053741086,0.83483464,0.11142421
683,2,2,1.9573545e-06,0.01873709,0.981261
684,1,1,0.19652958,0.7813485,0.022121904
685,0,0,0.9998616,0.0001378942,5.33087e-07
686,1,1,0.017384468,0.74242187,0.24019365
687,1,0,0.8003151,0.19956033,0.00012463632
688,0,0,0.95859855,0.041392975,8.51035e-06
689,2,2,1.0228501e-06,0.008159751,0.99183923
690,1,1,0.21385878,0.75951266,0.02662851
691,0,0,0.9276894,0.07228477,2.5902527e-05
692,0,0,0.999985,1.4945063e-05,1.7550688e-07
693,0,0,0.7711048,0.228731,0.00016413987
694,0,0,0.69290125,0.30640727,0.00069153955
695,1,1,0.034238312,0.7860541,0.17970762
696,0,0,0.7553218,0.24436715,0.00031098988
697,1,0,0.7455811,0.25411195,0.00030697917
698,0,1,0.032406457,0.7975007,0.17009279
699,1,1,0.1383391,0.81284577,0.04881517
700,0,0,0.9983222,0.0016773024,5.322642e-07
701,0,0,0.99999833,1.6195776e-06,1.901946e-08
702,0,0,0.9442545,0.05573089,1.4610811e-05
703,0,0,0.9897057,0.010292704,1.4953858e-06
704,0,0,0.8363628,0.16354989,8.736989e-05
705,1,1,0.0055099274,0.6034914,0.39099866
706,2,2,0.0014761275,0.45818323,0.54034066
707,1,1,0.047733918,0.8158118,0.13645424
708,1,1,0.06345934,0.8505517,0.085988946
709,1,1,0.23702155,0.7454472,0.017531238
710,1,0,0.50760967,0.49028686,0.0021034977
711,0,0,0.95193213,0.048056737,1.1157167e-05
712,1,1,0.055287477,0.81526953,0.12944306
713,2,2,1.7551223e-07,1.4945062e-05,0.99998486
714,2,2,6.2394256e-06,0.039375078,0.9606186
715,1,1,0.3060307,0.6801386,0.013830788
716,2,2,5.325272e-07,0.001185845,0.9988136
717,1,1,0.1523437,0.80658233,0.041073993
718,2,1,0.025647026,0.75736445,0.21698849
719,0,0,0.9788892,0.021107173,3.6479807e-06
720,1,0,0.58709687,0.41128525,0.001617841
721,2,2,5.4992077e-05,0.12900499,0.87094
722,0,0,0.5504618,0.4469399,0.0025982938
723,0,1,0.34834677,0.6451726,0.006480666
724,0,0,0.69295603,0.30643156,0.00061245274
725,1,1,0.3497858,0.64223856,0.007975674
726,2,1,0.028257105,0.77508825,0.19665466
727,2,2,0.00016280035,0.20800196,0.7918352
728,1,1,0.020264927,0.7402455,0.23948956
729,0,0,0.9151467,0.084826864,2.6455136e-05
730,0,0,0.94865566,0.051335312,9.027732e-06
731,2,2,0.00064965256,0.34841865,0.6509317
732,2,2,5.329352e-07,0.0004187661,0.9995807
733,1,1,0.011991035,0.7029882,0.28502083
734,0,0,0.99872845,0.0012710189,5.324829e-07
735,2,2,5.3293724e-07,0.0004187629,0.9995807
736,1,1,0.02670526,0.8094209,0.1638738
737,0,1,0.0340578,0.78872705,0.17721522
738,1,1,0.10411299,0.83615184,0.059735183
739,0,0,0.99999833,1.619627e-06,1.902004e-08
740,1,1,0.040287513,0.8262316,0.13348086
741,0,0,0.9999982,1.619528e-06,1.7550386e-07
742,2,2,0.000876965,0.35625836,0.64286464
743,0,0,0.9998604,0.00013789402,1.6193543e-06
744,2,2,1.6193544e-06,0.00013789404,0.9998605
745,0,1,0.44232103,0.5543135,0.0033654557
746,0,0,0.9974572,0.0025420932,7.020845e-07
747,1,0,0.55493915,0.4428203,0.0022405141
748,1,2,0.00065384124,0.3091922,0.6901539
749,1,2,0.0016212289,0.449522,0.5488568
750,1,1,0.025238045,0.80584717,0.16891478
751,0,0,0.9564824,0.043509725,7.921878e-06
752,0,0,0.9754068,0.024588997,4.176603e-06
753,0,1,0.36145034,0.6299751,0.008574608
754,0,0,0.99986196,0.00013789424,1.754853e-07
755,0,0,0.6388228,0.3602184,0.00095876516
756,0,0,0.999985,1.4945063e-05,1.7551224e-07
757,2,2,1.1011568e-05,0.06047936,0.93950963
758,1,1,0.17184009,0.79182625,0.03633367
759,1,0,0.89589155,0.104067706,4.0673414e-05
760,0,0,0.90815413,0.0918124,3.3476226e-05
761,1,1,0.114468075,0.8283721,0.05715983
762,1,1,0.065329246,0.8311772,0.10349357
763,1,1,0.13184081,0.81607944,0.052079715
764,0,0,0.9708798,0.029115137,5.1201273e-06
765,0,1,0.45061934,0.5454412,0.003939444
766,0,0,0.9374998,0.062482286,1.7866305e-05
767,1,2,0.000118993055,0.18085556,0.81902546
768,1,2,0.0011645813,0.37425262,0.6245828
769,1,1,0.1892214,0.7873707,0.023407914
770,2,1,0.009816401,0.633159,0.35702458
771,0,0,0.9913318,0.008666511,1.6055568e-06
772,1,1,0.08186529,0.8383739,0.079760894
773,0,0,0.99999833,1.6195281e-06,1.9018879e-08
774,1,1,0.029053994,0.77983844,0.19110757
775,2,2,0.00018131956,0.20515282,0.7946659
776,0,0,0.9451625,0.054824367,1.3178105e-05
777,1,1,0.20535155,0.76829046,0.026358001
778,2,1,0.04372781,0.815117,0.14115514
779,0,0,0.92533296,0.07464867,1.8257482e-05
780,0,0,0.9849886,0.015008278,3.194709e-06
781,0,0,0.9364768,0.06350713,1.6081294e-05
782,1,1,0.13937356,0.818924,0.041702475
783,0,0,0.9998604,0.00013789402,1.6193543e-06
784,1,1,0.013124269,0.69330984,0.2935659
785,1,1,0.23945253,0.7401312,0.02041628
786,0,0,0.9693713,0.03062408,4.6064542e-06
787,0,0,0.9677866,0.032208607,4.7614135e-06
788,0,0,0.8410444,0.15885279,0.00010271753
789,0,0,0.9631636,0.036830794,5.637084e-06
790,1,0,0.8803886,0.11956208,4.922747e-05
791,1,1,0.25611785,0.7258216,0.018060513
792,2,2,4.4803237e-05,0.11072234,0.8892328
793,0,0,0.999985,1.4945519e-05,1.7551224e-07
794,2,2,5.3312823e-07,4.5397846e-05,0.9999541
795,2,2,0.0002807602,0.2687806,0.7309387
796,2,2,2.9138351e-05,0.10735113,0.8926197
797,1,1,0.20989023,0.76508546,0.025024332
798,0,1,0.4669637,0.53074926,0.0022870002
799,0,1,0.4547257,0.5409385,0.004335844
800,1,1,0.46147603,0.53485703,0.0036669497
801,2,2,3.058287e-07,0.00024031286,0.9997594
802,0,1,0.3848524,0.609677,0.0054705944
803,2,2,0.00028269918,0.25084186,0.7488755
804,1,1,0.2646023,0.7195759,0.015821783
805,0,0,0.99999833,1.6195776e-06,1.901946e-08
806,1,1,0.19028388,0.7764771,0.033239048
807,0,1,0.49405223,0.50270444,0.0032433271
808,1,0,0.7552412,0.24434103,0.00041771194
809,0,0,0.9655488,0.034444977,6.271448e-06
810,1,1,0.17225997,0.793761,0.033978943
811,0,0,0.9745593,0.025435654,4.964143e-06
812,0,0,0.7860262,0.21377133,0.00020252352
813,1,1,0.019593671,0.7874367,0.19296971
814,0,0,0.7889343,0.21086933,0.00019633603
815,0,0,0.7356583,0.26413503,0.00020673485
816,2,2,2.6253187e-05,0.091813065,0.90816075
817,0,0,0.82909334,0.17079629,0.000110440444
818,0,0,0.9812586,0.018737048,4.350114e-06
819,0,1,0.3419111,0.6471458,0.010943115
820,0,0,0.77106434,0.228719,0.00021668467
821,0,0,0.58496594,0.41336513,0.0016689232
822,1,1,0.0031485048,0.54158354,0.45526794
823,0,0,0.9998616,0.0001378942,5.33087e-07
824,1,1,0.043834306,0.8171022,0.1390635
825,2,1,0.14938042,0.8047437,0.04587593
826,0,0,0.8433602,0.15654856,9.1213675e-05
827,1,0,0.5722931,0.4260311,0.0016758454
828,2,2,2.7782046e-06,0.015798004,0.98419917
829,2,2,5.330324e-07,0.0002403128,0.99975914
830,0,0,0.8958903,0.10406756,4.2110434e-05
831,1,1,0.23608492,0.7425016,0.021413421
832,0,0,0.70042676,0.2991651,0.00040810648
833,0,0,0.9564799,0.043509603,1.0458378e-05
834,0,0,0.99391174,0.006087039,1.1375165e-06
835,1,1,0.009536591,0.6885931,0.30187035
836,0,1,0.29633558,0.69380224,0.0098622525
837,1,1,0.021957098,0.7482494,0.22979344
838,0,0,0.97993934,0.020057473,3.1783322e-06
839,1,1,0.03306678,0.76577646,0.20115681
840,1,1,0.3183303,0.67156935,0.010100336
841,1,0,0.96190673,0.038082346,1.0889331e-05
842,0,1,0.43427742,0.5617834,0.0039392593
843,1,1,0.06289205,0.82844025,0.10866771
844,0,0,0.99903667,0.0009630487,4.034613e-07
845,0,0,0.7771241,0.22264972,0.0002261037
846,1,1,0.030715466,0.7758297,0.19345485
847,1,0,0.72530437,0.2743403,0.00035524904
848,2,2,5.709869e-07,0.00089849596,0.9991009
849,1,1,0.0739963,0.84098226,0.085021466
850,0,0,0.9907149,0.009283958,1.1739194e-06
851,0,0,0.8709375,0.12900458,5.793201e-05
852,0,1,0.44829366,0.54735696,0.0043493723
853,2,2,0.00048796102,0.31953147,0.6799806
854,0,0,0.9713669,0.028628385,4.779028e-06
855,0,0,0.9995809,0.00041876937,3.057741e-07
856,1,1,0.007908224,0.6462037,0.34588802
857,0,0,0.94333434,0.056651615,1.4098444e-05
858,1,1,0.08136323,0.84782434,0.07081244
859,0,1,0.46816102,0.5286571,0.003181945
860,1,1,0.14435492,0.80514735,0.050497707
861,0,0,0.9322177,0.0677645,1.7765642e-05
862,0,0,0.97852546,0.021468835,5.7269976e-06
863,2,2,3.50683e-05,0.11244446,0.88752043
864,0,0,0.99999833,1.619627e-06,1.902004e-08
865,2,2,1.2986596e-06,0.012431635,0.98756707
866,0,0,0.65468633,0.34439704,0.00091665506
867,0,0,0.7147621,0.28480676,0.0004311734
868,1,1,0.054196965,0.82742596,0.11837707
869,2,1,0.009085892,0.6532086,0.33770558
870,1,0,0.5466257,0.4515979,0.001776415
871,0,0,0.9998616,0.0001378942,5.33087e-07
872,0,0,0.65874153,0.34056592,0.0006925962
873,1,0,0.8363489,0.16354717,0.00010393293
874,2,2,5.9285132e-05,0.13907604,0.8608647
875,2,2,0.0023589781,0.48691517,0.51072586
876,0,0,0.8689678,0.13096696,6.527007e-05
877,0,0,0.9741251,0.02586957,5.318757e-06
878,0,0,0.52472657,0.472818,0.00245541
879,1,1,0.21331368,0.7675056,0.019180797
880,0,0,0.9998616,0.0001378942,5.330789e-07
881,0,0,0.999985,1.4944607e-05,1.7551224e-07
882,2,2,1.1501246e-05,0.052187286,0.9478012
883,0,0,0.999985,1.4945063e-05,1.7550688e-07
884,0,0,0.5488333,0.4495028,0.0016639323
885,0,0,0.98878247,0.011215619,1.8400357e-06
886,2,2,1.4943004e-05,0.0001378922,0.9998472
887,1,1,0.11310763,0.8185269,0.06836545
888,2,2,0.00076945534,0.3622889,0.6369416
889,1,1,0.15200989,0.80481493,0.043175146
890,1,1,0.04328841,0.8069261,0.14978552
891,1,1,0.0058362847,0.63371193,0.3604518
892,1,0,0.58077,0.4175874,0.0016426314
893,1,1,0.05543272,0.8245375,0.12002972
894,2,2,2.5865427e-06,0.017803092,0.9821943
895,1,1,0.13230301,0.8189408,0.048756134
896,2,2,1.1764233e-06,0.007170692,0.9928281
897,2,1,0.044674598,0.81843275,0.13689262
898,2,2,5.8813606e-05,0.13096775,0.86897343
899,1,2,0.002165132,0.47079656,0.52703834
900,0,0,0.96778554,0.03220857,5.864261e-06
901,0,1,0.35763496,0.63424134,0.008123737
902,1,0,0.7860206,0.21376975,0.00020967764
903,1,1,0.0064222384,0.6601523,0.33342546
904,1,0,0.6892608,0.31013528,0.0006039215
905,1,1,0.0031312255,0.51573414,0.4811346
906,0,0,0.913793,0.08618474,2.220593e-05
907,1,1,0.053422842,0.8298909,0.116686225
908,0,0,0.97184515,0.028149504,5.3063086e-06
909,1,1,0.006446827,0.6702732,0.32327998
910,2,2,3.9443003e-05,0.11595614,0.8840044
911,1,1,0.06375703,0.83257526,0.10366768
912,1,1,0.43293002,0.561714,0.005355988
913,0,0,0.99572706,0.0042720074,9.0935333e-07
914,1,1,0.31811416,0.6711134,0.010772466
915,0,1,0.113174506,0.8190109,0.06781463
916,0,0,0.991029,0.008969974,9.871379e-07
917,0,0,0.999985,1.4945063e-05,1.7551224e-07
918,1,1,0.04290144,0.8137181,0.1433806
919,2,1,0.14271206,0.8241077,0.03318019
920,2,1,0.050331175,0.80948836,0.14018041
921,2,2,5.327715e-07,0.0007296454,0.9992698
922,2,2,3.8958862e-07,0.0012276933,0.99877185
923,0,0,0.6347968,0.36421674,0.0009863842
924,0,0,0.999985,1.4945063e-05,1.7551224e-07
925,0,0,0.9683223,0.03167178,5.8675137e-06
926,1,1,0.12260132,0.8134618,0.063936874
927,0,0,0.9643753,0.03561865,6.050064e-06
928,0,0,0.9564802,0.043509625,1.0101475e-05
929,1,1,0.4324789,0.56112856,0.006392489
930,0,0,0.97136444,0.028628318,7.249276e-06
931,2,2,3.4129043e-05,0.10569826,0.8942677
932,2,1,0.023157367,0.7622213,0.21462138
933,0,0,0.999985,1.4944607e-05,1.7550154e-07
934,1,2,0.0012144492,0.4219915,0.576794
935,0,0,0.962541,0.03745158,7.4372265e-06
936,0,1,0.32255965,0.66588336,0.011557041
937,2,2,9.355416e-05,0.14979354,0.8501129
938,0,0,0.9962792,0.0037200956,6.773234e-07
939,0,1,0.25489923,0.7318356,0.013265132
940,0,0,0.9995809,0.0004187662,3.0577178e-07
941,0,1,0.38659537,0.607145,0.006259589
942,0,1,0.05760218,0.8347827,0.10761505
943,2,2,0.0012882197,0.4389673,0.5597445
944,0,0,0.9950511,0.0049479553,8.930959e-07
945,2,2,0.00038929022,0.2708889,0.72872186
946,2,2,0.00010944119,0.17829953,0.821591
947,0,0,0.99903667,0.0009630487,4.034613e-07
948,1,1,0.20506257,0.76720935,0.027728116
949,0,0,0.96061885,0.039375085,6.026498e-06
950,0,0,0.9962787,0.0037200938,1.1805121e-06
951,0,1,0.22974947,0.7481062,0.022144292
952,1,1,0.07172477,0.8222729,0.106002346
953,1,2,0.0012879383,0.44752708,0.55118495
954,0,0,0.9944629,0.0055357693,1.307729e-06
955,2,1,0.0030920499,0.54590523,0.4510027
956,2,1,0.07667841,0.83445024,0.08887133
957,0,0,0.9974573,0.0025420936,6.1104134e-07
958,1,2,0.00039234967,0.27779922,0.72180843
959,2,2,5.3293724e-07,0.0004187661,0.9995807
960,2,1,0.010776313,0.7515536,0.23767015
961,0,0,0.81644124,0.18344215,0.00011657598
962,0,0,0.581014,0.41776273,0.0012233343
963,2,2,4.2473957e-07,0.0016484815,0.9983511
964,0,0,0.9967033,0.0032957948,7.922083e-07
965,0,0,0.8728789,0.12706688,5.416593e-05
966,1,2,0.00045130673,0.31954318,0.68000555
967,1,1,0.35909688,0.6340759,0.006827227
968,0,0,0.8566356,0.14328246,8.204719e-05
969,1,1,0.2808892,0.70493054,0.014180235
970,1,1,0.052329827,0.8343591,0.11331099
971,0,0,0.99998343,1.4945041e-05,1.6196029e-06
972,0,0,0.99998343,1.4945041e-05,1.6195535e-06
973,1,1,0.31360054,0.67317736,0.013222067
974,2,1,0.004287456,0.55380064,0.44191182
975,1,2,0.0004470127,0.31719038,0.68236256
976,1,1,0.104166776,0.8365838,0.05924948
977,0,0,0.9999541,4.5397846e-05,5.3312823e-07
978,0,0,0.99999833,1.619627e-06,1.902004e-08
979,2,2,5.0589815e-06,0.04070969,0.95928526
980,0,0,0.99986196,0.00013789424,1.7548797e-07
981,0,0,0.90219635,0.097769246,3.443167e-05
982,0,0,0.9758197,0.024176018,4.3260025e-06
983,2,1,0.0075912,0.6464102,0.3459985
984,2,2,3.056464e-07,0.00083826785,0.9991615
985,0,0,0.9977859,0.0022131708,8.0695725e-07
986,2,2,5.33087e-07,0.0001378921,0.9998616
987,0,0,0.9827907,0.017205985,3.3002045e-06
988,1,1,0.23886994,0.7383305,0.022799617
989,0,0,0.99995446,4.5397865e-05,1.7550421e-07
990,0,0,0.63484377,0.36424387,0.0009123242
991,2,2,9.5200636e-07,0.010471078,0.989528
992,0,0,0.999985,1.4945063e-05,1.7551224e-07
993,1,1,0.06674756,0.834606,0.0986465
994,0,0,0.9599551,0.04003697,7.950641e-06
995,1,1,0.43121976,0.56437284,0.004407399
996,0,0,0.88220483,0.11774664,4.8479982e-05
997,0,0,0.9992699,0.0007296455,5.3277154e-07
998,1,1,0.0629683,0.84397054,0.09306112
999,1,1,0.033668865,0.7865175,0.17981356
1000,1,1,0.1828493,0.77923703,0.03791367
1001,1,1,0.041747436,0.8269543,0.13129826
1002,0,0,0.99999833,1.6195281e-06,1.902004e-08
1003,0,0,0.5725131,0.42619482,0.0012921218
1004,0,0,0.9995808,0.00041876297,5.3292916e-07
1005,1,1,0.020668723,0.73678637,0.24254489
1006,0,0,0.56828415,0.43045536,0.0012605018
1007,2,2,3.942627e-07,0.002321151,0.99767846
1008,2,2,6.901456e-07,0.0023312229,0.9976681
1009,1,1,0.117917486,0.8242136,0.057868883
1010,0,0,0.999985,1.4945519e-05,1.7551224e-07
1011,1,0,0.89260834,0.10734976,4.195613e-05
1012,2,1,0.06672445,0.8489279,0.0843476
1013,1,1,0.07628579,0.8230023,0.10071196
1014,2,2,5.85427e-05,0.13497059,0.8649708
1015,0,1,0.3854485,0.6079768,0.0065746866
1016,2,2,0.00021121852,0.20799193,0.79179686
1017,0,1,0.4504074,0.5451847,0.004407978
1018,0,0,0.68564004,0.31390887,0.00045111342
1019,2,1,0.007600844,0.63059384,0.36180535
1020,0,0,0.9999982,1.6195775e-06,1.7551457e-07
1021,2,2,2.1757502e-05,0.088958964,0.91101927
1022,1,1,0.0072675673,0.6505247,0.3422078
1023,1,1,0.008159239,0.65381944,0.3380214
1024,1,1,0.24651894,0.7359696,0.017511418
1025,2,2,0.00023331035,0.2516707,0.748096
1026,0,0,0.9917681,0.008230299,1.5514489e-06
1027,0,1,0.018282067,0.7541105,0.22760734
1028,1,1,0.011353756,0.68914515,0.29950118
1029,2,1,0.013911207,0.7222329,0.26385587
1030,0,0,0.85664976,0.14328483,6.5471664e-05
1031,1,1,0.2747082,0.70760787,0.017683888
1032,0,0,0.99986196,0.00013789424,1.7549065e-07
1033,2,2,1.8233648e-05,0.0758568,0.924125
1034,1,1,0.17245992,0.79468256,0.032857455
1035,0,0,0.9081508,0.09181206,3.7151298e-05
1036,1,0,0.6742273,0.32518706,0.00058564334
1037,1,1,0.0150655545,0.7473181,0.23761636
1038,2,1,0.0053047044,0.5911892,0.4035061
1039,0,0,0.9992699,0.0007296455,5.3277154e-07
1040,0,0,0.8709347,0.1290042,6.1029048e-05
1041,1,1,0.38732144,0.6082852,0.0043933345
1042,1,1,0.004046138,0.5410958,0.45485806
1043,1,1,0.3812024,0.6131385,0.005659078
1044,0,0,0.9999702,1.4944842e-05,1.4944842e-05
1045,0,0,0.98093843,0.019058956,2.583233e-06
1046,1,1,0.35001093,0.642652,0.007337125
1047,2,1,0.0053751664,0.57859874,0.41602612
1048,1,1,0.011167126,0.7457296,0.24310325
1049,0,1,0.3896237,0.603985,0.0063913036
1050,0,0,0.9736834,0.026310677,5.899999e-06
1051,2,1,0.0033978734,0.5500205,0.44658163
1052,0,0,0.5071135,0.48980764,0.003078886
1053,0,0,0.9995808,0.00041876297,5.329373e-07
1054,2,1,0.014158512,0.69436854,0.2914729
1055,0,0,0.74222034,0.25739673,0.00038297006
1056,2,2,0.00037201325,0.29105166,0.7085763
1057,2,1,0.0067197117,0.67480266,0.3184776
1058,0,0,0.81119144,0.18870234,0.000106196065
1059,0,1,0.30984873,0.6767718,0.013379491
1060,0,0,0.9995808,0.00041876297,5.329373e-07
1061,0,1,0.36208835,0.63108706,0.006824602
1062,0,0,0.9723149,0.027678387,6.769553e-06
1063,0,0,0.999985,1.4945063e-05,1.7550688e-07
1064,1,1,0.079111986,0.8315531,0.0893349
1065,0,0,0.999985,1.4944607e-05,1.7550154e-07
1066,1,1,0.025036665,0.77213603,0.20282736
1067,2,2,0.00013327823,0.17326511,0.8266016
1068,0,0,0.99778605,0.0022131752,7.0231465e-07
1069,0,0,0.6265968,0.3722144,0.0011887973
1070,0,0,0.68937516,0.3101867,0.00043809233
1071,0,0,0.97411287,0.02586924,1.7930512e-05
1072,1,1,0.16247211,0.8024974,0.035030466
1073,0,1,0.27753076,0.70869964,0.013769547
1074,0,0,0.9585979,0.04139295,9.122346e-06
1075,1,1,0.05803669,0.8484124,0.093550906
1076,1,0,0.5978241,0.40101177,0.0011641333
1077,2,2,0.00040303895,0.27088514,0.72871184
1078,0,0,0.9983222,0.0016773024,5.3226626e-07
1079,1,1,0.13075134,0.8235097,0.045738943
1080,0,0,0.8875105,0.1124432,4.629643e-05
1081,2,1,0.0042710016,0.5516752,0.4440537
1082,0,0,0.5072434,0.48993298,0.0028236168
1083,0,1,0.01238785,0.7199748,0.26763737
1084,2,2,5.331445e-07,4.5397846e-05,0.9999541
1085,2,2,0.0027515434,0.49429604,0.5029524
1086,0,0,0.9905533,0.009445005,1.604296e-06
1087,1,1,0.0050598797,0.57878214,0.416158
1088,1,1,0.117365636,0.82035613,0.06227833
1089,0,0,0.7183138,0.28129572,0.0003904503
1090,1,0,0.70402586,0.2955267,0.00044740253
1091,0,1,0.38095006,0.61273265,0.0063172
1092,1,1,0.41622987,0.5788821,0.004888048
1093,2,1,0.114411004,0.82795954,0.057629433
1094,0,0,0.9974571,0.002542088,8.066913e-07
1095,1,1,0.08121522,0.8389673,0.07981739
1096,0,1,0.30160952,0.68799806,0.010392428
1097,0,0,0.9995808,0.00041876934,5.329373e-07
1098,2,2,9.5165416e-07,0.010837033,0.98916197
1099,2,2,6.245457e-05,0.13907555,0.860862
1100,0,0,0.99832195,0.001677302,7.0269186e-07
1101,2,1,0.10349357,0.8311772,0.06532926
1102,1,1,0.060281105,0.8221033,0.117615595
1103,0,0,0.9022021,0.09776985,2.7956487e-05
1104,1,1,0.1449701,0.8227389,0.03229109
1105,0,0,0.99999833,1.6195281e-06,1.9018879e-08
1106,1,1,0.13384068,0.8141995,0.05195974
1107,1,1,0.07297516,0.84390134,0.08312349
1108,1,1,0.32020286,0.6696814,0.010115749
1109,0,1,0.24730858,0.7319457,0.020745683
1110,1,1,0.10854813,0.8275288,0.063923016
1111,2,1,0.044494413,0.8080864,0.14741918
1112,2,2,1.908144e-06,0.009608816,0.9903893
1113,1,1,0.34787238,0.644294,0.007833684
1114,1,2,0.0019864931,0.44721404,0.5507995
1115,1,1,0.17457318,0.7974676,0.027959215
1116,0,0,0.9619084,0.03808241,9.1538495e-06
1117,0,1,0.16999629,0.79704845,0.03295528
1118,2,1,0.07153402,0.8272359,0.10123003
1119,0,0,0.9995809,0.0004187662,3.057741e-07
1120,1,1,0.32595408,0.6641858,0.00986006
1121,0,0,0.6703666,0.32898727,0.00064621697
1122,1,0,0.8084941,0.19136858,0.00013732814
1123,0,0,0.9990363,0.00096304837,7.0319464e-07
1124,1,1,0.008794475,0.6377703,0.35343522
1125,0,0,0.9968702,0.0031290588,7.5213046e-07
1126,1,1,0.12986632,0.8179355,0.052198153
1127,1,1,0.045528613,0.81972283,0.13474855
1128,1,0,0.94516015,0.05482422,1.5676535e-05
1129,0,1,0.43842137,0.5566272,0.004951415
1130,0,0,0.99999833,1.619627e-06,1.902004e-08
1131,0,0,0.99307114,0.0069276746,1.2182871e-06
1132,0,1,0.39508337,0.5993006,0.0056160274
1133,0,0,0.8975071,0.10246099,3.1954754e-05
1134,2,2,1.6193544e-06,0.00013789404,0.9998605
1135,1,1,0.23726732,0.74460256,0.018130088
1136,2,2,1.6196029e-06,1.4945041e-05,0.99998343
1137,1,1,0.012253509,0.6848843,0.30286217
1138,2,2,0.0004550964,0.270871,0.7286739
1139,0,0,0.89908713,0.10087478,3.8080052e-05
1140,1,2,2.4777557e-06,0.025869645,0.9741279
1141,0,0,0.9052177,0.094748974,3.336798e-05
1142,0,0,0.70037264,0.29914197,0.0004854433
1143,2,2,1.033467e-05,0.054824524,0.94516516
1144,0,0,0.999985,1.4945063e-05,1.7551224e-07
1145,1,1,0.019566724,0.7147414,0.26569188
1146,2,2,1.2860991e-05,0.044977657,0.9550094
1147,0,0,0.6663989,0.33276758,0.0008334853
1148,1,1,0.004163575,0.5495979,0.44623846
1149,2,2,0.00021174966,0.2196628,0.78012544
1150,2,2,4.0346052e-07,0.00096304674,0.99903655
1151,1,1,0.0942201,0.8397748,0.06600503
1152,2,2,1.4943004e-05,0.0001378922,0.9998472
1153,0,0,0.84336287,0.15654905,8.810115e-05
1154,1,1,0.04039563,0.8071529,0.15245149
1155,2,2,4.611273e-06,0.029609933,0.9703855
1156,0,0,0.9844675,0.015530333,2.256341e-06
1157,2,2,1.3459353e-06,0.011409806,0.9885888
1158,2,1,0.007863373,0.6383693,0.3537673
1159,1,1,0.4852304,0.5111726,0.0035970353
1160,0,1,0.03735676,0.81412286,0.14852038
1161,0,0,0.9677767,0.032208283,1.4974778e-05
1162,1,0,0.99102825,0.008969962,1.7204898e-06
1163,1,1,0.14832461,0.81304973,0.03862567
1164,2,1,0.0328705,0.8019292,0.16520037
1165,0,0,0.8111787,0.18869932,0.00012201691
1166,1,0,0.90371364,0.09624808,3.8276004e-05
1167,1,0,0.9844669,0.015530331,2.7789604e-06
1168,0,0,0.9571984,0.042792883,8.798169e-06
1169,0,0,0.999985,1.4945063e-05,1.7551224e-07
1170,2,2,4.492022e-07,0.0020739667,0.9979255
1171,0,0,0.91378933,0.08618435,2.6415899e-05
1172,0,0,0.9995808,0.00041876934,5.329373e-07
1173,2,2,0.0002560616,0.27501598,0.724728
1174,2,2,5.245017e-06,0.03937512,0.9606196
1175,1,0,0.55496055,0.4428374,0.0022020368
1176,2,2,2.0302732e-06,0.016914878,0.9830831
1177,1,2,0.0002740722,0.23488796,0.7648379
1178,1,1,0.26544502,0.7234359,0.011119102
1179,0,0,0.7740246,0.22564544,0.0003299503
1180,1,1,0.018373858,0.72886205,0.25276414
1181,1,1,0.31008482,0.6772876,0.012627677
1182,1,1,0.46354344,0.5326097,0.0038467692
1183,0,0,0.9998616,0.0001378921,5.33087e-07
1184,0,1,0.27930778,0.707073,0.013619202
1185,1,1,0.047696307,0.8294451,0.12285866
1186,2,2,0.0001623975,0.23026627,0.76957136
1187,1,1,0.05063444,0.8358519,0.11351372
1188,1,1,0.0896647,0.827409,0.08292628
1189,0,0,0.8587695,0.14116716,6.3393825e-05
1190,2,2,5.864261e-06,0.03220857,0.96778554
1191,1,1,0.017749712,0.75146836,0.23078199
1192,0,0,0.7585566,0.24118985,0.0002535853
1193,0,0,0.6626854,0.33670825,0.0006063928
1194,1,1,0.14796656,0.8110871,0.040946405
1195,0,0,0.99986196,0.00013789424,1.7548797e-07
1196,0,0,0.72881186,0.2709224,0.00026573616
1197,0,1,0.06762871,0.83831507,0.094056316
1198,0,0,0.9999982,1.6195775e-06,1.7551457e-07
1199,1,1,0.46382782,0.53293645,0.0032356675
1200,1,2,0.00015137886,0.1967964,0.80305225
1201,0,0,0.9995808,0.00041876934,5.329373e-07
1202,0,0,0.8942606,0.10569739,4.2033793e-05
1203,1,0,0.6349277,0.36429194,0.00078045495
1204,0,0,0.8803943,0.11956285,4.2844178e-05
1205,0,0,0.99927,0.0007296456,3.05679e-07
1206,2,2,1.7551223e-07,1.4945517e-05,0.99998486
1207,2,2,9.55613e-05,0.16118744,0.838717
1208,1,1,0.0097120255,0.65279585,0.3374922
1209,2,2,0.0012798455,0.41668475,0.5820354
1210,1,1,0.05666353,0.814082,0.12925452
1211,1,2,0.000101258855,0.17079784,0.82910085
1212,1,2,0.0004261203,0.33483335,0.6647405
1213,1,2,0.00034445347,0.27154437,0.72811115
1214,0,0,0.9265262,0.07345847,1.536747e-05
1215,0,0,0.9977864,0.0022131717,3.5070212e-07
1216,2,2,0.00023818902,0.22264709,0.7771147
1217,2,1,0.2644946,0.71772367,0.01778167
1218,1,0,0.96377236,0.03621976,7.982256e-06
1219,0,0,0.999985,1.4945063e-05,1.7550688e-07
1220,0,0,0.99176836,0.008230302,1.2596773e-06
1221,0,0,0.6855191,0.3138536,0.00062728685
1222,0,1,0.30665207,0.68151957,0.011828422
1223,1,1,0.017119814,0.7755803,0.20729998
1224,1,1,0.46789405,0.5283556,0.003750363
1225,1,1,0.3373245,0.6524715,0.010204014
1226,0,0,0.99807274,0.0019267374,4.6312766e-07
1227,1,1,0.24737498,0.73214227,0.020482806
1228,0,0,0.90521663,0.09474886,3.4546934e-05
1229,2,2,0.00050603505,0.30646414,0.6930298
1230,1,2,0.0020097978,0.46439826,0.5335919
1231,0,0,0.9433375,0.05665182,1.0679116e-05
1232,1,1,0.19949652,0.77275616,0.027747355
1233,1,1,0.36976263,0.6224694,0.007768007
1234,1,1,0.07354533,0.821471,0.10498368
1235,2,2,0.00017193398,0.21967156,0.7801565
1236,0,1,0.22784162,0.74836195,0.023796441
1237,0,0,0.5162183,0.4815861,0.0021956102
1238,0,1,0.2548101,0.73157954,0.013610356
1239,1,1,0.111443646,0.8206094,0.06794697
1240,0,0,0.6818806,0.31765494,0.00046449128
1241,0,1,0.069203295,0.81429785,0.116498895
1242,0,1,0.10423716,0.8227405,0.07302237
1243,0,0,0.9542598,0.045729406,1.0802763e-05
1244,0,0,0.96254075,0.037451565,7.699998e-06
1245,0,1,0.29217914,0.69605076,0.011770088
1246,0,0,0.6510052,0.348458,0.00053677463
1247,2,2,4.429044e-06,0.035027135,0.9649685
1248,2,2,2.4003048e-06,0.022977315,0.97702026
1249,1,1,0.1248953,0.83590686,0.039197832
1250,1,1,0.3740917,0.61891836,0.006989899
1251,0,0,0.99557686,0.00442228,7.9131297e-07
1252,1,0,0.7039661,0.29550165,0.00053218176
1253,0,0,0.8501267,0.14979596,7.72916e-05
1254,1,1,0.011498978,0.7198805,0.2686205
1255,0,0,0.9998616,0.0001378942,5.33087e-07
1256,1,1,0.014333745,0.6942451,0.29142115
1257,0,1,0.42882818,0.5661358,0.005035998
1258,1,1,0.019556912,0.75913763,0.22130553
1259,1,2,0.0018139945,0.47744456,0.5207414
1260,1,0,0.8002961,0.19955562,0.0001482629
1261,1,1,0.005597598,0.62383103,0.3705714
1262,0,0,0.70039,0.29914925,0.00046081806
1263,0,0,0.87481046,0.12515624,3.3386506e-05
1264,0,0,0.9970795,0.0029197456,8.063859e-07
1265,0,0,0.99999833,1.619627e-06,1.902004e-08
1266,1,1,0.3183163,0.6715398,0.010143821
1267,0,1,0.41539937,0.5777271,0.0068735313
1268,0,0,0.9974572,0.0025420883,7.020831e-07
1269,1,1,0.26276934,0.7184786,0.018752038
1270,0,0,0.7860491,0.21377757,0.00017323262
1271,0,0,0.9844668,0.015530329,2.9788027e-06
1272,2,2,2.147998e-05,0.08482727,0.9151513
1273,1,1,0.4068671,0.5858535,0.0072794026
1274,0,0,0.84563595,0.15426935,9.469128e-05
1275,0,0,0.9995808,0.00041876934,5.329373e-07
1276,0,0,0.9998616,0.0001378942,5.33087e-07
1277,0,0,0.99565256,0.004346499,9.578978e-07
1278,0,0,0.9903895,0.009608819,1.6607045e-06
1279,1,1,0.14482583,0.82192004,0.033254087
1280,1,1,0.3001993,0.6877598,0.0120407995
1281,0,0,0.9442568,0.055731025,1.2282228e-05
1282,0,0,0.7553338,0.24437097,0.00029521168
1283,0,0,0.9995808,0.00041876934,5.329373e-07
1284,0,0,0.9999982,1.6196269e-06,1.7551457e-07
1285,2,2,0.002209311,0.45999828,0.5377924
1286,1,1,0.007401248,0.6639297,0.32866904
1287,1,1,0.00702009,0.6188996,0.37408036
1288,0,0,0.9960471,0.0039522327,6.771656e-07
1289,0,0,0.9503173,0.049670298,1.2361061e-05
1290,0,0,0.9228943,0.07708245,2.3219474e-05
1291,0,0,0.7889143,0.21086404,0.00022170108
1292,0,1,0.20724674,0.7686793,0.024073992
1293,0,0,0.99986196,0.00013789424,1.754853e-07
1294,1,1,0.08860952,0.8465624,0.064828105
1295,1,1,0.08110844,0.84516954,0.073721975
1296,1,1,0.0027098167,0.5605465,0.4367436
1297,0,0,0.89426434,0.10569786,3.7875787e-05
1298,1,0,0.79748666,0.20233756,0.00017575326
1299,0,0,0.9958722,0.004126825,9.254131e-07
1300,2,2,1.6194039e-06,0.00013789404,0.9998605
1301,1,1,0.08986816,0.84380966,0.06632217
1302,0,0,0.9095935,0.0903752,3.1279862e-05
1303,1,1,0.1739879,0.78792447,0.038087584
1304,0,0,0.98934585,0.010652493,1.6589545e-06
1305,0,0,0.99999833,1.619627e-06,1.902004e-08
1306,0,0,0.66654104,0.3328384,0.000620602
1307,0,0,0.98473036,0.015267119,2.4192468e-06
1308,0,0,0.75849503,0.24117023,0.00033475432
1309,2,2,2.3462107e-05,0.08348902,0.91648746
1310,2,1,0.07877014,0.8424598,0.07877014
1311,0,0,0.98622036,0.01377763,1.967247e-06
1312,1,1,0.011619493,0.68714494,0.30123556
1313,0,0,0.97778624,0.022210581,3.171349e-06
1314,0,0,0.999985,1.4945063e-05,1.7551224e-07
1315,1,1,0.2858523,0.69894534,0.015202313
1316,1,1,0.019174486,0.7410695,0.23975608
1317,2,2,1.1570344e-05,0.04649297,0.95349544
1318,1,1,0.04795724,0.8196286,0.13241419
1319,2,2,0.00048291346,0.30279446,0.6967227
1320,0,0,0.9998616,0.0001378921,5.33087e-07
1321,0,0,0.7488076,0.25081915,0.00037318355
1322,0,0,0.97038436,0.029609907,5.67935e-06
1323,1,2,0.0017342228,0.4505438,0.547722
1324,1,1,0.057279095,0.8229258,0.1197951
1325,2,2,2.1597104e-07,0.00089849497,0.9991013
1326,1,1,0.17321381,0.791258,0.035528153
1327,2,1,0.014943088,0.7113014,0.27375543
1328,0,0,0.9944154,0.0055837636,8.326466e-07
1329,1,1,0.28525978,0.70129097,0.013449333
1330,0,0,0.9987286,0.0012710141,4.0333538e-07
1331,0,1,0.37354466,0.6186841,0.0077711972
1332,1,1,0.003365107,0.5307142,0.46592063
1333,1,1,0.024171563,0.7585113,0.21731707
1334,1,1,0.19230437,0.771216,0.036479596
1335,2,2,0.000120636985,0.12514529,0.8747341
1336,2,2,5.3831195e-07,0.0033971188,0.9966023
1337,0,1,0.20428963,0.77098095,0.02472942
1338,1,1,0.036492035,0.82337666,0.14013135
1339,1,1,0.26431796,0.7172444,0.018437605
1340,2,1,0.022523357,0.74781626,0.2296604
1341,0,0,0.9999541,4.5397846e-05,5.331445e-07
1342,1,0,0.6509013,0.34840238,0.000696338
1343,1,0,0.55314416,0.44523606,0.0016197715
1344,1,0,0.5975771,0.40084615,0.0015767777
1345,0,0,0.841073,0.15885815,6.8903806e-05
1346,1,1,0.37762752,0.6140151,0.008357376
1347,0,0,0.82910085,0.17079784,0.000101258855
1348,2,2,9.31232e-06,0.05482458,0.9451661
1349,0,1,0.45479298,0.54101855,0.0041884985
1350,0,0,0.99664587,0.0033533198,8.6399945e-07
1351,1,2,1.9570405e-05,0.074648544,0.92533183
1352,0,1,0.34558135,0.64563096,0.0087877
1353,2,2,7.8275174e-05,0.16835701,0.8315647
1354,0,1,0.18440273,0.779065,0.03653236
1355,2,1,0.002525624,0.5515723,0.44590205
1356,1,1,0.030502405,0.78394073,0.18555681
1357,0,0,0.9164886,0.08348913,2.2271433e-05
1358,2,1,0.020967575,0.73338073,0.2456517
1359,1,1,0.44844022,0.54753596,0.004023827
1360,0,0,0.999985,1.4945063e-05,1.7550688e-07
1361,0,0,0.99999833,1.619627e-06,1.902004e-08
1362,0,0,0.9970796,0.0029197473,6.547337e-07
1363,0,0,0.99998343,1.4945041e-05,1.6195535e-06
1364,2,2,0.0016076284,0.46350747,0.5348849
1365,2,2,5.885821e-07,0.0052563096,0.9947431
1366,1,1,0.053863525,0.8295045,0.11663194
1367,0,0,0.5247705,0.4728577,0.0023718155
1368,0,0,0.9849893,0.015008295,2.5053823e-06
1369,0,0,0.67799336,0.32137537,0.00063126505
1370,0,0,0.88750756,0.11244278,4.9625527e-05
1371,2,1,0.0053611184,0.62397933,0.37065956
1372,0,1,0.08466072,0.8230011,0.09233814
1373,2,1,0.02196865,0.73895824,0.23907308
1374,0,0,0.99986196,0.00013789424,1.754853e-07
1375,0,0,0.80030215,0.19955707,0.0001407395
1376,0,0,0.73558366,0.26410824,0.00030816701
1377,1,1,0.014146709,0.71869254,0.2671607
1378,1,0,0.58503926,0.41341704,0.0015436952
1379,1,0,0.6666129,0.33287427,0.00051276904
1380,0,0,0.98125976,0.01873707,3.182615e-06
1381,0,1,0.39923996,0.5951826,0.0055774376
1382,1,2,0.00090900075,0.33274233,0.66634864
1383,1,1,0.037473593,0.8096107,0.15291566
1384,0,0,0.9943178,0.005680996,1.2198178e-06
1385,2,2,0.00037845928,0.27563167,0.72398984
1386,0,0,0.99999833,1.619627e-06,1.902004e-08
1387,0,1,0.07562551,0.84470576,0.07966873
1388,0,0,0.99832195,0.001677302,7.0269186e-07
1389,1,0,0.5424006,0.455955,0.0016444298
1390,1,1,0.08225742,0.8207355,0.0970071
1391,1,1,0.019252054,0.7249409,0.25580704
1392,2,2,9.971441e-05,0.18344526,0.81645507
1393,2,2,9.2902116e-07,0.00024031088,0.9997588
1394,1,1,0.49464384,0.5033064,0.0020497686
1395,1,1,0.019176004,0.73472273,0.24610123
1396,2,1,0.0039565116,0.54543185,0.45061162
1397,0,1,0.047170766,0.82030565,0.13252354
1398,1,1,0.05745579,0.8546298,0.08791433
1399,0,0,0.9151379,0.08482603,3.6159538e-05
1400,0,0,0.9987286,0.0012710141,4.0333538e-07
1401,2,1,0.036030956,0.792075,0.17189406
1402,1,1,0.4162561,0.5789187,0.004825118
1403,1,1,0.37629175,0.6171774,0.006530904
1404,0,1,0.052079715,0.81607944,0.13184078
1405,0,0,0.8766789,0.12326481,5.6323814e-05
1406,1,1,0.0854969,0.84568495,0.06881807
1407,0,0,0.99903667,0.00096304505,3.0560878e-07
1408,0,0,0.7711269,0.22873744,0.0001356088
1409,1,1,0.041307103,0.8041489,0.15454401
1410,1,0,0.6664272,0.33278164,0.00079121924
1411,0,0,0.9830822,0.016914863,2.873103e-06
1412,1,1,0.016002044,0.72070146,0.2632965
1413,2,1,0.007975009,0.66163594,0.33038908
1414,2,2,0.000584471,0.30276364,0.69665194
1415,0,0,0.9708802,0.029115142,4.6136242e-06
1416,0,1,0.1099916,0.824101,0.06590742
1417,0,0,0.98219407,0.017803088,2.7725446e-06
1418,0,0,0.9585988,0.041392997,8.219923e-06
1419,1,0,0.52485406,0.47293288,0.002213047
1420,1,1,0.088894345,0.82745206,0.08365362
1421,0,0,0.9998616,0.0001378942,5.33087e-07
1422,1,1,0.30104852,0.68671834,0.012233115
1423,2,1,0.06735991,0.82776624,0.10487385
1424,2,2,6.7829484e-07,0.0022911914,0.9977081
1425,0,0,0.59334457,0.40497723,0.001678196
1426,1,1,0.445547,0.54874617,0.00570683
1427,1,1,0.4591821,0.5368383,0.003979605
1428,0,0,0.9736854,0.026310729,3.8895296e-06
1429,0,0,0.9998616,0.0001378921,5.33087e-07
1430,1,2,0.001921999,0.4558281,0.5422499
1431,0,0,0.9469295,0.053052407,1.804601e-05
1432,1,1,0.029715056,0.7571042,0.21318066
1433,1,0,0.82909787,0.17079726,0.00010483617
1434,2,2,8.063035e-07,0.0030225962,0.9969766
1435,1,1,0.34469938,0.6485413,0.006759331
1436,1,0,0.69682544,0.30283907,0.00033542587
1437,2,2,0.0005221193,0.33166784,0.6678101
1438,0,0,0.8990905,0.10087516,3.4313136e-05
1439,1,1,0.21236823,0.76742756,0.020204214
1440,0,0,0.99872845,0.0012710092,5.3247885e-07
1441,0,1,0.08594136,0.85008144,0.063977174
1442,2,2,1.3492833e-06,0.008950699,0.9910479
1443,0,0,0.9253298,0.07464842,2.1718908e-05
1444,2,2,0.0034757515,0.49393705,0.5025872
1445,0,0,0.9977858,0.0022131745,9.271913e-07
1446,1,0,0.75534874,0.24437581,0.00027541193
1447,2,2,1.2728377e-05,0.05482438,0.9451629
1448,1,1,0.13952312,0.81980276,0.040674098
1449,0,0,0.53781295,0.46001574,0.0021713695
1450,0,1,0.21014561,0.75939554,0.030458862
1451,1,1,0.028874597,0.79547113,0.17565429
1452,1,1,0.01587149,0.7140465,0.27008203
1453,0,0,0.9998604,0.00013789402,1.6193543e-06
1454,1,0,0.74221545,0.25739488,0.00038967415
1455,1,1,0.032658458,0.7898696,0.1774719
1456,0,0,0.9998604,0.00013789613,1.619379e-06
1457,0,1,0.37464783,0.6198384,0.005513703
1458,0,0,0.96612084,0.0338722,6.9640805e-06
1459,0,0,0.93331075,0.06667628,1.3012861e-05
1460,0,0,0.9995808,0.00041876934,5.329373e-07
1461,0,0,0.92650986,0.073457144,3.2987366e-05
1462,0,1,0.04118197,0.80870277,0.15011528
1463,2,2,1.7113105e-06,0.014257488,0.98574084
1464,2,2,5.9726015e-05,0.14760096,0.8523393
1465,2,1,0.019492121,0.7280318,0.25247616
1466,1,1,0.19625582,0.7735165,0.030227715
1467,1,1,0.28399953,0.7000893,0.015911277
1468,2,1,0.009195627,0.68149155,0.30931285
1469,0,0,0.6855266,0.31385693,0.0006164969
1470,1,1,0.043060523,0.8026781,0.15426137
1471,1,1,0.08654619,0.8413299,0.072123975
1472,1,1,0.25791425,0.7245953,0.017490447
1473,0,0,0.92533195,0.07464856,1.9570407e-05
1474,1,1,0.090865575,0.83849096,0.07064345
1475,0,0,0.99999833,1.619627e-06,1.902004e-08
1476,0,0,0.98713267,0.01286521,2.1106678e-06
1477,0,0,0.65099293,0.3484514,0.0005557295
1478,1,0,0.73554534,0.26409435,0.00036026482
1479,2,2,0.00026951954,0.24759704,0.7521334
1480,0,0,0.999985,1.4945063e-05,1.7550688e-07
1481,0,0,0.8057897,0.19406858,0.00014170454
1482,0,0,0.9995796,0.00041876885,1.6189241e-06
1483,1,1,0.30886123,0.68049645,0.0106422985
1484,1,2,0.0006471159,0.33960772,0.65974516
1485,0,0,0.9137968,0.086185075,1.8029865e-05
1486,2,2,0.000268995,0.2683575,0.7313735
1487,1,2,1.8029867e-05,0.08618507,0.9137969
1488,0,1,0.022467263,0.78243166,0.19510102
1489,1,1,0.010534195,0.68241215,0.3070537
1490,1,2,0.000187839,0.23180248,0.76800966
1491,1,1,0.24293482,0.7379709,0.019094313
1492,0,0,0.8138347,0.18605877,0.0001065421
1493,0,0,0.7648832,0.23490186,0.00021494784
1494,0,0,0.97540635,0.024588991,4.635133e-06
1495,0,0,0.95719606,0.042792782,1.1218863e-05
1496,0,0,0.9754057,0.024588969,5.3257495e-06
1497,0,0,0.9857405,0.014257483,1.9662898e-06
1498,0,0,0.92769176,0.07228497,2.3340197e-05
1499,2,1,0.005472455,0.59938717,0.39514035
1500,0,0,0.8057992,0.19407083,0.00012992411
1501,1,2,7.1327822e-06,0.044238027,0.9557549
1502,1,1,0.11469178,0.82999116,0.05531707
1503,1,1,0.029147407,0.76888037,0.20197216
1504,0,0,0.99526006,0.0047387895,1.2209737e-06
1505,1,1,0.42000395,0.57407737,0.005918666
1506,0,0,0.976626,0.02337027,3.768136e-06
1507,1,1,0.098816074,0.8360403,0.065143585
1508,1,1,0.1753709,0.7805188,0.044110373
1509,1,2,2.3788201e-05,0.10246182,0.89751434
1510,0,0,0.7860515,0.21377821,0.00017025165
1511,0,0,0.99999666,1.6196243e-06,1.6196243e-06
1512,0,0,0.9486525,0.051335145,1.2339406e-05
1513,0,0,0.84789133,0.1520185,9.012544e-05
1514,0,0,0.99998343,1.4945496e-05,1.6196029e-06
1515,0,1,0.2252134,0.7592463,0.015540312
1516,1,2,0.00063803815,0.31854087,0.68082106
1517,1,0,0.5807864,0.41759917,0.0016144043
1518,0,0,0.9913318,0.008666502,1.6622846e-06
1519,1,1,0.006282706,0.5988988,0.39481845
1520,1,1,0.13129826,0.8269543,0.041747447
1521,0,0,0.9995808,0.00041876617,5.3293326e-07
1522,1,1,0.04160093,0.81693,0.14146906
1523,0,0,0.97852737,0.021468872,3.7754721e-06
1524,2,1,0.012298139,0.71321136,0.27449045
1525,1,1,0.21940297,0.75917286,0.021424197
1526,0,0,0.9995809,0.0004187662,3.057741e-07
1527,2,1,0.0032570208,0.5070229,0.48972005
1528,1,2,0.0003406148,0.24116881,0.7584906
1529,2,2,6.9279384e-05,0.15427327,0.8456574
1530,1,0,0.6627435,0.33673778,0.0005187205
1531,2,1,0.020951213,0.71707666,0.26197213
1532,0,0,0.5764594,0.4217468,0.0017937982
1533,1,1,0.2246801,0.75744843,0.017871559
1534,2,2,0.0014597408,0.4630372,0.5355031
1535,1,0,0.81902885,0.18085626,0.00011493261
1536,0,0,0.99526066,0.0047387923,6.0969563e-07
1537,0,0,0.9177979,0.08216939,3.2677188e-05
1538,0,0,0.9964056,0.0035935978,8.637911e-07
1539,1,1,0.04149812,0.81491107,0.14359082
1540,2,1,0.052821644,0.8134594,0.13371898
1541,0,0,0.99998343,1.4945496e-05,1.6196029e-06
1542,1,1,0.0067251767,0.6410774,0.3521974
1543,1,0,0.8566594,0.14328645,5.4090386e-05
1544,0,0,0.94239634,0.057586424,1.7346703e-05
1545,0,0,0.6268333,0.37235495,0.0008116998
1546,0,0,0.61453515,0.38456628,0.0008986052
1547,0,0,0.71831864,0.28129762,0.00038373272
1548,0,0,0.49860013,0.49860013,0.0027997002
1549,1,1,0.07797645,0.83397096,0.088052616
1550,2,1,0.019473867,0.75920177,0.2213243
1551,0,0,0.7801417,0.21966742,0.00019080625
1552,0,0,0.99995446,4.539717e-05,1.7550421e-07
1553,2,2,0.00013706186,0.22720948,0.7726535
1554,0,0,0.92998654,0.069990836,2.2599446e-05
1555,2,2,2.5857341e-06,0.018109228,0.98188823
1556,2,2,4.0929848e-07,0.0039522336,0.9960473
1557,0,1,0.2854387,0.70401883,0.010542516
1558,2,2,1.4943004e-05,0.0001378922,0.9998472
1559,0,0,0.98934597,0.010652494,1.4948423e-06
1560,0,0,0.98061025,0.019386252,3.529683e-06
1561,1,1,0.10002002,0.8173479,0.08263211
1562,2,2,2.1866676e-06,0.012220268,0.98777753
1563,0,1,0.17238571,0.79434055,0.033273764
1564,0,0,0.9727789,0.027214985,6.1027845e-06
1565,0,0,0.79181856,0.20799758,0.00018383382
1566,0,0,0.9322153,0.06776432,2.0412594e-05
1567,1,0,0.5746918,0.42411909,0.0011891973
1568,0,0,0.9958366,0.004162652,6.596197e-07
1569,1,0,0.8339927,0.16594246,6.485634e-05
1570,2,1,0.40805313,0.5850168,0.006930117
1571,1,1,0.13916853,0.8177191,0.043112397
1572,2,2,9.2170914e-05,0.16236508,0.8375428
1573,1,0,0.72864383,0.27085984,0.00049634604
1574,2,2,0.000856305,0.35704345,0.6421002
1575,2,2,7.7671064e-07,0.005680998,0.9943182
1576,1,1,0.46652618,0.517744,0.015729804
1577,0,1,0.19150336,0.7814533,0.027043324
1578,0,1,0.03622067,0.81725377,0.14652552
1579,1,1,0.059060134,0.8267026,0.114237346
1580,1,0,0.7389131,0.26073736,0.00034956363
1581,0,0,0.99587244,0.0041268235,7.0096837e-07
1582,1,1,0.03159106,0.81899893,0.14940996
1583,0,0,0.99778557,0.002213172,1.2240707e-06
1584,1,1,0.16184531,0.8028787,0.035276026
1585,2,2,0.0018550679,0.45156226,0.5465827
1586,0,1,0.46565562,0.5304124,0.0039319694
1587,2,1,0.0033393744,0.5221041,0.4745566
1588,2,2,3.3663095e-05,0.10246082,0.8975055
1589,0,0,0.8587694,0.14116721,6.3393825e-05
1590,2,2,0.00054300297,0.31762996,0.681827
1591,1,1,0.15063107,0.81148124,0.037887648
1592,0,1,0.18162923,0.787593,0.030777803
1593,0,1,0.25164348,0.7256307,0.022725768
1594,2,1,0.039935898,0.8119417,0.14812247
1595,0,0,0.99872845,0.001271014,5.3248084e-07
1596,0,0,0.9998616,0.00013788999,5.330789e-07
1597,0,1,0.16909257,0.7997233,0.031184088
1598,0,0,0.8857703,0.11418806,4.1634754e-05
1599,1,1,0.0850759,0.8415204,0.07340369
1600,0,0,0.97924566,0.020751443,2.8618906e-06
1601,1,1,0.018291444,0.7479762,0.23373236
1602,0,0,0.96316206,0.036830742,7.188062e-06
1603,1,0,0.49834993,0.49834993,0.0033000621
1604,2,1,0.035109926,0.78534466,0.17954543
1605,1,1,0.42064026,0.5749471,0.004412697
1606,0,1,0.028859133,0.774608,0.19653282
1607,2,2,0.00069442455,0.3359523,0.6633533
1608,0,0,0.8111697,0.18869728,0.00013308058
1609,1,1,0.016981356,0.74272645,0.24029219
1610,0,0,0.9781597,0.02183665,3.645262e-06
1611,1,1,0.17645739,0.7956472,0.027895385
1612,0,0,0.96885216,0.031143704,4.1485405e-06
1613,2,2,0.002196188,0.48591262,0.5118912
1614,1,0,0.9095954,0.090375386,2.918141e-05
1615,0,0,0.99872845,0.0012710189,5.324829e-07
1616,0,0,0.7003483,0.29913145,0.00052033423
1617,0,0,0.9869099,0.013087555,2.5102677e-06
1618,0,1,0.06620887,0.8350877,0.09870348
1619,1,1,0.005210236,0.61837876,0.37641105
1620,0,0,0.9606183,0.039375056,6.6881175e-06
1621,1,0,0.5202031,0.476951,0.0028459183
1622,0,1,0.43315953,0.56201184,0.0048287045
1623,1,1,0.048281696,0.8251738,0.1265445
1624,0,1,0.27934068,0.7071562,0.013503085
1625,2,1,0.080751695,0.8341793,0.085068956
1626,0,0,0.9992699,0.0007296455,5.3277563e-07
1627,1,1,0.12474185,0.82766426,0.047593903
1628,1,0,0.92767817,0.072283916,3.795014e-05
1629,0,0,0.9178068,0.08217016,2.3091476e-05
1630,2,1,0.008609633,0.65352255,0.33786783
1631,0,0,0.8608495,0.13907352,7.6919394e-05
1632,1,1,0.11570335,0.8229004,0.061396264
1633,2,1,0.05282753,0.8422946,0.104877874
1634,2,2,5.8931295e-07,0.004021169,0.99597824
1635,1,0,0.606238,0.39277816,0.0009837942
1636,1,1,0.017161997,0.67784107,0.3049969
1637,2,1,0.38020352,0.6135258,0.0062707053
1638,1,1,0.0072021205,0.7077204,0.28507745
1639,0,0,0.9962793,0.003720098,6.3188304e-07
1640,0,0,0.9995808,0.00041876297,5.329373e-07
1641,0,0,0.9758198,0.024176026,4.0357786e-06
1642,0,1,0.18262307,0.78505796,0.032318946
1643,1,0,0.6855192,0.31385356,0.00062728697
1644,2,2,0.0005560023,0.3367252,0.6627188
1645,1,1,0.04512196,0.80537957,0.14949842
1646,1,1,0.0505068,0.8193952,0.1300981
1647,1,2,1.7117304e-06,0.014015537,0.9859827
1648,0,0,0.9940801,0.0059187193,1.2195262e-06
1649,1,2,0.0009428733,0.3542477,0.6448094
1650,2,2,0.00029677092,0.27263173,0.7270715
1651,0,0,0.9999541,4.5397846e-05,5.3312823e-07
1652,1,0,0.54213554,0.45573196,0.0021325562
1653,1,1,0.07075342,0.83253807,0.096708454
1654,1,1,0.008954866,0.67234653,0.31869864
1655,0,0,0.92885363,0.07112983,1.6513966e-05
1656,1,0,0.80026084,0.19954687,0.00019235835
1657,0,0,0.5548264,0.44273034,0.002443198
1658,0,1,0.48509678,0.5110318,0.0038714106
1659,0,0,0.6625566,0.33664298,0.00080039975
1660,0,0,0.68553746,0.3138619,0.0006006591
1661,0,0,0.8689724,0.13096766,5.984349e-05
1662,1,2,7.052436e-05,0.13907441,0.86085504
1663,0,0,0.97368467,0.02631071,4.626951e-06
1664,1,1,0.2533012,0.7304107,0.016288163
1665,1,1,0.23403783,0.7424805,0.023481678
1666,0,1,0.11411928,0.8258484,0.06003232
1667,0,0,0.99986196,0.00013789424,1.7549065e-07
1668,2,1,0.0023636746,0.5139685,0.48366776
1669,2,2,2.1861997e-06,0.012431623,0.9875661
1670,0,0,0.9216461,0.078326315,2.7584378e-05
1671,1,1,0.49445167,0.5031109,0.0024374416
1672,2,2,2.874214e-05,0.104068935,0.8959024
1673,2,1,0.09465734,0.8291512,0.076191455
1674,0,0,0.74892396,0.2508581,0.00021789888
1675,1,2,0.00011494418,0.20872787,0.7911572
1676,1,1,0.017012538,0.74895054,0.23403685
1677,1,1,0.02438782,0.75539714,0.22021504
1678,0,1,0.38637203,0.6074529,0.0061750454
1679,1,1,0.4506649,0.5454965,0.003838567
1680,2,1,0.047846284,0.8177324,0.13442138
1681,0,0,0.99986196,0.00013789214,1.7548797e-07
1682,1,1,0.0023495764,0.531255,0.4663954
1683,1,0,0.5202411,0.47698593,0.0027729655
1684,1,0,0.5767437,0.4219547,0.00130167
1685,1,1,0.16852936,0.7901707,0.041299894
1686,0,0,0.9987286,0.0012710141,3.055134e-07
1687,0,0,0.8315377,0.16835158,0.00011076615
1688,0,0,0.9451591,0.05482416,1.6803859e-05
1689,1,1,0.22017999,0.7552768,0.024543198
1690,0,0,0.92532766,0.07464821,2.4103278e-05
1691,2,2,0.0009135232,0.35227588,0.6468106
1692,2,2,6.5648173e-06,0.023769753,0.97622365
1693,2,1,0.00702499,0.6810146,0.3119604
1694,2,1,0.0028073876,0.5266991,0.47049353
1695,2,1,0.15852663,0.8106748,0.030798549
1696,2,1,0.011064579,0.6557507,0.33318475
1697,0,0,0.992183,0.00781588,1.0967861e-06
1698,1,1,0.006088509,0.62754804,0.36636344
1699,0,0,0.9995808,0.00041876934,5.329373e-07
1700,1,1,0.25710392,0.7286162,0.014279937
1701,2,1,0.008136626,0.6576921,0.33417127
1702,2,2,1.2258921e-06,0.00072964217,0.9992692
1703,2,2,1.3025871e-06,0.009445009,0.9905537
1704,2,1,0.005220274,0.64007,0.3547097
1705,0,0,0.98645407,0.013543708,2.2608942e-06
1706,1,1,0.13147473,0.8138135,0.054711755
1707,1,1,0.058873076,0.8385164,0.10261042
1708,0,1,0.45687056,0.53996307,0.0031664525
1709,1,1,0.17991781,0.7869736,0.03310856
1710,1,1,0.019055406,0.7624881,0.21845652
1711,0,0,0.71836656,0.2813164,0.000317044
1712,0,0,0.96190524,0.038082283,1.2511788e-05
1713,0,0,0.7455377,0.25409713,0.00036515898
1714,1,2,5.6475164e-05,0.15090801,0.84903556
1715,0,0,0.96988106,0.030112816,6.0846046e-06
1716,0,0,0.99147964,0.008518615,1.7212734e-06
1717,0,0,0.9799392,0.020057471,3.2906294e-06
1718,1,1,0.33708507,0.65200853,0.0109063545
1719,0,0,0.883994,0.11595475,5.11755e-05
1720,0,0,0.999985,1.4945063e-05,1.7551224e-07
1721,2,1,0.12350495,0.81945735,0.057037663
1722,1,1,0.4549362,0.5411889,0.0038749478
1723,2,2,2.177438e-05,0.072285086,0.9276932
1724,0,0,0.99986196,0.00013789424,1.7548797e-07
1725,0,0,0.99999833,1.619627e-06,1.902004e-08
1726,0,0,0.99986196,0.00013789424,1.7548797e-07
1727,2,2,0.001979361,0.48601824,0.5120024
1728,1,1,0.1369455,0.81874895,0.044305597
1729,0,0,0.9727789,0.027214985,6.1027845e-06
1730,2,2,8.773608e-05,0.18870583,0.81120646
1731,1,1,0.021235308,0.7723327,0.20643196
1732,1,1,0.37464792,0.61983836,0.0055137025
1733,1,1,0.019280432,0.7681511,0.2125685
1734,1,1,0.011580265,0.6907959,0.2976238
1735,0,0,0.69675064,0.30280653,0.0004427792
1736,1,1,0.013535764,0.70886767,0.27759656
1737,0,0,0.9995808,0.00041876934,5.329454e-07
1738,0,0,0.6588917,0.3406436,0.00046468966
1739,1,1,0.0052138823,0.5912432,0.40354297
1740,0,0,0.9958366,0.004162652,7.711728e-07
1741,0,0,0.99986196,0.00013789424,1.754853e-07
1742,0,0,0.8766853,0.123265736,4.9020393e-05
1743,1,1,0.22287785,0.7513725,0.025749635
1744,1,2,0.00058190065,0.29368362,0.7057345
1745,0,1,0.12956631,0.81604606,0.05438766
1746,0,0,0.98419905,0.015798002,2.8763673e-06
1747,2,2,5.33087e-07,0.0001378942,0.9998616
1748,1,1,0.107879,0.83683014,0.055290844
1749,2,1,0.019683449,0.7707106,0.20960598
1750,1,0,0.83156234,0.16835654,8.104057e-05
1751,0,0,0.9414508,0.058536127,1.3126355e-05
1752,1,1,0.37574947,0.61628795,0.007962602
1753,1,1,0.0036858774,0.57378334,0.42253077
1754,1,0,0.8190148,0.18085316,0.00013205495
1755,0,0,0.999985,1.4945063e-05,1.7551224e-07
1756,0,0,0.7488353,0.25082842,0.00033627887
1757,0,0,0.99903655,0.0009630486,5.326471e-07
1758,1,0,0.5379193,0.46010673,0.0019740143
1759,0,0,0.6308394,0.36828494,0.00087563164
1760,1,0,0.58906776,0.40909922,0.0018330321
1761,0,0,0.6268507,0.37236524,0.00078402116
1762,0,0,0.98279047,0.017205982,3.5375306e-06
1763,1,1,0.0140673835,0.70848566,0.27744693
1764,2,2,5.604637e-07,0.0021378084,0.9978617
1765,0,0,0.9992694,0.00072964514,9.2857346e-07
1766,1,2,0.000330493,0.25082988,0.7488396
1767,0,1,0.14004186,0.82285076,0.037107397
1768,0,0,0.8501041,0.149792,0.000103824
1769,2,2,1.6194039e-06,0.00013789404,0.9998605
1770,0,1,0.28486928,0.7026144,0.012516285
1771,0,0,0.7946732,0.20515469,0.00017211903
1772,2,2,4.91924e-06,0.00013789358,0.9998572
1773,1,0,0.70394605,0.2954933,0.0005606182
1774,1,2,0.00051100657,0.31764016,0.6818489
1775,0,0,0.9995809,0.000418763,3.057741e-07
1776,1,1,0.16781014,0.79365826,0.03853162
1777,0,1,0.29587156,0.6927159,0.011412592
1778,2,1,0.0046245568,0.562127,0.43324843
1779,1,1,0.039730642,0.79386604,0.16640332
1780,2,1,0.020251388,0.77592576,0.20382287
1781,0,1,0.2287889,0.74497855,0.026232556
1782,0,0,0.99986196,0.00013789424,1.754853e-07
1783,1,1,0.43276334,0.5614977,0.005738938
1784,2,1,0.006906983,0.6270312,0.3660618
1785,0,0,0.90521437,0.09474861,3.703117e-05
1786,1,2,0.0013862003,0.4155869,0.58302695
1787,1,0,0.8669858,0.13295655,5.7669156e-05
1788,1,2,0.000113457005,0.1913731,0.8085134
1789,0,0,0.77408993,0.22566447,0.00024564512
1790,0,0,0.96724015,0.032754164,5.660943e-06
1791,0,1,0.25307035,0.73142976,0.01549991
1792,0,0,0.90959364,0.09037519,3.1279866e-05
1793,1,1,0.028730474,0.805362,0.16590755
1794,2,2,8.9052196e-07,0.007815882,0.99218327
1795,2,2,1.4927875e-06,0.012012482,0.987986
1796,0,0,0.96496546,0.035027027,7.45596e-06
1797,0,0,0.7889316,0.21086866,0.00019977363
1798,2,1,0.0034839504,0.55424756,0.44226843
1799,2,2,0.00053513097,0.31575444,0.6837104
1800,1,0,0.82910085,0.17079784,0.000101258855
1801,0,0,0.99986196,0.00013789424,1.754853e-07
1802,0,0,0.999985,1.4945063e-05,1.7550688e-07
1803,0,0,0.9998616,0.0001378942,5.33087e-07
1804,1,1,0.07691167,0.8369887,0.086099625
1805,0,0,0.81383324,0.18605843,0.0001084077
1806,0,1,0.14663973,0.8038138,0.04954639
1807,1,0,0.6507351,0.34831342,0.0009515386
1808,2,2,2.6679359e-06,0.0214689,0.97852844
1809,0,0,0.84791374,0.15202259,6.3688654e-05
1810,0,0,0.94239736,0.057586487,1.6182963e-05
1811,2,2,1.3071331e-05,0.0624826,0.93750435
1812,2,2,0.00073551317,0.3337642,0.6655002
1813,0,0,0.8958994,0.104068615,3.1897514e-05
1814,0,0,0.9903893,0.009608816,1.908144e-06
1815,2,2,1.6195042e-06,4.53978e-05,0.99995303
1816,1,1,0.13384067,0.8141997,0.051959753
1817,1,1,0.012233824,0.684898,0.3028682
1818,2,2,1.3423877e-06,0.014015542,0.9859831
1819,0,0,0.99190897,0.008089793,1.1352245e-06
1820,1,1,0.06261926,0.85399044,0.08339023
1821,1,1,0.028874595,0.795471,0.1756543
1822,2,1,0.01759402,0.754639,0.22776695
1823,2,2,5.33087e-07,0.00013789629,0.9998616
1824,0,0,0.999985,1.4945063e-05,1.7551224e-07
1825,2,2,5.1874617e-06,0.016347019,0.98364776
1826,2,2,0.00096027437,0.40213603,0.5969036
1827,0,0,0.9995808,0.00041876934,5.329373e-07
1828,0,0,0.797536,0.20235008,0.00011387659
1829,1,1,0.014542897,0.683297,0.30216017
1830,0,0,0.99999833,1.6195281e-06,1.9018879e-08
1831,0,0,0.9916258,0.008373236,9.877323e-07
1832,0,0,0.4983066,0.4983066,0.003386835
1833,1,1,0.005259098,0.59121627,0.4035246
1834,1,1,0.012605833,0.69546217,0.29193196
1835,0,0,0.9940673,0.005931498,1.1376957e-06
1836,0,0,0.9983222,0.0016773024,5.3226626e-07
1837,0,0,0.9795939,0.020401536,4.496172e-06
1838,1,1,0.26616624,0.7160173,0.01781655
1839,1,0,0.6587414,0.34056595,0.0006925965
1840,1,1,0.030760162,0.7837323,0.18550752
1841,2,1,0.0022544242,0.5075329,0.4902127
1842,1,1,0.0026107954,0.51600343,0.4813858
1843,1,1,0.007882551,0.6343955,0.35772198
1844,0,0,0.9137847,0.086183935,3.142399e-05
1845,1,1,0.09427391,0.8402542,0.065471895
1846,1,1,0.13371895,0.8134594,0.052821632
1847,0,1,0.1262187,0.8230492,0.050732043
1848,1,0,0.8339824,0.16594042,7.715165e-05
1849,2,2,1.4336509e-05,0.073458545,0.92652714
1850,0,0,0.9951768,0.004821373,1.8200616e-06
1851,1,0,0.9693699,0.030624026,6.0813977e-06
1852,0,0,0.8649718,0.13497071,5.753519e-05
1853,0,0,0.9905537,0.009445004,1.3486105e-06
1854,2,2,0.00020978098,0.25004542,0.7497448
1855,1,1,0.034888603,0.7803941,0.18471737
1856,0,0,0.94864875,0.05133495,1.6290329e-05
1857,0,0,0.91779906,0.082169466,3.156204e-05
1858,0,0,0.99999833,1.619627e-06,1.902004e-08
1859,2,2,0.000900532,0.39384592,0.6052535
1860,1,1,0.06699985,0.81622547,0.116774656
1861,0,0,0.99999666,1.6195254e-06,1.6195254e-06
1862,1,1,0.15736502,0.8047348,0.03790022
1863,1,1,0.46341527,0.5324624,0.004122258
1864,1,1,0.029029733,0.7928326,0.17813763
1865,0,0,0.9216508,0.07832672,2.2396882e-05
1866,1,0,0.61030364,0.3886067,0.0010896228
1867,2,2,0.0010453627,0.3927539,0.6062007
1868,2,2,9.545292e-07,0.007849611,0.9921495
1869,2,2,2.7708018e-06,0.018420529,0.9815766
1870,2,2,0.00092075154,0.3855849,0.6134944
1871,2,2,8.9021324e-07,0.008159752,0.99183935
1872,0,0,0.9460565,0.05393173,1.1885691e-05
1873,1,0,0.9164871,0.08348897,2.3872995e-05
1874,0,0,0.6929947,0.3064486,0.0005567081
1875,1,1,0.22576904,0.74801964,0.02621134
1876,2,2,7.020374e-07,0.0026089866,0.99739033
1877,0,0,0.96437454,0.035618614,6.9514927e-06
1878,0,1,0.12280761,0.8291002,0.048092138
1879,0,0,0.99640584,0.0035936006,5.694467e-07
1880,1,1,0.085747026,0.8335611,0.08069185
1881,1,0,0.7801517,0.21967024,0.00017800769
1882,0,0,0.999985,1.4945063e-05,1.7551224e-07
1883,0,0,0.91241795,0.08756207,1.9979094e-05
1884,1,1,0.024235005,0.7671322,0.2086328
1885,2,1,0.04003798,0.8140168,0.14594518
1886,1,1,0.013224365,0.73594713,0.2508285
1887,0,0,0.998728,0.0012710183,9.280668e-07
1888,1,0,0.8566379,0.14328289,7.924751e-05
1889,0,1,0.43241993,0.5634926,0.0040875203
1890,1,1,0.3736368,0.61816555,0.008197582
1891,1,1,0.23868832,0.74178267,0.019529056
1892,0,0,0.98549426,0.014503548,2.1816131e-06
1893,0,0,0.95995325,0.040036883,9.792184e-06
1894,0,0,0.80578774,0.1940681,0.00014418588
1895,2,2,1.188569e-05,0.053931713,0.94605637
1896,1,0,0.6967859,0.30282187,0.0003921303
1897,0,0,0.99986196,0.00013789424,1.7548797e-07
1898,1,0,0.81382173,0.18605588,0.0001224146
1899,0,0,0.98498917,0.015008293,2.5939003e-06
1900,0,0,0.96126634,0.03872348,1.0152021e-05
1901,0,0,0.5595321,0.4388007,0.0016671717
1902,1,1,0.07631732,0.867361,0.05632172
1903,0,0,0.9998604,0.00013789402,1.6193543e-06
1904,1,1,0.013500113,0.6948322,0.2916676
1905,1,1,0.168092,0.7949911,0.0369169
1906,0,0,0.9995808,0.00041876297,5.3292916e-07
1907,1,0,0.8747953,0.12515403,5.0642975e-05
1908,0,0,0.8479046,0.15202092,7.4458716e-05
1909,0,0,0.95859855,0.041392967,8.51035e-06
1910,0,0,0.75856954,0.24119386,0.00023657677
1911,2,2,0.00070744625,0.3380078,0.66128474
1912,1,1,0.03858318,0.8335827,0.12783405
1913,1,2,0.0016592159,0.4218036,0.5765372
1914,1,1,0.019540986,0.7247274,0.25573164
1915,2,2,4.028752e-07,0.002413392,0.99758625
1916,2,2,0.00012241447,0.18605585,0.81382173
1917,1,0,0.8266142,0.17326774,0.00011802853
1918,1,1,0.019079609,0.71844745,0.262473
1919,1,0,0.9322153,0.06776432,2.0412594e-05
1920,2,2,4.1877436e-05,0.10902481,0.89093333
1921,0,0,0.9965274,0.0034713887,1.1808067e-06
1922,0,0,0.6428547,0.35625297,0.0008923093
1923,1,1,0.044674598,0.81843275,0.13689262
1924,0,0,0.9980726,0.0019267335,6.114171e-07
1925,2,1,0.047936596,0.8051753,0.14688809
1926,0,0,0.9727791,0.02721499,5.8945193e-06
1927,2,2,1.5391847e-06,0.016070245,0.9839282
1928,1,1,0.00729449,0.6347716,0.35793397
1929,1,1,0.27822316,0.7043271,0.017449765
1930,0,0,0.91648996,0.083489254,2.0777314e-05
1931,2,1,0.0035194566,0.57967824,0.41680235
1932,0,0,0.854475,0.14542407,0.00010079646
1933,0,1,0.09185098,0.81865907,0.0894899
1934,0,1,0.4675066,0.5279181,0.004575323
1935,0,0,0.99998343,1.4945041e-05,1.6195535e-06
1936,2,2,4.909212e-06,0.036219876,0.9637752
1937,0,1,0.052121174,0.83103204,0.11684672
1938,1,1,0.14466527,0.8068779,0.048456784
1939,1,1,0.3356172,0.65482897,0.009553841
1940,1,1,0.030303724,0.7788347,0.1908616
1941,2,2,0.0004558693,0.29147515,0.70806897
1942,1,1,0.0049935295,0.59137416,0.40363228
1943,1,1,0.045907345,0.8193975,0.13469513
1944,0,1,0.12573908,0.8342811,0.039979856
1945,2,1,0.012308714,0.6920879,0.29560336
1946,1,1,0.011487527,0.5156948,0.47281766
1947,1,1,0.008549925,0.69109946,0.30035055
1948,0,0,0.97815996,0.021836646,3.4007087e-06
1949,1,1,0.14519395,0.809827,0.044979
1950,0,0,0.9992694,0.00072964514,9.2857346e-07
1951,1,1,0.019585663,0.72796226,0.2524521
1952,0,0,0.99999833,1.619627e-06,1.902004e-08
1953,1,1,0.09749789,0.8393338,0.06316832
1954,1,1,0.18965228,0.77389973,0.036448006
1955,0,0,0.7004269,0.299165,0.00040810654
1956,0,0,0.99986196,0.00013789424,1.7549065e-07
1957,1,1,0.14701046,0.81995857,0.03303105
1958,0,0,0.84105957,0.15885562,8.486218e-05
1959,1,2,0.000735163,0.40118402,0.59808075
1960,2,2,0.00014328856,0.1707907,0.82906604
1961,1,1,0.34198827,0.6501074,0.007904366
1962,0,0,0.84103507,0.15885098,0.000113993185
1963,0,1,0.33520338,0.65402156,0.010775091
1964,0,0,0.49883288,0.49883288,0.002334243
1965,1,0,0.5026902,0.4940383,0.0032715101
1966,0,0,0.70760214,0.29191583,0.00048201263
1967,0,0,0.999985,1.4945063e-05,1.7550688e-07
1968,2,2,4.91962e-06,4.5397646e-05,0.9999497
1969,1,1,0.03675392,0.8079681,0.15527801
1970,0,0,0.982495,0.017502042,2.8713869e-06
1971,0,1,0.28352523,0.6992994,0.01717546
1972,2,2,1.9677136e-06,0.013543711,0.9864543
1973,0,1,0.097675145,0.8263874,0.075937524
1974,0,0,0.9995808,0.00041876297,5.329373e-07
1975,0,1,0.43246686,0.561113,0.006420116
1976,0,0,0.999985,1.4945063e-05,1.7550688e-07
1977,0,0,0.9511326,0.048857283,1.0044998e-05
1978,1,1,0.018842531,0.7219459,0.25921157
1979,0,0,0.9983222,0.0016773024,5.322642e-07
1980,1,1,0.46371987,0.5328126,0.0034675468
1981,1,1,0.2847032,0.70220464,0.013092242
1982,0,0,0.9836488,0.016347036,4.2118945e-06
1983,0,0,0.99986196,0.00013789003,1.754853e-07
1984,0,0,0.97815907,0.021836635,4.336373e-06
1985,2,1,0.006087782,0.6113434,0.3825689
1986,1,0,0.83157116,0.16835828,7.05324e-05
1987,0,1,0.35624975,0.6372929,0.0064573246
1988,1,1,0.008610213,0.6535221,0.33786765
1989,0,0,0.5419861,0.45560646,0.0024074628
1990,2,2,4.1748094e-06,0.02500885,0.97498703
1991,2,2,0.00028265794,0.2574225,0.74229485
1992,2,2,3.6019148e-05,0.10406817,0.8958958
1993,0,0,0.993912,0.0060870433,9.2359153e-07
1994,0,0,0.99872845,0.001271014,5.3248084e-07
1995,2,1,0.08855946,0.8460842,0.06535636
1996,0,0,0.86497,0.13497043,5.9567854e-05
1997,0,0,0.9478,0.052187234,1.27638905e-05
1998,1,0,0.98125917,0.018737055,3.786012e-06
1999,0,0,0.8030642,0.19679934,0.00013640584
2000,0,0,0.99697685,0.003022597,6.323254e-07
2001,0,0,0.99999833,1.619627e-06,1.902004e-08
2002,2,2,1.969932e-06,0.012431626,0.98756635
2003,1,1,0.036642052,0.8125318,0.1508261
2004,0,0,0.6855814,0.31388202,0.00053659565
2005,1,1,0.05531642,0.8228081,0.12187555
2006,1,1,0.04706154,0.8184062,0.13453218
2007,0,0,0.9927037,0.007295353,9.888059e-07
2008,1,0,0.87668216,0.123265274,5.2545347e-05
2009,1,1,0.12884183,0.82569426,0.04546391
2010,2,2,0.00028269918,0.25084186,0.7488755
2011,1,2,0.003063177,0.47684714,0.5200897
2012,0,0,0.9974565,0.0025420866,1.4059884e-06
2013,0,0,0.7521904,0.2476158,0.00019380556
2014,0,1,0.450596,0.54541314,0.0039908676
2015,0,0,0.60152745,0.39655137,0.0019211884
2016,0,0,0.86086553,0.13907617,5.826485e-05
2017,0,0,0.9992699,0.0007296455,5.327675e-07
2018,0,0,0.957198,0.042792868,9.109024e-06
2019,1,1,0.43773055,0.5581675,0.004101958
2020,0,1,0.43349317,0.56244457,0.0040622507
2021,0,1,0.45885468,0.53645545,0.0046898476
2022,1,1,0.022036916,0.7542359,0.22372721
2023,1,2,0.00043435037,0.2919297,0.70763594
2024,2,1,0.012861798,0.74105966,0.24607854
2025,1,1,0.011701113,0.6949816,0.29331735
2026,1,2,0.0012177676,0.39475662,0.60402566
2027,1,0,0.5420524,0.45566207,0.0022855636
2028,1,1,0.2846131,0.70198256,0.013404294
2029,1,1,0.15062024,0.80440986,0.044969935
2030,0,0,0.8839971,0.11595518,4.7742393e-05
2031,1,2,1.0283534e-05,0.05950043,0.94048935
2032,0,0,0.87855476,0.12140251,4.275466e-05
2033,0,0,0.9995808,0.00041876934,5.329373e-07
2034,1,0,0.6105704,0.38877645,0.00065319176
2035,0,0,0.96495163,0.035026517,2.1875965e-05
2036,0,0,0.999985,1.4944607e-05,1.7551224e-07
2037,1,1,0.018291447,0.7479762,0.23373236
2038,2,2,8.6013415e-06,0.031143563,0.9688478
2039,0,0,0.96126634,0.038723473,1.0152021e-05
2040,0,0,0.8804015,0.1195638,3.4787012e-05
2041,1,1,0.03723464,0.8185358,0.14422956
2042,1,0,0.54226786,0.45584318,0.0018889813
2043,0,0,0.9774047,0.02259073,4.486124e-06
2044,0,0,0.99594325,0.004056084,7.1329464e-07
2045,1,1,0.20588304,0.77027905,0.023837863
2046,0,1,0.4335384,0.5625034,0.0039582415
2047,0,0,0.6145447,0.3845722,0.00088315265
2048,1,1,0.048893765,0.8356346,0.11547164
2049,1,1,0.0019441902,0.5206735,0.4773823
2050,2,2,0.00015724558,0.20800316,0.7918396
2051,0,0,0.9619084,0.0380824,9.1538495e-06
2052,1,1,0.043059938,0.82384473,0.13309528
2053,2,2,1.4717171e-05,0.048857052,0.95112824
2054,1,1,0.041747447,0.8269543,0.13129829
2055,0,0,0.9999702,1.4944842e-05,1.4944842e-05
2056,0,0,0.98574036,0.014257475,2.2592585e-06
2057,2,2,4.334715e-06,0.02221056,0.9777851
2058,0,0,0.9992699,0.0007296399,5.327675e-07
2059,2,2,8.315088e-07,0.0069426256,0.9930566
2060,0,2,0.0003588705,0.27955323,0.7200879
2061,0,0,0.99375254,0.006246639,7.762688e-07
2062,2,1,0.093483016,0.833205,0.07331199
2063,1,1,0.051567353,0.8512522,0.097180456
2064,0,0,0.999985,1.4945063e-05,1.7550688e-07
2065,1,1,0.008939764,0.65715957,0.33390066
2066,0,0,0.99318963,0.0068092523,1.0978989e-06
2067,0,0,0.98934513,0.010652485,2.3476368e-06
2068,0,0,0.6187271,0.38052547,0.0007474517
2069,0,0,0.9727788,0.027214982,6.3184084e-06
2070,0,0,0.9970794,0.0029197452,9.265348e-07
2071,0,0,0.9998616,0.00013788999,5.330789e-07
2072,1,1,0.0033783712,0.5564408,0.44018084
2073,1,1,0.010520393,0.70049554,0.28898406
2074,0,0,0.6388281,0.36022142,0.0009504862
2075,0,1,0.26268587,0.71903014,0.018284034
2076,0,0,0.999985,1.4945063e-05,1.7551224e-07
2077,0,0,0.99998343,1.4945041e-05,1.6196029e-06
2078,2,2,1.4943004e-05,0.000137888,0.9998472
2079,0,0,0.9936977,0.00630075,1.5014175e-06
2080,0,0,0.93438256,0.06560396,1.3488092e-05
2081,0,0,0.77713305,0.22265235,0.00021463142
2082,2,2,1.7500339e-05,0.06560367,0.9343788
2083,0,0,0.5508639,0.44726652,0.0018695983
2084,1,1,0.053197518,0.8335952,0.11320723
2085,0,0,0.89589643,0.10406822,3.539926e-05
2086,1,1,0.0091708945,0.67965865,0.3111704
2087,0,0,0.8857662,0.11418753,4.620544e-05
2088,0,0,0.9708792,0.029115112,5.682241e-06
2089,0,0,0.999985,1.4945063e-05,1.7550688e-07
2090,2,2,0.00030386462,0.25524545,0.7444507
2091,1,1,0.088811986,0.8338928,0.07729525
2092,1,1,0.105802104,0.82071984,0.07347808
2093,2,2,9.417796e-05,0.1588541,0.84105176
2094,2,2,0.0004510277,0.3005187,0.6990303
2095,0,1,0.4549362,0.5411889,0.0038749478
2096,2,2,2.8972041e-05,0.11244512,0.88752586
2097,0,0,0.9995809,0.0004187662,3.057741e-07
2098,1,1,0.3695562,0.6221219,0.008321977
2099,1,1,0.48304725,0.5133092,0.0036435605
2100,1,1,0.25972432,0.72337395,0.016901722
2101,1,1,0.22765112,0.7526203,0.019728564
2102,0,0,0.9442545,0.05573088,1.4610811e-05
2103,1,1,0.26722527,0.71730787,0.015466859
2104,1,1,0.015435581,0.72445273,0.26011166
2105,0,0,0.9672405,0.032754168,5.281167e-06
2106,0,0,0.6508428,0.34837094,0.00078624854
2107,0,0,0.999985,1.4945063e-05,1.7550688e-07
2108,2,1,0.010864198,0.70379,0.28534588
2109,1,1,0.3995289,0.59561336,0.0048576947
2110,1,1,0.0057557197,0.6115476,0.3826967
2111,2,1,0.0024528962,0.50905496,0.48849213
2112,1,1,0.02624326,0.8235216,0.15023504
2113,0,1,0.35360584,0.63807815,0.00831601
2114,1,2,0.001921999,0.4558281,0.5422499
2115,0,0,0.999985,1.4945063e-05,1.7550688e-07
2116,1,1,0.032356303,0.76909286,0.19855079
2117,2,2,1.6194039e-06,0.00013789404,0.9998605
2118,0,0,0.9785271,0.021468868,3.908867e-06
2119,1,1,0.06734772,0.83483183,0.0978204
2120,1,1,0.40293685,0.59067553,0.00638759
2121,0,0,0.99071467,0.0092839515,1.4458276e-06
2122,1,1,0.08564842,0.8471837,0.067167886
2123,1,1,0.12700534,0.82817876,0.04481588
2124,2,2,1.5582742e-05,0.060479105,0.9395053
2125,0,0,0.99872845,0.0012710189,5.3248084e-07
2126,0,0,0.7355797,0.2641067,0.00031356205
2127,0,0,0.89094424,0.10902611,2.959298e-05
2128,0,0,0.94865125,0.0513351,1.3694065e-05
2129,0,0,0.9953414,0.0046576094,9.411182e-07
2130,2,2,0.0006685118,0.35236222,0.64696926
2131,2,2,9.808274e-05,0.1968069,0.80309504
2132,2,2,6.169075e-05,0.1195606,0.88037777
2133,1,1,0.122492656,0.82697386,0.050533388
2134,0,0,0.9395037,0.06047898,1.729346e-05
2135,0,1,0.41360843,0.5802514,0.006140157
2136,1,1,0.031709503,0.78034914,0.1879414
2137,1,1,0.061639644,0.8261626,0.11219781
2138,0,1,0.2983872,0.68658185,0.015030938
2139,1,0,0.5026902,0.4940383,0.0032715101
2140,1,1,0.035842996,0.8087322,0.1554248
2141,1,1,0.29186758,0.6953087,0.012823764
2142,0,0,0.99231577,0.0076823863,1.7227251e-06
2143,1,1,0.3068586,0.6819786,0.011162777
2144,1,1,0.26008818,0.72125024,0.01866168
2145,2,2,0.0003600477,0.31534111,0.68429875
2146,1,1,0.4201708,0.5743055,0.005523789
2147,1,1,0.011114202,0.68567437,0.30321148
2148,1,1,0.06438187,0.86291677,0.072701335
2149,0,0,0.7456642,0.2541403,0.00019548877
2150,1,1,0.030657955,0.7676841,0.20165797
2151,1,1,0.21777572,0.7601119,0.022112412
2152,0,0,0.9998616,0.0001378942,5.33087e-07
2153,0,1,0.049902454,0.82376856,0.126329
2154,1,1,0.14401591,0.81732357,0.03866054
2155,0,0,0.7771302,0.22265145,0.00021838928
2156,2,2,0.0022886521,0.4642685,0.5334428
2157,1,1,0.04039561,0.8071529,0.15245144
2158,0,0,0.6019215,0.39681116,0.0012673554
2159,0,0,0.9666844,0.03330863,6.9681428e-06
2160,1,1,0.1338971,0.82880783,0.037295017
2161,2,2,3.740148e-06,0.030624097,0.9693721
2162,1,1,0.052761994,0.8339787,0.11325931
2163,2,2,5.6544045e-06,0.03387224,0.9661221
2164,2,1,0.02056188,0.76424634,0.2151917
2165,0,0,0.9857406,0.014257485,1.8991875e-06
2166,1,1,0.011428766,0.6744008,0.3141704
2167,0,0,0.9216502,0.07832666,2.3188195e-05
2168,2,1,0.004004711,0.54968554,0.44630972
2169,2,2,0.0019942012,0.44506913,0.5529367
2170,2,1,0.0354477,0.8067861,0.15776616
2171,2,2,1.9533363e-06,0.020751458,0.97924656
2172,1,0,0.84787995,0.15201646,0.00010355236
2173,2,2,9.437806e-06,0.042087324,0.95790327
2174,1,1,0.028455539,0.7907608,0.18078367
2175,0,1,0.41967073,0.573622,0.0067072283
2176,1,1,0.07331197,0.833205,0.093482986
2177,1,1,0.11182927,0.8234489,0.064721815
2178,0,0,0.49807197,0.49807197,0.0038560117
2179,0,0,0.61870235,0.38051027,0.0007873813
2180,0,0,0.87478405,0.12515245,6.3464606e-05
2181,1,1,0.23566265,0.74601454,0.01832283
2182,0,0,0.9579051,0.042087413,7.401407e-06
2183,1,2,0.0018889813,0.45584318,0.54226786
2184,0,0,0.99999666,1.6196243e-06,1.6196243e-06
2185,0,0,0.9987286,0.0012710141,3.055134e-07
2186,0,0,0.63889754,0.36026058,0.0008418103
2187,1,1,0.17308027,0.79408693,0.032832835
2188,2,2,8.4300154e-05,0.14979492,0.8501207
2189,1,1,0.077359915,0.84920615,0.07343389
2190,0,0,0.8501333,0.14979711,6.9646e-05
2191,2,1,0.031131163,0.77279586,0.196073
2192,1,1,0.18339163,0.788362,0.028246347
2193,0,0,0.9842,0.015798017,1.9632168e-06
2194,2,2,8.598778e-05,0.16236608,0.83754796
2195,0,0,0.9949646,0.00503417,1.3429068e-06
2196,1,0,0.6966447,0.3027605,0.00059470086
2197,1,1,0.06772036,0.8321954,0.10008421
2198,1,1,0.41948155,0.5733633,0.0071551986
2199,0,0,0.66653734,0.33283654,0.0006260091
2200,2,1,0.01117399,0.6856329,0.30319315
2201,2,2,9.218589e-07,0.00795167,0.9920474
2202,0,0,0.77711475,0.22264712,0.00023818927
2203,1,1,0.04546692,0.8115368,0.14299627
2204,1,0,0.7974915,0.20233874,0.00016975646
2205,0,1,0.24168941,0.7405886,0.017721988
2206,0,1,0.009359587,0.67581236,0.31482804
2207,2,2,0.0012103824,0.443545,0.55524457
2208,1,1,0.007725586,0.65216756,0.34010687
2209,0,1,0.43561077,0.56030715,0.004082094
2210,0,0,0.97888947,0.021107173,3.4032448e-06
2211,0,0,0.998728,0.0012710183,9.2807034e-07
2212,0,0,0.99998343,1.4945041e-05,1.6195535e-06
2213,2,2,0.0017383461,0.4516151,0.54664654
2214,0,0,0.9998616,0.0001378921,5.330789e-07
2215,1,1,0.21499668,0.7569545,0.028048841
2216,0,0,0.9754074,0.024589011,3.635005e-06
2217,0,0,0.93330795,0.06667607,1.6026877e-05
2218,0,0,0.9992699,0.0007296455,5.327675e-07
2219,1,1,0.21747439,0.7590604,0.023465203
2220,2,2,9.707326e-07,0.008373232,0.9916258
2221,2,2,3.0577644e-07,0.0004187662,0.9995809
2222,1,1,0.13977887,0.81420696,0.04601422
2223,0,0,0.9887826,0.011215621,1.7772421e-06
2224,0,0,0.74890286,0.25085104,0.000246049
2225,2,2,4.136857e-06,0.033872295,0.96612364
2226,0,0,0.50965166,0.48800454,0.0023438218
2227,1,1,0.013684902,0.69825524,0.28805983
2228,1,1,0.03737708,0.8005459,0.16207702
2229,0,0,0.9995809,0.000418763,3.057741e-07
2230,1,1,0.32586932,0.6640132,0.010117578
2231,2,2,7.6307975e-07,0.0016992475,0.9983
2232,2,2,3.0582638e-07,0.00024031103,0.9997594
2233,2,2,1.4843042e-05,0.07345849,0.9265267
2234,0,0,0.9998604,0.00013789402,1.6194037e-06
2235,1,0,0.5464616,0.45146218,0.002076216
2236,0,0,0.9917681,0.008230299,1.4985021e-06
2237,1,1,0.012254576,0.69392085,0.29382458
2238,0,0,0.97622347,0.023769753,6.7967653e-06
2239,0,0,0.98839116,0.011607296,1.4933996e-06
2240,0,1,0.13568786,0.82543695,0.038875222
2241,0,0,0.9788898,0.021107186,3.0665794e-06
2242,0,1,0.013568225,0.6983379,0.28809386
2243,2,2,0.00067068497,0.37240744,0.6269219
2244,2,1,0.003523303,0.5413799,0.45509675
2245,2,1,0.002843356,0.52883667,0.46831998
2246,0,0,0.99995446,4.5397865e-05,1.7550154e-07
2247,1,2,0.0012541352,0.39267188,0.606074
2248,0,0,0.9995808,0.00041876934,5.329373e-07
2249,0,1,0.08529601,0.8584733,0.05623059
2250,2,2,0.00024796877,0.23178853,0.76796347
2251,1,0,0.8339834,0.1659407,7.58239e-05
2252,0,0,0.59344304,0.40504453,0.001512432
2253,1,1,0.4204895,0.574741,0.0047695525
2254,1,1,0.0034736851,0.5478384,0.4486879
2255,0,0,0.78312194,0.2167113,0.0001666977
2256,0,0,0.8290884,0.17079528,0.00011634425
2257,2,1,0.003292148,0.5329063,0.46380156
2258,1,1,0.030116858,0.79445356,0.1754296
2259,2,2,1.7550687e-07,1.4945062e-05,0.99998486
2260,1,1,0.2694872,0.712474,0.018038848
2261,0,0,0.99872845,0.0012710189,5.324829e-07
2262,0,0,0.9949457,0.00505323,1.0998411e-06
2263,2,2,0.00015220148,0.17829189,0.82155585
2264,0,1,0.14796662,0.811087,0.04094642
2265,0,0,0.9999982,1.6195775e-06,1.7550921e-07
2266,0,0,0.99986196,0.00013789424,1.7548797e-07
2267,0,0,0.9893461,0.010652496,1.3945562e-06
2268,0,0,0.87093914,0.12900485,5.5955054e-05
2269,0,0,0.99927,0.0007296456,3.05679e-07
2270,0,0,0.999985,1.4945519e-05,1.7551224e-07
2271,0,0,0.8975133,0.1024617,2.505999e-05
2272,0,0,0.9983222,0.0016773024,5.3226626e-07
2273,2,2,7.5123864e-07,0.0043090917,0.99569017
2274,0,0,0.9980725,0.0019267333,7.025163e-07
2275,0,1,0.36571357,0.6264349,0.007851501
2276,0,0,0.9992699,0.0007296455,5.3277154e-07
2277,1,1,0.27746385,0.7085288,0.014007313
2278,1,0,0.62269247,0.3763729,0.0009345563
2279,0,0,0.999985,1.4945063e-05,1.7551224e-07
2280,0,0,0.7617524,0.23803718,0.00021038354
2281,0,0,0.9990363,0.00096304837,7.031973e-07
2282,0,0,0.99995446,4.5397865e-05,1.755069e-07
2283,0,0,0.9999982,1.6196269e-06,1.7551457e-07
2284,0,0,0.8363503,0.16354746,0.00010214424
2285,0,1,0.30566764,0.68674296,0.007589393
2286,0,0,0.67409176,0.32512167,0.0007865444
2287,1,1,0.4852753,0.5112198,0.003504894
2288,2,1,0.0042215423,0.5452867,0.4504917
2289,0,1,0.22391622,0.7548732,0.021210602
2290,0,0,0.9606165,0.039374992,8.528265e-06
2291,0,0,0.8875226,0.112444736,3.2715707e-05
2292,2,2,1.7159114e-06,0.011607294,0.98839104
2293,0,0,0.99999833,1.619627e-06,1.902004e-08
2294,2,2,5.9096584e-07,0.0012276932,0.9987717
2295,1,1,0.023598786,0.7469935,0.22940777
2296,2,1,0.07539976,0.8349052,0.08969502
2297,1,2,0.0015214713,0.4218618,0.5766167
2298,0,0,0.8926049,0.10734937,4.576076e-05
2299,0,0,0.73895055,0.2607505,0.00029901275
2300,2,2,0.00027228493,0.26580805,0.7339197
2301,0,0,0.8766853,0.123265736,4.9020393e-05
2302,0,0,0.9395099,0.060479384,1.0635786e-05
2303,1,1,0.1698982,0.7965887,0.033513073
2304,1,1,0.08627018,0.83864677,0.075083055
2305,1,2,0.0006610222,0.3484147,0.6509243
2306,1,1,0.027656736,0.78884035,0.1835029
2307,1,1,0.04507452,0.8475457,0.107379854
2308,0,0,0.6020487,0.39689493,0.0010563844
2309,0,0,0.9903894,0.009608817,1.7193806e-06
2310,0,0,0.98621976,0.0137776295,2.5971435e-06
2311,0,0,0.999985,1.4945063e-05,1.7550688e-07
2312,0,1,0.07696893,0.83761203,0.08541901
2313,0,0,0.7216909,0.27775398,0.0005551359
2314,1,1,0.15141706,0.80167615,0.046906818
2315,0,0,0.9741262,0.025869608,4.1711237e-06
2316,0,1,0.030387398,0.80159014,0.16802242
2317,1,1,0.38671824,0.60733795,0.005943801
2318,1,1,0.07384377,0.8319952,0.094161086
2319,0,0,0.72876704,0.27090567,0.00032726684
2320,0,0,0.99832195,0.001677302,7.0269186e-07
2321,2,2,6.1220953e-07,0.00063508825,0.9993643
2322,2,2,0.0015635925,0.42607892,0.5723574
2323,1,0,0.8839956,0.11595501,4.9429196e-05
2324,0,0,0.9898811,0.010117351,1.548497e-06
2325,1,0,0.5508549,0.4472592,0.0018858677
2326,0,0,0.97993845,0.020057455,4.052812e-06
2327,0,0,0.9754067,0.024588995,4.324171e-06
2328,0,0,0.7585355,0.24118309,0.00028141757
2329,2,2,2.9315593e-06,0.03114374,0.9688533
2330,0,0,0.9895271,0.010471063,1.8414214e-06
2331,0,0,0.9723165,0.027678432,5.1277043e-06
2332,0,0,0.9037181,0.09624856,3.3312706e-05
2333,1,1,0.010651732,0.6711953,0.31815296
2334,0,0,0.9998604,0.00013789823,1.6194037e-06
2335,1,1,0.21468355,0.7690891,0.016227376
2336,2,2,1.6195042e-06,4.53978e-05,0.99995303
2337,0,0,0.870949,0.12900631,4.4650536e-05
2338,2,2,2.185724e-06,0.012646576,0.98735124
2339,0,1,0.1959324,0.7722418,0.031825837
2340,1,1,0.22346394,0.7533483,0.023187766
2341,0,0,0.9433352,0.056651667,1.31526285e-05
2342,1,0,0.63483375,0.36423802,0.0009282868
2343,1,0,0.5117459,0.48577476,0.0024792773
2344,1,0,0.78012544,0.2196628,0.00021174966
2345,0,1,0.2178548,0.7538159,0.028329344
2346,0,0,0.9957273,0.004272009,6.5384694e-07
2347,1,2,2.2271433e-05,0.08348913,0.9164886
2348,2,2,0.0003107332,0.231774,0.76791525
2349,2,2,9.170359e-05,0.15201832,0.84788996
2350,1,0,0.74567854,0.2541452,0.00017615341
2351,0,0,0.99509346,0.0049054,1.1588143e-06
2352,1,1,0.450767,0.5456199,0.0036130832
2353,1,1,0.005383126,0.63200307,0.36261386
2354,0,1,0.043834306,0.8171022,0.1390635
2355,1,1,0.010131496,0.64084285,0.34902564
2356,1,1,0.093118034,0.829952,0.07692997
2357,0,0,0.88923424,0.11072251,4.3274373e-05
2358,1,1,0.15314609,0.79687506,0.049978882
2359,1,1,0.1923801,0.7715197,0.036100116
2360,0,0,0.97740597,0.022590758,3.2821226e-06
2361,2,2,0.0010508682,0.3948226,0.6041266
2362,1,1,0.012605393,0.6735982,0.31379646
2363,1,0,0.52941614,0.46883324,0.001750619
2364,0,1,0.10206551,0.83406353,0.06387097
2365,0,0,0.999985,1.4944607e-05,1.7550154e-07
2366,0,0,0.62257,0.37629905,0.0011309886
2367,0,1,0.36067647,0.6341068,0.0052167266
2368,1,1,0.048867434,0.8208099,0.13032272
2369,0,0,0.9311121,0.06886949,1.837151e-05
2370,0,0,0.6931534,0.30651876,0.0003279157
2371,1,1,0.012148883,0.7184516,0.2693995
2372,0,0,0.9276996,0.07228557,1.4861832e-05
2373,2,2,2.3656168e-05,0.09181328,0.9081631
2374,1,0,0.5286716,0.46817383,0.0031545311
2375,1,2,3.9141476e-05,0.10735003,0.8926108
2376,1,1,0.21159004,0.7580068,0.030403156
2377,0,0,0.999985,1.4945063e-05,1.7550688e-07
2378,2,1,0.029219668,0.81199545,0.15878488
2379,0,0,0.9723159,0.027678408,5.6906497e-06
2380,0,1,0.13413669,0.81600046,0.049862843
2381,1,1,0.01814285,0.7386867,0.24317046
2382,1,1,0.013791216,0.7052088,0.28100005
2383,1,1,0.011404881,0.6818117,0.30678344
2384,0,1,0.089919135,0.8297572,0.08032362
2385,0,1,0.31608272,0.67264134,0.0112759285
2386,1,1,0.020847697,0.77824,0.2009123
2387,0,0,0.9952756,0.0047234646,9.575369e-07
2388,1,1,0.0851982,0.8210674,0.0937345
2389,1,1,0.1521788,0.8057092,0.042112045
2390,2,2,5.323249e-05,0.09624664,0.9037001
2391,1,1,0.1932717,0.7750953,0.03163301
2392,0,0,0.9998604,0.00013789402,1.6193543e-06
2393,0,0,0.999985,1.4945063e-05,1.7550688e-07
2394,0,0,0.9758208,0.024176043,3.2767996e-06
2395,0,0,0.9216461,0.078326285,2.7584378e-05
2396,1,2,6.899784e-06,0.04279296,0.9572001
2397,2,2,5.6103877e-06,0.041393105,0.9586013
2398,0,0,0.90065086,0.09931104,3.814628e-05
2399,0,0,0.99778605,0.0022131752,7.0231465e-07
2400,1,1,0.18367627,0.78958553,0.02673815
2401,1,1,0.050623488,0.80715275,0.14222376
2402,0,0,0.999985,1.4945063e-05,1.7551224e-07
2403,0,0,0.99986196,0.00013789424,1.7548797e-07
2404,0,0,0.9124076,0.0875611,3.1376636e-05
2405,1,0,0.6665946,0.3328652,0.00054016896
2406,0,0,0.797515,0.20234476,0.00014024937
2407,1,1,0.2771484,0.70772326,0.015128298
2408,0,0,0.56372195,0.43447763,0.0018004443
2409,2,2,0.0018638734,0.4537056,0.5444305
2410,0,0,0.8339134,0.16592672,0.00015994933
2411,0,0,0.9877774,0.012220272,2.2639274e-06
2412,0,0,0.95031184,0.04967,1.811047e-05
2413,0,0,0.99986196,0.00013789424,1.7549065e-07
2414,0,0,0.941449,0.058536015,1.5082098e-05
2415,1,2,0.00064526434,0.33863592,0.66071886
2416,0,0,0.8747887,0.1251531,5.8188183e-05
2417,0,0,0.99999666,1.6196243e-06,1.6196243e-06
2418,1,2,0.0013864598,0.4593008,0.5393127
2419,0,0,0.76488334,0.23490179,0.00021494768
2420,0,0,0.5379555,0.46013775,0.0019067777
2421,2,1,0.0025745654,0.59489757,0.40252784
2422,1,0,0.90670365,0.09327108,2.5316598e-05
2423,0,0,0.9919085,0.008089793,1.6064909e-06
2424,1,1,0.01321413,0.6950337,0.2917522
2425,1,1,0.037373517,0.8074483,0.1551781
2426,1,1,0.009717156,0.6718293,0.31845352
2427,0,1,0.17609724,0.79747707,0.02642564
2428,0,0,0.7889112,0.21086316,0.00022558268
2429,0,0,0.9943178,0.005680996,1.1781885e-06
2430,1,1,0.009445521,0.6587424,0.33181208
2431,0,0,0.8290884,0.17079528,0.00011634425
2432,1,1,0.055746008,0.83642703,0.10782698
2433,1,1,0.2327689,0.74489295,0.022338152
2434,0,0,0.99872845,0.0012710285,5.324829e-07
2435,0,0,0.9745598,0.025435673,4.4730664e-06
2436,0,0,0.9960127,0.0039865496,7.780335e-07
2437,0,0,0.99687046,0.0031290564,4.9583446e-07
2438,0,1,0.4380429,0.5585658,0.0033912733
2439,1,1,0.0054840688,0.6218818,0.3726342
2440,2,2,7.921877e-06,0.043509733,0.9564823
2441,0,0,0.95789987,0.042087182,1.28999045e-05
2442,2,1,0.13235883,0.819286,0.048355132
2443,0,0,0.9948102,0.0051886584,1.0259141e-06
2444,0,1,0.4680677,0.5285517,0.0033806148
2445,0,0,0.9821938,0.017803084,3.07693e-06
2446,2,2,0.00091676717,0.38558638,0.6134968
2447,1,0,0.9974572,0.0025420932,7.020831e-07
2448,1,1,0.0045841294,0.61838675,0.37702912
2449,1,0,0.9228995,0.07708289,1.758806e-05
2450,1,1,0.07943217,0.8277022,0.092865616
2451,1,1,0.209934,0.758631,0.031434987
2452,1,1,0.037473608,0.8096106,0.15291572
2453,2,1,0.00919902,0.71198404,0.27881694
2454,2,1,0.0033293755,0.54363114,0.45303947
2455,1,1,0.1591354,0.7997818,0.041082766
2456,0,0,0.7041296,0.2955703,0.0003001555
2457,2,1,0.014705236,0.75685805,0.22843671
2458,0,1,0.04970687,0.8276939,0.12259924
2459,1,1,0.30268076,0.6844742,0.012845022
2460,1,0,0.7585816,0.24119768,0.00022070875
2461,2,2,7.373266e-06,0.04572955,0.9542631
2462,0,0,0.7217932,0.27779347,0.00041331758
2463,0,0,0.50751287,0.4901933,0.002293815
2464,1,1,0.025714232,0.76596916,0.20831653
2465,1,0,0.6856061,0.31389335,0.0005006144
2466,1,1,0.055426486,0.83163285,0.11294072
2467,0,0,0.9606171,0.039375007,7.956123e-06
2468,2,2,5.330789e-07,0.0001378942,0.9998616
2469,0,1,0.18233491,0.7838192,0.033845875
2470,0,0,0.78605837,0.21378003,0.00016161262
2471,1,1,0.15426466,0.80969363,0.036041696
2472,0,0,0.9995808,0.00041876297,5.329373e-07
2473,0,0,0.74890286,0.25085104,0.0002460492
2474,0,0,0.9649678,0.035027113,5.0889494e-06
2475,0,0,0.82661074,0.17326707,0.00012219822
2476,0,0,0.9655446,0.034444824,1.0557494e-05
2477,1,1,0.002157173,0.5205624,0.4772804
2478,1,1,0.03905608,0.8292769,0.13166706
2479,0,0,0.82909167,0.17079595,0.00011237439
2480,0,0,0.99133086,0.008666494,2.6106006e-06
2481,0,0,0.97993875,0.020057462,3.7809211e-06
2482,1,0,0.7917582,0.20798177,0.0002601289
2483,2,2,0.00020252352,0.21377127,0.7860262
2484,1,1,0.02851441,0.7855482,0.18593735
2485,0,0,0.9995808,0.00041876297,5.3292916e-07
2486,1,1,0.18124527,0.7893465,0.029408237
2487,1,1,0.002628757,0.53326106,0.46411026
2488,2,1,0.008963226,0.6415992,0.34943756
2489,2,2,0.00010674479,0.21233638,0.7875568
2490,2,1,0.029550478,0.8070547,0.1633948
2491,1,1,0.08710802,0.8250245,0.08786746
2492,0,0,0.9999982,1.619528e-06,1.7550386e-07
2493,1,1,0.4773823,0.5206735,0.0019441902
2494,0,0,0.9708798,0.029115137,5.1201323e-06
2495,1,0,0.78897196,0.21087936,0.00014872466
2496,0,0,0.858752,0.14116432,8.3690444e-05
2497,0,0,0.933312,0.06667636,1.1725565e-05
2498,0,0,0.94239885,0.05758658,1.4582098e-05
2499,0,0,0.9974573,0.0025420936,6.1104134e-07
2500,0,0,0.8339508,0.16593419,0.00011501245
2501,1,1,0.48054653,0.51510394,0.0043495083
2502,0,0,0.9995808,0.00041876617,5.329373e-07
2503,2,2,0.00039622976,0.31956083,0.680043
2504,0,1,0.41803724,0.5763708,0.005591984
2505,1,0,0.5314495,0.4665661,0.0019844275
2506,1,0,0.52460974,0.4727128,0.0026774823
2507,0,0,0.9961481,0.0038510298,8.056327e-07
2508,0,0,0.92039037,0.07958942,2.0153666e-05
2509,0,0,0.69679064,0.302824,0.000385384
2510,1,1,0.04929843,0.8280496,0.12265196
2511,0,0,0.5246458,0.47274536,0.002608835
2512,1,1,0.41980207,0.57380146,0.0063965307
2513,0,0,0.742244,0.25740492,0.0003511394
2514,1,1,0.36513472,0.6254434,0.009421927
2515,1,0,0.70032203,0.29912025,0.000557732
2516,1,1,0.19729261,0.7776027,0.02510472
2517,1,1,0.48553404,0.51149243,0.0029735693
2518,1,1,0.011490227,0.67435884,0.31415093
2519,0,1,0.3360577,0.6556884,0.008253895
2520,0,0,0.9723168,0.027678447,4.7837016e-06
2521,0,0,0.9920467,0.007951661,1.6634833e-06
2522,1,0,0.63499194,0.3643288,0.0006793181
2523,1,1,0.011296817,0.6594204,0.32928276
2524,0,0,0.94425625,0.055731006,1.27161675e-05
2525,1,1,0.3736633,0.61820936,0.008127309
2526,1,1,0.33989346,0.65175843,0.008348109
2527,1,1,0.023399591,0.74714595,0.22945449
2528,0,0,0.999985,1.4945063e-05,1.7551224e-07
2529,1,2,0.00046523157,0.2674538,0.732081
2530,0,0,0.58507764,0.41344416,0.0014782249
2531,2,2,0.00015033355,0.20234272,0.7975069
2532,0,1,0.3869458,0.6076952,0.0053589647
2533,2,1,0.043649342,0.8066217,0.14972901
2534,2,1,0.080447346,0.8238531,0.09569959
2535,0,0,0.9992699,0.0007296399,5.327675e-07
2536,0,0,0.6429627,0.3563127,0.00072461995
2537,0,0,0.9995808,0.00041876297,5.329373e-07
2538,0,0,0.9766248,0.02337024,4.9746636e-06
2539,0,0,0.9893463,0.010652498,1.2137176e-06
2540,1,0,0.55078995,0.4472063,0.0020037768
2541,2,2,5.30687e-07,0.004637534,0.995362
2542,2,2,0.00039980625,0.29531503,0.70428514
2543,1,1,0.01738235,0.7455602,0.23705748
2544,0,0,0.99986196,0.00013789424,1.754853e-07
2545,0,1,0.41102448,0.5816536,0.007321938
2546,1,1,0.008548925,0.64186746,0.34958366
2547,0,0,0.94048375,0.05950009,1.6150118e-05
2548,0,0,0.999985,1.4945063e-05,1.7550688e-07
2549,1,1,0.20299542,0.772776,0.024228571
2550,1,0,0.9151422,0.084826425,3.1470674e-05
2551,1,0,0.92885184,0.071129695,1.8326913e-05
2552,2,2,3.5118606e-07,0.00083826936,0.99916136
2553,1,1,0.0042671612,0.5959668,0.399766
2554,0,0,0.8839971,0.11595518,4.7742393e-05
2555,2,1,0.0026807012,0.5073161,0.49000323
2556,2,1,0.005177294,0.5870941,0.40772858
2557,1,1,0.027107207,0.75329155,0.21960129
2558,2,1,0.14460416,0.8065373,0.048858613
2559,0,0,0.80852807,0.19137657,9.537642e-05
2560,1,1,0.05680579,0.8304184,0.112775825
2561,0,0,0.99986196,0.00013789424,1.7548797e-07
2562,1,1,0.06125784,0.8282031,0.11053913
2563,2,2,3.0560705e-07,0.00096304686,0.99903667
2564,0,0,0.9913318,0.008666507,1.6055568e-06
2565,1,1,0.010750691,0.6748634,0.3143859
2566,2,2,0.001861765,0.47742173,0.52071655
2567,0,0,0.9995808,0.00041876934,5.329373e-07
2568,1,0,0.9433306,0.056651406,1.7977425e-05
2569,0,0,0.70760214,0.29191583,0.00048201263
2570,1,1,0.01820093,0.738643,0.24315608
2571,2,2,0.0007664096,0.39701018,0.6022234
2572,0,1,0.27889925,0.7091098,0.011990914
2573,0,0,0.8478977,0.15201963,8.263255e-05
2574,1,0,0.6817042,0.3175727,0.00072298804
2575,0,0,0.999985,1.4945063e-05,1.7550688e-07
2576,0,0,0.8433589,0.15654835,9.2810886e-05
2577,1,1,0.073783204,0.8313127,0.09490413
2578,0,1,0.2951979,0.69113857,0.0136635145
2579,2,2,5.3276744e-07,0.0007296454,0.9992698
2580,2,2,5.331445e-07,4.5397846e-05,0.9999541
2581,1,1,0.16566396,0.8041795,0.030156558
2582,1,1,0.04754198,0.8055091,0.14694898
2583,2,1,0.0468389,0.81453466,0.13862653
2584,1,0,0.94865406,0.051335238,1.07393025e-05
2585,0,0,0.63875556,0.3601805,0.0010639115
2586,0,1,0.09728076,0.83746475,0.06525455
2587,0,0,0.95859957,0.04139301,7.4067725e-06
2588,2,1,0.018731328,0.73184,0.24942869
2589,0,0,0.92884403,0.0711291,2.6851101e-05
2590,2,2,9.2886233e-07,0.00041876914,0.9995803
2591,0,0,0.999985,1.4945063e-05,1.7551224e-07
2592,0,0,0.62258816,0.37630996,0.0011019483
2593,1,2,0.0016784668,0.48183578,0.51648575
2594,1,2,0.0023924436,0.4728479,0.52475965
2595,2,2,9.54162e-07,0.008230304,0.9917687
2596,0,0,0.8709202,0.129002,7.781923e-05
2597,1,1,0.23284732,0.7451439,0.02200879
2598,1,1,0.111891866,0.8239098,0.06419835
2599,1,1,0.4587884,0.53637785,0.004833822
2600,1,1,0.076467,0.83940446,0.0841285
2601,0,0,0.8587654,0.14116657,6.795233e-05
2602,0,0,0.9919091,0.008089794,1.0229223e-06
2603,1,1,0.22720882,0.7462836,0.026507614
2604,1,2,2.9245464e-05,0.10406885,0.89590186
2605,0,0,0.98446566,0.015530311,4.071536e-06
2606,0,0,0.9992699,0.0007296455,5.3277154e-07
2607,1,1,0.34949148,0.6416982,0.008810317
2608,0,0,0.9995808,0.00041876297,5.329373e-07
2609,1,1,0.09645348,0.82316625,0.0803803
2610,0,0,0.999985,1.4945063e-05,1.7550688e-07
2611,0,0,0.7860468,0.21377698,0.00017626595
2612,2,1,0.012878828,0.6952699,0.29185134
2613,0,0,0.99927,0.0007296512,3.05679e-07
2614,2,2,5.32059e-07,0.002065002,0.99793446
2615,0,0,0.9897054,0.0102927005,1.8417531e-06
2616,0,0,0.9216564,0.078327194,1.6386008e-05
2617,1,1,0.30306587,0.68534505,0.011589058
2618,2,1,0.31437922,0.67631507,0.009305769
2619,0,0,0.9995808,0.00041876934,5.329373e-07
2620,0,0,0.8785667,0.12140415,2.9181854e-05
2621,0,0,0.80580616,0.19407259,0.00012120878
2622,1,1,0.18991894,0.7872776,0.022803502
2623,2,2,0.00027753206,0.2516596,0.74806285
2624,0,0,0.6142352,0.38437855,0.0013862856
2625,1,1,0.022440266,0.77138186,0.20617785
2626,0,0,0.82907957,0.17079349,0.00012689362
2627,2,1,0.004483454,0.5791175,0.4163991
2628,0,0,0.99406755,0.005931502,9.901644e-07
2629,1,1,0.1831387,0.78727454,0.029586762
2630,0,0,0.89260274,0.10734908,4.8207163e-05
2631,1,1,0.117976524,0.8246261,0.057397444
2632,0,0,0.9812603,0.018737081,2.5840832e-06
2633,0,0,0.999985,1.4945063e-05,1.7550688e-07
2634,0,1,0.2988927,0.6877449,0.0133624105
2635,0,0,0.999985,1.4945519e-05,1.7551224e-07
2636,0,0,0.93647397,0.06350695,1.9130146e-05
2637,0,0,0.6703777,0.32899264,0.00062961585
2638,0,0,0.5936182,0.4051641,0.0012177442
2639,2,2,0.0005847759,0.36035323,0.63906205
2640,0,0,0.8766838,0.12326552,5.07523e-05
2641,1,1,0.3824604,0.6111698,0.006369832
2642,1,1,0.13268445,0.8213015,0.04601402
2643,1,2,0.00085670664,0.3795896,0.61955374
2644,0,0,0.9995808,0.00041876934,5.329373e-07
2645,1,2,0.00014926642,0.20800482,0.7918459
2646,0,1,0.06783719,0.8336315,0.09853132
2647,0,0,0.996406,0.0035935978,3.7540238e-07
2648,2,2,1.2585402e-06,0.009125626,0.9908731
2649,1,1,0.15147847,0.8020013,0.04652026
2650,1,0,0.98278946,0.017205963,4.510839e-06
2651,2,2,0.0004770919,0.29914442,0.7003785
2652,1,1,0.46783984,0.5282945,0.0038656085
2653,1,2,0.0007338999,0.3366653,0.66260076
2654,0,0,0.98668426,0.013313715,2.0377104e-06
2655,1,1,0.013684993,0.71048844,0.2758265
2656,1,1,0.094613105,0.8216007,0.083786204
2657,0,0,0.8587645,0.14116637,6.914226e-05
2658,0,0,0.9494919,0.05049626,1.1928852e-05
2659,1,1,0.009140828,0.67596155,0.31489757
2660,0,1,0.40714866,0.586259,0.006592379
2661,1,1,0.065621495,0.8276793,0.10669927
2662,1,0,0.7679882,0.231796,0.00021582021
2663,0,0,0.9919087,0.008089795,1.3981698e-06
2664,1,1,0.47288647,0.5248025,0.0023109869
2665,0,0,0.74562407,0.25412664,0.000249262
2666,2,2,6.2173276e-05,0.15770274,0.84223515
2667,1,0,0.77408665,0.2256634,0.00024994588
2668,0,0,0.78895676,0.21087529,0.00016793972
2669,1,0,0.59376925,0.40526718,0.0009635601
2670,0,0,0.99431807,0.0056809974,9.566156e-07
2671,0,0,0.9897054,0.0102927005,1.9068245e-06
2672,0,0,0.9943177,0.0056809927,1.3420349e-06
2673,0,0,0.99148047,0.008518622,9.875876e-07
2674,0,0,0.9983217,0.0016773016,9.2768926e-07
2675,1,1,0.32840222,0.66339064,0.0082071265
2676,1,1,0.2463361,0.7354239,0.018239971
2677,0,0,0.81903046,0.18085657,0.00011295474
2678,1,1,0.34377462,0.647855,0.008370456
2679,1,1,0.15671298,0.8014001,0.041886833
2680,1,1,0.1741584,0.78869677,0.037144896
2681,2,2,0.0001931931,0.23686256,0.7629443
2682,1,1,0.37168607,0.62029946,0.008014432
2683,1,1,0.02670526,0.8094209,0.1638738
2684,0,0,0.8566535,0.14328548,6.107961e-05
2685,0,0,0.9992699,0.0007296455,5.3277154e-07
2686,1,1,0.06969984,0.82729053,0.103009656
2687,0,1,0.18419515,0.778188,0.03761693
2688,1,1,0.06154681,0.83210987,0.10634332
2689,0,0,0.77710146,0.2226433,0.0002553135
2690,0,0,0.93647784,0.063507214,1.500246e-05
2691,0,0,0.95648056,0.04350964,9.756761e-06
2692,0,0,0.9947201,0.005279048,8.329025e-07
2693,0,0,0.9995808,0.00041876617,5.3293326e-07
2694,0,0,0.99903667,0.0009630487,4.034613e-07
2695,2,2,4.3149106e-05,0.09776835,0.9021885
2696,1,2,0.001983236,0.46225587,0.5357609
2697,0,0,0.9956528,0.004346498,6.887515e-07
2698,1,2,9.861576e-05,0.17830148,0.8215999
2699,2,1,0.008421687,0.6575031,0.33407518
2700,1,1,0.019503733,0.7408206,0.23967561
2701,0,0,0.98897386,0.011024723,1.4432871e-06
2702,1,1,0.0951284,0.8478702,0.05700135
2703,1,1,0.009363036,0.6334489,0.35718814
2704,2,2,2.3594284e-05,0.07832663,0.92164975
2705,1,1,0.012925067,0.70232356,0.28475142
2706,1,1,0.016909663,0.73319864,0.24989171
2707,1,1,0.010739187,0.73288554,0.25637525
2708,1,1,0.04270423,0.802977,0.15431875
2709,2,2,3.8525308e-05,0.12140302,0.87855846
2710,0,0,0.9914795,0.008518614,1.9102447e-06
2711,1,0,0.6743125,0.3252282,0.00045933598
2712,1,1,0.01638895,0.7494257,0.23418532
2713,0,0,0.90065086,0.09931102,3.814628e-05
2714,0,0,0.99999833,1.619627e-06,1.902004e-08
2715,0,0,0.9343767,0.06560356,1.97617e-05
2716,0,1,0.2770191,0.7073932,0.015587702
2717,0,0,0.9939262,0.0060722874,1.5548248e-06
2718,1,1,0.03779051,0.7954699,0.16673958
2719,0,0,0.97498655,0.025008833,4.633138e-06
2720,1,1,0.006274401,0.61122847,0.3824971
2721,1,1,0.47230783,0.5241604,0.003531765
2722,1,1,0.09371745,0.8352948,0.07098771
2723,2,2,1.4458274e-06,0.009283951,0.99071455
2724,0,0,0.9869103,0.0130875595,2.1101903e-06
2725,2,2,3.872299e-06,0.030624101,0.96937203
2726,0,0,0.5762741,0.42161113,0.002114767
2727,0,0,0.96377456,0.036219865,5.640665e-06
2728,0,0,0.59349597,0.40508056,0.0014233941
2729,1,1,0.008378666,0.6802021,0.31141922
2730,1,1,0.06639739,0.83022726,0.10337529
2731,1,1,0.10097089,0.8395683,0.059460852
2732,1,2,0.0012817786,0.4453868,0.5533314
2733,1,1,0.31255066,0.6767731,0.010676346
2734,0,0,0.5852584,0.41357183,0.0011697334
2735,0,0,0.962541,0.037451573,7.4372265e-06
2736,0,0,0.9433352,0.056651667,1.3152616e-05
2737,1,2,5.1966126e-05,0.11774621,0.8822018
2738,2,2,4.185159e-06,0.022590732,0.977405
2739,0,0,0.9998616,0.0001378921,5.330789e-07
2740,0,0,0.9995808,0.00041876934,5.329373e-07
2741,0,0,0.921647,0.0783264,2.6643049e-05
2742,0,0,0.537662,0.4598867,0.0024512673
2743,2,1,0.011105986,0.7175041,0.27138993
2744,0,0,0.99505097,0.004947955,1.0441347e-06
2745,1,1,0.0058020307,0.63410765,0.36009035
2746,2,1,0.0045568543,0.5963124,0.39913073
2747,0,0,0.999985,1.4945063e-05,1.7551224e-07
2748,0,0,0.99396425,0.006034752,9.900615e-07
2749,0,0,0.9785282,0.02146889,2.8597938e-06
2750,1,1,0.07470352,0.8129584,0.11233812
2751,1,1,0.06526272,0.85223746,0.08249979
2752,0,0,0.971365,0.028628321,6.762939e-06
2753,1,1,0.008131023,0.66153187,0.33033714
2754,0,0,0.9178102,0.08217049,1.9411324e-05
2755,2,2,0.00185904,0.46446836,0.5336726
2756,0,0,0.999985,1.4945519e-05,1.7551224e-07
2757,2,2,1.6195042e-06,4.53978e-05,0.99995303
2758,0,0,0.9998616,0.00013788999,5.330789e-07
2759,1,1,0.018954385,0.78524345,0.19580214
2760,1,1,0.017018767,0.73953235,0.24344885
2761,0,0,0.9164864,0.08348893,2.4716439e-05
2762,1,1,0.0032672158,0.52429956,0.47243324
2763,0,0,0.7075581,0.2918976,0.00054426474
2764,1,1,0.46424046,0.53341067,0.002348893
2765,0,1,0.24582766,0.7339058,0.020266533
2766,1,0,0.8942687,0.10569838,3.296438e-05
2767,0,0,0.8566457,0.14328416,7.017958e-05
2768,0,1,0.49638247,0.5017979,0.0018196104
2769,1,1,0.010568239,0.6787002,0.3107316
2770,0,0,0.9423984,0.057586554,1.5097308e-05
2771,1,1,0.08822948,0.8356459,0.0761246
2772,1,1,0.057709068,0.83633184,0.10595909
2773,0,0,0.79742146,0.20232102,0.00025748048
2774,1,1,0.033491254,0.7891896,0.17731911
2775,0,0,0.9999541,4.5397846e-05,5.331445e-07
2776,0,0,0.6740438,0.32509845,0.0008578106
2777,2,2,0.00024967376,0.25289458,0.7468558
2778,1,1,0.329673,0.66020185,0.010125209
2779,0,0,0.71124965,0.28837043,0.0003799564
2780,1,1,0.105852135,0.8354874,0.05866043
2781,1,1,0.0036325357,0.5880058,0.40836167
2782,1,1,0.39069927,0.6030293,0.0062713614
2783,1,1,0.42532265,0.57134145,0.00333595
2784,2,1,0.26102525,0.7269973,0.011977383
2785,0,1,0.0075622583,0.65807295,0.33436477
2786,1,2,0.00031571253,0.30954316,0.69014114
2787,0,0,0.99903667,0.0009630487,4.034613e-07
2788,0,0,0.7648803,0.23490095,0.00021871124
2789,0,1,0.450355,0.54512125,0.00452375
2790,1,1,0.08544119,0.83058816,0.08397063
2791,0,0,0.99986196,0.00013789424,1.754853e-07
2792,0,0,0.8315636,0.16835678,7.964591e-05
2793,2,2,0.00026042137,0.22746728,0.7722722
2794,2,2,6.844268e-05,0.13496923,0.86496234
2795,0,1,0.30965084,0.6763396,0.014009592
2796,2,2,0.0011115782,0.410444,0.5884445
2797,0,0,0.99594325,0.004056084,6.889524e-07
2798,0,1,0.3505439,0.6436305,0.00582561
2799,1,0,0.66647935,0.3328077,0.0007130038
2800,0,0,0.9889731,0.0110247135,2.1893143e-06
2801,0,0,0.999985,1.4945519e-05,1.7551224e-07
2802,0,0,0.9983222,0.0016773024,5.3226626e-07
2803,2,2,0.00028490278,0.28330383,0.71641123
2804,0,0,0.654741,0.34442577,0.0008332452
2805,0,0,0.8728904,0.12706853,4.102931e-05
2806,1,1,0.1265445,0.8251738,0.048281685
2807,0,1,0.0023328396,0.51614726,0.48151994
2808,0,0,0.999985,1.4945063e-05,1.7550688e-07
2809,1,1,0.053604636,0.8399747,0.10642062
2810,1,1,0.04118198,0.80870277,0.15011531
2811,0,1,0.4101168,0.5854289,0.004454311
2812,1,1,0.00728035,0.63079745,0.36192217
2813,0,0,0.84564877,0.15427165,7.96009e-05
2814,1,2,9.096429e-05,0.15885465,0.84105444
2815,1,1,0.19605148,0.7862432,0.017705286
2816,1,0,0.7710492,0.2287145,0.00023633015
2817,1,1,0.0056214733,0.6157091,0.37866935
2818,2,1,0.013263501,0.72936743,0.25736907
2819,2,1,0.005340947,0.60565203,0.38900697
2820,1,0,0.7181905,0.28124738,0.00056211813
2821,1,1,0.007357619,0.6347311,0.35791123
2822,2,2,0.0014480408,0.43037453,0.56817746
2823,0,0,0.5270962,0.4708483,0.0020554774
2824,0,0,0.5680549,0.4302817,0.0016634347
2825,1,1,0.016099622,0.73380274,0.25009763
2826,2,1,0.016398115,0.7033446,0.2802573
2827,0,0,0.999985,1.4945063e-05,1.7551224e-07
2828,0,0,0.9564824,0.043509714,7.921878e-06
2829,0,0,0.9666854,0.033308662,5.857595e-06
2830,0,0,0.88923925,0.11072314,3.766295e-05
2831,2,2,7.795902e-07,0.001994673,0.9980045
2832,0,1,0.40364975,0.5913996,0.0049505825
2833,0,1,0.3797201,0.615411,0.0048689605
2834,0,1,0.090757415,0.8302542,0.078988425
2835,0,0,0.9980726,0.0019267298,6.114171e-07
2836,2,1,0.0070557254,0.6329346,0.3600097
2837,0,0,0.84337133,0.15655063,7.802022e-05
2838,0,0,0.9995808,0.00041876297,5.329373e-07
2839,0,0,0.89260834,0.10734973,4.195613e-05
2840,0,0,0.99998343,1.4945041e-05,1.6196029e-06
2841,0,0,0.9999982,1.619528e-06,1.7550386e-07
2842,2,2,0.00012485156,0.19817731,0.80169785
2843,0,0,0.8958995,0.10406861,3.1897518e-05
2844,2,2,2.513522e-06,0.011808154,0.98818934
2845,0,0,0.9877779,0.012220277,1.7754363e-06
2846,1,1,0.3394429,0.65089434,0.009662744
2847,1,2,0.00085278193,0.34344012,0.6557071
2848,2,1,0.016763313,0.7460299,0.23720682
2849,1,1,0.25996086,0.72403276,0.016006382
2850,1,1,0.34120867,0.6486254,0.010165903
2851,1,2,0.00026951963,0.24759708,0.75213337
2852,1,1,0.19926374,0.77185464,0.028881624
2853,0,0,0.9478019,0.052187327,1.07296555e-05
2854,1,1,0.19136876,0.7877122,0.020919055
2855,2,2,0.0010687917,0.38450074,0.6144305
2856,1,1,0.34706363,0.6427961,0.010140347
2857,1,0,0.59783006,0.40101585,0.0011540835
2858,0,0,0.994605,0.005394238,7.000762e-07
2859,0,0,0.994697,0.005301889,1.0995652e-06
2860,0,1,0.40707785,0.586157,0.006765136
2861,2,2,9.5735195e-06,0.0614735,0.9385169
2862,2,2,0.002024548,0.4557813,0.54219407
2863,0,0,0.9998616,0.0001378942,5.33087e-07
2864,0,0,0.95575476,0.04423801,7.132775e-06
2865,2,2,9.696093e-05,0.16354832,0.83635473
2866,1,1,0.024079924,0.7556355,0.2202846
2867,2,2,0.0008085334,0.33712476,0.6620667
2868,0,0,0.7801873,0.2196802,0.00013252004
2869,1,0,0.55926526,0.43859142,0.002143388
2870,0,0,0.9433356,0.056651704,1.2703769e-05
2871,2,2,3.0582638e-07,0.00024031103,0.9997594
2872,0,0,0.72881526,0.27092358,0.0002611637
2873,0,0,0.98249507,0.017502043,2.7733943e-06
2874,0,0,0.9883907,0.01160729,1.9715762e-06
2875,2,2,0.00033685472,0.29986927,0.6997939
2876,0,0,0.95113045,0.048857175,1.2371636e-05
2877,1,1,0.21253073,0.7613768,0.026092485
2878,2,1,0.0055918414,0.59931517,0.39509296
2879,1,1,0.007468986,0.63067764,0.3618534
2880,2,1,0.02436528,0.76127857,0.21435606
2881,0,0,0.6818072,0.31762075,0.0005720173
2882,0,0,0.82411015,0.17576806,0.00012182856
2883,1,1,0.37985638,0.6123009,0.007842714
2884,0,0,0.999985,1.4945063e-05,1.7551224e-07
2885,0,0,0.924118,0.07585622,2.5802834e-05
2886,2,1,0.09336312,0.83213663,0.07450021
2887,2,2,5.3293724e-07,0.0004187661,0.9995807
2888,0,0,0.7586177,0.24120918,0.00017309426
2889,1,1,0.093054056,0.80806226,0.098883696
2890,0,0,0.97498703,0.02500885,4.0323343e-06
2891,1,1,0.22470766,0.75099397,0.024298336
2892,1,1,0.2811405,0.7055611,0.01329834
2893,0,0,0.99664587,0.0033533198,8.0603525e-07
2894,2,2,1.405587e-05,0.059500206,0.9404857
2895,1,2,0.0006035161,0.30459294,0.69480354
2896,0,0,0.99807274,0.0019267374,4.6312766e-07
2897,0,0,0.5142225,0.48390675,0.0018707443
2898,1,1,0.4113342,0.5820918,0.00657399
2899,0,0,0.58951193,0.4094078,0.0010802705
2900,2,2,0.0015318751,0.45331937,0.54514873
2901,1,1,0.027126644,0.7473165,0.22555685
2902,2,1,0.004752131,0.5726417,0.42260617
2903,1,0,0.77711475,0.22264712,0.00023818905
2904,1,1,0.0079854755,0.653934,0.33808056
2905,1,1,0.11785806,0.82379806,0.058343954
2906,0,0,0.9998616,0.0001378942,5.3309515e-07
2907,1,2,0.0007688115,0.3516775,0.6475537
2908,0,0,0.99986196,0.00013789424,1.754853e-07
2909,0,0,0.99999833,1.619627e-06,1.902004e-08
2910,2,2,0.0004728644,0.3290443,0.6704828
2911,0,1,0.3739639,0.6187068,0.0073292064
2912,2,1,0.06380175,0.82595867,0.11023954
2913,1,1,0.37431967,0.6192954,0.006384861
2914,2,2,8.771177e-06,0.045729488,0.9542618
2915,1,1,0.105852135,0.8354874,0.05866043
2916,2,1,0.06291422,0.8215695,0.11551624
2917,1,1,0.02884816,0.7878738,0.18327805
2918,2,1,0.061898395,0.8224602,0.11564143
2919,0,1,0.22046576,0.756257,0.023277298
2920,1,1,0.036792323,0.7914494,0.17175826
2921,2,2,4.6302972e-07,0.0021378084,0.9978617
2922,0,0,0.7889719,0.21087939,0.00014872465
2923,0,1,0.16770317,0.80006707,0.03222975
2924,1,1,0.22389556,0.7548036,0.021300895
2925,2,2,0.0007121571,0.35631716,0.6429707
2926,0,0,0.9527201,0.047268733,1.1166402e-05
2927,0,0,0.92289114,0.07708219,2.6679014e-05
2928,1,1,0.33355704,0.6564834,0.009959523
2929,1,1,0.039275542,0.8125001,0.14822435
2930,0,0,0.9460565,0.053931717,1.188568e-05
2931,0,1,0.2949068,0.6964767,0.00861645
2932,0,1,0.12527178,0.8168746,0.057853613
2933,1,1,0.41662714,0.5794346,0.0039382367
2934,0,0,0.99903667,0.0009630487,4.034613e-07
2935,1,1,0.025040176,0.74589074,0.22906901
2936,1,1,0.24544723,0.73915863,0.015394106
2937,1,0,0.9758197,0.024176018,4.3260025e-06
2938,0,0,0.99986196,0.00013789424,1.7548797e-07
2939,0,0,0.8629266,0.13700967,6.37007e-05
2940,0,0,0.94949144,0.050496228,1.2350318e-05
2941,2,2,5.3293724e-07,0.0004187661,0.9995807
2942,1,2,0.00068809,0.38876292,0.610549
2943,0,0,0.83870983,0.16118604,0.00010422632
2944,0,0,0.99986196,0.00013789424,1.7548797e-07
2945,0,0,0.66664135,0.33288848,0.00047015518
2946,2,2,9.355416e-05,0.14979358,0.8501129
2947,1,1,0.015843756,0.78082037,0.20333584
2948,2,2,5.115278e-05,0.100873485,0.8990754
2949,1,1,0.17804712,0.79242975,0.029523106
2950,1,1,0.008887046,0.6571945,0.33391842
2951,1,1,0.032624345,0.7822249,0.18515073
2952,1,1,0.029326215,0.7602827,0.21039106
2953,0,0,0.9661213,0.033872213,6.4968817e-06
2954,0,0,0.9579022,0.042087276,1.0473929e-05
2955,0,0,0.9006443,0.099310264,4.5378194e-05
2956,0,1,0.011864434,0.67037255,0.31776297
2957,1,1,0.26108193,0.7224365,0.016481645
2958,2,2,0.00031935336,0.27608147,0.7235992
2959,1,1,0.071903445,0.8315078,0.09658881
2960,2,2,0.0014065246,0.42720667,0.5713869
2961,1,1,0.04877764,0.84091794,0.11030442
2962,0,0,0.9905537,0.009445009,1.3486105e-06
2963,1,1,0.067528896,0.8226704,0.10980069
2964,1,1,0.14928551,0.81831694,0.032397557
2965,1,1,0.12604997,0.8219492,0.052000932
2966,1,2,0.00021964638,0.21817683,0.7816035
2967,0,0,0.78013647,0.21966596,0.00019754653
2968,2,2,0.0019535653,0.4838666,0.5141798
2969,0,0,0.91911066,0.08087065,1.877545e-05
2970,0,0,0.9081562,0.09181261,3.1230433e-05
2971,2,1,0.28814864,0.69847065,0.013380722
2972,0,0,0.77714425,0.22265556,0.00020023505
2973,0,0,0.811182,0.18870011,0.00011785352
2974,1,0,0.5809221,0.41769668,0.001381196
2975,1,1,0.35918054,0.6342236,0.006595775
2976,0,0,0.8410595,0.15885565,8.4862164e-05
2977,2,2,7.030951e-07,0.0011063787,0.99889296
2978,0,0,0.9998604,0.00013789823,1.6194037e-06
2979,1,1,0.15437578,0.80327356,0.04235078
2980,0,1,0.26276857,0.7192565,0.017974999
2981,1,1,0.1482747,0.81277597,0.03894931
2982,1,0,0.50724334,0.48993304,0.0028236168
2983,0,0,0.9833686,0.01662857,2.7758601e-06
2984,2,1,0.004246274,0.55808663,0.4376671
2985,0,0,0.5467294,0.4516835,0.0015871503
2986,1,1,0.022949444,0.7652774,0.21177319
2987,0,0,0.9299886,0.06999099,2.0363837e-05
2988,1,1,0.12426584,0.83169425,0.044039935
2989,1,1,0.019279594,0.73464507,0.24607529
2990,0,1,0.36924082,0.6242948,0.0064644003
2991,0,0,0.9999982,1.6196269e-06,1.7551457e-07
2992,0,0,0.961268,0.038723536,8.534049e-06
2993,2,2,7.131947e-05,0.14435288,0.85557586
2994,0,0,0.9995808,0.00041876934,5.329373e-07
2995,0,0,0.99986196,0.00013789214,1.7548797e-07
2996,0,0,0.9999982,1.619528e-06,1.7550386e-07
2997,1,1,0.023002882,0.7737466,0.20325048
2998,2,2,6.559744e-07,0.0010322304,0.9989672
2999,1,2,0.0007325037,0.34789744,0.65137005
3000,1,1,0.18841432,0.78231275,0.029272957
3001,1,1,0.0026236742,0.5008526,0.4965237
3002,1,1,0.0054995758,0.60760933,0.3868911
3003,0,0,0.99986196,0.00013789424,1.754853e-07
3004,1,1,0.22969957,0.74794376,0.022356743
3005,1,1,0.04017919,0.80282855,0.15699226
3006,2,2,1.2593111e-06,0.008518619,0.9914801
3007,1,1,0.21652101,0.75573254,0.027746469
3008,0,1,0.14813146,0.8049729,0.04689572
3009,2,2,0.0005683378,0.3101463,0.68928534
3010,0,1,0.434197,0.56213665,0.0036663355
3011,1,0,0.5114924,0.48553407,0.0029735693
3012,1,0,0.6506428,0.34826404,0.0010931594
3013,1,1,0.3168215,0.6683863,0.014792236
3014,1,1,0.01701823,0.73311764,0.24986415
3015,0,0,0.5639682,0.43466747,0.0013643695
3016,0,0,0.563748,0.43449777,0.0017542434
3017,0,1,0.08615689,0.83754545,0.07629764
3018,0,0,0.75530493,0.24436168,0.0003333464
3019,0,1,0.47904435,0.51797044,0.0029852043
3020,0,0,0.59133923,0.40712735,0.0015334632
3021,0,0,0.92289644,0.07708263,2.092255e-05
3022,1,1,0.023399595,0.7471459,0.22945453
3023,0,0,0.9977863,0.0022131756,5.3197954e-07
3024,0,0,0.99583626,0.0041626506,1.0359264e-06
3025,0,0,0.7148156,0.2848281,0.00035624293
3026,1,1,0.023255756,0.7621445,0.21459983
3027,1,1,0.020340564,0.74948615,0.23017329
3028,1,1,0.021962123,0.7451795,0.23285843
3029,0,0,0.98188776,0.018109225,3.075974e-06
3030,1,1,0.036034137,0.8130446,0.15092127
3031,0,0,0.999985,1.4945063e-05,1.7550688e-07
3032,1,0,0.5313588,0.46648654,0.0021546427
3033,2,1,0.011638878,0.68531054,0.30305058
3034,0,0,0.922895,0.07708253,2.2427115e-05
3035,1,1,0.13502993,0.8072964,0.057673745
3036,0,0,0.98690933,0.013087547,3.0917022e-06
3037,0,0,0.9736848,0.026310725,4.4690505e-06
3038,0,1,0.02930255,0.8072609,0.1634365
3039,0,0,0.6059454,0.39258862,0.0014659215
3040,0,0,0.9942689,0.0057302415,8.619388e-07
3041,1,1,0.21565843,0.76590407,0.018437486
3042,1,0,0.689113,0.31006885,0.0008181531
3043,0,0,0.8689823,0.13096909,4.8589678e-05
3044,0,0,0.93950677,0.0604792,1.4041252e-05
3045,0,0,0.9998616,0.0001378921,5.330789e-07
3046,0,0,0.99999833,1.6195281e-06,1.902004e-08
3047,2,2,5.0306367e-05,0.1309689,0.8689808
3048,2,2,0.0019202417,0.486047,0.51203275
3049,0,0,0.99999833,1.619627e-06,1.902004e-08
3050,1,1,0.0037858374,0.5498064,0.44640777
3051,2,2,2.8207396e-06,0.00072964374,0.9992675
3052,2,2,4.189967e-06,0.021468868,0.97852695
3053,0,0,0.9992694,0.00072963955,9.2857346e-07
3054,2,2,4.794731e-06,0.02543566,0.97455955
3055,1,1,0.006503244,0.59876597,0.39473084
3056,0,0,0.9995808,0.00041876934,5.329373e-07
3057,1,1,0.09238756,0.8306205,0.07699194
3058,2,2,0.00054149685,0.295499,0.70395947
3059,0,0,0.9579038,0.042087357,8.804653e-06
3060,1,1,0.026469614,0.76820236,0.20532799
3061,1,1,0.19663045,0.774993,0.028376527
3062,0,0,0.99380624,0.006192985,8.615377e-07
3063,2,2,0.00014117795,0.21088096,0.78897786
3064,2,2,4.4776945e-07,0.00093021203,0.9990694
3065,1,1,0.25598118,0.73414487,0.009873908
3066,0,1,0.43975484,0.5564303,0.0038148563
3067,1,1,0.015200806,0.71111536,0.27368382
3068,1,1,0.034022283,0.7810946,0.18488315
3069,1,1,0.022658696,0.7822784,0.19506282
3070,0,0,0.6891031,0.3100644,0.0008324692
3071,0,0,0.9631645,0.036830828,4.7386684e-06
3072,0,0,0.97136736,0.028628403,4.306264e-06
3073,0,1,0.19686109,0.7691958,0.033943105
3074,2,2,5.112169e-06,0.030624062,0.9693708
3075,0,0,0.9478047,0.05218748,7.850007e-06
3076,1,1,0.0111398725,0.6708641,0.31799603
3077,1,1,0.03362923,0.778802,0.18756878
3078,1,2,0.00047257228,0.28127265,0.71825475
3079,1,1,0.16093656,0.79491276,0.04415064
3080,2,2,3.868114e-06,0.03167185,0.9683243
3081,0,0,0.7710835,0.22872463,0.00019189346
3082,1,1,0.0057880385,0.65635127,0.3378607
3083,0,0,0.58950084,0.4094,0.0010991683
3084,1,1,0.31498742,0.67322624,0.011786356
3085,2,2,5.414996e-06,0.042087503,0.9579071
3086,1,1,0.048058093,0.80721605,0.14472583
3087,1,1,0.36198997,0.6309156,0.0070945346
3088,2,2,0.0004961728,0.3345683,0.66493547
3089,1,1,0.3815239,0.6123254,0.00615072
3090,0,0,0.8138128,0.18605377,0.00013351408
3091,1,1,0.36013862,0.6331613,0.0067000403
3092,0,0,0.8958974,0.10406838,3.4191275e-05
3093,1,1,0.006982388,0.6428817,0.35013598
3094,0,1,0.47212484,0.5239572,0.003917981
3095,0,1,0.28776735,0.69754666,0.01468596
3096,1,1,0.04414588,0.82290983,0.13294429
3097,1,1,0.03990447,0.818376,0.14171948
3098,0,0,0.78602886,0.2137721,0.00019903861
3099,0,0,0.9806106,0.01938625,3.1805096e-06
3100,1,2,0.00042584294,0.28128576,0.7182884
3101,0,1,0.3195246,0.6726276,0.007847829
3102,0,1,0.4203453,0.57454395,0.005110791
3103,2,1,0.021055186,0.7396485,0.23929635
3104,2,2,5.0284802e-06,0.046493284,0.95350164
3105,2,2,4.1078252e-05,0.11072276,0.8892362
3106,0,0,0.98756534,0.012431613,3.0937572e-06
3107,2,2,5.24776e-05,0.15427586,0.84567165
3108,0,0,0.9999982,1.6195775e-06,1.7550921e-07
3109,0,1,0.29601505,0.6930518,0.010933145
3110,1,1,0.14234781,0.8078566,0.049795575
3111,1,1,0.004667281,0.6081178,0.3872149
3112,0,0,0.8942631,0.105697714,3.9213966e-05
3113,2,1,0.041074004,0.80658233,0.1523437
3114,0,0,0.99778605,0.002213171,7.0231465e-07
3115,1,0,0.6547217,0.34441563,0.0008626602
3116,0,0,0.98878247,0.011215619,1.9050465e-06
3117,1,1,0.0122393025,0.7097993,0.27796137
3118,0,0,0.9955388,0.0044606654,5.591585e-07
3119,0,1,0.033795387,0.796356,0.1698486
3120,1,0,0.6545278,0.34431377,0.0011584798
3121,1,1,0.276247,0.70542145,0.018331517
3122,0,0,0.9980724,0.0019267331,8.0718894e-07
3123,0,0,0.9265223,0.07345813,1.9595582e-05
3124,1,1,0.3878932,0.6065449,0.0055618933
3125,0,0,0.9276986,0.072285496,1.593057e-05
3126,0,0,0.94865626,0.05133536,8.422083e-06
3127,2,2,4.787775e-07,0.0034118465,0.99658763
3128,0,0,0.8410317,0.15885036,0.00011802033
3129,1,1,0.034449566,0.7909045,0.17464586
3130,1,0,0.7521263,0.24759468,0.00027903973
3131,0,0,0.87854004,0.121400505,5.946109e-05
3132,1,0,0.8138165,0.18605462,0.00012895843
3133,0,0,0.98713255,0.012865208,2.2624492e-06
3134,0,0,0.99231637,0.0076823877,1.2173612e-06
3135,1,1,0.32972333,0.6603026,0.009974079
3136,1,1,0.012288943,0.6921017,0.29560927
3137,1,1,0.23506126,0.74572736,0.019211438
3138,0,1,0.13054037,0.822181,0.047278605
3139,2,2,5.2870773e-06,0.031671796,0.968323
3140,1,0,0.5186532,0.4796758,0.001670943
3141,0,0,0.95790154,0.042087257,1.1227131e-05
3142,1,1,0.022290003,0.762898,0.21481201
3143,2,2,9.272747e-05,0.18606134,0.81384593
3144,1,2,0.00022802582,0.2427881,0.75698394
3145,0,0,0.6586406,0.34051383,0.00084551604
3146,2,2,5.3309515e-07,0.0001378942,0.9998616
3147,1,2,0.0016161728,0.4559678,0.54241604
3148,0,0,0.8339588,0.16593571,0.00010545082
3149,1,1,0.100688994,0.82998836,0.0693227
3150,1,1,0.07681755,0.8144755,0.10870693
3151,1,1,0.023484526,0.7531195,0.22339602
3152,0,1,0.08774911,0.8310962,0.08115466
3153,0,0,0.7770679,0.22263369,0.00029847884
3154,2,2,0.0012620782,0.42726845,0.5714694
3155,1,2,5.6202545e-05,0.12515335,0.87479043
3156,2,2,4.3860582e-05,0.114187755,0.88576835
3157,0,0,0.61447453,0.38452834,0.00099716
3158,1,0,0.5339001,0.46466646,0.0014334288
3159,2,2,2.3269124e-06,0.01938627,0.98061144
3160,0,0,0.9866844,0.013313717,1.8361313e-06
3161,2,2,1.7550687e-07,1.4945062e-05,0.99998486
3162,1,1,0.35298815,0.63696355,0.010048332
3163,1,2,0.00025225335,0.27092603,0.7288217
3164,2,1,0.13639747,0.81547254,0.048130047
3165,1,1,0.0020451758,0.5065568,0.49139807
3166,0,0,0.99995446,4.5397865e-05,1.755069e-07
3167,0,0,0.99999666,1.6196243e-06,1.6196243e-06
3168,0,0,0.9943668,0.0056321714,9.566617e-07
3169,1,1,0.01714576,0.7330225,0.24983168
3170,1,1,0.07867169,0.8269251,0.09440321
3171,0,0,0.98574024,0.014257474,2.3390826e-06
3172,1,2,0.0014917371,0.4282314,0.5702769
3173,0,0,0.9950512,0.0049479557,8.3317974e-07
3174,0,0,0.99986196,0.00013789424,1.754853e-07
3175,2,2,0.0003799564,0.28837037,0.71124965
3176,2,2,0.00027290572,0.27049205,0.72923505
3177,0,0,0.99986196,0.00013789424,1.7549065e-07
3178,0,0,0.9749867,0.025008835,4.475026e-06
3179,0,0,0.962541,0.037451573,7.4372265e-06
3180,1,0,0.8057727,0.19406448,0.00016281463
3181,1,1,0.042444453,0.78435576,0.17319982
3182,2,1,0.0069136024,0.6108354,0.38225096
3183,0,1,0.4437714,0.55132437,0.0049042446
3184,1,1,0.20762235,0.7700725,0.022305151
3185,1,1,0.05426524,0.79327965,0.15245508
3186,2,1,0.022170564,0.76875526,0.2090742
3187,2,2,0.0006131268,0.3176077,0.68177915
3188,2,1,0.003937275,0.5920019,0.40406084
3189,1,1,0.022007996,0.763118,0.21487395
3190,0,0,0.9987286,0.0012710141,4.0333538e-07
3191,1,1,0.11606498,0.82547253,0.058462545
3192,0,0,0.80026346,0.19954742,0.00018904812
3193,0,0,0.98279107,0.017205985,2.9737323e-06
3194,1,1,0.047452375,0.8180706,0.13447702
3195,2,2,4.91924e-06,0.00013789358,0.9998572
3196,1,1,0.039529122,0.82487535,0.13559555
3197,1,1,0.010441472,0.6561639,0.33339468
3198,1,1,0.006212709,0.5948024,0.3989849
3199,1,1,0.0050246036,0.61607873,0.37889668
3200,1,1,0.14753215,0.8087058,0.043762103
3201,1,1,0.0078665465,0.63836724,0.35376617
3202,0,0,0.9203836,0.07958885,2.7546592e-05
3203,0,1,0.047797382,0.8312026,0.12099997
3204,0,0,0.87091535,0.12900129,8.341497e-05
3205,0,0,0.91647464,0.08348785,3.7491816e-05
3206,1,1,0.17133424,0.7894953,0.039170418
3207,2,2,1.9605162e-05,0.08895912,0.91102123
3208,1,2,2.3310666e-05,0.07345787,0.92651886
3209,0,0,0.6226667,0.37635732,0.0009759713
3210,2,2,5.441202e-06,0.03745165,0.96254295
3211,0,0,0.9914799,0.008518618,1.4980666e-06
3212,1,1,0.078542575,0.83276546,0.0886919
3213,0,1,0.46385366,0.53296614,0.003180156
3214,0,0,0.9110142,0.08895847,2.7266171e-05
3215,0,0,0.82910377,0.17079844,9.780359e-05
3216,2,2,4.8176742e-05,0.123265855,0.8766859
3217,0,0,0.9995809,0.0004187662,3.0577178e-07
3218,0,0,0.926521,0.07345804,2.1004722e-05
3219,1,1,0.42867288,0.5659309,0.005396194
3220,2,2,9.632095e-06,0.055731155,0.9442592
3221,1,1,0.11955315,0.82126373,0.059183102
3222,0,0,0.999985,1.4945519e-05,1.7551224e-07
3223,0,0,0.8291191,0.1708016,7.941178e-05
3224,0,0,0.8909306,0.10902442,4.488878e-05
3225,1,1,0.14379446,0.81606674,0.040138803
3226,2,2,1.1501246e-05,0.052187297,0.9478012
3227,0,0,0.9423984,0.057586554,1.5097308e-05
3228,2,2,4.6921716e-07,0.0018854486,0.9981141
3229,0,0,0.9998616,0.0001378942,5.330789e-07
3230,0,0,0.8523074,0.14759545,9.7109754e-05
3231,1,1,0.022517012,0.7508575,0.22662555
3232,0,1,0.08464077,0.8299805,0.0853787
3233,2,2,1.6193791e-06,0.00013789404,0.9998605
3234,0,0,0.6059531,0.39259356,0.0014532703
3235,0,0,0.9995808,0.00041876934,5.329373e-07
3236,0,0,0.56805485,0.43028176,0.0016634346
3237,1,1,0.4811986,0.5158028,0.002998628
3238,1,1,0.028365733,0.7882651,0.18336914
3239,2,1,0.0035332507,0.5669909,0.42947587
3240,0,0,0.9958637,0.0041357526,5.691369e-07
3241,0,0,0.6548199,0.3444673,0.0007127983
3242,2,2,0.0006811096,0.35570657,0.6436123
3243,0,0,0.82161164,0.178304,8.435166e-05
3244,0,0,0.99999666,1.6196243e-06,1.6196243e-06
3245,0,0,0.94048387,0.059500072,1.6150103e-05
3246,1,1,0.33371204,0.6567883,0.009499609
3247,0,0,0.9995808,0.00041876297,5.329373e-07
3248,0,1,0.21183611,0.76550454,0.022659285
3249,0,1,0.4789147,0.51783025,0.0032550346
3250,1,2,2.191963e-05,0.08217029,0.91780776
3251,1,0,0.7741385,0.22567862,0.00018287657
3252,0,0,0.99927,0.0007296456,3.05679e-07
3253,0,0,0.9998616,0.0001378942,5.33087e-07
3254,0,0,0.8478815,0.15201673,0.000101770216
3255,1,1,0.42700753,0.568647,0.0043454436
3256,2,1,0.011347798,0.70695597,0.28169623
3257,0,0,0.9974572,0.0025420883,7.020845e-07
3258,0,0,0.98060983,0.019386243,3.91719e-06
3259,1,1,0.28964996,0.69604146,0.014308598
3260,1,0,0.7039392,0.2954904,0.00057043077
3261,1,2,0.0007884981,0.3632849,0.6359266
3262,0,0,0.99872845,0.0012710189,5.324829e-07
3263,1,1,0.016582478,0.74927825,0.23413923
3264,0,0,0.999985,1.4944607e-05,1.7551224e-07
3265,1,1,0.0092754355,0.6874062,0.30331838
3266,2,2,2.093043e-06,0.0211072,0.9788907
3267,1,1,0.28122348,0.7034757,0.015300849
3268,0,1,0.034414705,0.8251518,0.14043348
3269,1,0,0.52437234,0.4724988,0.0031288774
3270,2,2,3.512864e-07,0.0005527784,0.9994468
3271,1,1,0.088345215,0.8367423,0.07491255
3272,0,0,0.85011953,0.14979471,8.5776315e-05
3273,1,1,0.062382367,0.8288908,0.108726785
3274,0,1,0.26632816,0.7164529,0.017219007
3275,1,1,0.161971,0.8000222,0.038006775
3276,0,0,0.99999833,1.619627e-06,1.902004e-08
3277,2,2,4.7039016e-06,0.010117314,0.98987794
3278,2,2,0.000111132074,0.19407451,0.8058143
3279,0,0,0.92998654,0.069990836,2.2599446e-05
3280,1,1,0.40320864,0.5907534,0.006037954
3281,2,2,2.1111352e-06,0.012646583,0.98735136
3282,0,0,0.6141499,0.38432512,0.00152497
3283,1,0,0.7113323,0.28840387,0.00026390498
3284,0,0,0.9395058,0.060479138,1.5050969e-05
3285,0,0,0.9511329,0.048857313,9.702211e-06
3286,0,0,0.99998343,1.4945496e-05,1.6196029e-06
3287,0,0,0.9688502,0.03114364,6.292891e-06
3288,1,1,0.3940889,0.5977922,0.0081189275
3289,0,0,0.7889173,0.21086478,0.00021788603
3290,2,2,8.451806e-05,0.14759731,0.8523182
3291,2,2,8.630561e-07,0.0044414294,0.9955577
3292,0,0,0.9977859,0.0022131708,8.069588e-07
3293,2,1,0.10400421,0.83527803,0.060717806
3294,2,1,0.0027569742,0.54018486,0.4570582
3295,0,0,0.9869105,0.013087562,1.8365521e-06
3296,0,0,0.9987282,0.0012710136,7.029778e-07
3297,0,0,0.9995808,0.00041876934,5.329373e-07
3298,2,2,9.558057e-07,0.0065219216,0.99347717
3299,0,0,0.60413206,0.39482617,0.0010417954
3300,1,0,0.5204711,0.47719684,0.0023320513
3301,1,0,0.98249507,0.017502043,2.7733943e-06
3302,0,0,0.9999982,1.6195775e-06,1.7551457e-07
3303,1,1,0.0048824847,0.60387224,0.3912453
3304,2,2,8.263263e-05,0.15201971,0.8478977
3305,0,0,0.7147456,0.2848002,0.00045421504
3306,0,1,0.37993333,0.6130898,0.006976866
3307,2,2,3.0573312e-07,0.0005527785,0.9994469
3308,0,0,0.98157537,0.0184205,4.0595824e-06
3309,1,1,0.13502993,0.8072964,0.057673745
3310,0,0,0.9933061,0.006692844,1.024363e-06
3311,1,1,0.012131896,0.69221187,0.29565623
3312,0,0,0.8587556,0.14116494,7.9443416e-05
3313,0,0,0.7488931,0.25084776,0.0002592004
3314,2,1,0.010067588,0.6900416,0.2998908
3315,2,2,0.0014448697,0.4322369,0.5663182
3316,1,1,0.09546669,0.8290129,0.075520374
3317,1,1,0.010084777,0.6734518,0.31646353
3318,0,0,0.9994468,0.0005527784,4.0362698e-07
3319,1,1,0.03485887,0.80727863,0.15786251
3320,1,1,0.3824866,0.6112119,0.006301518
3321,0,0,0.8344617,0.16317813,0.0023601637
3322,0,0,0.9698821,0.030112855,5.114866e-06
3323,0,0,0.8410382,0.15885162,0.000110103414
3324,1,1,0.008783419,0.64953125,0.3416853
3325,0,0,0.9998616,0.0001378942,5.330789e-07
3326,0,0,0.9394999,0.060478773,2.1298962e-05
3327,2,2,0.00039227857,0.3055774,0.6940303
3328,2,2,0.00012361874,0.21124601,0.7886304
3329,2,2,1.6195535e-06,1.4945041e-05,0.99998343
3330,0,0,0.99986196,0.00013789424,1.7548797e-07
3331,1,1,0.043112393,0.81771916,0.1391685
3332,2,2,4.46971e-07,0.0027126356,0.9972869
3333,0,0,0.99872845,0.001271014,5.3248084e-07
3334,1,1,0.24576238,0.73371094,0.020526696
3335,0,0,0.99872845,0.0012710189,5.324829e-07
3336,2,2,6.914795e-06,0.040709626,0.9592835
3337,1,1,0.11886121,0.83080983,0.050329015
3338,2,2,6.494266e-06,0.00013789284,0.99985564
3339,0,0,0.99986196,0.00013789424,1.7549065e-07
3340,0,0,0.99986196,0.00013789424,1.7549065e-07
3341,2,2,5.6777316e-07,0.006521924,0.99347746
3342,1,0,0.59776753,0.4009739,0.0012586092
3343,0,1,0.33391517,0.65718824,0.008896607
3344,2,1,0.01288523,0.70933515,0.27777964
3345,0,0,0.99872845,0.001271014,5.324829e-07
3346,0,0,0.9333069,0.06667601,1.7179394e-05
3347,0,0,0.8164193,0.18343718,0.00014357384
3348,0,0,0.7148671,0.2848486,0.00028428872
3349,2,1,0.24218059,0.7420935,0.015725892
3350,1,1,0.3375972,0.6529989,0.0094038965
3351,2,1,0.049275476,0.8421587,0.10856587
3352,0,1,0.3292989,0.65945274,0.01124844
3353,1,1,0.29168895,0.69488305,0.013428053
3354,0,0,0.99692386,0.0030753675,7.1399694e-07
3355,1,0,0.7679994,0.2317993,0.00020134416
3356,0,0,0.8544889,0.1454264,8.473331e-05
3357,1,1,0.15731311,0.80446887,0.038218025
3358,1,2,0.0002347778,0.24040091,0.7593643
3359,2,1,0.0057974816,0.6461073,0.3480952
3360,0,0,0.99999833,1.6195281e-06,1.902004e-08
3361,1,0,0.5159619,0.481347,0.0026911176
3362,0,0,0.999985,1.4945063e-05,1.7550688e-07
3363,1,1,0.39470842,0.598732,0.006559568
3364,1,1,0.18575357,0.79161394,0.022632482
3365,2,1,0.3450397,0.64742297,0.007537381
3366,0,0,0.6968522,0.3028507,0.00029705334
3367,1,1,0.19937515,0.77228606,0.02833884
3368,1,1,0.0976751,0.8263874,0.07593749
3369,1,2,0.0016072394,0.44952828,0.5488645
3370,1,1,0.12514499,0.8160478,0.05880721
3371,1,1,0.08887133,0.83445024,0.07667839
3372,0,0,0.85449487,0.1454274,7.7688754e-05
3373,1,1,0.050118513,0.82733536,0.12254616
3374,1,1,0.08360901,0.834221,0.08216999
3375,0,0,0.72180337,0.2777974,0.00039921814
3376,2,2,0.0001401945,0.1886959,0.8111639
3377,1,1,0.0078336755,0.6102695,0.38189685
3378,1,0,0.71836656,0.2813164,0.000317044
3379,2,2,4.611319e-05,0.11595536,0.88399845
3380,0,0,0.9542595,0.04572938,1.1184445e-05
3381,1,0,0.5935459,0.40511456,0.0013395906
3382,1,1,0.43779182,0.55824566,0.003962528
3383,0,0,0.99986196,0.00013789424,1.7548797e-07
3384,2,1,0.0060507637,0.651322,0.34262723
3385,1,1,0.3419647,0.65006256,0.007972727
3386,1,0,0.8030716,0.19680116,0.00012725579
3387,0,0,0.67802894,0.32139224,0.00057880924
3388,2,2,3.3994086e-06,0.022210576,0.977786
3389,0,0,0.9460556,0.05393167,1.2740399e-05
3390,0,0,0.9995808,0.00041876934,5.329373e-07
3391,0,1,0.043939475,0.8190626,0.13699794
3392,2,2,4.769209e-06,0.030624073,0.9693711
3393,0,0,0.9992694,0.00072964514,9.2857346e-07
3394,2,2,9.2334227e-07,0.006355339,0.99364376
3395,2,1,0.023841852,0.76457834,0.21157983
3396,0,0,0.7422348,0.2574016,0.00036354127
3397,2,2,1.4458044e-05,0.065603904,0.9343816
3398,2,2,0.00091212563,0.35326687,0.64582103
3399,1,1,0.14609551,0.8148556,0.03904896
3400,0,0,0.8909306,0.10902442,4.488878e-05
3401,1,1,0.48962748,0.5069271,0.0034454258
3402,1,1,0.0028290884,0.5701755,0.4269954
3403,0,0,0.9395076,0.060479254,1.3099262e-05
3404,1,1,0.25190106,0.7327061,0.015392761
3405,2,2,3.2821226e-06,0.022590758,0.97740597
3406,2,1,0.036114395,0.78704774,0.17683783
3407,2,1,0.07987367,0.8251092,0.09501716
3408,0,0,0.88750905,0.11244299,4.7932066e-05
3409,2,1,0.0036159242,0.5413296,0.45505446
3410,1,1,0.10830354,0.825664,0.066032454
3411,0,0,0.993587,0.00641038,2.6165421e-06
3412,1,1,0.06962955,0.86311716,0.06725336
3413,1,1,0.33741298,0.6526427,0.009944326
3414,1,1,0.099905685,0.8307112,0.06938311
3415,0,0,0.99958116,0.0004187631,1.7543869e-07
3416,0,0,0.55951583,0.4387879,0.0016963191
3417,0,0,0.89750046,0.102460206,3.9355888e-05
3418,0,0,0.7553299,0.24436972,0.00030038
3419,0,0,0.55521595,0.44304127,0.0017427569
3420,1,1,0.012577955,0.7060763,0.2813457
3421,0,0,0.8942606,0.10569742,4.2033793e-05
3422,0,1,0.3831036,0.6121979,0.004698595
3423,1,1,0.23855858,0.7437965,0.017644923
3424,1,1,0.075831704,0.8470086,0.077159725
3425,1,1,0.16911006,0.7928934,0.037996504
3426,0,1,0.46798307,0.5284562,0.00356071
3427,0,1,0.008868402,0.6455784,0.34555322
3428,0,0,0.97368515,0.026310729,4.169231e-06
3429,0,0,0.7521369,0.24759823,0.00026488196
3430,0,1,0.27203304,0.7129884,0.014978529
3431,2,2,3.1721025e-05,0.10902588,0.89094234
3432,1,1,0.010865365,0.6710503,0.31808427
3433,0,0,0.953492,0.046492815,1.5275029e-05
3434,0,0,0.88751704,0.11244398,3.891811e-05
3435,1,1,0.3338008,0.65553886,0.010660377
3436,0,0,0.6967663,0.30281335,0.00042031764
3437,0,0,0.9999982,1.619528e-06,1.7550386e-07
3438,1,1,0.010128745,0.67528766,0.31458354
3439,0,0,0.8649767,0.13497148,5.184381e-05
3440,1,1,0.031255253,0.8102928,0.15845193
3441,1,1,0.11878134,0.8159621,0.06525653
3442,2,2,1.2149484e-06,0.009650219,0.9903486
3443,2,1,0.21676703,0.75659144,0.026641468
3444,1,1,0.089104496,0.8366395,0.07425598
3445,2,1,0.022500798,0.7568582,0.22064099
3446,0,0,0.98573965,0.0142574655,2.880867e-06
3447,1,0,0.88576907,0.11418785,4.310574e-05
3448,1,1,0.0091054505,0.6531957,0.3376989
3449,0,0,0.9762265,0.023769828,3.6380577e-06
3450,1,0,0.507351,0.49003702,0.0026119726
3451,1,1,0.17117491,0.8025746,0.026250523
3452,1,1,0.030343682,0.78666055,0.18299583
3453,1,1,0.042114876,0.7918949,0.16599019
3454,2,2,0.0012018064,0.4304807,0.5683175
3455,1,1,0.0579185,0.8393669,0.10271452
3456,1,1,0.022659285,0.76550454,0.2118361
3457,0,0,0.62670463,0.37227836,0.0010170067
3458,2,2,0.00082613673,0.37488765,0.62428623
3459,0,0,0.9897058,0.010292705,1.3950632e-06
3460,1,1,0.15930368,0.80062735,0.040069032
3461,2,2,9.229971e-05,0.20375913,0.79614854
3462,1,1,0.13561773,0.8108106,0.05357169
3463,0,1,0.29885787,0.68766475,0.013477339
3464,0,0,0.84564877,0.15427165,7.96009e-05
3465,1,1,0.0029207843,0.520164,0.47691518
3466,1,0,0.88399327,0.115954675,5.2071653e-05
3467,2,1,0.0027376807,0.51809907,0.4791633
3468,1,0,0.5507994,0.44721413,0.001986493
3469,0,0,0.9824953,0.017502049,2.587333e-06
3470,1,1,0.25504872,0.72909325,0.01585804
3471,0,0,0.9999702,1.4944842e-05,1.4944842e-05
3472,0,0,0.96832275,0.03167179,5.473875e-06
3473,0,0,0.9713669,0.028628385,4.7790236e-06
3474,0,0,0.999985,1.4945063e-05,1.7551224e-07
3475,1,2,0.0012083432,0.4020362,0.59675545
3476,1,1,0.004611561,0.6060962,0.38929224
3477,0,0,0.98839116,0.011607296,1.4933996e-06
3478,0,0,0.981577,0.01842053,2.4114995e-06
3479,0,0,0.998728,0.0012710134,9.2807034e-07
3480,1,1,0.068458825,0.82679087,0.10475033
3481,0,0,0.7322009,0.26749754,0.00030147014
3482,1,1,0.089977175,0.8231163,0.086906575
3483,0,0,0.95271903,0.047268655,1.23923e-05
3484,1,1,0.0059120147,0.5949823,0.39910564
3485,2,2,9.6769345e-06,0.05133529,0.948655
3486,0,0,0.99664587,0.003353323,8.0603604e-07
3487,0,1,0.058200978,0.8146764,0.12712263
3488,1,1,0.25253722,0.72820777,0.019255059
3489,1,1,0.0028664605,0.53313386,0.46399963
3490,2,2,0.0004926555,0.30096242,0.6985449
3491,1,2,0.0025452883,0.49439824,0.50305647
3492,0,0,0.5724175,0.4261237,0.0014588468
3493,0,0,0.9934204,0.0065784054,1.2187156e-06
3494,1,0,0.5115055,0.48554653,0.0029479451
3495,1,1,0.32357305,0.6650824,0.011344473
3496,1,1,0.005405432,0.60766685,0.38692772
3497,0,0,0.99999833,1.619627e-06,1.902004e-08
3498,1,1,0.3781542,0.6148714,0.006974399
3499,1,1,0.42504644,0.5709705,0.0039830958
3500,0,0,0.537662,0.4598867,0.0024512673
3501,2,1,0.014863357,0.7044421,0.2806946
3502,0,0,0.9276939,0.07228514,2.1031312e-05
3503,0,1,0.15715457,0.8036586,0.039186843
3504,1,1,0.0675175,0.83693635,0.095546104
3505,0,0,0.9404814,0.05949993,1.8556371e-05
3506,1,1,0.08488812,0.8324058,0.08270602
3507,2,1,0.0050796797,0.566111,0.42880937
3508,1,1,0.46784768,0.5283034,0.0038489318
3509,0,0,0.98336834,0.016628575,3.0806093e-06
3510,1,1,0.067528896,0.8226704,0.10980067
3511,0,0,0.9265252,0.073458396,1.647257e-05
3512,2,2,1.755069e-07,4.5397865e-05,0.99995446
3513,1,1,0.01325112,0.6805383,0.3062106
3514,0,0,0.9774047,0.02259073,4.486124e-06
3515,0,0,0.9672408,0.032754187,4.9268647e-06
3516,0,0,0.79179394,0.20799117,0.00021491684
3517,0,0,0.87093663,0.12900445,5.8946476e-05
3518,0,0,0.99446326,0.005535771,9.241038e-07
3519,0,1,0.20578091,0.7698968,0.024322342
3520,0,0,0.8190336,0.18085732,0.00010910042
3521,0,0,0.8363359,0.16354464,0.000119416654
3522,1,2,0.0023241346,0.4966728,0.501003
3523,1,1,0.09634404,0.8294007,0.07425527
3524,2,2,2.092255e-05,0.07708265,0.92289644
3525,1,1,0.06484666,0.8250368,0.110116534
3526,0,0,0.9995808,0.00041876297,5.329373e-07
3527,1,1,0.29161605,0.69470936,0.013674625
3528,1,1,0.030733835,0.81072897,0.15853718
3529,1,1,0.019528184,0.76795703,0.21251476
3530,0,0,0.98777777,0.012220271,2.0399686e-06
3531,0,0,0.7488641,0.25083807,0.00029780864
3532,1,1,0.021489799,0.7516465,0.22686364
3533,2,2,0.00011203926,0.17326882,0.82661915
3534,1,1,0.01430561,0.72361755,0.26207685
3535,2,2,0.00012136281,0.21378867,0.78608996
3536,1,1,0.33384678,0.6570535,0.009099792
3537,0,0,0.8803886,0.11956208,4.922747e-05
3538,0,0,0.84106076,0.15885584,8.340174e-05
3539,2,2,3.058287e-07,0.0002403092,0.9997594
3540,2,1,0.0059860814,0.59078425,0.4032297
3541,1,0,0.6627188,0.3367252,0.0005560023
3542,0,0,0.9625423,0.037451632,6.0385646e-06
3543,0,0,0.9999541,4.5397846e-05,5.331445e-07
3544,2,2,1.5497744e-05,0.06560382,0.93438065
3545,1,1,0.29479432,0.6901937,0.015011961
3546,1,1,0.016591854,0.7430208,0.24038738
3547,1,1,0.004652326,0.59573627,0.39961135
3548,1,1,0.103671476,0.8471872,0.049141277
3549,2,1,0.021025633,0.7780986,0.20087579
3550,2,2,4.6493667e-05,0.13907783,0.8608757
3551,1,1,0.05715981,0.8283721,0.114468016
3552,1,1,0.014955588,0.7181029,0.26694146
3553,2,2,0.0016688575,0.443074,0.55525714
3554,1,2,0.0016042312,0.44096446,0.55743134
3555,1,0,0.9424006,0.057586696,1.2691177e-05
3556,1,1,0.091030926,0.8400163,0.068952754
3557,1,1,0.18165988,0.7809176,0.037422605
3558,1,1,0.15223421,0.80600256,0.041763272
3559,1,1,0.43538108,0.5600118,0.004607155
3560,1,1,0.22963226,0.7477246,0.022643117
3561,0,1,0.090105206,0.831474,0.07842079
3562,1,0,0.7218577,0.27781817,0.00032416408
3563,1,1,0.016632793,0.7614017,0.2219655
3564,0,0,0.8958953,0.104068086,3.664994e-05
3565,0,1,0.2782442,0.70438033,0.017375506
3566,2,1,0.007867282,0.63042456,0.36170822
3567,0,0,0.6930646,0.30647948,0.00045599832
3568,0,0,0.77104604,0.22871353,0.00024046785
3569,1,1,0.051345892,0.818671,0.12998308
3570,0,0,0.99986196,0.00013789424,1.754853e-07
3571,2,1,0.067298375,0.8270101,0.10569157
3572,0,0,0.7585599,0.24119091,0.00024922198
3573,0,0,0.98622,0.013777633,2.340221e-06
3574,1,1,0.30773005,0.6809534,0.01131661
3575,2,2,0.0004268778,0.2919319,0.70764124
3576,0,0,0.9998604,0.00013789402,1.6194037e-06
3577,2,2,0.0016044711,0.48944905,0.5089465
3578,1,1,0.060495503,0.83221984,0.10728464
3579,2,1,0.013577587,0.7018593,0.28456315
3580,1,1,0.042732053,0.8318892,0.12537865
3581,2,2,0.0016020302,0.46998248,0.5284155
3582,0,0,0.64662147,0.35217288,0.001205674
3583,0,0,0.9911814,0.008816943,1.6053132e-06
3584,0,0,0.95272213,0.04726881,9.06643e-06
3585,1,0,0.7286852,0.27087525,0.00043957238
3586,0,0,0.5073625,0.49004805,0.0025894556
3587,1,1,0.014971627,0.73464406,0.25038436
3588,2,2,6.064556e-06,0.03330865,0.9666853
3589,1,1,0.42908368,0.56647325,0.004443042
3590,0,0,0.99927,0.0007296456,3.05679e-07
3591,0,0,0.9178095,0.082170404,2.0097152e-05
3592,2,2,3.522183e-06,0.021468878,0.9785276
3593,0,0,0.99652773,0.0034713885,8.200535e-07
3594,1,1,0.04300758,0.815731,0.14126146
3595,2,2,4.0362698e-07,0.0005527784,0.9994468
3596,0,0,0.9992699,0.0007296455,5.3277154e-07
3597,2,2,1.8301562e-05,0.10407004,0.89591163
3598,1,1,0.10918373,0.83237433,0.058441836
3599,0,0,0.999985,1.4945063e-05,1.7551224e-07
3600,0,0,0.99986196,0.00013789424,1.7549065e-07
3601,0,0,0.6966623,0.30276817,0.0005694558
3602,0,0,0.74894756,0.250866,0.00018638484
3603,1,1,0.043518703,0.82542574,0.1310556
3604,0,1,0.44015482,0.5564078,0.003437334
3605,1,0,0.8523253,0.14759849,7.615773e-05
3606,1,1,0.021364288,0.8185659,0.16006973
3607,2,2,4.037221e-07,0.0003172327,0.9996824
3608,1,1,0.28801984,0.70138544,0.010594649
3609,0,0,0.91648215,0.0834885,2.940235e-05
3610,1,1,0.113999486,0.8249811,0.061019525
3611,1,0,0.711329,0.28840253,0.00026852544
3612,2,2,0.0007451436,0.36323795,0.63601696
3613,0,0,0.9191073,0.08087034,2.233507e-05
3614,0,0,0.76805544,0.23181634,0.00012821406
3615,2,2,4.8931397e-06,0.03937513,0.9606199
3616,1,0,0.54669875,0.45165813,0.0016431349
3617,0,0,0.9995808,0.00041876934,5.329373e-07
3618,0,0,0.9995808,0.00041876617,5.3293326e-07
3619,0,0,0.9619071,0.038082357,1.05177205e-05
3620,0,0,0.99999833,1.619627e-06,1.902004e-08
3621,1,1,0.2536208,0.7250115,0.021367727
3622,2,1,0.42932382,0.5667903,0.0038858824
3623,0,0,0.8587556,0.14116494,7.9443416e-05
3624,2,2,4.9905157e-05,0.09181089,0.90813917
3625,2,1,0.0042831353,0.558066,0.43765092
3626,2,1,0.007501646,0.634639,0.35785928
3627,0,0,0.86698985,0.1329572,5.2874486e-05
3628,1,1,0.18183479,0.7816695,0.036495753
3629,2,2,4.0362698e-07,0.0005527784,0.9994468
3630,0,0,0.9995808,0.00041876297,5.3292916e-07
3631,2,2,0.00029935755,0.27263108,0.72706956
3632,1,0,0.8822135,0.11774782,3.8685583e-05
3633,1,1,0.0037503631,0.52835566,0.467894
3634,0,0,0.9944153,0.0055837627,9.160728e-07
3635,0,0,0.714802,0.28482267,0.00037528205
3636,0,0,0.82412314,0.17577082,0.000106032036
3637,0,0,0.87479377,0.12515382,5.243216e-05
3638,0,0,0.60190135,0.3967979,0.0013007498
3639,1,0,0.6468455,0.3522948,0.00085971283
3640,0,1,0.42465475,0.57044417,0.004901154
3641,2,1,0.022532467,0.74165255,0.235815
3642,0,0,0.8241371,0.17577378,8.91346e-05
3643,0,0,0.9959953,0.0040038214,8.3759693e-07
3644,1,1,0.108132936,0.8388,0.05306703
3645,1,1,0.42867288,0.5659309,0.005396194
3646,2,1,0.14011893,0.80913335,0.050747715
3647,1,1,0.397544,0.59709185,0.0053642155
3648,2,1,0.19097354,0.77929145,0.029735032
3649,0,1,0.3597383,0.63417536,0.006086408
3650,2,2,6.1047143e-07,0.0034713892,0.99652797
3651,1,0,0.9939638,0.006034746,1.475972e-06
3652,0,0,0.59787637,0.4010469,0.0010767415
3653,2,2,0.00045669073,0.29327047,0.70627284
3654,1,1,0.23055539,0.74424195,0.025202652
3655,2,2,0.00032329143,0.27348596,0.7261908
3656,1,1,0.035641983,0.7972462,0.16711184
3657,1,1,0.009648317,0.6528378,0.3375139
3658,0,0,0.61429226,0.38441437,0.0012934023
3659,0,0,0.99497604,0.0050233146,7.003367e-07
3660,0,0,0.864975,0.13497125,5.3675456e-05
3661,1,0,0.8215794,0.17829703,0.00012358137
3662,0,0,0.8958975,0.10406837,3.4191246e-05
3663,0,0,0.87480104,0.12515488,4.4076103e-05
3664,0,0,0.95349514,0.046492968,1.1979146e-05
3665,2,2,8.764149e-06,0.046493106,0.9534982
3666,2,2,6.71427e-06,0.035618626,0.96437466
3667,1,2,4.0391114e-06,0.023370257,0.9766257
3668,0,0,0.77103275,0.22870958,0.0002577561
3669,2,2,0.0005230272,0.29550442,0.7039726
3670,0,1,0.36738855,0.62454224,0.008069249
3671,1,1,0.0069880346,0.6603767,0.33263525
3672,1,1,0.41026875,0.5856458,0.004085473
3673,1,1,0.011249922,0.6855802,0.30316985
3674,0,0,0.99190795,0.008089788,2.1958112e-06
3675,2,2,3.7085436e-05,0.10902533,0.8909376
3676,0,0,0.98392695,0.016070232,2.7774363e-06
3677,0,0,0.97184575,0.028149521,4.781379e-06
3678,0,0,0.97038394,0.029609894,6.087759e-06
3679,0,0,0.99975926,0.000240311,5.330284e-07
3680,0,0,0.9905503,0.009444976,4.7070967e-06
3681,0,0,0.81905746,0.18086262,7.982198e-05
3682,1,0,0.75852406,0.2411794,0.00029645857
3683,0,0,0.9802776,0.019719057,3.4080708e-06
3684,0,0,0.937501,0.062482364,1.6667707e-05
3685,2,2,3.054235e-07,0.0015649514,0.9984347
3686,0,0,0.79182833,0.20800015,0.00017150285
3687,1,1,0.014917681,0.7009058,0.2841766
3688,1,1,0.38230214,0.6109171,0.0067807855
3689,1,1,0.3657507,0.6264985,0.007750716
3690,1,0,0.92165285,0.078326896,2.018131e-05
3691,1,1,0.012281853,0.6992485,0.28846958
3692,1,1,0.394753,0.5987996,0.0064474
3693,0,0,0.9999541,4.5397846e-05,5.331445e-07
3694,0,1,0.36442667,0.62967277,0.0059006438
3695,0,0,0.8689807,0.13096888,5.030636e-05
3696,1,1,0.009333093,0.64527565,0.34539118
3697,1,2,0.00015296585,0.20234215,0.7975049
3698,0,0,0.9917687,0.008230304,9.215999e-07
3699,1,1,0.040501893,0.80927634,0.15022175
3700,0,0,0.9939644,0.0060347496,8.3226894e-07
3701,2,2,0.0006555593,0.32516432,0.6741801
3702,2,2,8.051799e-07,0.0044109495,0.9955883
3703,1,1,0.014032089,0.6763241,0.30964375
3704,1,2,0.00018322706,0.19679013,0.8030266
3705,1,1,0.014844609,0.7411681,0.24398726
3706,0,0,0.999985,1.4945063e-05,1.7551224e-07
3707,1,1,0.32424474,0.66908973,0.006665533
3708,0,0,0.99999833,1.6195281e-06,1.902004e-08
3709,1,1,0.052225582,0.8255002,0.122274324
3710,1,0,0.56626225,0.43266347,0.0010743288
3711,1,1,0.26992583,0.71363354,0.016440585
3712,0,1,0.22905348,0.74584,0.025106493
3713,0,0,0.9911815,0.008816944,1.5505312e-06
3714,0,1,0.064969786,0.8266034,0.10842677
3715,1,1,0.3465662,0.6474709,0.0059630005
3716,2,2,1.2740399e-05,0.053931683,0.9460556
3717,2,2,1.52010925e-05,0.083489716,0.9164951
3718,2,2,3.5068304e-05,0.11244442,0.88752055
3719,2,1,0.0077476236,0.6712835,0.32096896
3720,2,2,9.284052e-05,0.17079929,0.8291078
3721,0,0,0.9841999,0.015798016,2.1043968e-06
3722,0,0,0.9974572,0.0025420908,7.020838e-07
3723,2,1,0.031219136,0.7616414,0.20713949
3724,1,1,0.041194577,0.79502696,0.1637785
3725,1,1,0.063299954,0.8194623,0.11723776
3726,0,0,0.99986196,0.00013789424,1.7549065e-07
3727,2,2,0.00012495824,0.1834406,0.8164345
3728,0,0,0.99998343,1.4945041e-05,1.6196029e-06
3729,2,2,2.1071648e-06,0.01450355,0.9854944
3730,0,0,0.999985,1.4945063e-05,1.7550688e-07
3731,0,0,0.9995808,0.00041876617,5.329414e-07
3732,0,0,0.9970795,0.0029197456,8.0638745e-07
3733,0,1,0.20423448,0.77077305,0.024992462
3734,0,0,0.95719564,0.04279276,1.1615245e-05
3735,2,2,6.1677923e-07,0.0018772981,0.99812204
3736,1,1,0.42385545,0.56937045,0.006774108
3737,0,0,0.95113117,0.0488572,1.1541654e-05
3738,2,2,7.625573e-05,0.16119054,0.83873326
3739,0,1,0.338986,0.6521377,0.008876264
3740,1,0,0.73217666,0.26748878,0.00033455616
3741,0,1,0.41754133,0.5781911,0.004267593
3742,0,1,0.31837192,0.67165715,0.009970974
3743,0,0,0.758528,0.24118069,0.00029135775
3744,2,2,6.0771887e-05,0.1476008,0.8523384
3745,0,0,0.9990361,0.00096304814,9.283566e-07
3746,1,1,0.0663162,0.822045,0.11163867
3747,2,2,4.3619366e-06,0.0160702,0.98392546
3748,0,0,0.7076305,0.29192752,0.00044195366
3749,0,1,0.41208687,0.58315694,0.0047561033
3750,1,1,0.29697186,0.68928254,0.013745626
3751,1,1,0.030431531,0.778732,0.19083644
3752,0,0,0.9992699,0.0007296455,5.3277154e-07
3753,0,0,0.87093925,0.12900484,5.595506e-05
3754,0,0,0.6346517,0.36413366,0.0012145771
3755,0,1,0.39881822,0.5945539,0.0066278717
3756,0,1,0.3567728,0.63271236,0.010514903
3757,0,0,0.98365027,0.016347062,2.6819007e-06
3758,1,1,0.005115252,0.6057895,0.38909522
3759,2,2,2.2848862e-05,0.0918134,0.9081638
3760,0,0,0.937501,0.062482364,1.6667707e-05
3761,0,0,0.6102742,0.38858792,0.0011379018
3762,1,1,0.056450404,0.8180913,0.12545833
3763,1,1,0.024412222,0.74637115,0.2292166
3764,0,0,0.9997596,0.00024030925,1.7547e-07
3765,1,0,0.8785469,0.121401444,5.1750834e-05
3766,1,0,0.6818636,0.31764704,0.0004893126
3767,0,0,0.9451629,0.054824363,1.2728377e-05
3768,2,2,7.4377516e-05,0.16752377,0.8324019
3769,0,0,0.9688514,0.031143678,4.9350683e-06
3770,1,1,0.4245051,0.5702432,0.005251758
3771,2,2,0.000343633,0.2795575,0.7200989
3772,2,2,0.0004192109,0.3046491,0.6949317
3773,2,2,9.899039e-07,0.0061929836,0.993806
3774,2,2,1.77581e-06,0.012012479,0.9879858
3775,0,0,0.9625365,0.03745139,1.2092725e-05
3776,2,1,0.04624166,0.83256066,0.12119766
3777,2,1,0.022206463,0.76003885,0.21775478
3778,0,0,0.99986196,0.00013789424,1.7549065e-07
3779,2,2,1.6193544e-06,0.00013789194,0.9998605
3780,1,0,0.5422317,0.45581278,0.0019555928
3781,1,1,0.3933395,0.6018573,0.004803241
3782,0,0,0.7553219,0.24436712,0.00031098977
3783,0,0,0.9299922,0.06999126,1.6534208e-05
3784,2,1,0.027805962,0.7727096,0.1994845
3785,0,0,0.9311144,0.06886964,1.5989226e-05
3786,1,2,0.0008522922,0.37436965,0.6247781
3787,0,0,0.97038627,0.029609965,3.7440645e-06
3788,0,0,0.7217933,0.27779332,0.00041331744
3789,2,2,0.000103564154,0.18085828,0.8190381
3790,2,2,3.6199513e-06,0.028628414,0.9713679
3791,0,1,0.2917186,0.6949537,0.013327797
3792,2,2,2.3299426e-06,0.018109242,0.9818885
3793,2,2,8.727362e-06,0.05049641,0.9494949
3794,1,2,6.0611015e-05,0.13497032,0.864969
3795,0,0,0.9666825,0.033308562,8.885343e-06
3796,0,0,0.8030479,0.19679534,0.00015672657
3797,0,1,0.3610805,0.62933046,0.009589117
3798,1,1,0.02000558,0.7435698,0.23642461
3799,1,1,0.00913797,0.6684577,0.3224043
3800,2,1,0.055653077,0.82066065,0.123686306
3801,0,0,0.9970798,0.0029197466,5.3160284e-07
3802,1,1,0.15573107,0.8103257,0.033943348
3803,1,1,0.004273527,0.5194584,0.47626808
3804,2,2,0.0003566885,0.3083579,0.6912854
3805,0,0,0.9958365,0.004162654,8.1240205e-07
3806,1,1,0.06265717,0.84712195,0.09022093
3807,2,2,1.6195535e-06,1.4945041e-05,0.99998343
3808,0,0,0.99986196,0.00013789214,1.7548797e-07
3809,1,1,0.14913867,0.8034414,0.047419954
3810,0,0,0.8857715,0.114188194,4.0213967e-05
3811,0,0,0.99999833,1.6195281e-06,1.902004e-08
3812,2,2,6.8840277e-06,0.04497792,0.9550152
3813,1,0,0.7679883,0.23179595,0.00021582024
3814,0,0,0.9921827,0.007815877,1.3985559e-06
3815,0,0,0.99523973,0.004759304,9.913321e-07
3816,1,1,0.22089323,0.75772345,0.021383295
3817,1,1,0.038918633,0.8192163,0.14186502
3818,0,1,0.25256878,0.7282987,0.019132497
3819,1,0,0.78883296,0.21084224,0.0003247873
3820,0,0,0.9945462,0.0054527665,1.0993984e-06
3821,2,2,0.00078028534,0.35331348,0.64590627
3822,1,1,0.041058425,0.82754886,0.13139269
3823,2,2,6.7093424e-05,0.15202206,0.8479108
3824,0,0,0.9952703,0.004728566,1.0626542e-06
3825,0,0,0.99353313,0.0064659184,8.9173267e-07
3826,1,1,0.0032820879,0.52213407,0.47458383
3827,1,1,0.10777461,0.8360206,0.05620471
3828,2,1,0.0030246913,0.51578933,0.48118603
3829,2,1,0.014007604,0.72881746,0.25717494
3830,1,1,0.07993015,0.8328913,0.08717859
3831,0,0,0.7183705,0.28131786,0.00031158898
3832,0,1,0.112434335,0.82790405,0.059661616
3833,0,0,0.50273246,0.49407986,0.0031876827
3834,0,0,0.6103949,0.3886648,0.00094026973
3835,2,2,0.00014948951,0.22720663,0.7726439
3836,0,1,0.41975504,0.57373714,0.006507819
3837,0,0,0.9585966,0.0413929,1.04815335e-05
3838,0,1,0.1796026,0.79935265,0.021044716
3839,1,1,0.42841914,0.5655958,0.0059850733
3840,1,1,0.0048043225,0.5789308,0.4162649
3841,0,0,0.852323,0.14759813,7.884833e-05
3842,2,1,0.0025801435,0.54189235,0.4555275
3843,0,0,0.99903667,0.0009630487,4.034613e-07
3844,2,1,0.004958229,0.6079401,0.38710168
3845,1,0,0.7975296,0.2023484,0.000122064775
3846,0,0,0.542213,0.45579723,0.001989772
3847,0,1,0.39033455,0.60246634,0.007199045
3848,0,0,0.6588006,0.34059653,0.0006028377
3849,2,2,0.00013585202,0.18605337,0.8138108
3850,0,0,0.9972747,0.0027243982,9.93359e-07
3851,2,1,0.09031517,0.84067774,0.06900703
3852,1,1,0.49415338,0.5028071,0.003039521
3853,0,0,0.98668367,0.013313701,2.5983627e-06
3854,0,0,0.99995446,4.5397865e-05,1.755069e-07
3855,0,0,0.7218696,0.27782276,0.00030771768
3856,1,1,0.17797825,0.79212326,0.029898467
3857,1,0,0.87854916,0.121401735,4.9124614e-05
3858,0,0,0.94048375,0.05950009,1.6150118e-05
3859,2,2,5.2755346e-05,0.14979969,0.85014755
3860,2,2,0.000395826,0.28393367,0.7156705
3861,0,0,0.6508933,0.34839818,0.000708524
3862,2,2,0.0004137938,0.2955367,0.70404947
3863,0,0,0.99986196,0.00013789424,1.754853e-07
3864,0,0,0.98219436,0.0178031,2.4982735e-06
3865,0,0,0.92999107,0.06999119,1.7723209e-05
3866,1,1,0.15866664,0.7974259,0.04390741
3867,1,0,0.992183,0.00781588,1.0593578e-06
3868,0,0,0.6143954,0.38447878,0.001125869
3869,2,2,5.3010313e-06,0.029115124,0.97087955
3870,2,2,0.000102414,0.17577147,0.82412606
3871,0,0,0.9992699,0.0007296455,5.3277154e-07
3872,0,0,0.9998616,0.0001378942,5.3309515e-07
3873,2,1,0.029523106,0.79242975,0.17804712
3874,1,0,0.9781601,0.021836653,3.2846551e-06
3875,0,0,0.999985,1.4945063e-05,1.7550688e-07
3876,1,0,0.90959144,0.090375,3.3529206e-05
3877,2,2,8.9064173e-07,0.007682397,0.9923167
3878,0,1,0.2942957,0.69202334,0.013681007
3879,0,0,0.9527204,0.04726874,1.0785336e-05
3880,1,1,0.07313161,0.831155,0.09571337
3881,0,0,0.9606171,0.039375007,7.956123e-06
3882,1,1,0.004031644,0.55820686,0.4377615
3883,2,2,2.3373009e-06,0.015008297,0.9849894
3884,2,1,0.084321424,0.826849,0.08882953
3885,0,0,0.9806106,0.019386254,3.1805096e-06
3886,0,0,0.9998616,0.0001378921,5.33087e-07
3887,0,1,0.06425861,0.8612649,0.07447661
3888,0,0,0.99986196,0.00013789214,1.7548797e-07
3889,0,1,0.4677679,0.52821314,0.0040189778
3890,2,2,0.0001711924,0.20943381,0.79039496
3891,1,1,0.3208017,0.6709338,0.008264499
3892,0,0,0.6313634,0.3679415,0.0006950457
3893,0,0,0.5720293,0.42583477,0.0021359522
3894,1,1,0.009141316,0.6833728,0.30748594
3895,1,1,0.061547887,0.8466972,0.09175492
3896,0,0,0.99986196,0.00013789424,1.754853e-07
3897,1,1,0.15734571,0.81165093,0.03100338
3898,0,0,0.7521503,0.24760258,0.0002471159
3899,2,2,1.5001032e-06,0.0071706907,0.99282783
3900,1,1,0.32434183,0.66666263,0.008995535
3901,2,2,1.7550687e-07,1.4945062e-05,0.99998486
3902,0,0,0.98279107,0.017205985,2.8722523e-06
3903,0,1,0.108365364,0.8261355,0.065499105
3904,1,1,0.03962589,0.7986758,0.16169834
3905,1,0,0.87668675,0.123265944,4.734758e-05
3906,0,0,0.9958003,0.0041987896,8.194549e-07
3907,0,0,0.5676629,0.42998475,0.002352353
3908,1,1,0.2016847,0.7677861,0.030529229
3909,0,0,0.9992699,0.0007296455,5.327675e-07
3910,0,0,0.72872674,0.27089068,0.00038259238
3911,0,0,0.99745685,0.0025420922,1.0649887e-06
3912,1,1,0.09853136,0.83363146,0.067837216
3913,2,2,0.00010635378,0.17326978,0.82662386
3914,2,1,0.018047094,0.7323503,0.2496026
3915,0,0,0.999985,1.4945063e-05,1.7550688e-07
3916,2,2,7.373266e-06,0.04572955,0.9542631
3917,1,1,0.05905944,0.8195479,0.12139267
3918,2,1,0.009591627,0.70469534,0.28571302
3919,1,1,0.08354913,0.8336239,0.08282701
3920,0,0,0.9404814,0.05949993,1.8556371e-05
3921,2,2,0.00036362372,0.3010013,0.6986351
3922,1,1,0.14978552,0.8069261,0.04328841
3923,1,2,2.1823756e-05,0.08618478,0.9137934
3924,1,1,0.065617725,0.83484703,0.0995353
3925,0,0,0.99999833,1.6195776e-06,1.902004e-08
3926,0,0,0.9913317,0.008666506,1.7818239e-06
3927,1,0,0.93437964,0.065603726,1.6612212e-05
3928,0,0,0.9992699,0.0007296455,5.3277154e-07
3929,2,2,0.0016368945,0.42710805,0.571255
3930,1,0,0.5549064,0.44279408,0.002299491
3931,1,2,0.0020036492,0.47519255,0.5228038
3932,0,0,0.98188746,0.01810922,3.4136676e-06
3933,0,0,0.92165154,0.07832675,2.1632552e-05
3934,1,0,0.62659687,0.37221435,0.0011887974
3935,0,0,0.99664575,0.0033533163,9.26131e-07
3936,1,1,0.11423731,0.8267026,0.059060104
3937,1,1,0.0041777063,0.55386174,0.44196054
3938,1,2,7.365352e-05,0.16119091,0.8387354
3939,2,2,1.6194039e-06,0.00013789404,0.9998605
3940,0,1,0.47448626,0.5220267,0.0034869867
3941,0,0,0.9216553,0.07832707,1.7564333e-05
3942,0,1,0.30111188,0.68686295,0.012025098
3943,2,2,1.1815719e-05,0.059500325,0.94048786
3944,2,1,0.1259929,0.82157665,0.052430525
3945,1,1,0.0044246335,0.5917123,0.40386313
3946,1,1,0.19642098,0.7741674,0.029411584
3947,2,2,0.0003290421,0.27956155,0.7201094
3948,0,0,0.99778605,0.002213171,7.02316e-07
3949,2,2,1.6081309e-05,0.06350716,0.9364768
3950,0,0,0.9999982,1.6196269e-06,1.7551457e-07
3951,1,1,0.06805816,0.8436383,0.08830348
3952,0,0,0.9995808,0.00041876297,5.329373e-07
3953,2,2,5.501774e-07,0.003295796,0.9967037
3954,0,1,0.04091245,0.83904785,0.12003979
3955,0,0,0.90370846,0.09624756,4.397876e-05
3956,2,2,9.4200374e-07,0.0037200947,0.99627894
3957,0,1,0.2704899,0.7151248,0.014385303
3958,0,0,0.999985,1.4945063e-05,1.7550688e-07
3959,0,0,0.9854946,0.0145035535,1.8339173e-06
3960,0,1,0.13051353,0.82201195,0.047474485
3961,0,0,0.6626092,0.33666953,0.00072127726
3962,1,1,0.0024374425,0.5031109,0.49445167
3963,0,0,0.9311144,0.06886962,1.598921e-05
3964,0,1,0.09520245,0.83392614,0.0708714
3965,0,0,0.9469371,0.053052835,1.0000688e-05
3966,0,0,0.99998343,1.4945041e-05,1.6195535e-06
3967,1,1,0.3316446,0.65840995,0.00994549
3968,1,1,0.14391759,0.8238863,0.03219609
3969,1,1,0.25250542,0.7281162,0.019378388
3970,1,1,0.14240912,0.8082044,0.049386453
3971,2,2,4.6014748e-06,0.031671822,0.9683235
3972,0,0,0.9999982,1.6195775e-06,1.7550921e-07
3973,1,1,0.22594315,0.74859655,0.025460387
3974,2,1,0.006084832,0.60314256,0.39077264
3975,2,2,0.0001482629,0.19955562,0.8002961
3976,2,2,1.6192131e-06,0.00024031255,0.99975806
3977,0,0,0.97959465,0.020401552,3.7795899e-06
3978,1,2,0.00055843475,0.33237752,0.6670641
3979,1,1,0.114263974,0.84137636,0.044359665
3980,0,0,0.999985,1.4944607e-05,1.7551224e-07
3981,1,2,0.0003012504,0.2743551,0.72534364
3982,0,0,0.9951696,0.0048291935,1.2208615e-06
3983,1,1,0.23624967,0.7430196,0.020730807
3984,2,2,7.2658986e-05,0.1432838,0.8566435
3985,0,0,0.8003133,0.1995599,0.0001268187
3986,0,0,0.9995809,0.0004187662,3.057741e-07
3987,2,2,5.329291e-07,0.0004187629,0.9995807
3988,0,1,0.06609464,0.83364666,0.100258745
3989,2,1,0.0053265425,0.61995506,0.37471846
3990,1,1,0.14239149,0.8222566,0.035351865
3991,2,2,5.5702945e-05,0.11774582,0.88219845
3992,1,0,0.8164271,0.18343897,0.00013394312
3993,1,1,0.055772454,0.8295911,0.1146365
3994,2,2,0.00046523157,0.2674538,0.732081
3995,0,0,0.9052132,0.094748504,3.8339516e-05
3996,2,1,0.008815551,0.670561,0.32062346
3997,1,1,0.04325928,0.8134138,0.14332698
3998,0,0,0.9414473,0.058535926,1.6737868e-05
3999,1,1,0.015611088,0.77102506,0.21336383
4000,1,1,0.39451027,0.5984314,0.0070583224
4001,1,1,0.0071810484,0.5983574,0.39446157
4002,0,0,0.999985,1.4945519e-05,1.7551224e-07
4003,2,2,8.478523e-06,0.044977847,0.9550137
4004,1,1,0.0069584423,0.61080784,0.3822337
4005,2,2,9.540936e-07,0.008301466,0.99169755
4006,0,0,0.78896123,0.21087652,0.00016220946
4007,1,1,0.07250232,0.824003,0.10349478
4008,1,1,0.037584014,0.7980208,0.1643952
4009,0,0,0.999985,1.4945063e-05,1.7550688e-07
4010,0,0,0.9677847,0.032208543,6.738012e-06
4011,2,2,1.6193544e-06,0.00013789194,0.9998605
4012,1,0,0.816397,0.18343225,0.00017078983
4013,1,1,0.0840327,0.8312019,0.08476533
4014,2,2,0.0012369367,0.40358946,0.5951736
4015,1,1,0.02307066,0.75936705,0.21756232
4016,0,0,0.99986196,0.00013789424,1.7549065e-07
4017,0,0,0.999985,1.4945063e-05,1.7551224e-07
4018,0,0,0.99500823,0.0049908776,8.625798e-07
4019,0,1,0.24198675,0.7350909,0.022922339
4020,1,2,0.0008909527,0.3682793,0.6308298
4021,1,0,0.6930046,0.306453,0.0005424057
4022,0,0,0.9995808,0.00041876297,5.329373e-07
4023,1,1,0.002131148,0.5054306,0.49243823
4024,0,0,0.94048476,0.059500143,1.5066652e-05
4025,1,1,0.041394047,0.8128669,0.14573905
4026,2,2,4.915886e-07,0.0030488682,0.9969506
4027,0,0,0.99998343,1.4945041e-05,1.6195535e-06
4028,2,2,1.2980895e-06,0.012865215,0.9871335
4029,0,0,0.9992699,0.0007296455,5.3277154e-07
4030,0,0,0.87480366,0.12515524,4.111924e-05
4031,1,2,0.00010028122,0.14979254,0.8501072
4032,2,2,4.1748094e-06,0.02500885,0.97498703
4033,2,2,0.00036329302,0.29555166,0.70408505
4034,0,0,0.9095935,0.0903752,3.1279862e-05
4035,2,1,0.008518086,0.6535829,0.3378991
4036,0,0,0.99999666,1.6195254e-06,1.6195254e-06
4037,1,1,0.38659543,0.60714495,0.0062595913
4038,2,2,1.6063428e-05,0.06454752,0.93543637
4039,1,0,0.70756465,0.29190037,0.00053490244
4040,1,1,0.0027177113,0.54181755,0.45546466
4041,1,1,0.005547682,0.57429165,0.42016074
4042,1,1,0.23018733,0.75075305,0.01905966
4043,2,2,2.1171587e-05,0.08217033,0.9178085
4044,0,1,0.32980788,0.660472,0.009720186
4045,2,2,0.0016260287,0.44309303,0.5552809
4046,1,1,0.4941727,0.502827,0.0030003185
4047,2,2,0.00011048372,0.18474707,0.81514245
4048,1,1,0.06638024,0.8228391,0.11078066
4049,2,2,2.3931989e-06,0.025869645,0.9741279
4050,2,2,0.002425157,0.47931343,0.5182614
4051,0,0,0.91101676,0.0889587,2.4568932e-05
4052,1,1,0.03762869,0.83441037,0.12796095
4053,0,0,0.99778616,0.0022131754,6.112428e-07
4054,0,1,0.49384525,0.50249386,0.0036608975
4055,0,0,0.99005413,0.009944951,9.2000664e-07
4056,1,1,0.19908641,0.7711676,0.029746074
4057,1,0,0.67047155,0.32903886,0.0004895635
4058,2,2,5.3086205e-07,0.0043090973,0.9956904
4059,0,0,0.8241185,0.17576985,0.00011170033
4060,0,0,0.54660875,0.45158377,0.001807469
4061,1,0,0.52294755,0.4753232,0.0017292284
4062,0,0,0.8587654,0.14116657,6.795233e-05
4063,0,0,0.99999666,1.6195254e-06,1.6195254e-06
4064,0,1,0.3698846,0.6226748,0.0074405214
4065,2,1,0.0068852077,0.6230232,0.3700916
4066,1,0,0.6103208,0.38861755,0.001061643
4067,1,2,0.00027067302,0.24437699,0.7553524
4068,1,1,0.38613716,0.6064253,0.0074375393
4069,2,2,2.1689331e-05,0.09181351,0.90816486
4070,2,2,4.9836985e-05,0.1390773,0.8608728
4071,0,0,0.9999851,1.4945065e-05,1.9019788e-08
4072,0,0,0.9999982,1.619528e-06,1.7550386e-07
4073,1,1,0.2544274,0.7273171,0.018255504
4074,1,2,0.00020486959,0.23179854,0.7679966
4075,0,0,0.8803718,0.11955977,6.846306e-05
4076,0,0,0.71469074,0.28477833,0.0005309904
4077,1,0,0.7218734,0.27782422,0.00030242305
4078,2,2,2.1729422e-06,0.018420542,0.98157734
4079,0,0,0.9983222,0.0016773024,5.322642e-07
4080,2,2,5.75508e-07,0.0016919019,0.99830747
4081,2,2,0.0002045247,0.2196644,0.7801311
4082,1,0,0.59774095,0.40095606,0.0013030206
4083,2,1,0.026694223,0.76802516,0.20528062
4084,0,0,0.9999982,1.6196269e-06,1.7551457e-07
4085,0,0,0.9980726,0.0019267335,6.114171e-07
4086,1,1,0.38613716,0.6064253,0.0074375393
4087,0,0,0.9333084,0.066676125,1.547996e-05
4088,1,1,0.07077052,0.8255415,0.10368805
4089,2,2,2.0068275e-05,0.0834893,0.9164907
4090,0,0,0.78608567,0.21378751,0.00012674558
4091,1,0,0.5291196,0.4685706,0.0023098597
4092,1,1,0.00489465,0.58726084,0.40784445
4093,2,2,0.00037074933,0.32051334,0.67911595
4094,1,0,0.84565324,0.15427247,7.4261014e-05
4095,1,1,0.19368272,0.77674365,0.029573573
4096,2,2,3.2634564e-06,0.028149564,0.9718472
4097,1,1,0.15527795,0.80796814,0.036753904
4098,0,0,0.5072183,0.48990875,0.002872924
4099,2,2,0.0003062495,0.27529973,0.724394
4100,1,1,0.14901489,0.8027747,0.048210356
4101,1,2,0.0022332196,0.47724405,0.5205227
4102,0,1,0.015149146,0.74093896,0.24391189
4103,0,0,0.75541234,0.24439639,0.00019128587
4104,1,1,0.005880892,0.58040273,0.41371635
4105,0,0,0.999985,1.4945063e-05,1.7551224e-07
4106,0,0,0.999985,1.4945063e-05,1.7550688e-07
4107,0,1,0.46378824,0.532891,0.003320754
4108,1,1,0.17342214,0.78877854,0.037799325
4109,0,0,0.96377146,0.036219727,8.8585775e-06
4110,2,1,0.015595604,0.71083033,0.27357405
4111,2,2,5.265711e-05,0.1214013,0.87854606
4112,0,0,0.9998604,0.00013789402,1.6194037e-06
4113,1,1,0.07294742,0.82906145,0.097991206
4114,2,2,0.0019143911,0.45798212,0.5401035
4115,0,0,0.56619555,0.4326124,0.0011921339
4116,0,0,0.9998616,0.0001378942,5.33087e-07
4117,0,0,0.55957943,0.4388379,0.0015826967
4118,0,0,0.9683207,0.03167173,7.4818845e-06
4119,1,1,0.01919978,0.75340563,0.22739464
4120,1,1,0.18069361,0.7903669,0.028939445
4121,0,0,0.5465738,0.45155492,0.0018712112
4122,1,1,0.10580212,0.8207198,0.07347807
4123,0,0,0.9921829,0.007815879,1.1756589e-06
4124,2,1,0.09776018,0.8415918,0.060647998
4125,0,1,0.2584859,0.7199247,0.021589395
4126,0,0,0.69666576,0.30276963,0.0005645366
4127,0,0,0.9998604,0.00013788982,1.6193543e-06
4128,1,0,0.502988,0.494331,0.0026810037
4129,1,1,0.0038870422,0.5476112,0.4485018
4130,0,0,0.73893034,0.2607435,0.00032611963
4131,0,0,0.7946823,0.20515709,0.0001605737
4132,2,2,8.076455e-07,0.0013622912,0.9986369
4133,0,0,0.85877967,0.14116883,5.147233e-05
4134,1,0,0.61868507,0.38049972,0.0008151784
4135,0,1,0.038402695,0.8154036,0.1461938
4136,2,1,0.19137911,0.7741966,0.034424264
4137,0,0,0.8629353,0.13701108,5.3548883e-05
4138,1,1,0.39881822,0.5945539,0.0066278717
4139,0,1,0.1575185,0.80551946,0.036961995
4140,0,0,0.82661754,0.17326844,0.00011400109
4141,2,1,0.006366499,0.63933253,0.35430098
4142,0,0,0.9995808,0.00041876297,5.329373e-07
4143,0,0,0.9781603,0.021836663,3.064297e-06
4144,0,0,0.9683232,0.03167181,4.932378e-06
4145,0,1,0.37599838,0.61669624,0.007305389
4146,0,0,0.99999833,1.619627e-06,1.902004e-08
4147,1,1,0.06346547,0.8359936,0.10054097
4148,1,1,0.015422396,0.72777164,0.25680596
4149,1,1,0.45824808,0.53873384,0.00301809
4150,2,2,1.26783925e-05,0.058536153,0.9414512
4151,0,0,0.999985,1.4945519e-05,1.7551224e-07
4152,0,1,0.18746488,0.7851565,0.02737864
4153,1,1,0.0858935,0.8496076,0.06449899
4154,0,0,0.58944815,0.40936342,0.0011883782
4155,1,1,0.05762945,0.82795954,0.11441104
4156,1,1,0.051959738,0.8141997,0.13384064
4157,0,0,0.9460538,0.053931564,1.4638653e-05
4158,2,2,0.00016280035,0.208002,0.7918352
4159,1,1,0.009370791,0.6452512,0.34537798
4160,1,1,0.30619732,0.6805089,0.01329375
4161,1,2,0.002352336,0.47718707,0.5204606
4162,0,0,0.9469357,0.053052742,1.1490744e-05
4163,0,0,0.9998616,0.0001378942,5.33087e-07
4164,0,0,0.9954608,0.0045384285,6.76767e-07
4165,0,0,0.70588374,0.2937457,0.00037059947
4166,1,0,0.60607404,0.39267182,0.0012541354
4167,0,0,0.99999666,1.6195748e-06,1.6195748e-06
4168,1,1,0.26477215,0.7184769,0.016750917
4169,0,1,0.14609551,0.8148556,0.03904896
4170,2,2,0.0010782301,0.36821026,0.6307115
4171,0,0,0.97498655,0.025008839,4.4750254e-06
4172,1,1,0.003234636,0.5861461,0.41061923
4173,1,2,0.001099112,0.38860303,0.6102979
4174,0,0,0.99986196,0.00013789424,1.7548797e-07
4175,0,0,0.999985,1.4945519e-05,1.7551224e-07
4176,1,2,0.0013986934,0.4303958,0.56820554
4177,2,2,0.0018584299,0.4704015,0.52774006
4178,1,1,0.39054582,0.60279256,0.0066616326
4179,0,1,0.041511927,0.83668935,0.12179869
4180,0,0,0.98027784,0.019719072,3.0709307e-06
4181,0,0,0.9999546,4.539787e-05,5.777545e-08
4182,0,0,0.9364745,0.063507006,1.8477313e-05
4183,0,0,0.9503192,0.049670383,1.0391015e-05
4184,1,1,0.1397882,0.82136035,0.038851492
4185,2,1,0.051574674,0.82231873,0.12610662
4186,2,2,0.00047359287,0.2734448,0.7260816
4187,1,1,0.03043956,0.78914595,0.18041448
4188,0,0,0.99986196,0.00013789424,1.7549065e-07
4189,1,1,0.06815107,0.83025,0.101598874
4190,1,1,0.13856994,0.81420213,0.04722797
4191,0,0,0.91780597,0.08217011,2.390735e-05
4192,1,1,0.04128866,0.8107976,0.14791378
4193,1,1,0.01111196,0.6982987,0.2905893
4194,2,2,0.00022339112,0.24519087,0.75458574
4195,0,0,0.6625879,0.3366589,0.0007532481
4196,0,0,0.9216486,0.07832653,2.4855657e-05
4197,2,2,6.927932e-05,0.15427326,0.8456575
4198,2,2,0.002002238,0.468715,0.5292827
4199,0,0,0.78895897,0.21087593,0.00016504982
4200,0,0,0.999985,1.4945519e-05,1.7551224e-07
4201,1,2,0.001300607,0.40722227,0.59147716
4202,0,0,0.99999666,1.6196243e-06,1.6196243e-06
4203,0,0,0.90372765,0.0962496,2.2737253e-05
4204,2,2,2.3253194e-06,0.020057485,0.9799401
4205,0,0,0.9992699,0.0007296455,5.3277154e-07
4206,0,0,0.9995796,0.00041876885,1.6189241e-06
4207,1,0,0.91910875,0.08087048,2.0836682e-05
4208,0,0,0.9343791,0.06560369,1.719913e-05
4209,2,2,1.4943004e-05,0.0001378922,0.9998472
4210,0,0,0.99903667,0.0009630487,4.034613e-07
4211,2,2,5.330324e-07,0.0002403128,0.99975914
4212,0,0,0.9151483,0.08482701,2.4680352e-05
4213,0,0,0.9732367,0.02675918,4.1673147e-06
4214,1,1,0.15499942,0.8065186,0.03848206
4215,0,0,0.98093814,0.01905895,2.9681257e-06
4216,0,0,0.71114415,0.28832757,0.0005283552
4217,0,0,0.9723173,0.02767846,4.310475e-06
4218,1,2,8.4147505e-05,0.1659393,0.8339765
4219,0,0,0.99872845,0.0012710189,5.324829e-07
4220,2,2,0.00054000656,0.36137015,0.6380899
4221,0,0,0.99986196,0.00013789424,1.7548797e-07
4222,2,2,0.00043302382,0.2691663,0.7304007
4223,2,1,0.44175792,0.5536078,0.0046342313
4224,1,1,0.25619745,0.72604734,0.017755188
4225,2,2,1.949261e-05,0.07832693,0.92165357
4226,1,1,0.013318626,0.71589875,0.27078265
4227,1,1,0.023404937,0.74408025,0.23251487
4228,0,0,0.6818139,0.31762388,0.00056217733
4229,1,1,0.008726686,0.6725013,0.31877202
4230,0,0,0.99231637,0.0076823905,1.175817e-06
4231,2,2,1.4079016e-06,0.0011858451,0.9988128
4232,0,0,0.9333094,0.06667618,1.4441453e-05
4233,0,1,0.21435605,0.76127875,0.02436528
4234,1,1,0.28457987,0.70190054,0.013519578
4235,1,1,0.39998278,0.59370744,0.006309874
4236,1,1,0.1265445,0.8251738,0.048281685
4237,2,1,0.0032144187,0.5113689,0.4854167
4238,2,2,0.0022544244,0.49021268,0.50753295
4239,1,0,0.9110116,0.0889582,3.0259522e-05
4240,0,0,0.9972748,0.0027243986,8.645447e-07
4241,2,2,1.9518924e-05,0.07708276,0.92289776
4242,1,2,0.00024463175,0.2616022,0.7381532
4243,1,1,0.010421138,0.6750882,0.31449065
4244,0,0,0.9534985,0.04649313,8.465072e-06
4245,0,0,0.9253348,0.07464878,1.6451406e-05
4246,1,0,0.57220614,0.42596638,0.0018275414
4247,0,0,0.829085,0.17079458,0.00012045456
4248,2,1,0.0034226596,0.60165787,0.3949195
4249,1,1,0.15655857,0.81463146,0.028809981
4250,2,2,2.0251691e-06,0.019386275,0.9806116
4251,1,1,0.23276885,0.744893,0.022338148
4252,1,0,0.8747878,0.12515299,5.9207134e-05
4253,1,0,0.8545136,0.1454306,5.5861237e-05
4254,1,1,0.009240418,0.63748336,0.35327622
4255,0,0,0.99998343,1.4945041e-05,1.6195535e-06
4256,1,1,0.2844245,0.70151746,0.014058087
4257,0,0,0.9110058,0.08895763,3.6626643e-05
4258,2,2,8.625798e-07,0.0049908776,0.99500823
4259,1,0,0.74222034,0.25739673,0.00038297006
4260,2,2,5.0980116e-06,0.033308685,0.9666862
4261,2,2,1.6189241e-06,0.00041876885,0.9995796
4262,0,0,0.99999833,1.6195281e-06,1.902004e-08
4263,2,2,2.4146088e-05,0.088958725,0.9110172
4264,2,1,0.0011616508,0.5102556,0.48858273
4265,2,1,0.01836955,0.74791676,0.23371373
4266,0,0,0.86085707,0.13907477,6.811784e-05
4267,2,2,0.0018815038,0.4579972,0.54012126
4268,1,1,0.026189163,0.77673763,0.19707315
4269,1,1,0.3453062,0.6451168,0.009576974
4270,0,0,0.99244773,0.0075511667,1.0596405e-06
4271,1,1,0.054078765,0.83281934,0.11310184
4272,2,2,1.6194039e-06,0.00013789404,0.9998605
4273,1,1,0.120678574,0.8147269,0.06459458
4274,0,0,0.89426965,0.10569847,3.183949e-05
4275,0,0,0.50716686,0.48985907,0.0029741274
4276,2,2,2.7659597e-05,0.107351266,0.89262104
4277,2,1,0.058021072,0.84085345,0.10112545
4278,2,2,0.00029011344,0.2574206,0.7422893
4279,1,0,0.75215024,0.24760263,0.0002471161
4280,0,0,0.7321451,0.26747712,0.00037777142
4281,0,0,0.99318874,0.006809249,2.0511452e-06
4282,2,2,2.5768866e-06,0.021468898,0.9785285
4283,0,0,0.9998616,0.0001378942,5.33087e-07
4284,0,1,0.476802,0.5200406,0.0031573717
4285,1,1,0.01634578,0.71028864,0.27336565
4286,0,0,0.9081623,0.09181325,2.4491948e-05
4287,1,1,0.45470852,0.54091805,0.0043734815
4288,2,2,4.8434636e-06,0.015530291,0.9844648
4289,1,0,0.9571989,0.04279291,8.20792e-06
4290,2,2,5.3293724e-07,0.00041876928,0.9995807
4291,2,2,1.3488092e-05,0.065603934,0.93438256
4292,2,1,0.0112222275,0.67454165,0.31423607
4293,0,0,0.7946846,0.20515762,0.00015781054
4294,0,0,0.9095831,0.09037419,4.2754007e-05
4295,0,0,0.88400257,0.115955874,4.1551622e-05
4296,2,2,7.336434e-06,0.05049648,0.9494962
4297,0,0,0.61854637,0.38041443,0.0010392334
4298,0,0,0.8030543,0.19679691,0.00014877388
4299,0,1,0.018885238,0.7475237,0.23359098
4300,1,1,0.006037954,0.5907534,0.40320864
4301,0,0,0.95648307,0.043509755,7.138217e-06
4302,0,0,0.99565214,0.004346497,1.3792904e-06
4303,0,0,0.9788889,0.021107165,3.9103156e-06
4304,0,1,0.34925586,0.6412656,0.009478574
4305,0,0,0.9998616,0.0001378942,5.330789e-07
4306,1,1,0.24044433,0.7431968,0.016358892
4307,0,0,0.99927,0.0007296456,3.05679e-07
4308,1,1,0.1014241,0.8433367,0.055239134
4309,0,0,0.74562085,0.25412554,0.00025362603
4310,1,1,0.00558673,0.5910216,0.40339163
4311,2,2,0.0006133886,0.34059295,0.6587936
4312,0,0,0.98713267,0.01286521,2.1106678e-06
4313,1,1,0.14228116,0.8216194,0.036099438
4314,0,0,0.98093694,0.019058932,4.056942e-06
4315,2,2,0.0013841366,0.41138154,0.5872343
4316,0,1,0.2476029,0.73840404,0.013993069
4317,1,1,0.4012046,0.59294194,0.0058535077
4318,1,1,0.033242073,0.80398464,0.1627732
4319,0,0,0.99218255,0.007815876,1.5520973e-06
4320,0,1,0.122669116,0.81391156,0.063419305
4321,0,0,0.90959626,0.0903755,2.8185608e-05
