row,y_true,y_pred,p_Low,p_Moderate,p_High
0,0,0,0.77076334,0.22850303,0.00073368545
1,0,0,0.9395373,0.0603996,6.310786e-05
2,0,1,0.2138831,0.7367508,0.049366135
3,0,0,0.9991391,0.00082092255,3.9994462e-05
4,0,0,0.99992,3.999151e-05,3.999151e-05
5,1,1,0.03689194,0.72963583,0.23347224
6,0,0,0.79492086,0.20455973,0.00051946356
7,2,2,3.9989067e-05,0.00010120038,0.99985886
8,2,2,3.999149e-05,0.0015053946,0.99845463
9,0,0,0.9382306,0.061714485,5.4963464e-05
10,1,1,0.010973999,0.59330714,0.39571887
11,0,0,0.97390616,0.026053835,3.9990904e-05
12,2,2,3.9991857e-05,0.008697825,0.9912622
13,0,0,0.9921653,0.00779471,3.9993814e-05
14,2,2,0.0016430124,0.34438184,0.6539752
15,0,1,0.22088644,0.7324829,0.046630666
16,2,2,0.0022832444,0.36925617,0.6284606
17,0,1,0.38241613,0.60240406,0.015179854
18,1,1,0.009709024,0.5816437,0.4086473
19,1,1,0.048695773,0.7548422,0.19646204
20,2,2,0.00012480532,0.08019805,0.91967714
21,0,0,0.99992,3.999151e-05,3.999151e-05
22,0,0,0.9999177,4.240521e-05,3.9991417e-05
23,0,0,0.970318,0.029641615,4.034898e-05
24,0,1,0.2568801,0.7050921,0.03802781
25,2,2,9.312603e-05,0.07356389,0.92634296
26,1,2,0.005368723,0.48542765,0.5092037
27,2,2,0.0020072898,0.37091482,0.62707794
28,0,0,0.97352153,0.026438486,3.9990136e-05
29,2,2,0.0015677089,0.35451907,0.64391327
30,0,0,0.9105065,0.08940728,8.627496e-05
31,0,0,0.9712599,0.028700126,3.9992505e-05
32,0,0,0.99389935,0.006060739,3.9992374e-05
33,0,0,0.6117604,0.38445485,0.0037847867
34,2,2,6.809984e-05,0.047058616,0.9528733
35,0,0,0.9956676,0.00429245,3.9994753e-05
36,0,0,0.87978834,0.12004355,0.00016806298
37,2,2,0.0025095923,0.35595337,0.6415371
38,2,1,0.011607712,0.6019582,0.38643405
39,1,0,0.61201787,0.38513613,0.0028460196
40,1,0,0.6854585,0.31264362,0.0018979305
41,1,1,0.019212304,0.6629901,0.3177976
42,0,0,0.56978774,0.42598236,0.004229982
43,0,0,0.57281625,0.4230221,0.0041616648
44,0,0,0.8193216,0.18029612,0.00038232442
45,2,2,0.0026700115,0.40341175,0.5939182
46,0,0,0.99406815,0.0058918707,3.99918e-05
47,1,1,0.08972429,0.7857908,0.1244849
48,0,0,0.9985921,0.0013679281,3.9994553e-05
49,0,0,0.74692106,0.252204,0.00087496283
50,2,2,5.0949227e-05,0.029881535,0.9700675
51,1,0,0.9207801,0.07913222,8.7678956e-05
52,0,0,0.99991995,4.003621e-05,3.999151e-05
53,0,0,0.939934,0.060012564,5.3439668e-05
54,0,0,0.99307424,0.006885787,3.9996008e-05
55,1,0,0.5294591,0.4646052,0.0059356485
56,1,1,0.21265528,0.73667264,0.050672114
57,0,0,0.7470826,0.25210604,0.00081140705
58,0,0,0.7046263,0.29423508,0.0011386321
59,0,0,0.87359995,0.12621418,0.00018586358
60,0,0,0.98246413,0.017495895,3.9996437e-05
61,1,1,0.3085024,0.66381156,0.027685992
62,2,2,0.0024466305,0.38567927,0.6118741
63,1,0,0.5415144,0.45319396,0.005291618
64,0,0,0.8113615,0.18809979,0.0005386798
65,1,1,0.05208621,0.7567811,0.19113266
66,0,1,0.30796972,0.66427946,0.027750835
67,1,1,0.017779037,0.6566867,0.32553422
68,1,1,0.16457327,0.7647356,0.070691176
69,0,0,0.91459286,0.08531366,9.344159e-05
70,2,2,0.0012458778,0.29642308,0.70233107
71,2,1,0.06138906,0.7647672,0.17384374
72,1,1,0.08526059,0.79030746,0.124431975
73,1,1,0.15565987,0.7720418,0.07229833
74,1,1,0.21816356,0.73514944,0.046686966
75,2,2,3.9989332e-05,0.0011322259,0.99882776
76,1,1,0.061940275,0.7701732,0.16788656
77,0,0,0.99099576,0.008964226,3.9993418e-05
78,0,1,0.14550547,0.77763706,0.07685753
79,0,1,0.40943208,0.57714003,0.013427935
80,2,2,0.00023619362,0.14498568,0.8547782
81,0,1,0.19238138,0.7517033,0.05591527
82,1,0,0.86239046,0.1373897,0.0002198909
83,0,1,0.47373828,0.51657647,0.009685305
84,2,2,3.9988743e-05,0.0001092896,0.99985075
85,1,1,0.047668032,0.75511515,0.19721678
86,1,1,0.3848529,0.59964895,0.0154981725
87,0,0,0.9967983,0.0031617465,3.9996048e-05
88,2,2,0.00014380713,0.09680659,0.9030496
89,0,1,0.07207926,0.7778125,0.15010825
90,0,0,0.9543495,0.04560528,4.5195942e-05
91,2,2,5.336223e-05,0.03222279,0.96772385
92,0,1,0.23691885,0.71867496,0.04440616
93,0,0,0.8736354,0.12618561,0.00017900349
94,0,0,0.64478356,0.35291165,0.0023047717
95,0,0,0.99983495,0.00012507422,3.998811e-05
96,1,1,0.49417415,0.49795943,0.007866366
97,1,1,0.453261,0.5370939,0.009645193
98,0,0,0.9951315,0.0048285094,3.9995284e-05
99,2,2,7.197418e-05,0.05534825,0.9445798
100,1,1,0.36878586,0.6135367,0.017677434
101,0,0,0.99642754,0.003532469,3.999586e-05
102,1,2,0.002707149,0.42396,0.5733329
103,2,2,9.9823315e-05,0.07747679,0.92242336
104,0,1,0.19538134,0.74923825,0.055380426
105,1,1,0.15110563,0.77436674,0.07452761
106,1,1,0.017769061,0.6478408,0.33439016
107,1,1,0.028809031,0.70614946,0.26504156
108,0,0,0.983468,0.016492024,3.999505e-05
109,0,0,0.98388875,0.016071253,3.9989827e-05
110,1,1,0.049509984,0.76243067,0.18805936
111,0,0,0.87069654,0.12910789,0.00019554014
112,2,2,0.0003825277,0.17482479,0.8247926
113,1,2,0.0018890052,0.3684487,0.62966233
114,0,0,0.99950814,0.00045189203,3.9992123e-05
115,1,2,0.00024434648,0.12218399,0.87757164
116,1,1,0.41386577,0.57369214,0.012442129
117,0,0,0.7807981,0.21854302,0.0006588966
118,0,0,0.54430413,0.4501592,0.00553668
119,0,0,0.99988276,7.730555e-05,3.999002e-05
120,0,0,0.971789,0.028171023,3.9996714e-05
121,1,0,0.5963934,0.39975286,0.003853784
122,0,0,0.9998126,0.00014747087,3.9987215e-05
123,2,1,0.016260322,0.6430307,0.340709
124,1,0,0.8571413,0.14264292,0.00021574608
125,0,0,0.86566466,0.13413252,0.00020285031
126,1,0,0.52125156,0.4723912,0.0063572396
127,0,1,0.24704163,0.71568817,0.03727023
128,0,0,0.99990815,5.186617e-05,3.999104e-05
129,2,1,0.012307483,0.6042615,0.38343105
130,1,1,0.20340334,0.74536896,0.051227733
131,1,1,0.46440434,0.5262674,0.009328268
132,1,1,0.33899894,0.64021987,0.020781236
133,1,1,0.22578119,0.7295886,0.044630244
134,1,2,0.0022852214,0.38315487,0.6145599
135,2,2,3.9986997e-05,0.0001528551,0.9998072
136,0,0,0.9370779,0.06286208,6.0040587e-05
137,1,1,0.030021423,0.71630377,0.25367483
138,0,0,0.99992,3.999151e-05,3.999151e-05
139,0,0,0.7957794,0.20366088,0.0005596952
140,0,0,0.7110294,0.28750116,0.0014694289
141,0,0,0.958861,0.04109531,4.374947e-05
142,0,0,0.9256289,0.07430124,6.988876e-05
143,0,0,0.9998243,0.0001357253,3.9987684e-05
144,2,1,0.074247085,0.78403366,0.1417193
145,0,0,0.6132391,0.3838699,0.0028910001
146,1,1,0.40325832,0.5828265,0.013915174
147,2,2,8.779916e-05,0.067840144,0.93207204
148,0,0,0.998042,0.0019180529,3.999207e-05
149,0,1,0.35963452,0.6217356,0.018629916
150,2,1,0.062616445,0.76348037,0.17390327
151,2,1,0.0073497384,0.54378164,0.44886863
152,1,1,0.013142249,0.61208624,0.37477154
153,1,1,0.037441436,0.7245858,0.2379728
154,2,2,0.00026137708,0.15272965,0.84700894
155,2,1,0.1033609,0.7854414,0.111197755
156,1,1,0.057038374,0.76147443,0.1814872
157,1,1,0.45128894,0.5384213,0.01028977
158,1,0,0.7528907,0.24621807,0.0008912238
159,2,2,4.6315337e-05,0.026299557,0.97365415
160,1,1,0.08990963,0.7818458,0.12824458
161,0,1,0.39967877,0.5862748,0.01404644
162,1,1,0.40057576,0.58427393,0.015150315
163,0,0,0.9981524,0.0018076543,3.998915e-05
164,0,0,0.8026674,0.19689867,0.0004339257
165,1,1,0.2562427,0.7067105,0.03704679
166,1,1,0.055171378,0.75731575,0.1875129
167,0,0,0.7292318,0.2696082,0.0011600124
168,2,1,0.18093872,0.75775117,0.061310094
169,0,0,0.99329364,0.006666421,3.9987637e-05
170,0,0,0.69995224,0.29849616,0.0015516053
171,1,0,0.5723498,0.42286742,0.004782851
172,0,0,0.9741504,0.0258095,4.0090275e-05
173,1,0,0.62553173,0.3713632,0.0031051182
174,2,2,0.0001564346,0.10011442,0.89972913
175,0,0,0.89679027,0.10308154,0.0001281945
176,1,1,0.020491686,0.66458356,0.31492478
177,0,0,0.5031473,0.48962668,0.0072260764
178,1,0,0.6561972,0.3413703,0.0024325491
179,0,0,0.8065028,0.19309592,0.0004012533
180,1,1,0.24881695,0.7126688,0.038514297
181,2,2,0.0030902096,0.417856,0.5790538
182,0,0,0.9996936,0.0002664139,3.998489e-05
183,2,1,0.06126437,0.7695929,0.16914275
184,0,0,0.99981356,0.00014645823,3.9987255e-05
185,0,0,0.9879496,0.012010448,3.9991173e-05
186,1,1,0.04998596,0.7522857,0.1977283
187,2,2,4.3588167e-05,0.019359086,0.9805974
188,2,1,0.01973732,0.64807594,0.3321868
189,0,0,0.989296,0.0106640225,3.999132e-05
190,2,1,0.032285552,0.7222814,0.24543305
191,2,2,3.9993545e-05,0.0015760125,0.998384
192,0,0,0.8216755,0.17795329,0.00037128592
193,2,1,0.011693111,0.58580625,0.40250066
194,1,1,0.122611955,0.7806532,0.09673489
195,0,0,0.9194216,0.08050244,7.594734e-05
196,1,1,0.11170773,0.78245187,0.105840415
197,0,1,0.41895837,0.5666702,0.014371463
198,0,0,0.96260107,0.03735423,4.4748987e-05
199,2,2,4.1189396e-05,0.014234735,0.9857241
200,1,2,0.0021705413,0.37612727,0.6217022
201,2,2,3.9994542e-05,0.0041145748,0.99584544
202,0,0,0.6263353,0.37080973,0.0028549994
203,0,0,0.6972607,0.30110997,0.0016293436
204,1,1,0.029691922,0.71541137,0.2548967
205,1,1,0.02017646,0.6743946,0.3054289
206,2,2,0.0033967001,0.43697634,0.55962694
207,0,0,0.6810689,0.3172493,0.0016818077
208,1,1,0.45529407,0.5338093,0.010896599
209,0,0,0.9998889,7.11525e-05,3.9990264e-05
210,1,1,0.0512681,0.7574843,0.19124764
211,1,1,0.0066477377,0.5187112,0.47464105
212,0,0,0.9998976,6.245914e-05,3.9990613e-05
213,1,1,0.081956595,0.77918655,0.1388569
214,1,1,0.12716082,0.7809094,0.09192982
215,1,1,0.00883512,0.5623336,0.42883128
216,0,0,0.6719616,0.32593986,0.0020985326
217,0,0,0.99987817,8.1864346e-05,3.9989838e-05
218,1,1,0.033615425,0.7223807,0.24400389
219,0,0,0.9580748,0.04188272,4.2473228e-05
220,2,2,0.0007528368,0.2517273,0.74751985
221,0,0,0.99635273,0.0036072803,3.9997758e-05
222,0,0,0.9879528,0.012007199,3.999625e-05
223,1,1,0.17627695,0.7589439,0.06477918
224,1,1,0.47158188,0.5195271,0.008891063
225,0,0,0.99254155,0.007418506,3.9994215e-05
226,1,1,0.2441282,0.7144457,0.041426077
227,2,2,4.0070572e-05,0.011402304,0.9885576
228,0,0,0.99968827,0.000271721,3.9987124e-05
229,1,1,0.009660684,0.57760894,0.41273046
230,2,2,6.661535e-05,0.05149646,0.9484369
231,1,0,0.78409314,0.21523315,0.0006735983
232,0,1,0.30851355,0.6650037,0.026482731
233,1,1,0.20961222,0.7420707,0.04831706
234,0,1,0.3839904,0.60000247,0.016007107
235,2,2,3.999188e-05,0.0029603448,0.9969997
236,2,2,7.982201e-05,0.06290144,0.93701875
237,1,2,0.00027770727,0.13505323,0.8646691
238,0,0,0.697027,0.30139893,0.0015740606
239,1,1,0.059377845,0.760469,0.18015318
240,0,0,0.71252906,0.28589162,0.0015793056
241,0,0,0.99156016,0.00839985,3.9994025e-05
242,0,0,0.99309844,0.0068615894,3.9994524e-05
243,1,0,0.7110214,0.28763843,0.0013401912
244,1,1,0.15515128,0.76934814,0.07550063
245,0,0,0.91690564,0.08301094,8.350169e-05
246,0,0,0.9410128,0.05892846,5.8772337e-05
247,0,0,0.88888747,0.11097452,0.00013802551
248,2,1,0.020293595,0.66330975,0.31639665
249,0,0,0.60815847,0.38840652,0.0034349968
250,1,0,0.6911491,0.3073037,0.0015472152
251,1,1,0.44481736,0.54467314,0.010509477
252,2,2,0.00018991149,0.10985001,0.88996005
253,0,0,0.9169728,0.08293787,8.9278634e-05
254,2,2,0.00024697813,0.13144252,0.8683106
255,0,0,0.9999185,4.1466545e-05,3.999145e-05
256,1,1,0.22080615,0.7314346,0.047759295
257,0,0,0.9936343,0.006325728,3.999153e-05
258,0,1,0.38536015,0.59931356,0.0153263435
259,2,2,0.0007282245,0.24636984,0.7529019
260,2,2,5.964546e-05,0.037122026,0.9628184
261,0,0,0.9269091,0.07301549,7.543147e-05
262,0,0,0.9999189,4.1176012e-05,3.9991464e-05
263,2,2,4.3210654e-05,0.02260234,0.97735447
264,0,0,0.90400803,0.095894724,9.730721e-05
265,0,0,0.7317175,0.26713043,0.001152078
266,1,1,0.2144523,0.7390231,0.04652465
267,2,2,0.000109971326,0.070133634,0.9297564
268,2,2,3.9988954e-05,0.000103904866,0.9998561
269,0,0,0.98572624,0.014233764,3.999506e-05
270,2,2,0.0049680066,0.47375637,0.52127564
271,1,1,0.006719865,0.51881194,0.47446817
272,0,1,0.08342098,0.7761959,0.1403831
273,0,0,0.9573972,0.042559527,4.3253596e-05
274,2,2,3.9991828e-05,0.011750369,0.98820966
275,0,0,0.998563,0.0013970468,3.9993385e-05
276,1,1,0.0062837703,0.51941144,0.4743048
277,0,0,0.9998897,7.038524e-05,3.9990297e-05
278,0,0,0.940513,0.059434272,5.272873e-05
279,2,2,4.0479787e-05,0.011294593,0.9886649
280,0,1,0.17601576,0.760272,0.06371221
281,2,2,3.9989987e-05,0.013382405,0.9865776
282,0,0,0.7339903,0.2650379,0.0009717724
283,1,1,0.4261142,0.5623969,0.011488959
284,0,0,0.8932433,0.106596075,0.00016061199
285,0,0,0.9762925,0.023667505,3.9993647e-05
286,1,0,0.9559959,0.04396047,4.3615455e-05
287,0,1,0.45088813,0.53908557,0.010026317
288,0,0,0.9649816,0.034977235,4.1150193e-05
289,1,1,0.4485615,0.54099613,0.010442395
290,0,0,0.70261717,0.29588607,0.0014967913
291,1,2,0.0039212033,0.45717385,0.5389049
292,1,1,0.24362957,0.7151885,0.04118195
293,1,1,0.011078171,0.59487295,0.39404887
294,1,1,0.036416166,0.7236412,0.23994263
295,2,1,0.0071437145,0.53334093,0.45951533
296,0,0,0.9818041,0.01815591,3.999442e-05
297,1,1,0.027251454,0.7093294,0.2634191
298,1,1,0.007751466,0.5369875,0.45526102
299,1,0,0.8141688,0.18535411,0.00047709898
300,0,0,0.9884057,0.011554306,3.9989874e-05
301,1,1,0.014929758,0.63651043,0.3485598
302,1,1,0.10070918,0.78235424,0.11693663
303,2,2,0.0010998406,0.29209122,0.7068089
304,0,0,0.9883772,0.01158277,3.9996128e-05
305,0,0,0.99519694,0.004763126,3.9993014e-05
306,0,0,0.9907199,0.009240099,3.99946e-05
307,0,0,0.99813354,0.0018264398,3.999574e-05
308,0,0,0.73781466,0.26120758,0.0009777783
309,1,1,0.09461787,0.78032094,0.12506118
310,1,1,0.16093072,0.76568377,0.07338551
311,2,2,3.9993265e-05,0.010616003,0.989344
312,1,2,0.0007966671,0.25182545,0.7473779
313,2,1,0.008349276,0.55428374,0.43736696
314,0,0,0.989597,0.010363006,3.999609e-05
315,1,1,0.053803835,0.7678957,0.1783005
316,0,0,0.9390938,0.06084858,5.7630907e-05
317,1,0,0.8157099,0.18390551,0.00038461326
318,0,0,0.89373124,0.106146485,0.00012220854
319,2,2,0.00013603375,0.09992768,0.8999363
320,1,2,0.0007576471,0.23282965,0.76641273
321,0,0,0.63234764,0.36503485,0.0026174826
322,0,0,0.7178393,0.28084224,0.0013184517
323,2,2,7.124566e-05,0.041062966,0.9588658
324,1,1,0.20360714,0.74221504,0.054177802
325,1,1,0.38833296,0.59594375,0.0157233
326,0,0,0.9999188,4.1198364e-05,3.9991464e-05
327,1,1,0.06642397,0.7664039,0.16717213
328,0,0,0.8106838,0.18884496,0.00047127367
329,0,0,0.99992,3.999151e-05,3.999151e-05
330,1,1,0.09290847,0.78013754,0.12695396
331,0,0,0.91152513,0.08838159,9.327632e-05
332,2,1,0.030568682,0.71493495,0.25449637
333,0,0,0.5920008,0.40413,0.003869229
334,2,1,0.017913142,0.64878356,0.3333033
335,0,0,0.70613754,0.2922705,0.0015920087
336,0,0,0.52627754,0.46756262,0.0061598793
337,1,2,0.003507507,0.44364607,0.55284643
338,0,0,0.763485,0.2356867,0.0008283329
339,2,2,0.00039680582,0.18720305,0.81240016
340,0,0,0.9605263,0.039431997,4.1711173e-05
341,2,2,7.585844e-05,0.047941342,0.9519828
342,2,1,0.049587317,0.7630032,0.18740949
343,1,0,0.639838,0.3576074,0.0025546849
344,0,0,0.99801797,0.0019420884,3.999355e-05
345,2,1,0.027292917,0.70407134,0.26863578
346,2,2,4.0537132e-05,0.0032318747,0.99672765
347,1,1,0.21480212,0.735613,0.04958491
348,2,2,0.0032394906,0.43534535,0.5614152
349,2,2,6.024883e-05,0.04322146,0.9567183
350,0,0,0.60294175,0.39365998,0.0033982696
351,1,1,0.06295015,0.76505864,0.17199123
352,0,0,0.67700523,0.32132185,0.001672948
353,0,0,0.9896852,0.010274854,3.9994717e-05
354,0,0,0.9987731,0.0011869192,3.9994473e-05
355,1,0,0.5139265,0.47816116,0.007912364
356,2,2,4.047002e-05,0.0071408707,0.99281865
357,0,1,0.27052248,0.69477785,0.03469972
358,0,0,0.9299292,0.070003346,6.750223e-05
359,1,1,0.29043353,0.6803398,0.029226687
360,1,1,0.107316114,0.78308684,0.10959706
361,1,1,0.07404356,0.7712957,0.15466073
362,1,1,0.15313631,0.774228,0.07263572
363,1,1,0.1847326,0.7523631,0.06290433
364,2,2,0.004275474,0.46354538,0.5321792
365,1,1,0.19879945,0.74759775,0.053602844
366,1,1,0.3649276,0.6177876,0.017284814
367,0,0,0.97301507,0.026944993,3.999442e-05
368,2,2,0.0007437568,0.25162616,0.74763006
369,1,1,0.18325986,0.7546439,0.062096275
370,1,1,0.17227991,0.76218057,0.06553955
371,1,1,0.11774056,0.78396654,0.09829288
372,2,2,4.0684215e-05,0.013168421,0.9867909
373,0,0,0.99928194,0.00067805784,3.9990406e-05
374,2,1,0.00656219,0.5377792,0.45565864
375,1,1,0.1898875,0.753023,0.057089478
376,1,1,0.03494414,0.71900886,0.24604702
377,1,1,0.0568679,0.76380855,0.17932358
378,1,1,0.33613333,0.64156127,0.022305446
379,1,1,0.05575198,0.7655673,0.17868069
380,1,1,0.013408307,0.6206148,0.3659769
381,0,0,0.8255226,0.17409529,0.0003820489
382,0,0,0.92691684,0.073014095,6.911251e-05
383,0,0,0.86492753,0.1348573,0.00021520155
384,0,0,0.8853703,0.11447899,0.00015067929
385,0,1,0.3042543,0.6688107,0.026934996
386,1,1,0.05338319,0.7564763,0.19014058
387,0,0,0.74784803,0.25131184,0.0008401206
388,1,2,0.0013089296,0.31127068,0.6874204
389,0,0,0.9995914,0.00036859515,3.9990573e-05
390,1,1,0.46195975,0.5282499,0.009790354
391,1,2,0.0015523168,0.33501375,0.6634339
392,1,1,0.098407164,0.7832283,0.11836457
393,0,0,0.9937275,0.0062325154,3.9992825e-05
394,0,0,0.99710745,0.002852582,3.999376e-05
395,0,1,0.14234449,0.77628297,0.08137259
396,1,1,0.34855068,0.63136435,0.02008498
397,1,0,0.6357195,0.36141077,0.0028697865
398,2,2,0.00015012955,0.10397928,0.89587057
399,0,0,0.64499867,0.3524332,0.0025681308
400,0,0,0.9995254,0.00043457997,3.999525e-05
401,1,1,0.20046075,0.74593776,0.053601533
402,1,1,0.21056493,0.73856384,0.050871268
403,0,1,0.4717547,0.5188743,0.009371067
404,0,0,0.9991461,0.0008139087,3.9994746e-05
405,1,1,0.04253988,0.7399568,0.21750332
406,0,0,0.9204303,0.07949245,7.727059e-05
407,0,1,0.3032063,0.66989124,0.02690247
408,0,0,0.9692421,0.030717917,3.999235e-05
409,0,1,0.43278557,0.55532044,0.011893943
410,0,0,0.9710139,0.02894616,3.9992425e-05
411,2,2,0.000553791,0.22134852,0.77809775
412,2,2,0.00011791234,0.07826187,0.9216202
413,1,1,0.31160307,0.66403395,0.024362953
414,1,0,0.5983047,0.39834175,0.0033535808
415,1,2,0.00056893524,0.2079174,0.7915137
416,1,1,0.0832439,0.78197646,0.13477966
417,0,0,0.9998977,6.226554e-05,3.9990617e-05
418,2,2,0.0052404385,0.4855991,0.50916046
419,0,0,0.99980927,0.00015071857,3.998708e-05
420,0,1,0.2485156,0.71402055,0.03746387
421,2,1,0.008924175,0.56824774,0.42282805
422,0,0,0.6228784,0.3742758,0.0028458368
423,1,1,0.055209137,0.7563939,0.18839693
424,2,2,6.552583e-05,0.043180995,0.9567535
425,1,1,0.38487443,0.59969836,0.015427209
426,0,0,0.8494334,0.15027349,0.00029311562
427,2,1,0.006861168,0.5101333,0.4830055
428,0,0,0.98365307,0.016306944,3.999017e-05
429,0,0,0.85707784,0.14268208,0.00024013652
430,2,2,3.9997634e-05,0.0067234538,0.9932366
431,0,0,0.99991447,4.5548935e-05,3.999129e-05
432,2,2,0.0024964705,0.4006964,0.5968071
433,0,0,0.9995808,0.00037922128,3.999259e-05
434,0,0,0.8007408,0.19876541,0.00049381144
435,1,1,0.010475444,0.58406633,0.4054582
436,0,1,0.24094425,0.7175328,0.041522942
437,2,2,0.00017857876,0.11834129,0.88148016
438,1,1,0.03335977,0.71291494,0.25372526
439,2,2,0.0011293518,0.29003003,0.70884067
440,1,1,0.016450003,0.6233297,0.36022037
441,0,0,0.6498943,0.347866,0.0022397828
442,0,0,0.96018946,0.039766707,4.3819247e-05
443,1,1,0.4630581,0.5276643,0.009277589
444,0,0,0.9994053,0.0005546747,3.9990446e-05
445,0,0,0.9084505,0.09145374,9.5792406e-05
446,0,0,0.9795341,0.020425903,3.9991446e-05
447,0,0,0.8829518,0.11689972,0.00014852357
448,0,0,0.99131745,0.008642567,3.9994084e-05
449,0,0,0.9976331,0.0023269712,3.9992803e-05
450,1,1,0.46572757,0.5254157,0.008856708
451,2,1,0.15923075,0.7699207,0.07084851
452,0,1,0.33598703,0.64273703,0.021275975
453,1,1,0.49044982,0.5011918,0.008358449
454,0,0,0.99976,0.00020002888,3.998511e-05
455,1,1,0.0080859605,0.5471055,0.44480854
456,0,1,0.29633248,0.67499465,0.028672885
457,1,1,0.31664276,0.65745413,0.025903124
458,2,2,0.0017546294,0.30955577,0.68868965
459,1,1,0.05518568,0.76516634,0.179648
460,1,0,0.5827128,0.4130332,0.0042539835
461,1,1,0.32164243,0.65390795,0.024449576
462,0,0,0.99777275,0.0021873,3.9991064e-05
463,1,1,0.10678618,0.7842151,0.10899869
464,0,1,0.053022444,0.7579111,0.18906647
465,1,1,0.02480922,0.69539165,0.27979916
466,1,1,0.42586058,0.5610209,0.013118527
467,1,1,0.014688296,0.63878757,0.34652412
468,1,1,0.022353267,0.67367744,0.30396926
469,1,0,0.5234522,0.4698703,0.006677513
470,2,1,0.053156257,0.75662065,0.19022307
471,1,0,0.6481059,0.34922785,0.0026662254
472,2,2,9.3030365e-05,0.062868185,0.9370388
473,0,0,0.99561244,0.004347558,3.9994986e-05
474,0,0,0.7354236,0.26358455,0.0009918917
475,1,1,0.32526928,0.6509657,0.023765028
476,0,0,0.99921733,0.00074264634,3.9992705e-05
477,1,1,0.013156682,0.61929834,0.367545
478,1,1,0.014534347,0.6212084,0.36425725
479,1,1,0.043090515,0.75066054,0.20624891
480,0,0,0.99988616,7.390122e-05,3.9990155e-05
481,0,1,0.3782166,0.6048178,0.016965654
482,1,1,0.41570303,0.57084596,0.013451003
483,2,2,0.00048340939,0.20822844,0.7912882
484,1,0,0.7475924,0.2515073,0.00090032263
485,0,1,0.46448487,0.5254575,0.010057607
486,0,2,0.0005423028,0.22562549,0.7738322
487,2,2,0.0010713282,0.26875156,0.7301771
488,2,2,0.00013644836,0.09479909,0.90506446
489,0,1,0.4385222,0.5500923,0.01138557
490,1,1,0.005967075,0.5106128,0.48342013
491,1,1,0.3659417,0.61684006,0.01721832
492,0,0,0.70873684,0.2897628,0.0015003469
493,2,2,6.837102e-05,0.048213243,0.95171833
494,0,0,0.53443146,0.4599675,0.0056010224
495,0,0,0.78179973,0.21761775,0.0005825277
496,2,2,0.00011325222,0.06713481,0.93275195
497,1,1,0.006671709,0.52577853,0.46754974
498,1,2,0.0056865625,0.49025875,0.50405467
499,0,1,0.33469948,0.64315337,0.022147205
500,1,0,0.8591773,0.14059763,0.00022515487
501,0,0,0.743164,0.2558436,0.0009924
502,2,2,3.9993538e-05,0.0042618536,0.99569815
503,0,0,0.9771477,0.022812322,3.99887e-05
504,0,0,0.91558623,0.084326744,8.704398e-05
505,1,1,0.1293002,0.780541,0.09015885
506,0,0,0.7921515,0.2072866,0.000561977
507,1,2,0.00092374935,0.26001182,0.7390644
508,1,0,0.6976819,0.3008334,0.0014847419
509,1,1,0.027753526,0.7110506,0.2611959
510,1,1,0.011907647,0.59374094,0.3943514
511,2,2,7.9520265e-05,0.04723338,0.95268714
512,2,2,0.001302008,0.31900153,0.67969644
513,0,0,0.9938346,0.0061254096,3.9994677e-05
514,0,0,0.99945116,0.00050886674,3.9992283e-05
515,1,1,0.1431413,0.7779901,0.07886864
516,2,2,0.00076001015,0.25944954,0.73979044
517,0,0,0.61291033,0.38394493,0.003144763
518,0,0,0.6811789,0.31724477,0.001576339
519,1,1,0.17544505,0.75934094,0.06521402
520,0,0,0.9265127,0.073398165,8.9132984e-05
521,1,1,0.0069084447,0.5049528,0.4881388
522,0,0,0.9998986,6.1446066e-05,3.9990657e-05
523,0,0,0.9783319,0.021627974,4.008905e-05
524,0,0,0.90618944,0.09370635,0.00010416813
525,1,1,0.14917925,0.77360666,0.07721415
526,2,2,4.0440616e-05,0.010727639,0.98923194
527,0,0,0.99005824,0.009901807,3.9990067e-05
528,0,1,0.06675586,0.76051235,0.17273179
529,0,0,0.99933153,0.0006284499,3.9994837e-05
530,1,1,0.21428618,0.7350904,0.050623413
531,0,0,0.72807974,0.27089128,0.0010290385
532,2,1,0.037718076,0.73399526,0.2282867
533,1,1,0.25478423,0.7066462,0.038569547
534,0,0,0.9998756,8.446399e-05,3.9989736e-05
535,1,1,0.009497092,0.5614312,0.42907166
536,0,1,0.23034841,0.7278028,0.04184873
537,0,1,0.42214495,0.5657101,0.012145012
538,1,1,0.025756316,0.6937219,0.28052184
539,2,2,3.9992203e-05,0.0008163547,0.99914366
540,2,2,0.00038232032,0.18239601,0.81722164
541,2,2,0.00020164976,0.104321614,0.89547676
542,2,1,0.012727884,0.61181056,0.37546155
543,1,1,0.2380338,0.72234666,0.039619572
544,0,0,0.9727547,0.027205188,4.011544e-05
545,1,1,0.09669997,0.7760979,0.12720215
546,1,1,0.30977914,0.6652157,0.025005206
547,0,0,0.66312855,0.33477,0.002101486
548,1,2,0.00335196,0.439944,0.55670404
549,0,1,0.048446666,0.74707025,0.20448312
550,0,0,0.8234029,0.17620383,0.00039332148
551,0,0,0.9987082,0.0012518128,3.9994316e-05
552,2,2,4.922195e-05,0.02164433,0.9783065
553,2,2,0.00017615955,0.10816862,0.8916552
554,0,0,0.99964184,0.000318191,3.9992585e-05
555,1,1,0.0062723653,0.5177398,0.47598785
556,0,0,0.99977267,0.0001873976,3.9985618e-05
557,1,1,0.052634038,0.76371515,0.18365079
558,1,0,0.88024145,0.119605325,0.000153214
559,1,1,0.09295318,0.77866733,0.12837955
560,0,0,0.93418026,0.0657601,5.9554517e-05
561,1,1,0.33452618,0.6370755,0.028398352
562,2,2,7.68921e-05,0.030488826,0.96943426
563,2,1,0.07539244,0.77000767,0.15459992
564,2,2,8.239082e-05,0.04905376,0.95086384
565,0,1,0.3688396,0.6150584,0.016101953
566,1,1,0.30249184,0.67023784,0.027270392
567,0,0,0.99829334,0.0016666545,3.999725e-05
568,0,0,0.53104436,0.46326584,0.0056897793
569,2,2,0.0016866652,0.34859854,0.6497148
570,0,1,0.25585788,0.7093502,0.034791872
571,1,1,0.45610857,0.53417176,0.0097197
572,1,1,0.25310183,0.70937896,0.03751923
573,0,0,0.9960254,0.0039346013,3.9991966e-05
574,2,1,0.026670497,0.6916516,0.28167793
575,0,1,0.42273834,0.5638938,0.013367912
576,1,2,0.004683421,0.47982064,0.5154959
577,1,0,0.5303198,0.46333614,0.0063441303
578,0,0,0.75746495,0.24167053,0.0008645718
579,0,0,0.8546197,0.14515848,0.00022186872
580,1,0,0.72387797,0.27479687,0.001325132
581,1,1,0.3574954,0.62324196,0.019262688
582,1,1,0.073997244,0.7790305,0.14697227
583,2,2,0.0016801301,0.3515517,0.64676815
584,2,2,0.0030675733,0.41804016,0.57889223
585,0,0,0.8616992,0.13810736,0.00019344836
586,1,1,0.05559406,0.7599805,0.18442541
587,0,0,0.99918777,0.000772247,3.9989078e-05
588,2,2,0.0012197131,0.31325495,0.6855253
589,0,0,0.95045567,0.04949652,4.7826048e-05
590,2,2,0.000314522,0.17150447,0.828181
591,1,1,0.060670592,0.76553744,0.17379197
592,1,1,0.10280191,0.7793877,0.11781035
593,1,1,0.021032203,0.6823695,0.29659832
594,1,2,0.0018759564,0.35704213,0.6410819
595,2,1,0.032000948,0.71292216,0.2550769
596,0,1,0.39796486,0.5866946,0.015340572
597,0,0,0.6572386,0.3407333,0.0020281184
598,0,0,0.7672649,0.2319628,0.0007723471
599,0,0,0.8560166,0.14375222,0.00023117723
600,1,1,0.43273228,0.55573785,0.011529878
601,0,0,0.99991465,4.5414854e-05,3.9991297e-05
602,0,0,0.9896815,0.010278557,3.9994564e-05
603,2,2,0.00016999913,0.10446571,0.8953643
604,1,1,0.28099626,0.6868697,0.03213405
605,0,0,0.9909313,0.009028667,3.9995735e-05
606,0,0,0.8209527,0.17868726,0.00036005388
607,0,0,0.9837589,0.01620106,3.999449e-05
608,0,0,0.92581785,0.07410682,7.538014e-05
609,0,0,0.8802187,0.119601294,0.00017995235
610,2,2,0.0005321899,0.22076802,0.77869976
611,0,0,0.9991153,0.0008447548,3.9993512e-05
612,2,2,3.998846e-05,0.000604311,0.9993557
613,1,1,0.14482927,0.7763929,0.07877782
614,0,0,0.87638205,0.12344954,0.00016840438
615,0,1,0.032180667,0.70405763,0.26376176
616,0,0,0.99913734,0.00082264846,3.9996845e-05
617,0,0,0.9719021,0.02805794,3.999883e-05
618,1,1,0.008768978,0.5690256,0.42220545
619,0,0,0.5514317,0.4439097,0.0046585677
620,1,1,0.18152386,0.75606894,0.062407214
621,2,2,0.0005245984,0.2234551,0.7760203
622,0,0,0.9800174,0.0199426,3.9993727e-05
623,2,2,3.998989e-05,0.0059392974,0.9940207
624,1,2,0.004351494,0.4555979,0.5400506
625,0,0,0.96509665,0.034862965,4.039988e-05
626,1,1,0.24409382,0.7167942,0.039111976
627,0,1,0.48319036,0.5076986,0.009111066
628,2,2,3.9994324e-05,0.0024721525,0.9974879
629,0,0,0.99974865,0.00021142297,3.9984654e-05
630,0,0,0.72628564,0.2726841,0.0010302521
631,2,2,3.9984872e-05,0.0002061052,0.99975395
632,2,1,0.016101068,0.6224062,0.36149278
633,0,0,0.5306627,0.4633343,0.0060030385
634,1,1,0.005568642,0.50313723,0.49129415
635,0,0,0.5712384,0.42459428,0.0041673426
636,0,0,0.8448603,0.1548943,0.00024529136
637,0,0,0.97051257,0.029447451,3.999189e-05
638,2,1,0.0744304,0.7773972,0.14817242
639,1,2,0.0020692784,0.38055155,0.6173792
640,0,0,0.8466891,0.15304786,0.00026305398
641,0,0,0.8694252,0.13034697,0.00022775926
642,1,0,0.50874627,0.48421332,0.007040363
643,1,1,0.4364772,0.5514334,0.012089351
644,0,1,0.3532911,0.6257727,0.0209362
645,1,1,0.0685372,0.774477,0.1569858
646,2,2,0.00014034711,0.099520184,0.9003395
647,0,1,0.26070222,0.70446134,0.034836415
648,0,0,0.67105865,0.32698506,0.001956325
649,0,0,0.84531504,0.15441088,0.00027409205
650,2,2,3.998776e-05,0.00013377049,0.99982625
651,0,0,0.9983308,0.0016291845,3.99963e-05
652,2,2,0.005322082,0.48642623,0.5082517
653,1,2,0.00047012375,0.2058992,0.7936307
654,2,2,0.00018946899,0.13194156,0.867869
655,1,1,0.34007677,0.6382833,0.021639971
656,0,0,0.83866477,0.16100666,0.00032852998
657,1,1,0.036028937,0.72511834,0.23885275
658,0,0,0.6342585,0.3629456,0.0027959284
659,1,1,0.032331146,0.7178253,0.24984354
660,1,1,0.3129742,0.66171086,0.025314972
661,2,2,9.6544536e-05,0.06899658,0.9309069
662,1,0,0.54785794,0.4469058,0.0052363016
663,0,0,0.53799725,0.45644873,0.0055540414
664,1,1,0.48205525,0.5093984,0.008546358
665,2,2,3.9986982e-05,0.00027530914,0.99968475
666,1,1,0.13547479,0.77921677,0.08530852
667,2,2,5.689649e-05,0.033754732,0.9661883
668,1,1,0.13633499,0.7740162,0.08964881
669,0,0,0.6311494,0.36602134,0.0028292425
670,1,1,0.2934098,0.6775108,0.02907943
671,0,0,0.8321482,0.16741854,0.00043331645
672,1,1,0.15238921,0.7751012,0.0725096
673,0,0,0.99625814,0.003701881,3.9991508e-05
674,0,0,0.91527593,0.084632315,9.1686874e-05
675,0,0,0.8820518,0.11778713,0.00016105009
676,2,2,4.469975e-05,0.019565763,0.98038954
677,0,1,0.42949554,0.5590293,0.0114751775
678,0,1,0.24260566,0.7172257,0.040168613
679,0,0,0.9771944,0.022765566,3.99906e-05
680,0,0,0.9171204,0.08278728,9.2343755e-05
681,0,0,0.9781698,0.021790195,3.9995557e-05
682,1,1,0.084656306,0.7788642,0.1364795
683,2,2,5.5722005e-05,0.02876812,0.97117615
684,1,1,0.25191313,0.7089827,0.03910418
685,0,0,0.9983087,0.0016513012,3.999542e-05
686,1,1,0.034529738,0.7243625,0.24110779
687,1,0,0.8254424,0.17424278,0.00031485164
688,0,0,0.9197135,0.08021151,7.499427e-05
689,2,2,4.033691e-05,0.012299378,0.9876603
690,1,1,0.17933446,0.7592686,0.061396997
691,0,0,0.9045707,0.09533239,9.689668e-05
692,0,0,0.9996629,0.0002971707,3.9983668e-05
693,0,0,0.74749094,0.25149304,0.0010160046
694,0,0,0.7505759,0.24857517,0.0008489267
695,1,1,0.06440265,0.77150315,0.16409424
696,0,0,0.69770455,0.3006891,0.0016063778
697,1,0,0.73190224,0.26695672,0.0011411011
698,0,1,0.064347506,0.7702645,0.16538796
699,1,1,0.12071802,0.77975947,0.09952252
700,0,0,0.985592,0.014367994,3.9997038e-05
701,0,0,0.99988663,7.338719e-05,3.9990176e-05
702,0,0,0.93014336,0.06978735,6.926511e-05
703,0,0,0.9826547,0.017305328,3.999426e-05
704,0,0,0.8965763,0.103320554,0.000103148835
705,1,1,0.009105527,0.5592248,0.43166974
706,2,2,0.0024543055,0.39847475,0.5990709
707,1,1,0.059814014,0.7598758,0.18031023
708,1,1,0.07499084,0.7735158,0.15149328
709,1,1,0.2957084,0.6747246,0.029567044
710,1,0,0.52525437,0.468432,0.0063136276
711,0,0,0.9324102,0.06753065,5.917874e-05
712,1,1,0.075406656,0.77539873,0.14919463
713,2,2,3.9989285e-05,0.0007059291,0.9992541
714,2,2,0.00012969588,0.08808105,0.9117893
715,1,1,0.41456738,0.572959,0.012473566
716,2,2,3.9993025e-05,0.0024434784,0.9975165
717,1,1,0.22792529,0.7280011,0.04407366
718,2,1,0.024149068,0.69811726,0.27773374
719,0,0,0.94532204,0.05462764,5.032994e-05
720,1,0,0.55850595,0.43655044,0.004943626
721,2,2,0.0003086632,0.15695637,0.84273493
722,0,0,0.5204486,0.47308367,0.0064677726
723,0,1,0.30787325,0.66695166,0.025175095
724,0,0,0.64295787,0.35428664,0.002755498
725,1,1,0.34671447,0.63440275,0.018882832
726,2,1,0.04227452,0.747686,0.21003947
727,2,2,0.0004385857,0.19985142,0.79971004
728,1,1,0.028433334,0.69696814,0.27459857
729,0,0,0.8413696,0.15833566,0.00029476362
730,0,0,0.94089895,0.05905055,5.046173e-05
731,2,2,0.0016517687,0.3533317,0.6450165
732,2,2,3.9992825e-05,0.0008008202,0.99915916
733,1,1,0.021724153,0.6802795,0.2979963
734,0,0,0.9971858,0.0027741252,3.999691e-05
735,2,2,3.9985745e-05,0.0003062153,0.9996538
736,1,1,0.070197925,0.7642646,0.16553754
737,0,1,0.062907726,0.76829064,0.1688017
738,1,1,0.2151406,0.73764277,0.047216654
739,0,0,0.99991673,4.3269352e-05,3.999138e-05
740,1,1,0.0720108,0.77678066,0.1512085
741,0,0,0.9998736,8.6467786e-05,3.9989656e-05
742,2,2,0.00077387836,0.256155,0.74307114
743,0,0,0.99943596,0.000524059,3.9991675e-05
744,2,2,3.998782e-05,0.00013232845,0.99982774
745,0,0,0.69364303,0.3047671,0.0015898738
746,0,0,0.9915573,0.008402688,3.999391e-05
747,1,0,0.5461653,0.44868806,0.005146694
748,1,2,0.0050018737,0.48471344,0.5102847
749,1,1,0.00790954,0.53837717,0.45371333
750,1,1,0.03443911,0.72725964,0.23830125
751,0,0,0.9453816,0.054562382,5.602158e-05
752,0,0,0.93661535,0.06332271,6.19355e-05
753,0,1,0.40406036,0.5806359,0.015303747
754,0,0,0.99978745,0.00017254798,3.9986207e-05
755,0,0,0.6369362,0.3603956,0.0026682327
756,0,0,0.99972993,0.00023014453,3.998391e-05
757,2,2,0.00010052925,0.07075223,0.92914724
758,1,1,0.25655496,0.7064448,0.037000254
759,1,0,0.85816586,0.14155765,0.00027638892
760,0,0,0.779281,0.22002873,0.00069026044
761,1,1,0.13379224,0.7805157,0.085691996
762,1,1,0.13675822,0.7775523,0.085689515
763,1,1,0.18265899,0.7579111,0.05943
764,0,0,0.9824257,0.01753432,3.9992385e-05
765,0,0,0.5369816,0.4572707,0.005747752
766,0,0,0.88737464,0.112485975,0.00013934147
767,1,2,0.0007554776,0.25833887,0.74090564
768,1,2,0.00068076426,0.24477473,0.7545445
769,1,1,0.335977,0.641859,0.022164064
770,2,1,0.008222204,0.5566437,0.4351341
771,0,0,0.9844417,0.01551832,3.9989987e-05
772,1,1,0.08188364,0.7797103,0.1384061
773,0,0,0.9999011,5.8868623e-05,3.9990755e-05
774,1,1,0.02904421,0.7057774,0.26517838
775,2,2,0.00032836277,0.1737998,0.8258718
776,0,0,0.89188784,0.107984126,0.00012800773
777,1,1,0.17784375,0.75367564,0.06848061
778,2,1,0.050683916,0.7549725,0.19434357
779,0,0,0.93275154,0.06718474,6.372905e-05
780,0,0,0.974136,0.025824014,3.999281e-05
781,0,0,0.8246429,0.175018,0.0003390337
782,1,1,0.13593188,0.7738788,0.09018932
783,0,0,0.9996684,0.000291604,3.9986327e-05
784,1,1,0.021010038,0.65800965,0.32098037
785,1,1,0.29957664,0.6727516,0.027671775
786,0,0,0.94299436,0.05694955,5.610633e-05
787,0,0,0.9340869,0.06584974,6.336022e-05
788,0,0,0.90415806,0.09571517,0.0001267769
789,0,0,0.9557324,0.04422203,4.5607343e-05
790,1,0,0.90324426,0.096653506,0.0001021958
791,1,1,0.29830718,0.6735804,0.028112441
792,2,2,9.6014395e-05,0.07047196,0.92943203
793,0,0,0.9997911,0.0001688988,3.9986353e-05
794,2,2,3.99869e-05,0.00015538748,0.9998047
795,2,2,0.0012266231,0.29201573,0.7067576
796,2,2,0.00027858472,0.16562074,0.8341007
797,1,1,0.14488786,0.7707813,0.084330834
798,0,1,0.384594,0.59945565,0.015950376
799,0,0,0.553527,0.44110376,0.005369229
800,1,1,0.40597326,0.5797513,0.014275373
801,2,2,3.999518e-05,0.0014742875,0.99848574
802,0,1,0.40448484,0.58228374,0.013231389
803,2,2,0.00042749758,0.19838884,0.8011837
804,1,1,0.33562893,0.6418394,0.022531714
805,0,0,0.9998122,0.00014785108,3.99872e-05
806,1,1,0.34088123,0.6378211,0.02129774
807,0,1,0.45308954,0.5362859,0.010624579
808,1,0,0.60140604,0.39449796,0.00409605
809,0,0,0.9591212,0.04083679,4.20069e-05
810,1,1,0.34514716,0.63395834,0.02089451
811,0,0,0.973777,0.026183017,3.999564e-05
812,0,0,0.7843175,0.21507786,0.0006047079
813,1,1,0.02181825,0.6768819,0.30129984
814,0,0,0.82835585,0.17127484,0.00036933488
815,0,0,0.69250596,0.30578625,0.0017077683
816,2,2,0.000103096216,0.069505975,0.93039095
817,0,0,0.8131622,0.18633609,0.00050169963
818,0,0,0.9827693,0.017190693,3.9996437e-05
819,0,1,0.350633,0.62900114,0.020365857
820,0,0,0.82641375,0.17323498,0.00035122343
821,0,0,0.53606033,0.45854187,0.0053978474
822,1,1,0.00998048,0.5674599,0.42255965
823,0,0,0.99908704,0.00087296485,3.999483e-05
824,1,1,0.08207756,0.78034645,0.13757598
825,2,1,0.13060138,0.7840959,0.08530266
826,0,0,0.82369584,0.17595975,0.0003444761
827,1,0,0.5213668,0.4723552,0.006278066
828,2,2,4.4358076e-05,0.01205092,0.9879047
829,2,2,3.9990224e-05,0.0004992475,0.99946076
830,0,0,0.853265,0.14646296,0.0002721115
831,1,1,0.31089002,0.6641454,0.024964586
832,0,0,0.76480293,0.23452301,0.00067404757
833,0,0,0.90647143,0.09341853,0.00011006494
834,0,0,0.98785317,0.012106876,3.999468e-05
835,1,1,0.03715107,0.73073405,0.23211488
836,0,1,0.35547948,0.6233195,0.02120101
837,1,1,0.035539135,0.73054385,0.23391706
838,0,0,0.9687184,0.031241585,3.999594e-05
839,1,1,0.043007422,0.74085045,0.21614212
840,1,1,0.36430794,0.618326,0.017366013
841,1,0,0.94172645,0.05820568,6.7872774e-05
842,0,1,0.4764037,0.5139364,0.009659903
843,1,1,0.04982362,0.757443,0.19273336
844,0,0,0.9981402,0.001819805,3.9993556e-05
845,0,0,0.74518615,0.25384802,0.0009658429
846,1,1,0.05814194,0.7710781,0.17077997
847,1,0,0.6098643,0.38702673,0.0031090234
848,2,2,3.999163e-05,0.0008917387,0.99906826
849,1,1,0.05665254,0.7534701,0.18987739
850,0,0,0.988518,0.011442071,3.999442e-05
851,0,0,0.87433815,0.12548935,0.00017252468
852,0,1,0.4772331,0.51354456,0.009222354
853,2,2,0.00045751128,0.20084861,0.7986939
854,0,0,0.9229524,0.07696947,7.819113e-05
855,0,0,0.9978123,0.0021477053,3.9992647e-05
856,1,1,0.019570468,0.6656227,0.31480688
857,0,0,0.8768816,0.122945756,0.00017264356
858,1,1,0.21123926,0.74295264,0.04580814
859,0,0,0.5249831,0.4692547,0.0057622143
860,1,1,0.1792008,0.75946933,0.06132986
861,0,0,0.85479695,0.14498831,0.00021477176
862,0,0,0.9719846,0.02797502,4.0352345e-05
863,2,2,0.00012712897,0.09984623,0.9000267
864,0,0,0.9998767,8.339147e-05,3.9989776e-05
865,2,2,4.1601477e-05,0.017719205,0.98223925
866,0,0,0.63766885,0.35997817,0.0023529716
867,0,0,0.7842686,0.21515642,0.00057496654
868,1,1,0.10240351,0.7882201,0.10937636
869,2,1,0.00916914,0.5677842,0.4230467
870,1,0,0.5991085,0.39760613,0.0032853307
871,0,0,0.9990389,0.0009211579,3.998801e-05
872,0,0,0.7555786,0.24355227,0.0008691778
873,1,0,0.7354527,0.26344195,0.0011053657
874,2,2,0.00028307218,0.15996356,0.8397534
875,2,2,0.0042800438,0.4676192,0.5281008
876,0,0,0.795187,0.20425911,0.00055393577
877,0,0,0.9266792,0.07324849,7.2359006e-05
878,0,1,0.46477267,0.52595884,0.009268551
879,1,1,0.2627709,0.7028762,0.034352913
880,0,0,0.9988305,0.0011294885,3.999433e-05
881,0,0,0.9999179,4.2144464e-05,3.9991428e-05
882,2,2,0.0001087127,0.0802575,0.9196338
883,0,0,0.99987423,8.580488e-05,3.998968e-05
884,0,0,0.653285,0.34437394,0.0023410066
885,0,0,0.97711515,0.022844836,3.9992352e-05
886,2,2,3.998812e-05,0.00012460348,0.9998354
887,1,1,0.1323284,0.776086,0.09158565
888,2,2,0.0033700936,0.4262459,0.570384
889,1,1,0.13866763,0.7744928,0.08683957
890,1,1,0.036484003,0.71936065,0.24415532
891,1,1,0.035202615,0.70536804,0.2594293
892,1,0,0.5922031,0.40376657,0.0040303646
893,1,1,0.117081314,0.7799069,0.10301171
894,2,2,4.5989073e-05,0.0203442,0.97960985
895,1,1,0.2555326,0.70628303,0.038184382
896,2,2,4.04519e-05,0.008314118,0.99164546
897,2,1,0.04535799,0.7497119,0.20493014
898,2,2,0.00012937051,0.10479613,0.8950745
899,1,1,0.011418063,0.6009321,0.38764983
900,0,0,0.9497213,0.050229736,4.902248e-05
901,0,1,0.4064578,0.57957876,0.013963469
902,1,0,0.71984375,0.27883694,0.0013192836
903,1,1,0.012910698,0.58975106,0.39733827
904,1,0,0.63198876,0.3654609,0.002550366
905,1,1,0.009832934,0.5834744,0.40669268
906,0,0,0.8900436,0.109813325,0.00014306238
907,1,1,0.14222682,0.77758163,0.08019153
908,0,0,0.97470576,0.025254272,3.9993654e-05
909,1,1,0.028376535,0.6995398,0.2720837
910,2,2,0.00041320984,0.20239526,0.79719156
911,1,1,0.06947514,0.7712365,0.15928845
912,1,1,0.37503618,0.6081637,0.016800106
913,0,0,0.9947911,0.005168927,3.9991413e-05
914,1,1,0.23781464,0.7201332,0.042052127
915,0,1,0.19476582,0.7511069,0.054127302
916,0,0,0.99329084,0.006669152,3.9992454e-05
917,0,0,0.999771,0.00018900729,3.998555e-05
918,1,1,0.061970145,0.7698229,0.168207
919,2,1,0.18676025,0.7542426,0.058997136
920,2,1,0.03885056,0.7352633,0.22588618
921,2,2,3.9992556e-05,0.0041642524,0.9957957
922,2,2,3.999371e-05,0.0060885586,0.99387145
923,0,0,0.5821775,0.414142,0.0036804485
924,0,0,0.9998548,0.00010521643,3.9988903e-05
925,0,0,0.95500875,0.044944506,4.6744684e-05
926,1,1,0.111637466,0.77938783,0.1089747
927,0,0,0.93920547,0.060737763,5.679581e-05
928,0,0,0.9511335,0.04881753,4.9003356e-05
929,1,1,0.42254448,0.5650196,0.012435896
930,0,0,0.95686615,0.04308889,4.492514e-05
931,2,2,0.0005157486,0.20297298,0.7965113
932,2,1,0.05058518,0.7497914,0.19962347
933,0,0,0.99991983,4.0170304e-05,3.9991504e-05
934,1,1,0.008296119,0.55579,0.4359139
935,0,0,0.96382475,0.036131926,4.3373628e-05
936,0,1,0.43592098,0.5526451,0.01143393
937,2,2,0.0008657272,0.26149905,0.73763525
938,0,0,0.9950274,0.004932623,3.9988656e-05
939,0,1,0.49529284,0.4968772,0.007829967
940,0,0,0.99952257,0.0004374111,3.999514e-05
941,0,1,0.43029276,0.5587286,0.010978719
942,0,1,0.0922323,0.78131586,0.12645185
943,2,2,0.0041287583,0.4630547,0.5328166
944,0,0,0.995135,0.0048250603,3.9990526e-05
945,2,2,0.0031386772,0.41679764,0.5800637
946,2,2,0.00026883592,0.15461123,0.84511995
947,0,0,0.99804235,0.0019177131,3.9994527e-05
948,1,1,0.20000152,0.744584,0.055414412
949,0,0,0.90958166,0.09033123,8.7179025e-05
950,0,0,0.9906054,0.009354603,3.99949e-05
951,0,1,0.34160188,0.6378532,0.020544967
952,1,1,0.14798133,0.7693754,0.08264335
953,1,1,0.007930048,0.5497289,0.4423411
954,0,0,0.9892403,0.010719643,3.9996467e-05
955,2,1,0.0059384257,0.5159814,0.4780802
956,2,1,0.1227279,0.7834523,0.09381983
957,0,0,0.99322176,0.0067382976,3.999212e-05
958,1,2,0.0013478136,0.32883507,0.6698171
959,2,2,3.9995597e-05,0.001951978,0.998008
960,2,1,0.013615278,0.5990697,0.387315
961,0,0,0.77088004,0.22832264,0.00079734303
962,0,0,0.66263777,0.3351304,0.0022318403
963,2,2,3.9995743e-05,0.0034132856,0.99654675
964,0,0,0.9807714,0.019188583,3.999213e-05
965,0,0,0.81045663,0.18904868,0.00049469736
966,1,1,0.009786069,0.5809568,0.40925717
967,1,1,0.42786723,0.5599503,0.012182506
968,0,0,0.85521764,0.14455616,0.00022624363
969,1,1,0.38151875,0.6014715,0.017009744
970,1,1,0.037779003,0.7350126,0.2272084
971,0,0,0.99991786,4.2226413e-05,3.9991424e-05
972,0,0,0.9999136,4.6480134e-05,3.9991253e-05
973,1,1,0.3240263,0.6528116,0.023162195
974,2,1,0.009383103,0.5658905,0.42472646
975,1,2,0.00234652,0.38729957,0.61035395
976,1,1,0.16888551,0.76813644,0.062978074
977,0,0,0.99911594,0.0008440317,3.9995986e-05
978,0,0,0.9999192,4.082588e-05,3.9991475e-05
979,2,2,6.2053805e-05,0.0369139,0.9630241
980,0,0,0.9990043,0.0009556834,3.9991515e-05
981,0,0,0.8800125,0.119819984,0.00016750612
982,0,0,0.9744634,0.02549663,3.9996245e-05
983,2,1,0.01704995,0.6392487,0.3437013
984,2,2,3.9990293e-05,0.0011693103,0.9987907
985,0,0,0.99727714,0.002682924,3.9993225e-05
986,2,2,3.999591e-05,0.0017000833,0.99825996
987,0,0,0.9486748,0.05127039,5.4825254e-05
988,1,1,0.25955224,0.70363724,0.036810543
989,0,0,0.99972534,0.00023474719,3.9983723e-05
990,0,0,0.6717822,0.3261852,0.0020326085
991,2,2,4.169103e-05,0.015211967,0.98474634
992,0,0,0.9999136,4.6427995e-05,3.9991253e-05
993,1,1,0.05077064,0.75843143,0.19079792
994,0,0,0.96111786,0.03884025,4.18973e-05
995,1,1,0.41712907,0.56937677,0.013494087
996,0,0,0.79933304,0.2001842,0.00048280158
997,0,0,0.99446887,0.0054911324,3.9990733e-05
998,1,1,0.07656386,0.7756648,0.1477714
999,1,1,0.0441129,0.7496939,0.20619324
1000,1,1,0.2117098,0.73866725,0.04962298
1001,1,1,0.04953948,0.75228786,0.19817264
1002,0,0,0.9999134,4.663659e-05,3.9991246e-05
1003,0,0,0.54066616,0.45349604,0.005837802
1004,0,0,0.99887073,0.0010891915,3.999594e-05
1005,1,1,0.045168642,0.74722826,0.2076031
1006,0,0,0.6250402,0.37190887,0.0030509718
1007,2,2,4.0139097e-05,0.0095948065,0.990365
1008,2,2,3.999183e-05,0.003510956,0.99644905
1009,1,1,0.12649815,0.7762023,0.09729956
1010,0,0,0.99931717,0.00064283825,3.999426e-05
1011,1,0,0.8325341,0.16708466,0.00038121344
1012,2,1,0.056067925,0.764143,0.17978908
1013,1,1,0.1271506,0.7814814,0.09136803
1014,2,2,0.00033199045,0.15970846,0.83995956
1015,0,1,0.41307026,0.572711,0.01421875
1016,2,2,0.0005516986,0.22778322,0.7716651
1017,0,0,0.5125518,0.48062754,0.0068207406
1018,0,0,0.72861415,0.27025476,0.0011310887
1019,2,1,0.023273667,0.6849418,0.2917845
1020,0,0,0.999783,0.00017709122,3.998847e-05
1021,2,2,0.00011160737,0.09219986,0.9076885
1022,1,1,0.009767473,0.57732964,0.41290292
1023,1,1,0.028000334,0.7129177,0.25908202
1024,1,1,0.35029626,0.62979186,0.019911889
1025,2,2,0.000981237,0.2847054,0.7143134
1026,0,0,0.9793373,0.020622713,3.9995874e-05
1027,0,1,0.032611936,0.7298816,0.23750654
1028,1,1,0.016076025,0.6499671,0.3339569
1029,2,1,0.03168583,0.7146876,0.25362664
1030,0,0,0.8618863,0.13786696,0.00024669443
1031,1,1,0.2541217,0.70810986,0.03776851
1032,0,0,0.99969983,0.0002602595,3.9982704e-05
1033,2,2,6.614578e-05,0.034185044,0.9657488
1034,1,1,0.24595259,0.7125166,0.041530814
1035,0,0,0.8419155,0.157744,0.00034053109
1036,1,0,0.632001,0.36532283,0.0026762015
1037,1,1,0.023260586,0.6683508,0.3083886
1038,2,1,0.005839632,0.5148691,0.47929132
1039,0,0,0.99842674,0.0015332777,3.9995255e-05
1040,0,0,0.8495827,0.15017271,0.00024459502
1041,1,1,0.37214568,0.6077542,0.020100184
1042,1,2,0.00519585,0.48912987,0.50567424
1043,1,1,0.44462138,0.5452398,0.010138825
1044,0,0,0.9999187,4.1384603e-05,3.9991457e-05
1045,0,0,0.9659978,0.03396199,4.0210518e-05
1046,1,1,0.45700935,0.5329975,0.0099931955
1047,2,1,0.006927957,0.53039527,0.46267682
1048,1,1,0.013959069,0.5977967,0.38824424
1049,0,1,0.39510405,0.5887508,0.016145164
1050,0,0,0.942148,0.05779712,5.4866767e-05
1051,2,1,0.00696422,0.527125,0.46591076
1052,0,0,0.5106612,0.48230878,0.0070300866
1053,0,0,0.99867636,0.001283634,3.9990602e-05
1054,2,1,0.02225117,0.6796264,0.29812247
1055,0,0,0.6741899,0.3238774,0.0019326953
1056,2,2,0.0010843495,0.28941882,0.7094968
1057,2,1,0.012282816,0.59939206,0.38832515
1058,0,0,0.8461961,0.15356626,0.00023763074
1059,0,1,0.30100945,0.67026055,0.02873005
1060,0,0,0.9974947,0.0024653361,3.9992156e-05
1061,0,0,0.52412456,0.46989334,0.0059820823
1062,0,0,0.9454572,0.05448672,5.6000285e-05
1063,0,0,0.999846,0.00011405803,3.9988554e-05
1064,1,1,0.049450263,0.75513065,0.19541907
1065,0,0,0.9998927,6.730869e-05,3.9990424e-05
1066,1,1,0.03581799,0.72048146,0.24370053
1067,2,2,0.00042295875,0.19085924,0.80871785
1068,0,0,0.9849865,0.014973514,3.9992276e-05
1069,0,0,0.6200283,0.3770934,0.0028783062
1070,0,0,0.79244196,0.20696113,0.0005969655
1071,0,0,0.9157623,0.08411251,0.00012520117
1072,1,1,0.16894832,0.75538456,0.07566714
1073,0,1,0.28194487,0.68672425,0.0313309
1074,0,0,0.956275,0.04368019,4.4801964e-05
1075,1,1,0.14156078,0.7750538,0.08338543
1076,1,0,0.58099186,0.41497606,0.0040320586
1077,2,2,0.00059915544,0.2346222,0.7647786
1078,0,0,0.99296504,0.006994985,3.9999e-05
1079,1,1,0.17668615,0.7608185,0.062495288
1080,0,0,0.8910669,0.1088129,0.00012023208
1081,2,1,0.006312107,0.5178407,0.47584724
1082,0,0,0.6011629,0.39552718,0.003309914
1083,0,1,0.02888826,0.70244014,0.26867163
1084,2,2,3.9995415e-05,0.00043046457,0.99952954
1085,2,2,0.0053248215,0.48990402,0.5047712
1086,0,0,0.98935765,0.01060237,3.999628e-05
1087,1,1,0.018355967,0.65623987,0.32540423
1088,1,1,0.18122777,0.7564083,0.06236398
1089,0,0,0.73164034,0.26723853,0.001121216
1090,1,0,0.579132,0.41631112,0.0045568733
1091,0,1,0.42103916,0.56541336,0.013547495
1092,1,1,0.370331,0.6119985,0.01767055
1093,2,1,0.15442142,0.7725337,0.07304492
1094,0,0,0.98790705,0.012052963,3.9989456e-05
1095,1,1,0.12380129,0.78586304,0.09033568
1096,0,0,0.54914206,0.44496527,0.00589269
1097,0,0,0.99875003,0.0012099999,3.9993545e-05
1098,2,2,5.123682e-05,0.02937674,0.970572
1099,2,2,0.00025319168,0.14885122,0.85089564
1100,0,0,0.99489737,0.005062617,3.999079e-05
1101,2,1,0.11341691,0.78929454,0.097288534
1102,1,1,0.2875025,0.6832231,0.029274346
1103,0,0,0.84661734,0.15312564,0.00025703892
1104,1,1,0.22288531,0.7293737,0.047741037
1105,0,0,0.999919,4.0989773e-05,3.9991468e-05
1106,1,1,0.27414674,0.6938314,0.032021917
1107,1,1,0.06568356,0.76734036,0.16697608
1108,1,1,0.2479984,0.711098,0.04090363
1109,0,1,0.24149588,0.71863216,0.039871983
1110,1,1,0.10853962,0.7804116,0.11104873
1111,2,1,0.107638285,0.78346395,0.10889778
1112,2,2,4.056472e-05,0.013721151,0.9862383
1113,1,1,0.34461898,0.63387847,0.021502582
1114,1,1,0.006116155,0.5176788,0.47620505
1115,1,1,0.21343906,0.7382066,0.048354354
1116,0,0,0.94948894,0.050458975,5.2133662e-05
1117,0,1,0.20833264,0.73884445,0.052822918
1118,2,1,0.062034443,0.76648486,0.1714807
1119,0,0,0.99877524,0.0011847508,3.9994557e-05
1120,1,1,0.2822209,0.6867513,0.031027842
1121,0,0,0.68720037,0.31103963,0.0017600596
1122,1,0,0.7295569,0.2693047,0.0011383923
1123,0,0,0.9916923,0.008267727,3.999442e-05
1124,1,1,0.010934161,0.5915122,0.39755365
1125,0,0,0.9939216,0.0060383533,3.999573e-05
1126,1,1,0.15058035,0.76724714,0.08217248
1127,1,1,0.03720934,0.73603916,0.2267515
1128,1,0,0.9479677,0.05198074,5.155953e-05
1129,0,0,0.5269098,0.46593493,0.00715526
1130,0,0,0.99988145,7.854947e-05,3.998997e-05
1131,0,0,0.9870888,0.012871262,3.999338e-05
1132,0,0,0.574143,0.42157513,0.004281867
1133,0,0,0.9016828,0.09819126,0.0001259388
1134,2,2,3.999536e-05,0.00043189645,0.9995281
1135,1,1,0.16872723,0.7610849,0.07018787
1136,2,2,3.9988478e-05,0.00011585264,0.9998442
1137,1,1,0.011826904,0.6003671,0.387806
1138,2,2,0.0012287016,0.31729716,0.68147415
1139,0,0,0.8994934,0.10039785,0.00010876579
1140,1,2,4.8173148e-05,0.03387299,0.9660789
1141,0,0,0.87726396,0.12256053,0.00017545949
1142,0,0,0.740621,0.25848985,0.0008891969
1143,2,2,5.9166185e-05,0.046309177,0.95363164
1144,0,0,0.9997887,0.00017132614,3.998626e-05
1145,1,1,0.027901579,0.6990248,0.27307367
1146,2,2,8.551204e-05,0.043961674,0.9559528
1147,0,0,0.6038982,0.39267874,0.0034230417
1148,1,1,0.0064215036,0.51976895,0.47380954
1149,2,2,0.00083953235,0.26294246,0.73621804
1150,2,2,3.9994567e-05,0.0016726273,0.9982874
1151,1,1,0.13471578,0.77938217,0.08590207
1152,2,2,3.9988212e-05,0.0001224726,0.9998375
1153,0,0,0.8366454,0.16305035,0.00030419757
1154,1,1,0.0691637,0.77254057,0.15829574
1155,2,2,6.1531864e-05,0.035072558,0.9648659
1156,0,0,0.9807223,0.019237703,3.9995102e-05
1157,2,2,4.0707746e-05,0.013136108,0.9868232
1158,2,1,0.010041427,0.57789683,0.41206175
1159,1,0,0.6321219,0.36525792,0.0026201638
1160,0,1,0.069137715,0.7800071,0.15085523
1161,0,0,0.9732689,0.02669003,4.107001e-05
1162,1,0,0.9759021,0.024057906,3.9992665e-05
1163,1,1,0.24540292,0.71595997,0.038637135
1164,2,1,0.018559072,0.66994035,0.31150058
1165,0,0,0.77755105,0.22174579,0.00070318533
1166,1,0,0.8430215,0.15667836,0.000300183
1167,1,0,0.9860971,0.013862839,3.9995248e-05
1168,0,0,0.9292079,0.070721135,7.093784e-05
1169,0,0,0.9998954,6.4694046e-05,3.9990526e-05
1170,2,2,3.9992796e-05,0.0028155867,0.99714446
1171,0,0,0.80544204,0.1940489,0.0005091009
1172,0,0,0.99647474,0.003485262,3.999531e-05
1173,2,2,0.0027443604,0.40138638,0.5958693
1174,2,2,7.620952e-05,0.051860586,0.94806325
1175,1,0,0.511655,0.4810742,0.0072708065
1176,2,2,6.0327737e-05,0.042548742,0.95739096
1177,1,2,0.0004625648,0.21444736,0.7850901
1178,1,1,0.35446402,0.6263442,0.01919176
1179,0,0,0.6262237,0.3707364,0.0030399663
1180,1,1,0.03624234,0.7303927,0.23336498
1181,1,1,0.3483622,0.6328214,0.018816391
1182,1,1,0.48626864,0.5055861,0.008145295
1183,0,0,0.99943626,0.00052377017,3.999413e-05
1184,0,0,0.50708985,0.486003,0.006907161
1185,1,1,0.070915945,0.7800963,0.14898777
1186,2,2,0.00023624713,0.13022064,0.86954314
1187,1,1,0.1409288,0.77760166,0.08146957
1188,1,1,0.12200771,0.78258073,0.0954116
1189,0,0,0.8047727,0.19464546,0.00058189186
1190,2,2,0.000109766595,0.08372055,0.9161697
1191,1,1,0.03518742,0.7245245,0.24028805
1192,0,0,0.7707386,0.22857362,0.00068781915
1193,0,1,0.46894813,0.5211931,0.009858793
1194,1,1,0.20921136,0.74016047,0.050628196
1195,0,0,0.99935246,0.0006075625,3.9988332e-05
1196,0,0,0.67612666,0.3218865,0.0019868508
1197,0,1,0.07804284,0.77943695,0.14252028
1198,0,0,0.9998772,8.2832725e-05,3.9989798e-05
1199,1,0,0.54056567,0.45426518,0.0051691756
1200,1,2,0.00046767868,0.21310112,0.7864312
1201,0,0,0.9992782,0.00068173703,3.9995142e-05
1202,0,0,0.9099948,0.08991476,9.049739e-05
1203,1,0,0.60884815,0.3879742,0.0031777064
1204,0,0,0.8607999,0.13898079,0.00021928668
1205,0,0,0.9969814,0.0029786127,3.999604e-05
1206,2,2,3.9991446e-05,0.0005908062,0.9993692
1207,2,2,0.00027108655,0.15924926,0.8404797
1208,1,1,0.02312303,0.68915457,0.2877224
1209,2,2,0.001410997,0.32907784,0.6695112
1210,1,1,0.09018775,0.7851622,0.12465008
1211,1,2,0.00065754005,0.2395401,0.7598024
1212,1,2,0.0016387126,0.3295507,0.66881055
1213,1,2,0.0015215984,0.33636737,0.66211104
1214,0,0,0.9208964,0.07902305,8.0539336e-05
1215,0,0,0.9943737,0.005586327,3.9999184e-05
1216,2,2,0.00088617316,0.273917,0.72519684
1217,2,1,0.20380214,0.74264634,0.053551562
1218,1,0,0.9709345,0.0290255,3.9996696e-05
1219,0,0,0.9997622,0.00019789863,3.99852e-05
1220,0,0,0.97258085,0.027379176,3.9996634e-05
1221,0,0,0.6621602,0.3359008,0.0019389985
1222,0,1,0.40204224,0.5838079,0.014149897
1223,1,1,0.026224043,0.7009819,0.27279407
1224,1,0,0.59571594,0.40082386,0.003460215
1225,1,1,0.3213905,0.6549356,0.023673877
1226,0,0,0.99265635,0.0073036393,3.9991468e-05
1227,1,1,0.25143474,0.7104699,0.038095314
1228,0,0,0.9344231,0.0655162,6.0702732e-05
1229,2,2,0.0012502966,0.31548256,0.6832671
1230,1,2,0.0044973865,0.4762081,0.51929456
1231,0,0,0.93282443,0.0671136,6.198249e-05
1232,1,1,0.25796252,0.70449805,0.03753946
1233,1,1,0.3366441,0.6414286,0.021927342
1234,1,1,0.13179953,0.77770877,0.090491734
1235,2,2,0.00080341275,0.26188785,0.73730874
1236,0,1,0.37186587,0.61025757,0.017876564
1237,0,0,0.59563977,0.40066105,0.0036992414
1238,0,1,0.3246823,0.65235466,0.022963043
1239,1,1,0.080115795,0.7781372,0.14174698
1240,0,0,0.70353633,0.29473385,0.001729833
1241,0,1,0.1129729,0.7860954,0.10093176
1242,0,1,0.2097396,0.73927885,0.05098154
1243,0,0,0.91044056,0.08946557,9.3918155e-05
1244,0,0,0.9591376,0.0408181,4.428482e-05
1245,0,1,0.41073525,0.57609624,0.013168516
1246,0,0,0.64103365,0.3561865,0.0027798484
1247,2,2,5.2595464e-05,0.033436507,0.9665109
1248,2,2,8.7589986e-05,0.07206239,0.92785
1249,1,1,0.2192356,0.7317387,0.049025703
1250,1,1,0.42992923,0.5590978,0.01097298
1251,0,0,0.9894165,0.010543559,3.9993723e-05
1252,1,0,0.65994453,0.33796662,0.002088857
1253,0,0,0.82427216,0.17541645,0.0003114082
1254,1,1,0.031280216,0.70800674,0.26071307
1255,0,0,0.9995512,0.00040880067,3.9991402e-05
1256,1,1,0.025941014,0.69992876,0.27413028
1257,0,1,0.41965705,0.5673154,0.013027582
1258,1,1,0.021664139,0.6750087,0.30332714
1259,1,2,0.0031374176,0.43299794,0.56386465
1260,1,0,0.7444664,0.2545557,0.000977858
1261,1,2,0.0044780057,0.4841347,0.5113873
1262,0,0,0.67868364,0.3195061,0.0018102381
1263,0,0,0.8422386,0.15742566,0.0003357679
1264,0,0,0.9781868,0.021773156,3.999625e-05
1265,0,0,0.9999102,4.9914368e-05,3.9991115e-05
1266,1,1,0.30013707,0.6714434,0.02841958
1267,0,0,0.52685916,0.46725762,0.005883256
1268,0,0,0.9935269,0.006433133,3.9992115e-05
1269,1,1,0.35876772,0.62269795,0.01853435
1270,0,0,0.8354824,0.1641945,0.00032310848
1271,0,0,0.9816255,0.018334504,3.999708e-05
1272,2,2,0.00026465923,0.13430746,0.8654279
1273,1,0,0.50389725,0.48894465,0.007158119
1274,0,0,0.75259733,0.2465274,0.00087532174
1275,0,0,0.9992775,0.0006825621,3.999267e-05
1276,0,0,0.9988953,0.0010646912,3.999204e-05
1277,0,0,0.992847,0.007112976,3.9994236e-05
1278,0,0,0.9662768,0.033682883,4.03461e-05
1279,1,1,0.23788708,0.721336,0.04077696
1280,1,1,0.46488646,0.5255278,0.009585692
1281,0,0,0.9542465,0.0457084,4.500222e-05
1282,0,0,0.7230333,0.27555406,0.0014126399
1283,0,0,0.99824667,0.0017133204,3.9992934e-05
1284,0,0,0.9999092,5.083812e-05,3.999108e-05
1285,2,1,0.0063688066,0.5271945,0.46643674
1286,1,1,0.027752265,0.6997032,0.2725445
1287,1,1,0.014780786,0.6234676,0.3617516
1288,0,0,0.99473226,0.0052277343,3.999642e-05
1289,0,0,0.89303684,0.10682362,0.00013954853
1290,0,0,0.9434086,0.05653672,5.4701126e-05
1291,0,0,0.7870398,0.21237095,0.0005892286
1292,0,1,0.16387185,0.7627299,0.073398255
1293,0,0,0.9989223,0.0010377306,3.9993123e-05
1294,1,1,0.20612305,0.7420977,0.051779233
1295,1,1,0.10361875,0.78335637,0.113024935
1296,1,1,0.010723852,0.5758056,0.41347054
1297,0,0,0.73504096,0.2637208,0.0012383047
1298,1,0,0.7517685,0.24738865,0.00084281166
1299,0,0,0.98890567,0.01105425,3.9995288e-05
1300,2,2,3.99933e-05,0.0020093052,0.9979507
1301,1,1,0.115945704,0.7859617,0.0980926
1302,0,0,0.895523,0.10436349,0.000113480055
1303,1,1,0.33459547,0.6441662,0.021238409
1304,0,0,0.9820087,0.01795133,3.999282e-05
1305,0,0,0.9999182,4.184648e-05,3.9991435e-05
1306,0,0,0.70081735,0.29779658,0.0013861265
1307,0,0,0.98214895,0.017811049,3.9991053e-05
1308,0,0,0.8263985,0.1732593,0.00034213538
1309,2,2,7.934814e-05,0.0631745,0.9367461
1310,2,1,0.12260444,0.7832508,0.0941448
1311,0,0,0.9662194,0.03373982,4.074608e-05
1312,1,1,0.021873768,0.6784134,0.2997128
1313,0,0,0.95963347,0.0403255,4.1019364e-05
1314,0,0,0.99961567,0.00034431618,3.999154e-05
1315,1,1,0.32887912,0.64780784,0.023313064
1316,1,1,0.014727975,0.6241372,0.36113486
1317,2,2,0.000133163,0.09186408,0.90800273
1318,1,1,0.07921532,0.77612305,0.14466164
1319,2,2,0.00078139023,0.25461897,0.7445997
1320,0,0,0.99929184,0.00066818035,3.9993243e-05
1321,0,0,0.72449356,0.27435467,0.0011518089
1322,0,0,0.93847454,0.061465584,5.9883692e-05
1323,1,1,0.006913956,0.5349353,0.45815077
1324,1,1,0.05063542,0.7601758,0.18918875
1325,2,2,3.9992345e-05,0.0016058957,0.99835414
1326,1,1,0.22350845,0.73026276,0.046228852
1327,2,1,0.01854657,0.65202254,0.32943088
1328,0,0,0.9956431,0.004316954,3.9993774e-05
1329,1,1,0.3979048,0.58707535,0.015019808
1330,0,0,0.9975098,0.002450195,3.999766e-05
1331,0,1,0.35853836,0.62277067,0.018690962
1332,1,1,0.008079777,0.55540013,0.43652007
1333,1,1,0.04973092,0.7563217,0.19394737
1334,1,1,0.4616346,0.52855796,0.009807467
1335,2,2,0.00022733342,0.12389561,0.8758771
1336,2,2,4.6087825e-05,0.027699452,0.97225446
1337,0,1,0.25869358,0.7056564,0.03565
1338,1,1,0.04226338,0.7429233,0.21481332
1339,1,1,0.17844447,0.7594346,0.06212099
1340,2,1,0.016387187,0.64768493,0.3359279
1341,0,0,0.9995634,0.00039663754,3.9994335e-05
1342,1,0,0.6374077,0.3600214,0.0025708738
1343,1,0,0.5936801,0.40215507,0.0041648904
1344,1,0,0.5321254,0.4622682,0.0056064357
1345,0,0,0.8809938,0.1188522,0.00015404314
1346,1,1,0.44509402,0.54457474,0.010331296
1347,0,0,0.6953746,0.30297694,0.0016484761
1348,2,2,0.00013148016,0.065643474,0.9342251
1349,0,0,0.50486505,0.4879889,0.0071460465
1350,0,0,0.9937985,0.0061614932,3.9993232e-05
1351,1,2,0.00031359366,0.16048299,0.83920336
1352,0,1,0.39898768,0.585678,0.015334375
1353,2,2,0.00054706977,0.23102881,0.76842415
1354,0,1,0.2275876,0.72614,0.046272412
1355,2,1,0.008186491,0.5236614,0.4681521
1356,1,1,0.027429732,0.7017419,0.27082843
1357,0,0,0.90416247,0.095732234,0.00010530474
1358,2,1,0.025867838,0.6917196,0.2824126
1359,1,1,0.33360875,0.6420138,0.024377486
1360,0,0,0.99968874,0.00027133318,3.9987142e-05
1361,0,0,0.9998525,0.00010760751,3.998881e-05
1362,0,0,0.99175894,0.008201083,3.9992196e-05
1363,0,0,0.99987704,8.300398e-05,3.9989794e-05
1364,2,2,0.0031746854,0.42061105,0.57621425
1365,2,2,3.999469e-05,0.004111043,0.995849
1366,1,1,0.04072608,0.73944247,0.21983144
1367,0,0,0.52117795,0.47258952,0.006232542
1368,0,0,0.97370094,0.026259081,3.998999e-05
1369,0,0,0.59744793,0.3987871,0.0037649698
1370,0,0,0.8168213,0.18279731,0.00038143553
1371,2,1,0.01122743,0.58640265,0.4023699
1372,0,1,0.14318834,0.7745971,0.08221451
1373,2,1,0.048995502,0.7524301,0.1985744
1374,0,0,0.9996709,0.0002891419,3.998399e-05
1375,0,0,0.8064256,0.19309305,0.00048138323
1376,0,0,0.80366886,0.19577624,0.000554895
1377,1,1,0.026972638,0.6978237,0.27520368
1378,1,0,0.5887196,0.40733135,0.0039490303
1379,1,0,0.58446455,0.41123682,0.0042986255
1380,0,0,0.97399354,0.025966521,3.999449e-05
1381,0,1,0.4452321,0.54379934,0.010968614
1382,1,2,0.003817928,0.45152363,0.5446585
1383,1,1,0.066709444,0.774479,0.1588116
1384,0,0,0.99455756,0.005402521,3.9994295e-05
1385,2,2,0.0010484727,0.29732093,0.7016306
1386,0,0,0.9999091,5.0942403e-05,3.9991075e-05
1387,0,1,0.09747159,0.7833085,0.119219914
1388,0,0,0.9964987,0.0034612976,3.999137e-05
1389,1,0,0.558003,0.4368149,0.005182063
1390,1,1,0.08829664,0.78097343,0.1307299
1391,1,1,0.026641298,0.6962714,0.27708727
1392,2,2,0.00030229718,0.168799,0.83089876
1393,2,2,3.999354e-05,0.00035536065,0.99960464
1394,1,0,0.5568017,0.43838713,0.004811187
1395,1,1,0.051796257,0.74799156,0.20021221
1396,2,1,0.0066448296,0.5264004,0.46695474
1397,0,1,0.07466748,0.7805116,0.14482091
1398,1,1,0.12207483,0.77584773,0.10207746
1399,0,0,0.8776214,0.12219995,0.00017862144
1400,0,0,0.9976995,0.0022605758,3.998813e-05
1401,2,1,0.040739402,0.74477875,0.21448189
1402,1,0,0.5113052,0.4827121,0.005982694
1403,1,1,0.45508254,0.53528297,0.009634499
1404,0,1,0.10561939,0.7814139,0.112966746
1405,0,0,0.84445924,0.1552693,0.000271459
1406,1,1,0.118732,0.78412974,0.097138286
1407,0,0,0.9994193,0.0005407391,3.9991006e-05
1408,0,0,0.77290106,0.22642726,0.0006717074
1409,1,1,0.06602067,0.77002186,0.16395748
1410,1,0,0.58823043,0.4078799,0.0038896406
1411,0,0,0.9772898,0.022670202,3.9997016e-05
1412,1,1,0.019470835,0.65437835,0.32615086
1413,2,1,0.016366538,0.62959296,0.3540405
1414,2,2,0.001995932,0.377736,0.6202681
1415,0,0,0.9491169,0.0508363,4.6824818e-05
1416,0,1,0.14163813,0.77243507,0.08592683
1417,0,0,0.97854376,0.021416232,3.999586e-05
1418,0,0,0.9439497,0.055994816,5.5483353e-05
1419,1,0,0.6282813,0.36885682,0.0028618989
1420,1,1,0.15409917,0.77161276,0.07428807
1421,0,0,0.9983052,0.0016547838,3.9992832e-05
1422,1,1,0.3394682,0.63883245,0.021699345
1423,2,1,0.09402645,0.7776711,0.12830243
1424,2,2,4.271343e-05,0.016825365,0.98313195
1425,0,0,0.6189418,0.37804782,0.0030104762
1426,1,1,0.38844752,0.5953797,0.016172826
1427,1,1,0.4364087,0.5518303,0.011760961
1428,0,0,0.9817676,0.018192459,3.9992927e-05
1429,0,0,0.9995807,0.00037933848,3.999258e-05
1430,1,2,0.003488538,0.4537035,0.542808
1431,0,0,0.9137107,0.086199805,8.945401e-05
1432,1,1,0.046024516,0.74317205,0.21080346
1433,1,0,0.7939614,0.20556964,0.0004689459
1434,2,2,3.9993454e-05,0.0026771147,0.99728286
1435,1,1,0.36454,0.61663765,0.018822366
1436,1,0,0.7417385,0.2572165,0.0010449338
1437,2,2,0.004416576,0.4510392,0.5445442
1438,0,0,0.8615049,0.13827386,0.00022126765
1439,1,1,0.35733026,0.6235926,0.019077104
1440,0,0,0.9903983,0.009561763,3.9993938e-05
1441,0,1,0.14267205,0.776379,0.080948934
1442,2,2,4.2665903e-05,0.014747293,0.98521006
1443,0,0,0.9191711,0.08074774,8.123183e-05
1444,2,1,0.010998406,0.59408534,0.3949163
1445,0,0,0.99675286,0.0032071935,3.9991784e-05
1446,1,0,0.6951156,0.3033375,0.0015468677
1447,2,2,0.00010984792,0.079069585,0.92082053
1448,1,1,0.11946563,0.7790814,0.10145301
1449,0,0,0.5585883,0.43674913,0.0046624863
1450,0,1,0.3493305,0.63060814,0.020061355
1451,1,1,0.050608296,0.7560828,0.193309
1452,1,1,0.023324661,0.6878573,0.28881803
1453,0,0,0.9994123,0.0005477356,3.9990726e-05
1454,1,0,0.6053973,0.3912888,0.0033139181
1455,1,1,0.06531463,0.7721385,0.16254683
1456,0,0,0.9996959,0.00026412413,3.998743e-05
1457,0,1,0.35862747,0.6235,0.017872589
1458,0,0,0.9637369,0.036222648,4.04663e-05
1459,0,0,0.9354863,0.064449705,6.3949046e-05
1460,0,0,0.99902606,0.00093394186,3.999728e-05
1461,0,0,0.9100534,0.089832395,0.00011424912
1462,0,1,0.05895344,0.7689383,0.17210828
1463,2,2,4.692281e-05,0.024593368,0.97535974
1464,2,2,0.00031381485,0.13934171,0.8603444
1465,2,1,0.027144842,0.69925195,0.2736032
1466,1,1,0.18384118,0.7564232,0.059735678
1467,1,1,0.30153325,0.67033345,0.028133338
1468,2,1,0.015120743,0.6390883,0.34579098
1469,0,0,0.6569917,0.34076482,0.0022435081
1470,1,1,0.08249358,0.7809762,0.13653019
1471,1,1,0.15267712,0.76971817,0.07760474
1472,1,1,0.2525372,0.7089983,0.038464487
1473,0,0,0.8376459,0.16204792,0.000306215
1474,1,1,0.14044836,0.7705431,0.08900854
1475,0,0,0.9999141,4.5884168e-05,3.9991275e-05
1476,0,0,0.9385692,0.061372515,5.830994e-05
1477,0,0,0.7922659,0.20712967,0.0006043867
1478,1,0,0.775457,0.22389314,0.0006498115
1479,2,2,0.00065458554,0.23590583,0.7634396
1480,0,0,0.9996954,0.00026455798,3.9987408e-05
1481,0,0,0.7735002,0.22586092,0.0006388383
1482,0,0,0.99614704,0.0038129985,3.999195e-05
1483,1,1,0.29236454,0.6787881,0.028847368
1484,1,2,0.0040679923,0.4400266,0.5559054
1485,0,0,0.9433155,0.05663023,5.4248638e-05
1486,2,2,0.0017560287,0.34941173,0.64883226
1487,1,2,0.00013316452,0.08895641,0.9109104
1488,0,1,0.037887156,0.7307977,0.23131515
1489,1,1,0.0120909875,0.6066435,0.38126555
1490,1,2,0.0005056964,0.20026545,0.7992289
1491,1,1,0.40835792,0.57812935,0.013512798
1492,0,0,0.8489899,0.15074685,0.00026326504
1493,0,0,0.80551547,0.19407004,0.0004145443
1494,0,0,0.96128243,0.03867649,4.1059262e-05
1495,0,0,0.84671587,0.1529868,0.0002973145
1496,0,0,0.8667107,0.1330713,0.00021799024
1497,0,0,0.9798963,0.0200637,3.9991282e-05
1498,0,0,0.8864695,0.113388196,0.00014234631
1499,2,1,0.009379238,0.5661553,0.4244654
1500,0,0,0.6748518,0.32323688,0.0019113702
1501,1,2,0.0001109611,0.081735,0.91815406
1502,1,1,0.23452541,0.7228669,0.04260771
1503,1,1,0.055861674,0.7612914,0.18284684
1504,0,0,0.9809127,0.019047258,3.9995404e-05
1505,1,0,0.5152579,0.4785471,0.00619502
1506,0,0,0.95611465,0.04383858,4.6827092e-05
1507,1,1,0.1251907,0.7813245,0.093484774
1508,1,1,0.19223443,0.74946713,0.05829848
1509,1,2,0.00023033092,0.11779924,0.8819704
1510,0,0,0.8601326,0.1396613,0.00020616464
1511,0,0,0.99992,3.999151e-05,3.999151e-05
1512,0,0,0.9130786,0.086821005,0.00010039695
1513,0,0,0.81881547,0.1807638,0.00042076534
1514,0,0,0.99992,3.999151e-05,3.999151e-05
1515,0,1,0.18318401,0.75281054,0.06400549
1516,1,2,0.0016146228,0.34028202,0.65810335
1517,1,0,0.6301571,0.36717117,0.0026717582
1518,0,0,0.9730445,0.026915478,3.9993116e-05
1519,1,1,0.019162696,0.65263057,0.32820672
1520,1,1,0.15934186,0.7695693,0.07108883
1521,0,0,0.9980576,0.0019023404,3.9997587e-05
1522,1,1,0.038998563,0.7270569,0.23394454
1523,0,0,0.9619483,0.038011223,4.0584804e-05
1524,2,1,0.021675536,0.6861115,0.292213
1525,1,1,0.27891627,0.69060516,0.030478599
1526,0,0,0.9962953,0.003664759,3.9993007e-05
1527,2,1,0.010168349,0.58425057,0.40558106
1528,1,2,0.0011816741,0.30722314,0.6915952
1529,2,2,0.00058615045,0.22971705,0.76969683
1530,1,0,0.7306935,0.26807442,0.0012320991
1531,2,1,0.032954022,0.7241708,0.24287514
1532,0,0,0.6102742,0.3865033,0.0032224772
1533,1,1,0.21947742,0.7342501,0.04627244
1534,2,2,0.0026046778,0.41262394,0.58477145
1535,1,0,0.77113324,0.22815359,0.00071317836
1536,0,0,0.99122345,0.008736592,3.9990282e-05
1537,0,0,0.9372248,0.06271873,5.6462246e-05
1538,0,0,0.9914429,0.008517103,3.999175e-05
1539,1,1,0.0442522,0.73952633,0.21622148
1540,2,1,0.062253766,0.77222073,0.1655255
1541,0,0,0.99992,3.999151e-05,3.999151e-05
1542,1,1,0.0122648105,0.6066429,0.38109228
1543,1,0,0.8210403,0.17855465,0.00040509415
1544,0,0,0.9190899,0.08082724,8.285991e-05
1545,0,0,0.5320242,0.4620416,0.005934232
1546,0,0,0.6273307,0.36988476,0.0027845684
1547,0,0,0.6719418,0.3262048,0.0018533617
1548,0,1,0.48642108,0.5053383,0.008240638
1549,1,1,0.07717568,0.7815801,0.14124423
1550,2,1,0.03759963,0.7239025,0.23849787
1551,0,0,0.79971033,0.1998046,0.00048504688
1552,0,0,0.99819213,0.0017677951,3.9998085e-05
1553,2,2,0.00038188227,0.17333712,0.826281
1554,0,0,0.9265646,0.073360525,7.494234e-05
1555,2,2,4.6750218e-05,0.02196782,0.97798544
1556,2,2,3.999288e-05,0.009953867,0.9900061
1557,0,1,0.3911715,0.59315145,0.015677102
1558,2,2,3.9989067e-05,0.00010109606,0.99985886
1559,0,0,0.98510176,0.0148582235,3.9994484e-05
1560,0,0,0.96904594,0.030913923,4.0101128e-05
1561,1,1,0.13379471,0.7779899,0.088215396
1562,2,2,4.6558336e-05,0.023860713,0.97609276
1563,0,1,0.13556519,0.7755205,0.088914275
1564,0,0,0.9769622,0.0229978,3.999609e-05
1565,0,0,0.785102,0.21431082,0.0005871955
1566,0,0,0.9005362,0.09936255,0.000101275116
1567,1,1,0.47914526,0.51027614,0.010578656
1568,0,0,0.9909244,0.009035576,3.999299e-05
1569,1,0,0.71478385,0.28387493,0.0013412139
1570,2,1,0.34540236,0.6321554,0.022442201
1571,1,1,0.13831559,0.7764048,0.085279614
1572,2,2,0.00016922437,0.11634698,0.8834838
1573,1,0,0.56433135,0.43077245,0.0048962296
1574,2,2,0.0008472947,0.2696561,0.7294966
1575,2,2,3.9990784e-05,0.004147393,0.9958126
1576,1,1,0.15124765,0.7709598,0.07779259
1577,0,1,0.247849,0.7146393,0.037511744
1578,0,1,0.080485046,0.77878165,0.14073333
1579,1,1,0.09943099,0.7828729,0.11769609
1580,1,0,0.60431975,0.39235094,0.0033292184
1581,0,0,0.9952462,0.0047138357,3.9994997e-05
1582,1,1,0.04424107,0.74722433,0.2085346
1583,0,0,0.99218935,0.007770666,3.999479e-05
1584,1,1,0.18991636,0.7480111,0.062072493
1585,2,2,0.0018385862,0.3598007,0.6383607
1586,0,1,0.3630234,0.6177733,0.019203305
1587,2,1,0.0069865137,0.5399231,0.45309043
1588,2,2,0.0001872794,0.11857647,0.88123626
1589,0,0,0.80368304,0.19583842,0.00047850976
1590,2,2,0.0013874586,0.2971537,0.7014589
1591,1,1,0.17400628,0.7599343,0.06605938
1592,0,1,0.3505243,0.62903243,0.020443255
1593,0,1,0.2782039,0.6899576,0.03183853
1594,2,1,0.039343715,0.72843784,0.23221843
1595,0,0,0.9982871,0.0016729623,3.999455e-05
1596,0,0,0.9998336,0.00012649682,3.9988056e-05
1597,0,1,0.28060788,0.68524086,0.034151256
1598,0,0,0.8952808,0.10460094,0.00011831735
1599,1,1,0.15223551,0.7721281,0.07563643
1600,0,0,0.9798963,0.020063693,3.9993763e-05
1601,1,1,0.03334444,0.7097851,0.25687045
1602,0,0,0.93240297,0.06753422,6.282916e-05
1603,1,0,0.567199,0.42828184,0.0045191674
1604,2,1,0.050269827,0.7524348,0.1972954
1605,1,1,0.40133286,0.58473116,0.013935941
1606,0,1,0.045917403,0.7459079,0.20817472
1607,2,2,0.0006828747,0.23816827,0.76114887
1608,0,0,0.7999076,0.19953413,0.0005582705
1609,1,1,0.042138904,0.7427751,0.21508601
1610,0,0,0.9607085,0.039248727,4.2799365e-05
1611,1,1,0.27205497,0.6945525,0.0333925
1612,0,0,0.94340235,0.056544445,5.3203945e-05
1613,2,2,0.005337063,0.4905549,0.5041081
1614,1,0,0.86885405,0.13097106,0.0001749127
1615,0,0,0.99093765,0.009022374,3.9993523e-05
1616,0,0,0.6954772,0.30294147,0.0015813967
1617,0,0,0.9809138,0.019046176,3.9995444e-05
1618,0,1,0.1473462,0.7753039,0.0773499
1619,1,1,0.013111176,0.6084436,0.3784452
1620,0,0,0.95629036,0.043666527,4.308638e-05
1621,1,1,0.46765321,0.5228291,0.009517674
1622,0,1,0.4399824,0.54902625,0.010991382
1623,1,1,0.049078174,0.75863755,0.19228426
1624,0,1,0.31686324,0.65636927,0.026767524
1625,2,1,0.1099543,0.7839217,0.10612396
1626,0,0,0.9974278,0.0025322197,3.9994367e-05
1627,1,1,0.19734904,0.74734044,0.055310544
1628,1,0,0.93963104,0.060298134,7.083825e-05
1629,0,0,0.93522745,0.064715415,5.7189307e-05
1630,2,1,0.009133315,0.57760584,0.41326082
1631,0,0,0.8249279,0.17463183,0.00044023222
1632,1,1,0.10828826,0.7828741,0.10883766
1633,2,1,0.054152522,0.76140064,0.18444687
1634,2,2,4.03973e-05,0.009596847,0.99036276
1635,1,1,0.48420462,0.50739574,0.0083995825
1636,1,1,0.042195,0.74104595,0.21675907
1637,2,1,0.31681228,0.65681976,0.026368003
1638,1,1,0.05688775,0.7619488,0.18116343
1639,0,0,0.9897659,0.010194041,3.9995513e-05
1640,0,0,0.9964441,0.0035159113,3.9994076e-05
1641,0,0,0.9728692,0.027090771,3.9995935e-05
1642,0,1,0.27079466,0.69527984,0.03392555
1643,1,0,0.56848246,0.4267892,0.0047283303
1644,2,2,0.0005960789,0.20854753,0.79085636
1645,1,1,0.06620537,0.765113,0.16868159
1646,1,1,0.076281466,0.7684066,0.15531199
1647,1,2,4.017579e-05,0.015833793,0.984126
1648,0,0,0.9786794,0.021280605,3.999891e-05
1649,1,2,0.004539134,0.47505817,0.5204027
1650,2,2,0.0014660622,0.31628317,0.6822508
1651,0,0,0.9993807,0.00057928776,3.9991904e-05
1652,1,1,0.47695303,0.51418465,0.008862333
1653,1,1,0.09297666,0.78495395,0.12206929
1654,1,1,0.01864613,0.6436157,0.33773816
1655,0,0,0.85178995,0.14794178,0.0002681748
1656,1,0,0.7472479,0.25183356,0.0009185559
1657,0,1,0.43466276,0.55338216,0.011955104
1658,0,0,0.51451355,0.47865874,0.0068276958
1659,0,0,0.61644924,0.3805817,0.002969009
1660,0,0,0.75226134,0.246933,0.00080568617
1661,0,0,0.86974293,0.13002732,0.00022977381
1662,1,2,0.00055569696,0.21556264,0.78388166
1663,0,0,0.9569207,0.04303792,4.1418276e-05
1664,1,1,0.3411541,0.6386627,0.02018325
1665,1,1,0.28169245,0.68563426,0.032673284
1666,0,1,0.11121211,0.7824445,0.10634337
1667,0,0,0.99923766,0.00072235375,3.999108e-05
1668,2,1,0.0060080825,0.52185166,0.47214025
1669,2,2,4.007615e-05,0.012119112,0.98784083
1670,0,0,0.8431664,0.15655987,0.0002737588
1671,1,1,0.46517152,0.5260271,0.0088014025
1672,2,2,0.000242747,0.14219469,0.8575626
1673,2,1,0.14538833,0.7770088,0.0776029
1674,0,0,0.80886257,0.19068119,0.00045625897
1675,1,2,0.0005214654,0.208467,0.79101145
1676,1,1,0.037104983,0.73017985,0.23271519
1677,1,1,0.07376115,0.7823487,0.14389013
1678,0,1,0.3347854,0.6432656,0.021948963
1679,1,0,0.5589278,0.43639517,0.004677087
1680,2,1,0.06272989,0.7599834,0.17728668
1681,0,0,0.9992726,0.00068741495,3.9987583e-05
1682,1,2,0.0035841803,0.44013023,0.55628556
1683,1,0,0.6218436,0.37555623,0.0026002196
1684,1,0,0.6065415,0.3898548,0.0036036952
1685,1,1,0.14623138,0.7745501,0.07921849
1686,0,0,0.99444866,0.0055112643,3.9994826e-05
1687,0,0,0.8417737,0.15793896,0.00028737364
1688,0,0,0.9701501,0.02980992,3.9994557e-05
1689,1,1,0.22987995,0.72694457,0.043175478
1690,0,0,0.9053945,0.09450376,0.00010177449
1691,2,2,0.0030380473,0.41740674,0.5795552
1692,2,2,7.750849e-05,0.037699368,0.9622231
1693,2,1,0.010300482,0.58049643,0.40920314
1694,2,1,0.0066529745,0.5142381,0.47910896
1695,2,1,0.23418576,0.722727,0.043087274
1696,2,1,0.019615985,0.6594497,0.3209343
1697,0,0,0.9642877,0.035669085,4.320549e-05
1698,1,1,0.013573737,0.6206035,0.36582273
1699,0,0,0.9984455,0.0015144956,3.9993563e-05
1700,1,1,0.30890584,0.663774,0.02732014
1701,2,1,0.013843235,0.6244176,0.36173916
1702,2,2,3.999861e-05,0.002304195,0.9976558
1703,2,2,4.2754116e-05,0.020266231,0.979691
1704,2,1,0.038815424,0.7266373,0.23454729
1705,0,0,0.98568493,0.014275045,3.9993378e-05
1706,1,1,0.21250515,0.73912555,0.048369367
1707,1,1,0.16331244,0.76835644,0.06833112
1708,0,1,0.2863471,0.68139094,0.032261975
1709,1,1,0.14823644,0.77417403,0.07758958
1710,1,1,0.021040017,0.67279905,0.30616096
1711,0,0,0.7638618,0.2353487,0.0007895111
1712,0,0,0.893996,0.10585172,0.00015226191
1713,0,0,0.7121464,0.2865175,0.0013360718
1714,1,2,0.00022422221,0.12440607,0.8753697
1715,0,0,0.9470291,0.052914694,5.6188735e-05
1716,0,0,0.955037,0.044915345,4.769221e-05
1717,0,0,0.9670539,0.0329061,3.9995244e-05
1718,1,1,0.37231642,0.6112707,0.0164128
1719,0,0,0.8534565,0.14631765,0.0002258134
1720,0,0,0.9997238,0.00023628096,3.998366e-05
1721,2,1,0.124946676,0.7786317,0.09642166
1722,1,0,0.5785675,0.417216,0.0042164996
1723,2,2,0.00014525244,0.09724662,0.90260816
1724,0,0,0.9993245,0.00063548936,3.9989656e-05
1725,0,0,0.9998902,6.9863774e-05,3.9990322e-05
1726,0,0,0.99952835,0.0004316411,3.999293e-05
1727,2,1,0.010915932,0.6008364,0.38824767
1728,1,1,0.23615047,0.7214698,0.04237973
1729,0,0,0.940895,0.059049964,5.503218e-05
1730,2,2,0.00078481075,0.2700209,0.7291943
1731,1,1,0.019813357,0.65886897,0.32131767
1732,1,1,0.07745006,0.7777964,0.1447536
1733,1,1,0.018045109,0.643121,0.33883387
1734,1,1,0.015735166,0.6448681,0.33939677
1735,0,0,0.74613327,0.25288194,0.0009847785
1736,1,1,0.05375107,0.75796354,0.1882854
1737,0,0,0.9978871,0.0020729527,3.999075e-05
1738,0,0,0.5989462,0.3973543,0.0036995255
1739,1,1,0.015998876,0.6394007,0.3446004
1740,0,0,0.9872946,0.012665412,3.9996776e-05
1741,0,0,0.99974334,0.00021666585,3.9984443e-05
1742,0,0,0.86630005,0.13350353,0.00019646525
1743,1,1,0.267002,0.69617784,0.036820177
1744,1,2,0.0021284455,0.37437344,0.6234981
1745,0,1,0.21770589,0.73375297,0.048541132
1746,0,0,0.96770114,0.03225855,4.034191e-05
1747,2,2,3.9989864e-05,0.0006303252,0.9993297
1748,1,1,0.2389261,0.71960104,0.041472904
1749,2,1,0.03187036,0.71701044,0.2511192
1750,1,0,0.8098193,0.1896986,0.00048211784
1751,0,0,0.95308423,0.04686826,4.74982e-05
1752,1,1,0.41580886,0.571443,0.012748158
1753,1,1,0.010449395,0.57611954,0.4134311
1754,1,0,0.7215245,0.27717108,0.0013044435
1755,0,0,0.9998378,0.00012220678,3.9988226e-05
1756,0,0,0.7585993,0.24064462,0.00075607246
1757,0,0,0.99884987,0.0011101431,3.9992665e-05
1758,1,0,0.5433767,0.45114225,0.005481097
1759,0,0,0.68777275,0.31058896,0.0016383363
1760,1,0,0.58080024,0.4152179,0.00398178
1761,0,0,0.6855942,0.31233838,0.0020674744
1762,0,0,0.9435897,0.05635424,5.6139837e-05
1763,1,1,0.032621358,0.70892435,0.25845426
1764,2,2,3.9992894e-05,0.0047049797,0.995255
1765,0,0,0.9962506,0.0037094324,3.999121e-05
1766,1,2,0.00082822016,0.2549171,0.7442547
1767,0,1,0.20406424,0.74282926,0.05310648
1768,0,0,0.77370673,0.2255452,0.0007481182
1769,2,2,3.9991723e-05,0.0004617849,0.99949825
1770,0,1,0.28778386,0.68237907,0.029837057
1771,0,0,0.74556947,0.25354192,0.0008886564
1772,2,2,3.9992174e-05,0.00038954034,0.9995705
1773,1,0,0.67336273,0.324687,0.0019502409
1774,1,2,0.00075693463,0.24377915,0.7554639
1775,0,0,0.9974095,0.0025505356,3.9993636e-05
1776,1,1,0.30758956,0.6647403,0.027670126
1777,0,1,0.36725777,0.6145635,0.018178733
1778,2,1,0.009426193,0.5684302,0.4221436
1779,1,1,0.041570347,0.7379979,0.22043177
1780,2,1,0.02142216,0.6823951,0.29618278
1781,0,1,0.2540492,0.70837283,0.037578017
1782,0,0,0.99973273,0.00022728593,3.998402e-05
1783,1,1,0.3789639,0.6041675,0.016868657
1784,2,1,0.030375045,0.7131041,0.2565208
1785,0,0,0.9315288,0.068406716,6.448944e-05
1786,1,2,0.0032138838,0.42639238,0.5703938
1787,1,0,0.79087406,0.20862703,0.0004989596
1788,1,2,0.00069539744,0.24931538,0.7499893
1789,0,0,0.7625677,0.23670407,0.0007282466
1790,0,0,0.9630504,0.03690488,4.472757e-05
1791,0,1,0.45107904,0.5374741,0.011446923
1792,0,0,0.9168238,0.0830926,8.354505e-05
1793,1,1,0.04452812,0.7483378,0.20713411
1794,2,2,4.072118e-05,0.017199157,0.98276013
1795,2,2,5.5428885e-05,0.034732737,0.9652118
1796,0,0,0.928042,0.071885355,7.268657e-05
1797,0,0,0.79629564,0.20324062,0.0004638102
1798,2,1,0.009015594,0.5681577,0.4228267
1799,2,2,0.00052546634,0.21584906,0.7836255
1800,1,0,0.7734199,0.22591704,0.00066308177
1801,0,0,0.9991835,0.0007765198,3.9993796e-05
1802,0,0,0.99980706,0.00015302,3.9986993e-05
1803,0,0,0.9990337,0.0009263131,3.999514e-05
1804,1,1,0.07084282,0.77781224,0.15134493
1805,0,0,0.78067935,0.21865466,0.0006659407
1806,0,1,0.2133386,0.73531044,0.05135102
1807,1,0,0.6188594,0.378151,0.002989599
1808,2,2,4.5058154e-05,0.02400213,0.9759528
1809,0,0,0.8395442,0.1601266,0.0003292611
1810,0,0,0.8828368,0.11700797,0.00015524836
1811,2,2,0.00011550271,0.08560685,0.9142777
1812,2,2,0.0006414377,0.22907305,0.7702855
1813,0,0,0.884325,0.11551459,0.00016037119
1814,0,0,0.98849744,0.011462583,3.999606e-05
1815,2,2,3.9989383e-05,0.00064236135,0.99931765
1816,1,1,0.19095586,0.7484461,0.06059803
1817,1,1,0.051110063,0.7531788,0.19571121
1818,2,2,4.7167883e-05,0.018126678,0.9818261
1819,0,0,0.98301625,0.016943775,3.999407e-05
1820,1,1,0.0808119,0.77141976,0.14776836
1821,1,1,0.07760929,0.77591455,0.14647618
1822,2,1,0.013076333,0.60620624,0.38071746
1823,2,2,3.99909e-05,0.000604511,0.9993555
1824,0,0,0.999912,4.8051996e-05,3.9991188e-05
1825,2,2,4.7091096e-05,0.019606711,0.98034614
1826,2,2,0.00439453,0.47710925,0.5184962
1827,0,0,0.9988492,0.0011107901,3.999264e-05
1828,0,0,0.80388236,0.19564494,0.00047272418
1829,1,1,0.030384472,0.70710087,0.26251465
1830,0,0,0.99991876,4.133246e-05,3.999146e-05
1831,0,0,0.98645127,0.013508762,3.9994753e-05
1832,0,1,0.42321077,0.5645634,0.01222588
1833,1,1,0.028999018,0.70006794,0.2709331
1834,1,1,0.009460704,0.5805218,0.4100175
1835,0,0,0.9618142,0.038145274,4.050722e-05
1836,0,0,0.9976608,0.0022992524,3.999391e-05
1837,0,0,0.96309805,0.036860466,4.146847e-05
1838,1,1,0.3707937,0.6111548,0.018051498
1839,1,0,0.60787374,0.3891447,0.0029815668
1840,1,1,0.08982497,0.78116393,0.1290111
1841,2,2,0.004085451,0.463853,0.5320616
1842,1,2,0.0032981143,0.43665424,0.5600476
1843,1,1,0.013588301,0.6260129,0.36039877
1844,0,0,0.92015433,0.07976697,7.8732104e-05
1845,1,1,0.22587019,0.7287328,0.04539704
1846,1,1,0.19958435,0.7470063,0.053409368
1847,0,1,0.31455764,0.66018254,0.025259843
1848,1,0,0.79895544,0.20053357,0.0005110012
1849,2,2,0.00014535832,0.10220392,0.8976508
1850,0,0,0.9854368,0.014523225,3.9993225e-05
1851,1,0,0.963577,0.036381505,4.1515304e-05
1852,0,0,0.81440806,0.18515453,0.00043735636
1853,0,0,0.9860079,0.013952065,3.9991617e-05
1854,2,2,0.001064469,0.2851259,0.7138096
1855,1,1,0.082076795,0.7810508,0.13687244
1856,0,0,0.880003,0.11980484,0.00019225186
1857,0,0,0.878608,0.121232,0.00016001982
1858,0,0,0.9999044,5.568772e-05,3.9990886e-05
1859,2,2,0.0028008167,0.41215613,0.5850431
1860,1,1,0.0859532,0.78290874,0.13113809
1861,0,0,0.9999058,5.4190346e-05,3.9990944e-05
1862,1,1,0.15185943,0.7721799,0.07596064
1863,1,0,0.5480218,0.44649422,0.0054840236
1864,1,1,0.028240666,0.70126295,0.2704964
1865,0,0,0.91463363,0.08527752,8.875438e-05
1866,1,0,0.552705,0.44215104,0.0051440247
1867,2,2,0.0015624809,0.33456182,0.6638757
1868,2,2,4.020467e-05,0.010608143,0.98935163
1869,2,2,4.8507303e-05,0.023935856,0.9760156
1870,2,2,0.0012823925,0.30340308,0.6953145
1871,2,2,4.023539e-05,0.012111047,0.98784876
1872,0,0,0.9570936,0.042863254,4.312134e-05
1873,1,0,0.86280787,0.1369958,0.00019630956
1874,0,0,0.63125765,0.36619833,0.0025440392
1875,1,1,0.31978872,0.65569067,0.02452061
1876,2,2,3.999183e-05,0.0032057622,0.9967542
1877,0,0,0.9527456,0.047210127,4.4241147e-05
1878,0,1,0.17188847,0.7622016,0.06590995
1879,0,0,0.98749715,0.012462788,3.999509e-05
1880,1,1,0.10291755,0.78458214,0.112500355
1881,1,0,0.86494577,0.13481268,0.0002415661
1882,0,0,0.9994592,0.0005007911,3.9992603e-05
1883,0,0,0.88082373,0.11903038,0.00014588854
1884,1,1,0.028316006,0.699994,0.27168995
1885,2,1,0.07007596,0.7741529,0.15577124
1886,1,1,0.0152183315,0.6188835,0.36589816
1887,0,0,0.9947845,0.005175532,3.999115e-05
1888,1,0,0.8486388,0.15110475,0.00025648254
1889,0,1,0.4570387,0.5333348,0.009626548
1890,1,1,0.38193974,0.6015949,0.016465325
1891,1,1,0.3271773,0.6491641,0.023658616
1892,0,0,0.9740803,0.0258797,3.9993047e-05
1893,0,0,0.9451573,0.054788228,5.450293e-05
1894,0,0,0.66316164,0.33493868,0.0018996682
1895,2,2,5.6894616e-05,0.03690651,0.9630366
1896,1,0,0.7031597,0.29542962,0.0014107318
1897,0,0,0.99893796,0.0010220512,3.9991308e-05
1898,1,0,0.82640153,0.17324512,0.0003533906
1899,0,0,0.9086149,0.09128185,0.000103203
1900,0,0,0.9443355,0.055606913,5.7588713e-05
1901,0,0,0.5836328,0.41236025,0.004006899
1902,1,1,0.11504841,0.7869631,0.0979885
1903,0,0,0.9995689,0.00039111107,3.9989667e-05
1904,1,1,0.012794301,0.60379356,0.38341212
1905,1,1,0.19530997,0.7471194,0.05757057
1906,0,0,0.99906814,0.0008918529,3.9994073e-05
1907,1,0,0.80881906,0.19066715,0.00051379093
1908,0,0,0.8299241,0.16973211,0.00034381633
1909,0,0,0.9439589,0.055983882,5.7268353e-05
1910,0,0,0.828897,0.17075422,0.0003488259
1911,2,2,0.0016577404,0.35623842,0.6421038
1912,1,1,0.05351401,0.7552615,0.19122449
1913,1,2,0.0031940443,0.4347198,0.56208616
1914,1,1,0.03609332,0.7179475,0.24595924
1915,2,2,3.9994407e-05,0.004240261,0.9957198
1916,2,2,0.0004186979,0.18957767,0.81000364
1917,1,0,0.7903781,0.20903927,0.0005826589
1918,1,1,0.029497799,0.7108524,0.25964987
1919,1,0,0.9242144,0.07571126,7.4347205e-05
1920,2,2,0.00028324773,0.1494171,0.85029966
1921,0,0,0.9780601,0.021899894,3.9991057e-05
1922,0,0,0.62534523,0.37200436,0.0026504488
1923,1,1,0.097541645,0.78002954,0.12242884
1924,0,0,0.99276567,0.007194328,3.9995874e-05
1925,2,1,0.094977625,0.7903381,0.1146843
1926,0,0,0.9217633,0.078157045,7.961124e-05
1927,2,2,5.1780757e-05,0.03365856,0.96628964
1928,1,1,0.017617468,0.65482026,0.3275623
1929,1,1,0.3203416,0.6550287,0.024629734
1930,0,0,0.9012308,0.09865471,0.00011438958
1931,2,1,0.0070998766,0.5214116,0.4714885
1932,0,0,0.8168385,0.18278566,0.0003758395
1933,0,1,0.14968315,0.77470505,0.07561172
1934,0,1,0.4623317,0.5282204,0.009447902
1935,0,0,0.99992007,4.0021314e-05,3.9991515e-05
1936,2,2,8.64894e-05,0.07069825,0.9292153
1937,0,1,0.0761638,0.7751407,0.14869547
1938,1,1,0.17618133,0.7591633,0.064655356
1939,1,1,0.38334745,0.6002302,0.016422352
1940,1,1,0.047920577,0.755499,0.19658044
1941,2,2,0.0020369643,0.37074003,0.6272231
1942,1,1,0.011191461,0.5867357,0.4020728
1943,1,1,0.091225594,0.7802228,0.12855166
1944,0,1,0.23363799,0.72200316,0.04435883
1945,2,1,0.02100038,0.6746388,0.3043608
1946,1,1,0.041352656,0.73152894,0.22711842
1947,1,1,0.011747048,0.582129,0.4061239
1948,0,0,0.97035336,0.029606616,3.9990373e-05
1949,1,1,0.09389494,0.78076017,0.12534487
1950,0,0,0.9965836,0.0033764453,3.9997223e-05
1951,1,1,0.056705475,0.76318055,0.18011402
1952,0,0,0.99991995,4.0140512e-05,3.9991508e-05
1953,1,1,0.15497419,0.76772964,0.077296235
1954,1,1,0.17502671,0.7586413,0.06633204
1955,0,0,0.6775889,0.32027113,0.0021399632
1956,0,0,0.99976945,0.00019057127,3.998549e-05
1957,1,1,0.25922906,0.7060445,0.03472641
1958,0,0,0.7903844,0.20910032,0.00051528733
1959,1,2,0.004958446,0.47654283,0.5184987
1960,2,2,0.00077571144,0.2544596,0.7447647
1961,1,1,0.262141,0.7014636,0.03639542
1962,0,0,0.7815473,0.21781817,0.00063454884
1963,0,1,0.40518382,0.58113474,0.013681355
1964,0,1,0.41819918,0.56955904,0.012241811
1965,1,0,0.6590106,0.3386918,0.0022975935
1966,0,0,0.676691,0.32147312,0.0018358586
1967,0,0,0.9998838,7.622538e-05,3.9990064e-05
1968,2,2,3.9988994e-05,0.00010296547,0.99985707
1969,1,1,0.045031592,0.75601697,0.1989514
1970,0,0,0.964055,0.035903648,4.138552e-05
1971,0,1,0.28138,0.6883724,0.030247599
1972,2,2,3.99945e-05,0.0066180155,0.99334204
1973,0,1,0.17988609,0.7595247,0.060589243
1974,0,0,0.9981722,0.0017878145,3.9992392e-05
1975,0,1,0.43190187,0.55558723,0.012510933
1976,0,0,0.99988985,7.0191614e-05,3.9990304e-05
1977,0,0,0.96490854,0.03505119,4.0275394e-05
1978,1,1,0.037536792,0.72399074,0.23847243
1979,0,0,0.9980337,0.0019262967,3.999908e-05
1980,1,1,0.44154575,0.54750735,0.010946907
1981,1,1,0.3618772,0.619069,0.019053798
1982,0,0,0.9347626,0.06516673,7.070599e-05
1983,0,0,0.9998672,9.287389e-05,3.9989398e-05
1984,0,0,0.9463032,0.053643476,5.3320946e-05
1985,2,1,0.008446893,0.56949604,0.42205706
1986,1,0,0.80081654,0.19867738,0.0005061467
1987,0,1,0.39156523,0.59293735,0.015497459
1988,1,1,0.020484118,0.665869,0.31364694
1989,0,0,0.5666069,0.4290128,0.0043803426
1990,2,2,5.9855498e-05,0.037928276,0.9620119
1991,2,2,0.0013819074,0.3302079,0.6684102
1992,2,2,0.001416979,0.30704483,0.6915382
1993,0,0,0.9944491,0.005510938,3.9994855e-05
1994,0,0,0.9978701,0.0020899721,3.9992516e-05
1995,2,1,0.1096486,0.779955,0.11039637
1996,0,0,0.7742717,0.2250782,0.000650077
1997,0,0,0.9059251,0.09396781,0.00010711384
1998,1,0,0.9360126,0.06392937,5.802758e-05
1999,0,0,0.709692,0.2886489,0.0016590956
2000,0,0,0.9892525,0.010707506,3.9996976e-05
2001,0,0,0.9999022,5.787786e-05,3.99908e-05
2002,2,2,3.9990748e-05,0.009335542,0.9906245
2003,1,1,0.040420298,0.73144466,0.22813508
2004,0,0,0.68046296,0.31783348,0.0017035699
2005,1,1,0.05846124,0.7622043,0.17933449
2006,1,1,0.016340066,0.6334146,0.35024536
2007,0,0,0.9889131,0.011046912,3.999312e-05
2008,1,0,0.77435565,0.22506805,0.00057632034
2009,1,1,0.19154096,0.7500499,0.05840903
2010,2,2,0.00033917965,0.17350563,0.8261552
2011,1,1,0.005960117,0.51450574,0.47953418
2012,0,0,0.9719085,0.028051067,4.0364102e-05
2013,0,0,0.78986603,0.2094751,0.00065888173
2014,0,0,0.56291056,0.43301815,0.0040713064
2015,0,0,0.5373386,0.45679957,0.005861856
2016,0,0,0.8048249,0.19476691,0.00040820643
2017,0,0,0.9962997,0.0036603338,3.999073e-05
2018,0,0,0.9437509,0.05619643,5.2592062e-05
2019,1,1,0.4732973,0.5177319,0.008970806
2020,0,0,0.5367164,0.45734155,0.0059420345
2021,0,0,0.59545696,0.40113258,0.0034104388
2022,1,1,0.016990323,0.63810706,0.34490263
2023,1,2,0.0010077573,0.29822624,0.700766
2024,2,1,0.059514746,0.75857735,0.18190792
2025,1,1,0.042588204,0.73933023,0.21808158
2026,1,2,0.003911831,0.45323357,0.54285467
2027,1,1,0.46007645,0.5296295,0.010293977
2028,1,1,0.26781097,0.6971943,0.034994744
2029,1,1,0.13884485,0.7752377,0.08591746
2030,0,0,0.8393364,0.16038062,0.0002830054
2031,1,2,0.00022948152,0.10328002,0.8964905
2032,0,0,0.8279084,0.17177278,0.00031883607
2033,0,0,0.9982562,0.0017037917,3.999576e-05
2034,1,0,0.6307545,0.36642906,0.0028164655
2035,0,0,0.93604743,0.06386304,8.9536894e-05
2036,0,0,0.9999157,4.4334658e-05,3.999134e-05
2037,1,1,0.043024454,0.7423996,0.21457598
2038,2,2,7.932519e-05,0.0523464,0.94757426
2039,0,0,0.9227756,0.07713712,8.728746e-05
2040,0,0,0.83533394,0.1643066,0.00035947666
2041,1,1,0.034431443,0.7187711,0.24679741
2042,1,0,0.5475729,0.4476648,0.0047623785
2043,0,0,0.8906534,0.1092113,0.0001353513
2044,0,0,0.9922788,0.007681117,3.9995935e-05
2045,1,1,0.26131898,0.7027719,0.03590913
2046,0,0,0.4974445,0.4950009,0.0075546117
2047,0,0,0.7124144,0.2862476,0.0013380208
2048,1,1,0.04396315,0.7452858,0.21075107
2049,1,1,0.0054893745,0.51056015,0.4839505
2050,2,2,0.00061026827,0.23775874,0.761631
2051,0,0,0.941284,0.05866206,5.3949705e-05
2052,1,1,0.09642573,0.7804371,0.12313722
2053,2,2,4.82762e-05,0.020590212,0.97936153
2054,1,1,0.11172104,0.784583,0.10369599
2055,0,0,0.99992,3.999151e-05,3.999151e-05
2056,0,0,0.98162216,0.018337872,3.999197e-05
2057,2,2,8.591077e-05,0.04119034,0.9587237
2058,0,0,0.9986298,0.0013301922,3.9996063e-05
2059,2,2,4.7796013e-05,0.023205014,0.9767472
2060,0,2,0.0052177715,0.4924349,0.50234735
2061,0,0,0.98996353,0.009996452,3.9998566e-05
2062,2,1,0.14118627,0.7749278,0.08388592
2063,1,1,0.12505114,0.77726394,0.097684935
2064,0,0,0.9997362,0.00022378578,3.9984156e-05
2065,1,1,0.02157465,0.67592317,0.3025022
2066,0,0,0.9901189,0.00984101,3.9994982e-05
2067,0,0,0.97437346,0.025586557,4.0000057e-05
2068,0,0,0.57474643,0.4208347,0.004418882
2069,0,0,0.952541,0.04741397,4.4965487e-05
2070,0,0,0.9891976,0.010762307,3.999475e-05
2071,0,0,0.99936867,0.0005913318,3.9993873e-05
2072,1,2,0.0046286117,0.46828055,0.52709085
2073,1,1,0.010320826,0.5853404,0.40433884
2074,0,0,0.68535167,0.31310558,0.0015427837
2075,0,1,0.31031674,0.66445744,0.025225796
2076,0,0,0.99972945,0.0002306361,3.9983886e-05
2077,0,0,0.9999184,4.166025e-05,3.9991446e-05
2078,2,2,3.998952e-05,8.971438e-05,0.9998703
2079,0,0,0.9832098,0.016750246,3.999449e-05
2080,0,0,0.89326805,0.10658504,0.00014691867
2081,0,0,0.7071868,0.29139745,0.001415788
2082,2,2,7.330732e-05,0.046516467,0.95341027
2083,0,0,0.65979195,0.33816838,0.0020397005
2084,1,1,0.04912744,0.76009965,0.19077292
2085,0,0,0.83397305,0.16565874,0.0003682824
2086,1,1,0.024414368,0.69728255,0.27830315
2087,0,0,0.876783,0.123032495,0.00018446687
2088,0,0,0.9644973,0.035462223,4.047243e-05
2089,0,0,0.99953306,0.00042696157,3.9993112e-05
2090,2,2,0.0009767811,0.28214395,0.7168793
2091,1,1,0.10033485,0.7832686,0.11639649
2092,1,1,0.16639243,0.7668379,0.06676966
2093,2,2,0.00023743465,0.13392523,0.86583734
2094,2,2,0.0027969321,0.40027902,0.59692407
2095,0,1,0.3913795,0.59428805,0.014332476
2096,2,2,0.00049081416,0.21116778,0.7883414
2097,0,0,0.99921006,0.00074997393,3.9992417e-05
2098,1,1,0.33513874,0.64311415,0.021747185
2099,1,1,0.4681767,0.522494,0.009329308
2100,1,1,0.26975286,0.6974128,0.03283435
2101,1,1,0.18984705,0.7495635,0.06058945
2102,0,0,0.86667657,0.13310568,0.00021771505
2103,1,1,0.25052106,0.7102747,0.03920424
2104,1,1,0.013037994,0.60829115,0.3786709
2105,0,0,0.95802975,0.041928127,4.2111526e-05
2106,0,0,0.62474155,0.37246308,0.0027954273
2107,0,0,0.99978334,0.00017673393,3.9986044e-05
2108,2,1,0.018402774,0.6570013,0.32459593
2109,1,1,0.3850456,0.5988511,0.016103307
2110,1,1,0.010960429,0.60778385,0.38125578
2111,2,1,0.0091955345,0.5622069,0.42859754
2112,1,1,0.036999848,0.7249459,0.23805428
2113,0,1,0.39237177,0.5916863,0.015941946
2114,1,2,0.0021504401,0.3840085,0.61384106
2115,0,0,0.99981654,0.00014353101,3.998737e-05
2116,1,1,0.05217736,0.75573206,0.19209059
2117,2,2,3.998777e-05,0.00025557683,0.9997045
2118,0,0,0.93767357,0.062262706,6.3720014e-05
2119,1,1,0.122398935,0.78075457,0.09684653
2120,1,1,0.37697193,0.6056199,0.017408134
2121,0,0,0.9698173,0.030142752,3.9993425e-05
2122,1,1,0.099742115,0.78163964,0.11861824
2123,1,1,0.074887656,0.77060616,0.15450625
2124,2,2,7.0542425e-05,0.0445859,0.9553436
2125,0,0,0.9960865,0.0038735531,3.999441e-05
2126,0,0,0.70870936,0.2900587,0.0012319755
2127,0,0,0.89112467,0.10872777,0.0001475821
2128,0,0,0.8876548,0.11220017,0.00014506794
2129,0,0,0.9918127,0.008147281,3.9994367e-05
2130,2,2,0.00070291664,0.23189956,0.7673975
2131,2,2,0.00036552415,0.17479365,0.82484084
2132,2,2,0.00028467036,0.15616688,0.8435485
2133,1,1,0.23152077,0.72564405,0.042835154
2134,0,0,0.94028866,0.05965375,5.7566554e-05
2135,0,0,0.514297,0.47908092,0.0066221207
2136,1,1,0.03445959,0.7211065,0.24443388
2137,1,1,0.08380842,0.77996665,0.13622493
2138,0,1,0.38026634,0.60415095,0.015582623
2139,1,0,0.6431741,0.35442367,0.0024022653
2140,1,1,0.07107855,0.7755429,0.15337856
2141,1,1,0.3914636,0.5932327,0.015303741
2142,0,0,0.98710966,0.0128503665,3.9996696e-05
2143,1,1,0.40445513,0.581166,0.014378792
2144,1,1,0.27959993,0.6889003,0.031499792
2145,2,2,0.0006772436,0.25230718,0.7470156
2146,1,0,0.60985214,0.38692775,0.0032200292
2147,1,1,0.01479325,0.6314953,0.3537115
2148,1,1,0.10203525,0.78137213,0.116592616
2149,0,0,0.7926891,0.20676261,0.0005482906
2150,1,1,0.1111939,0.7716163,0.117189825
2151,1,1,0.25224188,0.7088389,0.038919263
2152,0,0,0.99949163,0.00046836032,3.99939e-05
2153,0,1,0.12079239,0.7803921,0.09881553
2154,1,1,0.19128674,0.74769443,0.061018854
2155,0,0,0.7267597,0.27191824,0.0013220783
2156,2,1,0.0062161144,0.51689696,0.4768869
2157,1,1,0.0767357,0.7803227,0.14294167
2158,0,0,0.6256866,0.37140304,0.0029103886
2159,0,0,0.9104402,0.08946548,9.435799e-05
2160,1,1,0.11454774,0.7807753,0.10467693
2161,2,2,8.6656626e-05,0.04664876,0.9532646
2162,1,1,0.048895463,0.7518139,0.1992907
2163,2,2,0.00013106289,0.08478192,0.91508704
2164,2,1,0.031421714,0.7159402,0.2526381
2165,0,0,0.96733314,0.032626525,4.034925e-05
2166,1,1,0.010484442,0.593794,0.39572155
2167,0,0,0.85164297,0.14813547,0.00022149525
2168,2,2,0.0047887145,0.4728253,0.52238595
2169,2,2,0.0031643072,0.42682254,0.5700131
2170,2,1,0.036697164,0.7232662,0.24003664
2171,2,2,8.454018e-05,0.06407848,0.93583703
2172,1,0,0.7823754,0.2170035,0.0006211172
2173,2,2,4.8723494e-05,0.026016146,0.9739352
2174,1,1,0.096594326,0.78594387,0.117461845
2175,0,1,0.38221163,0.6021268,0.015661666
2176,1,1,0.070098706,0.7778933,0.15200797
2177,1,1,0.06528881,0.7756375,0.15907368
2178,0,0,0.63206244,0.3651932,0.0027443743
2179,0,0,0.6991589,0.29944003,0.0014010611
2180,0,0,0.82448536,0.17516294,0.00035170998
2181,1,1,0.26869532,0.6958907,0.03541397
2182,0,0,0.93614835,0.06378585,6.579668e-05
2183,1,2,0.003683359,0.44012588,0.5561908
2184,0,0,0.9999199,4.0125607e-05,3.9991504e-05
2185,0,0,0.9963964,0.003563605,3.9994608e-05
2186,0,0,0.56456214,0.43041816,0.005019718
2187,1,1,0.1981855,0.74532175,0.056492724
2188,2,2,0.00017584217,0.11073913,0.88908505
2189,1,1,0.08893103,0.7844541,0.12661484
2190,0,0,0.77847344,0.22089717,0.0006294141
2191,2,1,0.045090705,0.7497677,0.2051416
2192,1,1,0.24370325,0.7148119,0.041484863
2193,0,0,0.986223,0.013736946,3.9995397e-05
2194,2,2,0.0006463326,0.23884848,0.7605052
2195,0,0,0.9925844,0.0073755994,3.998857e-05
2196,1,0,0.63984436,0.35773766,0.0024179867
2197,1,1,0.09982239,0.78337884,0.11679874
2198,1,1,0.31938025,0.6565875,0.02403228
2199,0,0,0.59376186,0.40270656,0.0035316327
2200,2,2,0.0041886056,0.46182114,0.53399026
2201,2,2,3.999457e-05,0.012048689,0.98791134
2202,0,0,0.8001056,0.19935483,0.0005395113
2203,1,1,0.051470585,0.75560105,0.19292837
2204,1,0,0.7048346,0.29373264,0.0014327826
2205,0,1,0.35761645,0.6230645,0.019319039
2206,0,1,0.027812079,0.7040502,0.26813775
2207,2,1,0.008502349,0.5549219,0.43657577
2208,1,1,0.025083976,0.69673437,0.27818167
2209,0,1,0.48206624,0.50917107,0.008762712
2210,0,0,0.9523028,0.047647662,4.9544527e-05
2211,0,0,0.99191415,0.008045828,3.9988612e-05
2212,0,0,0.99992,3.999151e-05,3.999151e-05
2213,2,2,0.0049979007,0.47703716,0.51796496
2214,0,0,0.9989311,0.0010288658,3.999103e-05
2215,1,1,0.19864163,0.7451865,0.056171887
2216,0,0,0.96773076,0.032228753,4.051183e-05
2217,0,0,0.9410344,0.058913805,5.1845396e-05
2218,0,0,0.9970173,0.0029427013,3.9990147e-05
2219,1,1,0.3092806,0.6662315,0.024487838
2220,2,2,5.2627336e-05,0.021746088,0.97820127
2221,2,2,3.9994153e-05,0.004673621,0.99528635
2222,1,1,0.14168474,0.7710923,0.08722296
2223,0,0,0.9891205,0.010839545,3.999163e-05
2224,0,0,0.63110197,0.3661829,0.0027151396
2225,2,2,6.600483e-05,0.040417258,0.95951676
2226,0,1,0.41838163,0.56842375,0.013194621
2227,1,1,0.015571643,0.63329685,0.3511315
2228,1,1,0.03228817,0.71170723,0.2560046
2229,0,0,0.99907345,0.00088653737,3.999429e-05
2230,1,0,0.5380879,0.45678848,0.0051236837
2231,2,2,3.998968e-05,0.004357753,0.99560225
2232,2,2,3.9990187e-05,0.000683409,0.9992766
2233,2,2,0.00020847889,0.1422556,0.85753596
2234,0,0,0.9991169,0.0008430839,3.999358e-05
2235,1,0,0.52663183,0.4675176,0.0058506085
2236,0,0,0.97747433,0.022485688,3.999457e-05
2237,1,1,0.019949723,0.6642721,0.31577814
2238,0,0,0.9323593,0.06756112,7.964798e-05
2239,0,0,0.97556406,0.024395924,3.9996325e-05
2240,0,1,0.11426332,0.7897019,0.096034855
2241,0,0,0.9710564,0.02890364,3.999167e-05
2242,0,1,0.041251767,0.74230415,0.2164441
2243,2,2,0.0045995736,0.46072692,0.5346735
2244,2,1,0.01383698,0.621814,0.36434904
2245,2,1,0.01078015,0.5881902,0.40102965
2246,0,0,0.9997198,0.00024028734,3.9983504e-05
2247,1,2,0.0040089553,0.46905085,0.5269402
2248,0,0,0.99942565,0.0005343418,3.9993705e-05
2249,0,1,0.14491235,0.7722319,0.08285573
2250,2,2,0.0006750127,0.24067286,0.75865215
2251,1,0,0.73474395,0.26411638,0.0011396558
2252,0,0,0.6268825,0.3703252,0.0027923281
2253,1,1,0.4616864,0.528222,0.010091501
2254,1,1,0.00816826,0.5451712,0.44666052
2255,0,0,0.7825612,0.21678856,0.00065027
2256,0,0,0.8286072,0.17106599,0.00032680872
2257,2,2,0.003319434,0.43135327,0.5653273
2258,1,1,0.03233877,0.71963537,0.24802592
2259,2,2,3.9984756e-05,0.00020897949,0.9997511
2260,1,1,0.22128607,0.7326775,0.046036415
2261,0,0,0.9946065,0.0053535234,3.9993814e-05
2262,0,0,0.9832499,0.016710086,3.9996125e-05
2263,2,2,0.00033073212,0.16557924,0.83409005
2264,0,1,0.2287284,0.7250371,0.04623447
2265,0,0,0.99991864,4.13846e-05,3.9991457e-05
2266,0,0,0.99958456,0.00037547515,3.9990293e-05
2267,0,0,0.97636974,0.02359026,3.999182e-05
2268,0,0,0.8479041,0.15185219,0.00024372939
2269,0,0,0.99534976,0.004610245,3.9994244e-05
2270,0,0,0.9998912,6.885816e-05,3.999036e-05
2271,0,0,0.85129374,0.14844418,0.0002620608
2272,0,0,0.9908842,0.009075889,3.999384e-05
2273,2,2,3.9992196e-05,0.0025252455,0.99743474
2274,0,0,0.9928832,0.0070768287,3.9998155e-05
2275,0,0,0.5173122,0.4760571,0.0066306815
2276,0,0,0.9982535,0.0017065067,3.9998104e-05
2277,1,1,0.17246439,0.7576204,0.06991525
2278,1,0,0.5851975,0.41100684,0.0037955795
2279,0,0,0.99974036,0.00021971838,3.9984327e-05
2280,0,0,0.70087403,0.2974569,0.0016690567
2281,0,0,0.99646807,0.0034919432,3.9995044e-05
2282,0,0,0.9996669,0.00029314897,3.9983828e-05
2283,0,0,0.99990237,5.7699093e-05,3.9990802e-05
2284,0,0,0.7954111,0.20404112,0.0005478173
2285,0,1,0.47102788,0.52031153,0.008660533
2286,0,0,0.7025542,0.29582435,0.0016214554
2287,1,0,0.53846204,0.45603323,0.0055047604
2288,2,2,0.0045343805,0.47512123,0.5203444
2289,0,1,0.23915257,0.7208453,0.04000216
2290,0,0,0.94911146,0.050840266,4.8315786e-05
2291,0,0,0.88420343,0.115645505,0.00015110635
2292,2,2,3.99945e-05,0.009303486,0.99065655
2293,0,0,0.99992,3.999151e-05,3.999151e-05
2294,2,2,3.9991774e-05,0.0065636807,0.9933963
2295,1,1,0.032111753,0.7130866,0.25480163
2296,2,1,0.12914072,0.7803093,0.09054995
2297,1,2,0.0040109316,0.46162093,0.5343681
2298,0,0,0.87251127,0.12728317,0.00020559627
2299,0,0,0.7434655,0.25565094,0.0008836564
2300,2,2,0.0014356383,0.33010837,0.66845596
2301,0,0,0.78376323,0.2156397,0.0005970389
2302,0,0,0.89291126,0.1069602,0.00012855009
2303,1,1,0.25124255,0.7104249,0.03833255
2304,1,1,0.13704023,0.7748686,0.08809118
2305,1,2,0.0018452802,0.34071517,0.65743953
2306,1,1,0.038434096,0.7288878,0.23267809
2307,1,1,0.08120194,0.77943236,0.13936576
2308,0,0,0.5571731,0.4379908,0.0048361653
2309,0,0,0.98685884,0.0131011605,3.9996426e-05
2310,0,0,0.96906096,0.03089904,3.999494e-05
2311,0,0,0.99977404,0.00018593889,3.9985676e-05
2312,0,1,0.04680744,0.75581604,0.1973765
2313,0,0,0.6907495,0.30753207,0.0017184333
2314,1,1,0.23856652,0.7196051,0.04182843
2315,0,0,0.95209396,0.047859415,4.6626123e-05
2316,0,1,0.10923048,0.7802716,0.11049798
2317,1,1,0.41631797,0.5715877,0.012094367
2318,1,1,0.096892856,0.78600436,0.11710282
2319,0,0,0.7628331,0.23634881,0.00081808376
2320,0,0,0.9877901,0.012169915,3.99946e-05
2321,2,2,3.9992945e-05,0.0009201323,0.9990399
2322,2,1,0.006189372,0.5097073,0.4841034
2323,1,0,0.82003725,0.1795599,0.00040285534
2324,0,0,0.98078895,0.01917106,3.999533e-05
2325,1,0,0.5314345,0.46234375,0.0062218197
2326,0,0,0.94315773,0.05678787,5.4443473e-05
2327,0,0,0.94109404,0.058852606,5.33946e-05
2328,0,0,0.65701187,0.3407121,0.0022760918
2329,2,2,5.3967808e-05,0.03552974,0.96441627
2330,0,0,0.98574406,0.014215944,3.9993305e-05
2331,0,0,0.9210747,0.07884713,7.8183315e-05
2332,0,0,0.87423456,0.12557608,0.00018935528
2333,1,1,0.025807397,0.6928991,0.2812935
2334,0,0,0.99992,3.999151e-05,3.999151e-05
2335,1,1,0.28669226,0.683422,0.029885681
2336,2,2,3.9985363e-05,0.00019368366,0.9997663
2337,0,0,0.857032,0.1427279,0.00024014468
2338,2,2,4.019768e-05,0.0110233985,0.9889364
2339,0,1,0.2561043,0.7067289,0.037166826
2340,1,1,0.27320778,0.6931999,0.033592366
2341,0,0,0.9016574,0.09823457,0.000108091066
2342,1,1,0.44306552,0.54550993,0.011424576
2343,1,0,0.5394342,0.45468587,0.005879964
2344,1,0,0.6831022,0.31512067,0.001777147
2345,0,1,0.175277,0.76079714,0.06392585
2346,0,0,0.984034,0.015926024,3.999327e-05
2347,1,2,0.00019081846,0.12942058,0.8703886
2348,2,2,0.0005895432,0.22994688,0.76946354
2349,2,2,0.00030648938,0.16156244,0.83813107
2350,1,0,0.78830576,0.2110688,0.000625476
2351,0,0,0.98979336,0.010166619,3.9996616e-05
2352,1,1,0.45514733,0.5350421,0.009810559
2353,1,1,0.010363429,0.5795721,0.41006455
2354,0,1,0.1171067,0.7820202,0.100873135
2355,1,1,0.013201041,0.61142015,0.3753788
2356,1,1,0.121071294,0.7740477,0.10488107
2357,0,0,0.8787328,0.12110241,0.00016483758
2358,1,1,0.14623615,0.7718482,0.08191559
2359,1,1,0.2851089,0.68276995,0.032121193
2360,0,0,0.97300947,0.026950557,3.999418e-05
2361,2,2,0.0024830145,0.39957893,0.59793806
2362,1,1,0.0190722,0.66091037,0.32001746
2363,1,1,0.3870767,0.5965462,0.016377134
2364,0,1,0.21575081,0.73361474,0.050634444
2365,0,0,0.9999114,4.8558562e-05,3.999117e-05
2366,0,0,0.6610205,0.336859,0.0021205281
2367,0,1,0.30191398,0.67084855,0.0272375
2368,1,1,0.10749146,0.7762432,0.11626533
2369,0,0,0.8301034,0.16955982,0.00033674508
2370,0,0,0.64499295,0.352471,0.0025361027
2371,1,1,0.017569114,0.63639927,0.34603164
2372,0,0,0.93071187,0.06922039,6.76646e-05
2373,2,2,0.00015587406,0.109324634,0.8905195
2374,1,1,0.45652977,0.5331862,0.010284087
2375,1,2,0.00015392838,0.10827267,0.8915734
2376,1,1,0.18381196,0.7521566,0.064031415
2377,0,0,0.9998541,0.00010597643,3.9988874e-05
2378,2,1,0.047233943,0.7490903,0.20367576
2379,0,0,0.9224047,0.07750481,9.049947e-05
2380,0,1,0.13298455,0.7741185,0.09289702
2381,1,1,0.038969822,0.73795366,0.22307654
2382,1,1,0.02543824,0.69434166,0.2802201
2383,1,1,0.019871365,0.67195165,0.30817702
2384,0,1,0.11415224,0.7853923,0.100455455
2385,0,1,0.31984365,0.65440017,0.02575615
2386,1,1,0.03116829,0.70362616,0.26520556
2387,0,0,0.9873656,0.012594375,3.9992232e-05
2388,1,1,0.10302732,0.7847899,0.11218278
2389,1,1,0.1358675,0.777477,0.0866555
2390,2,2,0.0013690173,0.29678246,0.7018485
2391,1,1,0.18653895,0.74993736,0.06352373
2392,0,0,0.99981844,0.0001415796,3.9987448e-05
2393,0,0,0.99933636,0.00062367215,3.9992578e-05
2394,0,0,0.96654105,0.033418246,4.0687144e-05
2395,0,0,0.88996506,0.10990287,0.00013209406
2396,1,2,0.0003856282,0.17586343,0.823751
2397,2,2,4.6663125e-05,0.029001404,0.9709519
2398,0,0,0.89725035,0.10261849,0.00013114187
2399,0,0,0.9921682,0.0077918796,3.999393e-05
2400,1,1,0.26730448,0.69726837,0.035427205
2401,1,1,0.0739685,0.77302814,0.15300336
2402,0,0,0.9998933,6.672013e-05,3.9990446e-05
2403,0,0,0.9996043,0.00035571278,3.9993527e-05
2404,0,0,0.9187945,0.08111389,9.1617694e-05
2405,1,0,0.6647982,0.33319288,0.0020089422
2406,0,0,0.8588673,0.14089602,0.00023666906
2407,1,1,0.3394443,0.64061826,0.01993738
2408,0,0,0.5697887,0.42574275,0.0044685355
2409,2,1,0.011743633,0.60492337,0.3833331
2410,0,0,0.80757606,0.1919612,0.00046274686
2411,0,0,0.9457184,0.054224662,5.690636e-05
2412,0,0,0.8671747,0.1325808,0.00024453553
2413,0,0,0.99957025,0.00038972523,3.9994604e-05
2414,0,0,0.90484756,0.09505344,9.8995115e-05
2415,1,2,0.0023716365,0.40141392,0.5962144
2416,0,0,0.793192,0.20623145,0.0005765429
2417,0,0,0.99991995,4.0036208e-05,3.9991508e-05
2418,1,2,0.0036713385,0.44743854,0.5488901
2419,0,0,0.6455799,0.35217908,0.0022410583
2420,0,0,0.51185846,0.48103318,0.007108378
2421,2,2,0.0052564815,0.48048085,0.5142627
2422,1,0,0.8577024,0.14206222,0.00023541544
2423,0,0,0.9900681,0.009892013,3.9992927e-05
2424,1,1,0.023254007,0.67930186,0.29744408
2425,1,1,0.054068323,0.75906503,0.18686667
2426,1,1,0.013395723,0.61751246,0.3690918
2427,0,1,0.23219723,0.7281389,0.039663836
2428,0,0,0.7160017,0.2826546,0.0013437433
2429,0,0,0.98701924,0.012940741,3.999551e-05
2430,1,1,0.023764176,0.6729211,0.30331472
2431,0,0,0.77235854,0.2269367,0.0007047829
2432,1,1,0.08448704,0.78087765,0.1346353
2433,1,1,0.24956405,0.7142527,0.036183238
2434,0,0,0.9990704,0.00088959915,3.999172e-05
2435,0,0,0.97527367,0.024686335,3.9996932e-05
2436,0,0,0.9891469,0.010813146,3.99927e-05
2437,0,0,0.977319,0.022641022,3.9993192e-05
2438,0,0,0.5616934,0.43372208,0.0045844917
2439,1,1,0.011941424,0.6034091,0.38464952
2440,2,2,5.7017758e-05,0.035924926,0.96401805
2441,0,0,0.9138211,0.08609097,8.7858876e-05
2442,2,1,0.105225846,0.7779066,0.11686756
2443,0,0,0.9958176,0.004142402,3.9995884e-05
2444,0,0,0.5198556,0.4738013,0.0063430723
2445,0,0,0.9583143,0.041642655,4.308435e-05
2446,2,2,0.0016351725,0.35473895,0.64362586
2447,1,0,0.9920433,0.007916717,3.9991366e-05
2448,1,1,0.020440526,0.6635577,0.31600174
2449,1,0,0.9234303,0.07649997,6.9713984e-05
2450,1,1,0.100627705,0.78305006,0.11632232
2451,1,1,0.24744157,0.7127244,0.039834045
2452,1,1,0.056361318,0.7657376,0.17790109
2453,2,1,0.029262595,0.7067292,0.26400822
2454,2,1,0.005830708,0.49781692,0.4963524
2455,1,1,0.1599393,0.7665841,0.07347663
2456,0,0,0.6351288,0.36221075,0.0026604938
2457,2,1,0.024783015,0.6854451,0.28977188
2458,0,1,0.07127196,0.7814379,0.14729017
2459,1,1,0.28402323,0.6856022,0.030374559
2460,1,0,0.86636597,0.13341163,0.0002224093
2461,2,2,5.3332333e-05,0.037169844,0.96277684
2462,0,0,0.65239805,0.34542263,0.0021793141
2463,0,0,0.5370743,0.45748085,0.005444797
2464,1,1,0.049673125,0.7572237,0.19310316
2465,1,0,0.6102049,0.38658783,0.0032073427
2466,1,1,0.07440821,0.7770822,0.14850958
2467,0,0,0.90980697,0.0900879,0.000105121886
2468,2,2,3.9989547e-05,0.00063827954,0.99932176
2469,0,1,0.25450242,0.7077106,0.03778697
2470,0,0,0.7363267,0.26267344,0.0009998955
2471,1,1,0.15017079,0.76973975,0.080089435
2472,0,0,0.9953578,0.0046022194,3.9997038e-05
2473,0,0,0.7158624,0.28282213,0.0013154836
2474,0,0,0.9480301,0.051920533,4.93924e-05
2475,0,0,0.82169455,0.17797126,0.00033418625
2476,0,0,0.9240409,0.07587901,8.0000755e-05
2477,1,2,0.0030367333,0.42502058,0.5719427
2478,1,1,0.05077277,0.7557199,0.19350724
2479,0,0,0.81274915,0.18681124,0.0004395278
2480,0,0,0.97914225,0.02081773,3.999289e-05
2481,0,0,0.89589804,0.103976764,0.0001252037
2482,1,0,0.7886926,0.21075489,0.0005525152
2483,2,2,0.0006961549,0.2527519,0.746552
2484,1,1,0.06807978,0.7743213,0.15759897
2485,0,0,0.99724984,0.002710159,3.9992126e-05
2486,1,1,0.11765345,0.7777767,0.10456984
2487,1,1,0.0138385575,0.60961056,0.37655088
2488,2,1,0.010366177,0.56926197,0.42037186
2489,2,2,0.00058661867,0.22234367,0.7770697
2490,2,1,0.038959216,0.7198459,0.2411949
2491,1,1,0.13710114,0.7799133,0.08298558
2492,0,0,0.9999139,4.6182155e-05,3.9991268e-05
2493,1,0,0.54075927,0.45417342,0.005067336
2494,0,0,0.9480272,0.05192001,5.2807765e-05
2495,1,0,0.7254929,0.2730592,0.0014479832
2496,0,0,0.83231825,0.16736701,0.0003147262
2497,0,0,0.93666244,0.063271776,6.581901e-05
2498,0,0,0.9132372,0.08667296,8.986491e-05
2499,0,0,0.9950409,0.00491913,3.9991646e-05
2500,0,0,0.8176792,0.18189876,0.00042202754
2501,1,1,0.39513484,0.5901079,0.014757282
2502,0,0,0.99800366,0.001956341,3.9995422e-05
2503,2,2,0.0018793603,0.36330897,0.63481164
2504,0,1,0.48110688,0.51031655,0.008576596
2505,1,1,0.4378541,0.55147845,0.010667421
2506,1,0,0.5664434,0.42904,0.0045165867
2507,0,0,0.9893381,0.0106219165,3.999796e-05
2508,0,0,0.8630713,0.13670954,0.00021917676
2509,0,0,0.69516736,0.30309176,0.0017408865
2510,1,1,0.11148034,0.7812563,0.10726336
2511,0,1,0.4374463,0.5515006,0.011053095
2512,1,1,0.4490367,0.54023576,0.010727466
2513,0,0,0.7610619,0.23817831,0.000759662
2514,1,1,0.44892067,0.54086316,0.01021615
2515,1,0,0.61222315,0.38454744,0.0032293634
2516,1,1,0.26139468,0.7019959,0.036609445
2517,1,1,0.38332298,0.5999616,0.016715484
2518,1,1,0.02711565,0.6962724,0.276612
2519,0,1,0.3239137,0.6500226,0.026063696
2520,0,0,0.96700567,0.03295414,4.0119932e-05
2521,0,0,0.98261636,0.017343655,3.9995175e-05
2522,1,0,0.5980735,0.3984015,0.0035249912
2523,1,1,0.018427597,0.65139115,0.3301812
2524,0,0,0.9106531,0.089240424,0.00010644812
2525,1,1,0.4150848,0.5711885,0.013726704
2526,1,1,0.30990988,0.6649854,0.025104715
2527,1,1,0.026104452,0.69697356,0.276922
2528,0,0,0.9992848,0.00067517813,3.9992967e-05
2529,1,2,0.002346206,0.38872305,0.6089307
2530,0,0,0.645802,0.35186398,0.0023340718
2531,2,2,0.00018737966,0.11688076,0.8829319
2532,0,1,0.40268603,0.5836895,0.013624456
2533,2,1,0.06311767,0.76152956,0.17535275
2534,2,1,0.113301285,0.78134805,0.105350696
2535,0,0,0.9988014,0.0011586186,3.9995604e-05
2536,0,0,0.57181185,0.42376205,0.004426139
2537,0,0,0.9983698,0.0015901626,3.9995426e-05
2538,0,0,0.96916056,0.03079946,3.999403e-05
2539,0,0,0.97370887,0.026251178,3.9992818e-05
2540,1,0,0.63174355,0.3657727,0.0024837437
2541,2,2,3.999146e-05,0.005045994,0.99491405
2542,2,2,0.0009589031,0.28335205,0.71568906
2543,1,1,0.024367146,0.6898488,0.28578413
2544,0,0,0.999737,0.00022300941,3.9984192e-05
2545,0,1,0.41692698,0.5702254,0.012847608
2546,1,2,0.0043877303,0.4701115,0.5255008
2547,0,0,0.94591194,0.05403742,5.0635972e-05
2548,0,0,0.99988294,7.710446e-05,3.999003e-05
2549,1,1,0.27888379,0.6891154,0.032000806
2550,1,0,0.78893435,0.21041624,0.0006494252
2551,1,0,0.84458196,0.15513213,0.00028593265
2552,2,2,3.9993618e-05,0.0018183809,0.99814165
2553,1,1,0.010345409,0.59874856,0.390906
2554,0,0,0.8724669,0.12734737,0.00018571965
2555,2,2,0.004523237,0.47251683,0.5229599
2556,2,1,0.00971035,0.5600981,0.43019158
2557,1,1,0.031160634,0.7096646,0.25917482
2558,2,1,0.18949477,0.75321674,0.057288494
2559,0,0,0.8503608,0.14937137,0.00026784017
2560,1,1,0.11719686,0.7746625,0.10814069
2561,0,0,0.9989855,0.0009744839,3.999321e-05
2562,1,1,0.08363971,0.77129525,0.1450651
2563,2,2,3.9990853e-05,0.0024365918,0.9975234
2564,0,0,0.97686553,0.023094501,3.999213e-05
2565,1,1,0.017325666,0.6487883,0.33388612
2566,2,1,0.005751889,0.5257207,0.46852735
2567,0,0,0.9960565,0.0039034805,3.9988314e-05
2568,1,0,0.910581,0.089332186,8.684985e-05
2569,0,0,0.7509501,0.24806362,0.0009861701
2570,1,1,0.057247978,0.7654949,0.17725706
2571,2,2,0.004939709,0.4759072,0.51915306
2572,0,1,0.41436863,0.57330406,0.012327378
2573,0,0,0.85606927,0.14373112,0.0001996271
2574,1,0,0.6637497,0.33410555,0.002144773
2575,0,0,0.99969435,0.00026570924,3.9982486e-05
2576,0,0,0.74251443,0.2564371,0.0010484955
2577,1,1,0.12385786,0.7797558,0.09638638
2578,0,1,0.2622584,0.70236576,0.035375834
2579,2,2,3.9995968e-05,0.0024313799,0.9975287
2580,2,2,3.9984327e-05,0.00021965944,0.99974036
2581,1,1,0.17545103,0.7636886,0.060860377
2582,1,1,0.08629268,0.78189623,0.13181114
2583,2,1,0.07655604,0.7706534,0.15279052
2584,1,0,0.9288548,0.07107754,6.763909e-05
2585,0,0,0.63147527,0.36587444,0.002650273
2586,0,1,0.21364173,0.735072,0.051286273
2587,0,0,0.94389683,0.056052584,5.0622453e-05
2588,2,1,0.012836939,0.6125746,0.37458855
2589,0,0,0.9164881,0.083420634,9.1247966e-05
2590,2,2,3.9990093e-05,0.0012963011,0.9986637
2591,0,0,0.99973404,0.00022593413,3.9986513e-05
2592,0,0,0.5621152,0.433428,0.0044568474
2593,1,2,0.0039774915,0.46398053,0.532042
2594,1,1,0.0099150045,0.58518857,0.40489647
2595,2,2,4.4012035e-05,0.017693026,0.98226297
2596,0,0,0.7758014,0.22357017,0.0006284546
2597,1,1,0.23334616,0.7241488,0.042504977
2598,1,1,0.15561281,0.76753443,0.07685276
2599,1,1,0.3979687,0.5879228,0.014108518
2600,1,1,0.20653692,0.7432707,0.050192375
2601,0,0,0.8375348,0.16214344,0.00032179937
2602,0,0,0.9884015,0.011558538,3.9994648e-05
2603,1,1,0.21997131,0.73229927,0.047729418
2604,1,2,0.00029627592,0.17151275,0.8281909
2605,0,0,0.9823745,0.01758552,3.9992767e-05
2606,0,0,0.99241704,0.0075430092,3.9994124e-05
2607,1,1,0.34056008,0.6387613,0.020678584
2608,0,0,0.9983093,0.0016506896,4.0000334e-05
2609,1,1,0.15249467,0.77216566,0.075339645
2610,0,0,0.9998814,7.866128e-05,3.9989965e-05
2611,0,0,0.76516265,0.23410633,0.000731018
2612,2,1,0.02329794,0.67461264,0.30208945
2613,0,0,0.998742,0.0012179934,3.9995666e-05
2614,2,2,3.9993836e-05,0.0033389272,0.9966211
2615,0,0,0.9816615,0.018298537,3.999358e-05
2616,0,0,0.9092323,0.0906799,8.783884e-05
2617,1,1,0.3404066,0.63759506,0.021998366
2618,2,1,0.37349293,0.6083218,0.018185308
2619,0,0,0.9993145,0.0006455464,3.9994153e-05
2620,0,0,0.8167101,0.1827989,0.0004910071
2621,0,0,0.8236834,0.17589007,0.0004266078
2622,1,1,0.20167157,0.7426615,0.05566696
2623,2,2,0.0010846697,0.28750134,0.711414
2624,0,1,0.38201374,0.5991687,0.018817596
2625,1,1,0.034286514,0.7111209,0.25459263
2626,0,0,0.69810367,0.30040288,0.0014934484
2627,2,1,0.012019517,0.6050073,0.3829732
2628,0,0,0.9849994,0.014960635,3.9990333e-05
2629,1,1,0.2375681,0.7223653,0.04006663
2630,0,0,0.84977466,0.14997548,0.00024987027
2631,1,1,0.15199761,0.7716453,0.07635707
2632,0,0,0.9779901,0.021969935,3.999319e-05
2633,0,0,0.99976826,0.0001918061,3.9985443e-05
2634,0,1,0.42145687,0.56556344,0.0129797
2635,0,0,0.99991184,4.8215887e-05,3.9991184e-05
2636,0,0,0.8698024,0.129922,0.00027558825
2637,0,0,0.66347563,0.33463478,0.0018895736
2638,0,0,0.5613193,0.43392938,0.0047513368
2639,2,2,0.0016958648,0.3181407,0.68016344
2640,0,0,0.8275876,0.17207201,0.00034039724
2641,1,1,0.39181468,0.5926364,0.015548957
2642,1,1,0.1788697,0.7613795,0.05975082
2643,1,2,0.0041183056,0.45899844,0.53688323
2644,0,0,0.998155,0.0018050246,3.9996597e-05
2645,1,2,0.00034041548,0.17047808,0.8291815
2646,0,1,0.1023471,0.77898574,0.118667215
2647,0,0,0.99677587,0.0031841397,3.9992698e-05
2648,2,2,4.0559546e-05,0.012261898,0.9876975
2649,1,1,0.12830856,0.7807438,0.09094765
2650,1,0,0.9233304,0.07655965,0.000109939516
2651,2,2,0.0011176581,0.31206465,0.6868177
2652,1,1,0.3565752,0.62476397,0.018660828
2653,1,2,0.003654621,0.4395002,0.5568452
2654,0,0,0.98883843,0.011121579,3.999256e-05
2655,1,1,0.028899312,0.6989088,0.2721919
2656,1,1,0.1483135,0.7747139,0.076972656
2657,0,0,0.8523847,0.14738476,0.00023052905
2658,0,0,0.94826466,0.051690493,4.4906024e-05
2659,1,1,0.006395355,0.5171113,0.47649336
2660,0,1,0.43507016,0.55356073,0.011369102
2661,1,1,0.18421827,0.75316745,0.06261428
2662,1,0,0.7622182,0.23698333,0.00079847017
2663,0,0,0.9906228,0.009337197,3.9995608e-05
2664,1,0,0.62530077,0.3713972,0.0033020945
2665,0,0,0.649201,0.3487395,0.0020595496
2666,2,2,0.00078162743,0.26334232,0.735876
2667,1,0,0.64062715,0.35656583,0.0028071005
2668,0,0,0.82632625,0.17329817,0.0003755819
2669,1,0,0.5620251,0.4328115,0.005163336
2670,0,0,0.98532337,0.014636622,3.999109e-05
2671,0,0,0.98053855,0.019421497,3.999259e-05
2672,0,0,0.98245645,0.017503487,3.9996125e-05
2673,0,0,0.98796636,0.011993656,3.9991857e-05
2674,0,0,0.979981,0.019978829,4.016118e-05
2675,1,1,0.23581904,0.7198001,0.04438083
2676,1,1,0.25844282,0.70425844,0.03729871
2677,0,0,0.7546341,0.24452513,0.000840794
2678,1,1,0.271155,0.69380236,0.03504266
2679,1,1,0.21140295,0.73654705,0.052049957
2680,1,1,0.25557116,0.7069357,0.03749313
2681,2,2,0.0018897456,0.3407581,0.65735215
2682,1,1,0.42376432,0.5631403,0.013095464
2683,1,1,0.028944511,0.7183516,0.25270396
2684,0,0,0.8574603,0.14231579,0.00022396265
2685,0,0,0.99727964,0.0026803827,3.9995768e-05
2686,1,1,0.06503798,0.76325357,0.1717085
2687,0,1,0.17936315,0.7548044,0.065832496
2688,1,1,0.08162415,0.77940565,0.13897023
2689,0,0,0.63401085,0.3634508,0.002538349
2690,0,0,0.93647844,0.06345858,6.300645e-05
2691,0,0,0.92426187,0.07566403,7.40844e-05
2692,0,0,0.988437,0.011523018,3.999362e-05
2693,0,0,0.9996749,0.0002851592,3.9981707e-05
2694,0,0,0.9986349,0.0013251198,3.9991377e-05
2695,2,2,0.00037899567,0.16850346,0.8311175
2696,1,1,0.007724061,0.5477449,0.44453102
2697,0,0,0.98085,0.019110015,3.9995328e-05
2698,1,2,0.0007629191,0.24875951,0.75047755
2699,2,1,0.020326592,0.6724218,0.30725157
2700,1,1,0.016909447,0.643064,0.34002653
2701,0,0,0.9762243,0.023735652,3.9995863e-05
2702,1,1,0.17482373,0.7596643,0.06551194
2703,1,1,0.009736074,0.58105403,0.40920988
2704,2,2,0.00014891216,0.11044303,0.8894081
2705,1,1,0.013474444,0.6264732,0.3600524
2706,1,1,0.025401175,0.6904623,0.28413653
2707,1,1,0.032625496,0.70689106,0.26048344
2708,1,1,0.033256665,0.72084665,0.24589667
2709,2,2,0.0003059117,0.17309768,0.82659644
2710,0,0,0.9833393,0.01662068,3.9992312e-05
2711,1,0,0.81563467,0.18396465,0.00040066813
2712,1,1,0.03350134,0.72228074,0.2442179
2713,0,0,0.8819904,0.11785459,0.00015504102
2714,0,0,0.9998581,0.000101954094,3.9989034e-05
2715,0,0,0.92966956,0.07026234,6.814618e-05
2716,0,1,0.36675596,0.61504424,0.018199801
2717,0,0,0.98250526,0.017454775,3.999564e-05
2718,1,1,0.069088675,0.77604914,0.15486225
2719,0,0,0.96151304,0.038445905,4.1068924e-05
2720,1,1,0.008889317,0.5716933,0.41941735
2721,1,0,0.55385125,0.44117522,0.0049735024
2722,1,1,0.15402225,0.77166754,0.07431018
2723,2,2,4.97125e-05,0.025929917,0.97402036
2724,0,0,0.96790326,0.03205552,4.125441e-05
2725,2,2,5.329393e-05,0.037011042,0.9629357
2726,0,0,0.6469525,0.35057184,0.0024756463
2727,0,0,0.9512544,0.048699785,4.5784996e-05
2728,0,0,0.5323924,0.46204576,0.005561849
2729,1,1,0.017978802,0.6500834,0.33193776
2730,1,1,0.065073706,0.76943874,0.16548759
2731,1,1,0.113021,0.7871646,0.09981446
2732,1,2,0.0018952814,0.36897802,0.6291267
2733,1,1,0.31073645,0.66401225,0.025251346
2734,0,0,0.575398,0.42051494,0.004087067
2735,0,0,0.9501995,0.049754664,4.5868826e-05
2736,0,0,0.92443895,0.07547745,8.361775e-05
2737,1,2,0.0014839044,0.3193286,0.6791875
2738,2,2,4.100747e-05,0.012850722,0.9871083
2739,0,0,0.9995972,0.00036280564,3.999324e-05
2740,0,0,0.998111,0.0018489183,3.9994833e-05
2741,0,0,0.88248885,0.11735196,0.00015921972
2742,0,0,0.5369396,0.45738757,0.00567285
2743,2,1,0.013189126,0.61767125,0.3691396
2744,0,0,0.99266547,0.007294542,3.999676e-05
2745,1,1,0.007151625,0.5264378,0.4664106
2746,2,1,0.01102857,0.5788765,0.41009492
2747,0,0,0.9991062,0.00085375074,3.9993152e-05
2748,0,0,0.9850887,0.014871333,3.999147e-05
2749,0,0,0.9605862,0.039370947,4.2807027e-05
2750,1,1,0.11328631,0.7815851,0.10512863
2751,1,1,0.09060571,0.7881409,0.12125345
2752,0,0,0.9329394,0.06699508,6.5484775e-05
2753,1,1,0.015113076,0.63496244,0.34992447
2754,0,0,0.9232087,0.076704696,8.660658e-05
2755,2,1,0.0077715567,0.55157304,0.4406554
2756,0,0,0.99990916,5.0845585e-05,3.999108e-05
2757,2,2,3.9985905e-05,0.0003022504,0.99965775
2758,0,0,0.9987102,0.0012497794,3.9994393e-05
2759,1,1,0.23646122,0.7218523,0.041686464
2760,1,1,0.039767493,0.7304549,0.22977763
2761,0,0,0.8924099,0.107469164,0.00012095392
2762,1,1,0.009326755,0.5690806,0.42159265
2763,0,0,0.67253554,0.32570678,0.001757652
2764,1,0,0.62852407,0.36862046,0.0028555167
2765,0,1,0.24292997,0.71533656,0.041733474
2766,1,0,0.90994835,0.08995665,9.4999166e-05
2767,0,0,0.76585895,0.23349042,0.00065066305
2768,0,1,0.43246198,0.55572015,0.011817845
2769,1,1,0.019415736,0.65842116,0.3221631
2770,0,0,0.90369904,0.09617654,0.00012439881
2771,1,1,0.14629629,0.7749553,0.078748435
2772,1,1,0.07091908,0.7808647,0.14821619
2773,0,0,0.7608216,0.23831831,0.0008600653
2774,1,1,0.057661157,0.7607072,0.18163165
2775,0,0,0.99913913,0.0008208888,3.9992025e-05
2776,0,0,0.66348654,0.3344894,0.0020241393
2777,2,2,0.0020989608,0.3557253,0.6421758
2778,1,1,0.41739124,0.57057995,0.012028878
2779,0,0,0.62717235,0.37010765,0.0027200365
2780,1,1,0.1091755,0.78135884,0.109465644
2781,1,1,0.008285891,0.5553849,0.43632928
2782,1,1,0.35556516,0.62549293,0.018941915
2783,1,1,0.41991347,0.56774044,0.012346099
2784,2,1,0.3120166,0.6613902,0.026593162
2785,0,1,0.04031746,0.7437109,0.21597168
2786,1,2,0.0010649881,0.2970072,0.7019278
2787,0,0,0.9983633,0.0015967012,3.9995164e-05
2788,0,0,0.7712051,0.22809878,0.0006961424
2789,0,0,0.5150058,0.47832203,0.006672158
2790,1,1,0.16465214,0.77018887,0.065159015
2791,0,0,0.9995996,0.00036043054,3.9990897e-05
2792,0,0,0.74659467,0.25248122,0.0009241223
2793,2,2,0.00036744037,0.17638093,0.8232516
2794,2,2,0.000357702,0.17667496,0.82296735
2795,0,1,0.27602053,0.6929655,0.031013954
2796,2,2,0.004558912,0.47083443,0.52460665
2797,0,0,0.992489,0.007471092,3.9992105e-05
2798,0,1,0.45819795,0.5322976,0.009504493
2799,1,0,0.60506344,0.39104503,0.0038915004
2800,0,0,0.98341703,0.016542958,3.9995477e-05
2801,0,0,0.99988836,7.168141e-05,3.9990246e-05
2802,0,0,0.9942013,0.0057587274,3.99947e-05
2803,2,2,0.0024368302,0.39381927,0.6037439
2804,0,0,0.7268154,0.27191538,0.0012692285
2805,0,0,0.7989331,0.20054206,0.0005249063
2806,1,1,0.111661814,0.78574204,0.10259619
2807,0,1,0.008616708,0.55153376,0.43984953
2808,0,0,0.99937236,0.0005876722,3.9989125e-05
2809,1,1,0.0930834,0.77524877,0.13166788
2810,1,1,0.06070317,0.7611431,0.17815375
2811,0,0,0.52832025,0.4653307,0.006349066
2812,1,1,0.011509047,0.60017294,0.388318
2813,0,0,0.8424276,0.15725827,0.00031414855
2814,1,2,0.00050249597,0.22184789,0.77764964
2815,1,1,0.22274499,0.7320333,0.045221746
2816,1,0,0.7457822,0.25329906,0.00091874483
2817,1,1,0.011142943,0.5971212,0.39173585
2818,2,1,0.01662946,0.65043247,0.33293808
2819,2,1,0.020499801,0.67350996,0.30599028
2820,1,0,0.64853466,0.34892583,0.0025395327
2821,1,1,0.017613012,0.6521175,0.33026952
2822,2,2,0.0038088632,0.4513439,0.54484725
2823,0,0,0.5085302,0.48387727,0.0075925337
2824,0,1,0.44025052,0.5478953,0.011854219
2825,1,1,0.026816487,0.69633335,0.2768502
2826,2,1,0.026474617,0.69149566,0.28202978
2827,0,0,0.9997376,0.00022237047,3.9984214e-05
2828,0,0,0.9602439,0.03971542,4.0706484e-05
2829,0,0,0.97336847,0.02659152,3.9996397e-05
2830,0,0,0.8621414,0.13762712,0.0002315524
2831,2,2,3.9992454e-05,0.0069129616,0.99304706
2832,0,1,0.43318903,0.55602115,0.010789802
2833,0,1,0.2933869,0.67692894,0.029684186
2834,0,1,0.11543698,0.7844537,0.10010933
2835,0,0,0.9938896,0.006070422,3.9996892e-05
2836,2,1,0.026148992,0.69364583,0.28020516
2837,0,0,0.73127854,0.26768827,0.0010331961
2838,0,0,0.99734336,0.0026166465,3.999098e-05
2839,0,0,0.86029416,0.1394862,0.0002196554
2840,0,0,0.99991554,4.4520897e-05,3.9991333e-05
2841,0,0,0.9999155,4.4558143e-05,3.999133e-05
2842,2,2,0.00052211003,0.20588934,0.7935885
2843,0,0,0.87184536,0.12797102,0.00018359857
2844,2,2,8.516102e-05,0.051049195,0.94886565
2845,0,0,0.9530618,0.046893507,4.4714103e-05
2846,1,1,0.29245707,0.6779991,0.02954385
2847,1,2,0.0030512188,0.4146913,0.5822575
2848,2,1,0.06561795,0.7674043,0.16697773
2849,1,1,0.32189798,0.6550882,0.023013812
2850,1,1,0.30613524,0.66732174,0.026543029
2851,1,2,0.0023609456,0.38802227,0.60961676
2852,1,1,0.19034155,0.75263834,0.057020165
2853,0,0,0.9487267,0.05122331,4.998567e-05
2854,1,1,0.17989594,0.7573031,0.06280099
2855,2,1,0.0049076364,0.49988082,0.49521157
2856,1,1,0.40650278,0.57996726,0.013529977
2857,1,0,0.65001553,0.3474669,0.0025175225
2858,0,0,0.98956,0.010400044,3.999212e-05
2859,0,0,0.9816664,0.018293664,3.99888e-05
2860,0,1,0.37804988,0.6054669,0.016483244
2861,2,2,0.00016980577,0.09700718,0.90282303
2862,2,2,0.0043386505,0.4686386,0.5270227
2863,0,0,0.99849486,0.0014651493,3.9993094e-05
2864,0,0,0.94678897,0.05316246,4.8586255e-05
2865,2,2,0.00019864061,0.10938735,0.89041406
2866,1,1,0.04646622,0.74766815,0.20586562
2867,2,2,0.0007021347,0.23643169,0.7628662
2868,0,0,0.81302977,0.18650234,0.0004679492
2869,1,0,0.5768011,0.41880682,0.0043920595
2870,0,0,0.92523146,0.0746916,7.694159e-05
2871,2,2,3.998935e-05,0.00052113924,0.9994389
2872,0,0,0.7766974,0.22260323,0.0006994277
2873,0,0,0.96261054,0.03734853,4.0946943e-05
2874,0,0,0.97576356,0.024196424,3.999449e-05
2875,2,2,0.001700813,0.33400863,0.66429055
2876,0,0,0.8895306,0.110322684,0.00014671808
2877,1,1,0.44728547,0.5418108,0.010903699
2878,2,1,0.013143114,0.60781264,0.3790442
2879,1,1,0.016713735,0.6548948,0.32839143
2880,2,1,0.05308854,0.7565777,0.19033377
2881,0,0,0.7222137,0.27662772,0.0011586015
2882,0,0,0.72840184,0.27054787,0.001050272
2883,1,1,0.34263575,0.63559103,0.021773227
2884,0,0,0.99974716,0.0002128863,3.9987037e-05
2885,0,0,0.85737556,0.14235698,0.00026744857
2886,2,1,0.10926988,0.7822924,0.10843772
2887,2,2,3.999661e-05,0.0007062398,0.99925375
2888,0,0,0.835701,0.16396137,0.000337551
2889,1,1,0.038680162,0.74208885,0.21923098
2890,0,0,0.97834474,0.02161526,3.999274e-05
2891,1,1,0.29927164,0.67171913,0.029009214
2892,1,1,0.2643534,0.6993064,0.036340155
2893,0,0,0.98555815,0.014401833,3.9990715e-05
2894,2,2,5.8713245e-05,0.04280661,0.95713466
2895,1,2,0.0020465062,0.36994344,0.62801003
2896,0,0,0.9924511,0.0075088525,3.999795e-05
2897,0,0,0.5610717,0.43395978,0.004968588
2898,1,1,0.417908,0.5693375,0.012754532
2899,0,0,0.58062375,0.41537094,0.00400536
2900,2,2,0.0037513555,0.45380163,0.542447
2901,1,1,0.027178183,0.6964813,0.27634054
2902,2,1,0.006976966,0.52721214,0.46581087
2903,1,0,0.80140555,0.1980933,0.00050113554
2904,1,1,0.008616592,0.55796075,0.43342265
2905,1,1,0.18882948,0.7529417,0.058228683
2906,0,0,0.99921966,0.00074032636,3.99928e-05
2907,1,2,0.0022864614,0.3806698,0.61704373
2908,0,0,0.9991667,0.0007932518,3.999313e-05
2909,0,0,0.9998987,6.138654e-05,3.9990657e-05
2910,2,2,0.002322039,0.38486814,0.61280984
2911,0,1,0.38729644,0.5974688,0.015234741
2912,2,1,0.06598767,0.7651429,0.16886944
2913,1,1,0.36788845,0.6143153,0.017796284
2914,2,2,9.340534e-05,0.06451264,0.935394
2915,1,1,0.14652821,0.77082896,0.08264285
2916,2,1,0.067140624,0.77071464,0.16214469
2917,1,1,0.06277119,0.7755877,0.16164118
2918,2,1,0.14214212,0.774138,0.08371988
2919,0,1,0.31642213,0.66043466,0.023143247
2920,1,1,0.08259755,0.7736325,0.14376995
2921,2,2,3.99922e-05,0.0027696392,0.9971904
2922,0,0,0.6956799,0.30294916,0.001370895
2923,0,1,0.15943107,0.7689632,0.07160576
2924,1,1,0.21255304,0.7380893,0.04935768
2925,2,2,0.0011635751,0.30484754,0.6939889
2926,0,0,0.9376039,0.06233456,6.15443e-05
2927,0,0,0.84191513,0.15780573,0.0002790797
2928,1,1,0.33561075,0.64296544,0.021423897
2929,1,1,0.055174377,0.7703123,0.17451333
2930,0,0,0.92257005,0.077359036,7.092562e-05
2931,0,0,0.5482687,0.44678617,0.004945209
2932,0,1,0.20883472,0.7407374,0.050427906
2933,1,1,0.41941318,0.56843215,0.012154692
2934,0,0,0.99766284,0.0022972208,3.9994e-05
2935,1,1,0.03966387,0.72806066,0.23227546
2936,1,1,0.3060618,0.66846,0.025478166
2937,1,0,0.9717038,0.028256193,3.9993192e-05
2938,0,0,0.9991185,0.00084148644,3.99912e-05
2939,0,0,0.81433094,0.18524243,0.00042670863
2940,0,0,0.9053799,0.094519824,0.00010019587
2941,2,2,3.9992272e-05,0.0007535467,0.9992065
2942,1,2,0.0052229455,0.4949013,0.49987575
2943,0,0,0.8441593,0.15557893,0.00026177615
2944,0,0,0.999427,0.0005329913,3.9991315e-05
2945,0,0,0.76541305,0.23382345,0.00076351035
2946,2,2,0.00024789933,0.14286107,0.85689104
2947,1,1,0.025042009,0.6737773,0.30118078
2948,2,2,0.00033319544,0.17225888,0.82740796
2949,1,1,0.26340795,0.70152265,0.03506946
2950,1,1,0.010951584,0.58079416,0.40825424
2951,1,1,0.03531072,0.7367537,0.22793557
2952,1,1,0.05856148,0.76229393,0.17914455
2953,0,0,0.95010966,0.049841445,4.8904352e-05
2954,0,0,0.89715546,0.10272201,0.00012255559
2955,0,0,0.8270889,0.17247148,0.00043966825
2956,0,1,0.02720077,0.7024639,0.27033532
2957,1,1,0.26438883,0.70090675,0.034704454
2958,2,2,0.0005321887,0.21558045,0.7838874
2959,1,1,0.08139134,0.78254354,0.13606516
2960,2,2,0.0015360769,0.32911843,0.6693455
2961,1,1,0.082084864,0.7826541,0.13526106
2962,0,0,0.9905026,0.009457375,3.999568e-05
2963,1,1,0.08138667,0.7757824,0.14283092
2964,1,1,0.33602473,0.64268965,0.021285659
2965,1,1,0.16984926,0.76191956,0.06823116
2966,1,1,0.10007492,0.78930587,0.11061923
2967,0,0,0.78698754,0.21241719,0.0005953222
2968,2,2,0.0040240632,0.46349835,0.5324776
2969,0,0,0.89845663,0.10142747,0.00011592544
2970,0,0,0.9076697,0.092227444,0.00010282883
2971,2,1,0.32581198,0.65034384,0.023844242
2972,0,0,0.83931327,0.16036947,0.00031730378
2973,0,0,0.84827286,0.15142882,0.0002982982
2974,1,1,0.46372944,0.525898,0.010372635
2975,1,1,0.4131196,0.57174,0.015140488
2976,0,0,0.8344166,0.16522636,0.0003570385
2977,2,2,3.9994982e-05,0.0033099705,0.99665
2978,0,0,0.9999145,4.5511704e-05,3.999129e-05
2979,1,1,0.22676247,0.7291279,0.044109635
2980,0,1,0.20926924,0.74022174,0.05050901
2981,1,1,0.17906207,0.7603724,0.0605655
2982,1,0,0.5000019,0.4927637,0.0072343824
2983,0,0,0.9696267,0.030333279,3.9993116e-05
2984,2,1,0.009356746,0.5538836,0.43675962
2985,0,0,0.5312979,0.46302938,0.0056727203
2986,1,1,0.018975077,0.6603646,0.3206603
2987,0,0,0.93761724,0.06232441,5.8368434e-05
2988,1,1,0.15256578,0.77157104,0.07586319
2989,1,1,0.018119935,0.6506405,0.3312396
2990,0,1,0.37718773,0.60576814,0.017044125
2991,0,0,0.9999168,4.3254462e-05,3.9991384e-05
2992,0,0,0.9334823,0.06645719,6.0496273e-05
2993,2,2,0.00021478755,0.1355817,0.8642035
2994,0,0,0.99877983,0.0011801783,3.9994742e-05
2995,0,0,0.99938554,0.00057445857,3.9992105e-05
2996,0,0,0.9998751,8.494058e-05,3.9989718e-05
2997,1,1,0.032889307,0.71791315,0.24919757
2998,2,2,3.999473e-05,0.004964369,0.99499565
2999,1,2,0.0015593928,0.3427208,0.6557198
3000,1,1,0.27426904,0.69257057,0.03316036
3001,1,2,0.002723651,0.41237321,0.5849031
3002,1,1,0.015828889,0.6432761,0.34089503
3003,0,0,0.9997821,0.000177895,3.9985996e-05
3004,1,1,0.26608965,0.6993196,0.03459076
3005,1,1,0.05689761,0.7548352,0.18826722
3006,2,2,3.9988667e-05,0.0079224445,0.9920376
3007,1,1,0.24083556,0.71666527,0.04249921
3008,0,1,0.16242418,0.7626048,0.0749711
3009,2,2,0.00075372285,0.25636488,0.7428814
3010,0,0,0.49754915,0.49473873,0.007712126
3011,1,0,0.5228604,0.4710135,0.006126085
3012,1,0,0.68152773,0.31668487,0.001787448
3013,1,1,0.26953143,0.6961652,0.034303352
3014,1,1,0.025914561,0.6924218,0.28166366
3015,0,0,0.5034099,0.4889404,0.0076496988
3016,0,0,0.6110208,0.38591373,0.003065514
3017,0,1,0.078352585,0.7795453,0.1421021
3018,0,0,0.7147991,0.28385144,0.0013494379
3019,0,1,0.48354742,0.5077212,0.008731442
3020,0,0,0.61453414,0.38196978,0.003495994
3021,0,0,0.9305296,0.069399565,7.086114e-05
3022,1,1,0.071507715,0.7719702,0.15652211
3023,0,0,0.99357283,0.006387157,3.9993967e-05
3024,0,0,0.97813106,0.021828681,4.0287e-05
3025,0,0,0.6595972,0.338222,0.0021808066
3026,1,1,0.05339112,0.7547487,0.19186023
3027,1,1,0.036067255,0.7210691,0.24286371
3028,1,1,0.026451867,0.7006621,0.27288604
3029,0,0,0.97971034,0.020249655,3.999365e-05
3030,1,1,0.0677814,0.7707643,0.16145435
3031,0,0,0.99982715,0.00013293241,3.9987794e-05
3032,1,1,0.47000587,0.52057785,0.009416297
3033,2,1,0.011820436,0.6039125,0.38426706
3034,0,0,0.8267967,0.17285186,0.0003514837
3035,1,1,0.17850791,0.7576724,0.06381969
3036,0,0,0.9808914,0.019068606,3.999205e-05
3037,0,0,0.94836307,0.051589582,4.739639e-05
3038,0,1,0.029671058,0.7061541,0.26417482
3039,0,0,0.6353943,0.36204123,0.0025644975
3040,0,0,0.99004626,0.009913761,3.9992046e-05
3041,1,1,0.23696284,0.72101814,0.042019017
3042,1,0,0.5322522,0.46169254,0.0060552433
3043,0,0,0.92222375,0.07770129,7.4992895e-05
3044,0,0,0.8817784,0.118065156,0.0001564745
3045,0,0,0.99902046,0.00093954516,3.9997052e-05
3046,0,0,0.99991995,4.007346e-05,3.9991508e-05
3047,2,2,0.00052609964,0.21756804,0.7819059
3048,2,2,0.004441672,0.47066557,0.52489275
3049,0,0,0.999738,0.000222087,3.9984232e-05
3050,1,1,0.006669489,0.52730274,0.46602777
3051,2,2,4.097113e-05,0.007152104,0.992807
3052,2,2,4.108756e-05,0.01387028,0.98608863
3053,0,0,0.99832916,0.0016308461,3.9996237e-05
3054,2,2,4.1774765e-05,0.018709667,0.98124856
3055,1,1,0.032323766,0.7176736,0.25000262
3056,0,0,0.99970305,0.00025702646,3.9982835e-05
3057,1,1,0.095243074,0.7821477,0.1226092
3058,2,2,0.00088002824,0.2722989,0.72682106
3059,0,0,0.9702888,0.029671164,3.9995255e-05
3060,1,1,0.026824627,0.70817435,0.26500106
3061,1,1,0.18601294,0.751313,0.06267415
3062,0,0,0.9868917,0.01306824,3.9995288e-05
3063,2,2,0.0009315022,0.28439578,0.7146727
3064,2,2,3.9996172e-05,0.0020597696,0.99790025
3065,1,1,0.38093662,0.602873,0.016190365
3066,0,1,0.42372358,0.5628281,0.013448302
3067,1,1,0.010492645,0.5793054,0.41020194
3068,1,1,0.034388922,0.7285419,0.2370692
3069,1,1,0.067591324,0.77902144,0.15338728
3070,0,0,0.586009,0.4101655,0.0038255171
3071,0,0,0.94866776,0.051281683,5.056359e-05
3072,0,0,0.9600589,0.039899677,4.143435e-05
3073,0,1,0.29580453,0.6760796,0.02811592
3074,2,2,6.12577e-05,0.044744156,0.9551946
3075,0,0,0.93100536,0.068923086,7.1565475e-05
3076,1,1,0.031198349,0.7130512,0.25575045
3077,1,1,0.023637231,0.68181133,0.29455143
3078,1,2,0.0011870345,0.30404803,0.694765
3079,1,1,0.18941133,0.75483936,0.05574935
3080,2,2,5.261829e-05,0.034952622,0.9649948
3081,0,0,0.78915566,0.21033739,0.000506967
3082,1,1,0.02255492,0.6751883,0.30225676
3083,0,1,0.49111438,0.5011838,0.0077017555
3084,1,1,0.3176582,0.6567393,0.025602497
3085,2,2,8.360302e-05,0.060829487,0.9390869
3086,1,1,0.07097394,0.77803606,0.15098998
3087,1,1,0.30208287,0.6700244,0.027892705
3088,2,2,0.001303132,0.31586814,0.6828287
3089,1,1,0.32642365,0.6505276,0.023048813
3090,0,0,0.72746307,0.2712647,0.0012722888
3091,1,1,0.33440396,0.64280355,0.022792485
3092,0,0,0.85913455,0.14065559,0.00020986865
3093,1,1,0.013521776,0.6135054,0.3729728
3094,0,1,0.42776144,0.5601566,0.012082003
3095,0,1,0.41632187,0.57163906,0.012039106
3096,1,1,0.039213132,0.738614,0.22217286
3097,1,1,0.077042006,0.7781536,0.14480445
3098,0,0,0.77223647,0.22702359,0.0007399448
3099,0,0,0.96796966,0.031990338,4.000017e-05
3100,1,2,0.0014950535,0.33354658,0.66495836
3101,0,1,0.49503115,0.49701315,0.007955616
3102,0,1,0.43524677,0.55341214,0.011341101
3103,2,1,0.024602901,0.6860928,0.28930432
3104,2,2,0.0001361733,0.087467484,0.9123964
3105,2,2,0.00033264083,0.18431982,0.81534755
3106,0,0,0.9854755,0.014484547,3.9992316e-05
3107,2,2,0.00021181558,0.12810923,0.87167895
3108,0,0,0.99985915,0.00010087398,3.9989078e-05
3109,0,1,0.28761804,0.6826532,0.02972878
3110,1,1,0.16507864,0.7646193,0.07030206
3111,1,1,0.008992765,0.56780946,0.4231978
3112,0,0,0.8689237,0.13089381,0.00018250056
3113,2,1,0.04263925,0.7386195,0.21874124
3114,0,0,0.9963047,0.0036553731,3.9993385e-05
3115,1,0,0.6587158,0.3393661,0.0019180872
3116,0,0,0.9727857,0.027174298,3.9995022e-05
3117,1,1,0.04222529,0.7470794,0.21069536
3118,0,0,0.9858689,0.014091161,3.999094e-05
3119,0,1,0.07790009,0.78513724,0.13696274
3120,1,0,0.6435071,0.35413766,0.0023552547
3121,1,1,0.3038247,0.671245,0.024930358
3122,0,0,0.99194026,0.008019803,3.9994575e-05
3123,0,0,0.9170972,0.08282333,7.9504e-05
3124,1,1,0.20696042,0.73807204,0.05496751
3125,0,0,0.9000142,0.099859156,0.00012657893
3126,0,0,0.9625092,0.037450712,4.0086034e-05
3127,2,2,3.999148e-05,0.0054116803,0.9945483
3128,0,0,0.8026521,0.19689488,0.0004530449
3129,1,1,0.04713072,0.7471972,0.20567209
3130,1,0,0.646129,0.35150695,0.0023639854
3131,0,0,0.881175,0.11867653,0.00014852155
3132,1,0,0.79671824,0.20281248,0.0004692622
3133,0,0,0.9617797,0.03817836,4.187647e-05
3134,0,0,0.9914664,0.008493562,3.999517e-05
3135,1,1,0.35197428,0.6287438,0.019281853
3136,1,1,0.01732441,0.6509262,0.33174947
3137,1,1,0.43005514,0.55837464,0.011570195
3138,0,1,0.14070156,0.7755124,0.08378607
3139,2,2,0.0001042468,0.064913996,0.9349817
3140,1,0,0.6009298,0.39505863,0.0040115803
3141,0,0,0.90952563,0.09036659,0.00010776223
3142,1,1,0.076878436,0.7766585,0.14646316
3143,2,2,0.0004711601,0.2179344,0.78159446
3144,1,2,0.0011596252,0.29506505,0.7037753
3145,0,0,0.61512953,0.381786,0.0030844999
3146,2,2,3.999161e-05,0.0010145588,0.9989455
3147,1,1,0.006463775,0.53371125,0.45982495
3148,0,0,0.8544388,0.14533672,0.00022447534
3149,1,1,0.10292157,0.7849719,0.11210654
3150,1,1,0.12683396,0.7767512,0.096414864
3151,1,1,0.026057743,0.6988345,0.27510777
3152,0,1,0.13373941,0.775591,0.090669595
3153,0,0,0.82541406,0.17418595,0.00039993128
3154,2,2,0.0023583886,0.37573653,0.6219051
3155,1,2,0.00018374479,0.11785871,0.88195753
3156,2,2,0.0001873565,0.11613632,0.88367635
3157,0,0,0.5220039,0.47188854,0.0061075753
3158,1,0,0.5793411,0.41660374,0.0040551573
3159,2,2,9.820389e-05,0.049547613,0.9503542
3160,0,0,0.98038054,0.019579493,3.9996095e-05
3161,2,2,3.998597e-05,0.00017862485,0.9997814
3162,1,1,0.41587853,0.570719,0.013402456
3163,1,2,0.001085943,0.27296883,0.72594523
3164,2,1,0.17167757,0.7627531,0.06556925
3165,1,2,0.0040560053,0.4630409,0.53290313
3166,0,0,0.9991644,0.00079557346,3.9993032e-05
3167,0,0,0.9999193,4.0684336e-05,3.9991482e-05
3168,0,0,0.99115187,0.008808146,3.9994793e-05
3169,1,1,0.028868672,0.7007395,0.27039188
3170,1,1,0.13885152,0.77712333,0.084025115
3171,0,0,0.9662359,0.033723556,4.0600164e-05
3172,1,1,0.0067065787,0.5193056,0.47398782
3173,0,0,0.99138004,0.008580057,3.9991686e-05
3174,0,0,0.99972665,0.000233381,3.998622e-05
3175,2,2,0.000655985,0.250533,0.748811
3176,2,2,0.0018789065,0.36615738,0.63196373
3177,0,0,0.99930745,0.00065257883,3.9988972e-05
3178,0,0,0.91427433,0.085637145,8.853122e-05
3179,0,0,0.93525004,0.06468668,6.327879e-05
3180,1,0,0.77279556,0.22652298,0.0006814865
3181,1,1,0.07416373,0.7737249,0.15211137
3182,2,2,0.005328559,0.49086565,0.50380576
3183,0,0,0.50527024,0.48738384,0.0073459297
3184,1,1,0.34181574,0.63584065,0.022343632
3185,1,1,0.042497493,0.70294005,0.25456244
3186,2,1,0.07998764,0.77772194,0.14229044
3187,2,2,0.0042977924,0.46008354,0.53561866
3188,2,1,0.008299278,0.5538329,0.43786785
3189,1,1,0.018905047,0.6510512,0.33004376
3190,0,0,0.99756813,0.0023919279,3.999264e-05
3191,1,1,0.12990654,0.7803818,0.089711644
3192,0,0,0.7809568,0.21841788,0.0006253205
3193,0,0,0.9751198,0.024840247,3.9993112e-05
3194,1,1,0.09360523,0.7827164,0.1236784
3195,2,2,3.9982944e-05,0.00025425616,0.9997058
3196,1,1,0.031709697,0.7166059,0.25168446
3197,1,1,0.015856316,0.6330884,0.35105526
3198,1,1,0.01469153,0.6275747,0.3577338
3199,1,1,0.02197488,0.67450106,0.30352408
3200,1,1,0.19341037,0.7494172,0.05717246
3201,1,1,0.031254843,0.70997953,0.2587656
3202,0,0,0.912408,0.087500736,9.127572e-05
3203,0,1,0.08824973,0.78161657,0.13013366
3204,0,0,0.7351433,0.2639069,0.00094977545
3205,0,0,0.8394859,0.16021076,0.00030341544
3206,1,1,0.1777835,0.76154697,0.06066956
3207,2,2,0.00053196645,0.20369029,0.7957778
3208,1,2,0.00014645055,0.096899986,0.90295357
3209,0,0,0.6890472,0.30933714,0.0016156575
3210,2,2,6.6585744e-05,0.042041942,0.95789146
3211,0,0,0.97033304,0.029626403,4.056815e-05
3212,1,1,0.10137383,0.7811382,0.11748799
3213,0,1,0.48925066,0.5033208,0.0074285795
3214,0,0,0.8783903,0.12143379,0.00017591944
3215,0,0,0.82476354,0.17489882,0.00033757515
3216,2,2,0.0002618871,0.13287196,0.8668662
3217,0,0,0.9972573,0.0027027223,3.999487e-05
3218,0,0,0.90826017,0.09165077,8.907033e-05
3219,1,1,0.4714939,0.5194363,0.009069878
3220,2,2,7.732503e-05,0.061748266,0.9381744
3221,1,1,0.15607055,0.7707852,0.07314429
3222,0,0,0.9998515,0.00010856083,3.9988772e-05
3223,0,0,0.7728794,0.22641036,0.0007102402
3224,0,0,0.78838855,0.21099639,0.0006150332
3225,1,1,0.26055706,0.704949,0.034493916
3226,2,2,0.00014796476,0.100894704,0.8989573
3227,0,0,0.93667054,0.06326452,6.5003915e-05
3228,2,2,3.999379e-05,0.001570094,0.9983899
3229,0,0,0.99944645,0.0005135357,3.999209e-05
3230,0,0,0.8473431,0.1523731,0.00028385175
3231,1,1,0.018109031,0.65406513,0.32782584
3232,0,1,0.0606489,0.7618439,0.17750719
3233,2,2,3.9994487e-05,0.0003927635,0.9995673
3234,0,0,0.63359886,0.36345887,0.0029422939
3235,0,0,0.9982888,0.0016712117,3.9989733e-05
3236,0,0,0.58978075,0.40596208,0.0042572124
3237,1,1,0.39242393,0.5927383,0.014837805
3238,1,1,0.03101477,0.7154202,0.25356504
3239,2,1,0.0058135083,0.5133586,0.4808279
3240,0,0,0.99358606,0.006373927,3.999205e-05
3241,0,0,0.76745147,0.23182541,0.0007231799
3242,2,2,0.0034736455,0.43587115,0.56065524
3243,0,0,0.7296434,0.2690762,0.0012804448
3244,0,0,0.9999196,4.0483195e-05,3.9991493e-05
3245,0,0,0.9124371,0.087473,8.996704e-05
3246,1,1,0.38606834,0.59824264,0.015689038
3247,0,0,0.9994673,0.0004926926,3.999293e-05
3248,0,1,0.22336632,0.7321447,0.04448895
3249,0,1,0.47538555,0.51557535,0.00903909
3250,1,2,0.00035953918,0.15554427,0.8440962
3251,1,0,0.7469274,0.25215954,0.00091312366
3252,0,0,0.99931765,0.00064233306,3.9989383e-05
3253,0,0,0.9982375,0.0017224684,3.9995008e-05
3254,0,0,0.8412775,0.15842599,0.00029658317
3255,1,1,0.38435623,0.5984759,0.017167935
3256,2,1,0.007194585,0.52807814,0.46472728
3257,0,0,0.98978364,0.010176374,3.999377e-05
3258,0,0,0.912055,0.08782941,0.00011557248
3259,1,1,0.20952445,0.7380565,0.052419093
3260,1,0,0.54710764,0.44783512,0.0050572255
3261,1,2,0.0025833827,0.39851525,0.5989014
3262,0,0,0.9974518,0.002508281,3.999287e-05
3263,1,1,0.016703216,0.6625926,0.32070422
3264,0,0,0.9998864,7.370017e-05,3.9990166e-05
3265,1,1,0.028886886,0.6940831,0.27703
3266,2,2,5.2164753e-05,0.027623799,0.9723241
3267,1,1,0.4157811,0.57020426,0.014014622
3268,0,1,0.037561208,0.73490244,0.22753632
3269,1,1,0.3799747,0.6032731,0.016752232
3270,2,2,3.9992887e-05,0.0012875376,0.9986725
3271,1,1,0.1511768,0.7718309,0.076992325
3272,0,0,0.8493512,0.15040438,0.00024442122
3273,1,1,0.07849559,0.7733466,0.14815785
3274,0,1,0.31214246,0.6630459,0.024811666
3275,1,1,0.19325246,0.7539671,0.05278046
3276,0,0,0.9999144,4.563089e-05,3.9991286e-05
3277,2,2,4.843832e-05,0.012843689,0.9871078
3278,2,2,0.0015243075,0.3324793,0.6659964
3279,0,0,0.8459717,0.15374166,0.0002866171
3280,1,1,0.37269545,0.60958177,0.01772277
3281,2,2,6.1276e-05,0.04279395,0.9571448
3282,0,0,0.64065784,0.35688916,0.0024529644
3283,1,0,0.6262807,0.37058347,0.003135804
3284,0,0,0.9348341,0.06510381,6.2076186e-05
3285,0,0,0.92807716,0.07185201,7.080908e-05
3286,0,0,0.99978435,0.00017565982,3.9986084e-05
3287,0,0,0.9496203,0.050333586,4.6155303e-05
3288,1,1,0.39308983,0.59157664,0.015333511
3289,0,0,0.8260477,0.17359413,0.0003581564
3290,2,2,0.00022371224,0.123917975,0.8758583
3291,2,2,4.43299e-05,0.018045913,0.98190975
3292,0,0,0.9938415,0.0061183926,3.9994964e-05
3293,2,1,0.26364997,0.6997279,0.0366222
3294,2,2,0.0043226997,0.45877546,0.53690183
3295,0,0,0.9829843,0.01697572,3.999525e-05
3296,0,0,0.9936026,0.006357412,3.999271e-05
3297,0,0,0.99877715,0.0011829042,3.999463e-05
3298,2,2,3.9994065e-05,0.00522505,0.994735
3299,0,0,0.5915015,0.40459648,0.0039020893
3300,1,1,0.4766682,0.5141432,0.009188478
3301,1,0,0.9663125,0.033647325,4.016368e-05
3302,0,0,0.99983895,0.00012113391,3.998827e-05
3303,1,2,0.0058779735,0.496708,0.497414
3304,2,2,0.0006399307,0.23115614,0.7682039
3305,0,0,0.68492967,0.31338477,0.0016855976
3306,0,1,0.4716455,0.5187603,0.009594224
3307,2,2,3.999142e-05,0.0013240788,0.99863595
3308,0,0,0.9717814,0.028178565,3.9996386e-05
3309,1,1,0.20015292,0.7431142,0.05673294
3310,0,0,0.9863439,0.013616013,3.9995368e-05
3311,1,1,0.04749346,0.7548785,0.19762802
3312,0,0,0.83958274,0.16013494,0.0002823757
3313,0,0,0.7923114,0.20711125,0.00057739916
3314,2,1,0.011603385,0.5971871,0.39120954
3315,2,2,0.0027357019,0.40568024,0.591584
3316,1,1,0.13005522,0.7797674,0.090177454
3317,1,1,0.0070739295,0.52014506,0.47278103
3318,0,0,0.9977126,0.0022473347,3.9995994e-05
3319,1,1,0.12347748,0.7795037,0.09701887
3320,1,1,0.42544806,0.5621361,0.012415851
3321,0,0,0.72474134,0.27336115,0.0018974955
3322,0,0,0.9560052,0.04395165,4.313398e-05
3323,0,0,0.7939372,0.20557915,0.00048371954
3324,1,1,0.021598855,0.6750536,0.30334753
3325,0,0,0.99927765,0.0006823419,3.9990227e-05
3326,0,0,0.9189522,0.08096361,8.4170344e-05
3327,2,2,0.0015351446,0.33351418,0.66495067
3328,2,2,0.0005703176,0.21795237,0.78147733
3329,2,2,3.9989292e-05,9.537583e-05,0.9998646
3330,0,0,0.99823046,0.001729609,3.999228e-05
3331,1,1,0.048054613,0.75642884,0.19551653
3332,2,2,3.9991595e-05,0.0047374666,0.99522257
3333,0,0,0.99365246,0.006307453,3.999964e-05
3334,1,1,0.18310428,0.75756824,0.059327487
3335,0,0,0.99830073,0.001659286,3.99951e-05
3336,2,2,5.6769357e-05,0.03663377,0.9633094
3337,1,1,0.15707159,0.7719799,0.07094846
3338,2,2,3.9987524e-05,0.00020064702,0.9997593
3339,0,0,0.99978673,0.0001732624,3.998618e-05
3340,0,0,0.9987748,0.0011851626,3.9992097e-05
3341,2,2,3.9995e-05,0.00794839,0.9920116
3342,1,0,0.6108655,0.38597253,0.0031620387
3343,0,1,0.39676115,0.58917314,0.014065752
3344,2,1,0.018210892,0.65055907,0.33123004
3345,0,0,0.9948043,0.005155713,3.9991955e-05
3346,0,0,0.87753737,0.12228013,0.00018254417
3347,0,0,0.7611231,0.23809537,0.00078156026
3348,0,0,0.783606,0.21578479,0.0006092292
3349,2,1,0.16082688,0.76891446,0.07025869
3350,1,0,0.4995202,0.49323317,0.007246606
3351,2,1,0.082731165,0.7792284,0.13804045
3352,0,1,0.3586167,0.6228056,0.018577667
3353,1,1,0.4601211,0.52948946,0.010389499
3354,0,0,0.9909716,0.008988402,3.9992443e-05
3355,1,0,0.6873334,0.310767,0.0018996459
3356,0,0,0.82806677,0.17156991,0.00036332535
3357,1,1,0.1404856,0.77346694,0.08604744
3358,1,2,0.0010300028,0.3009271,0.6980429
3359,2,1,0.0073921215,0.54261625,0.44999164
3360,0,0,0.99992,3.999151e-05,3.999151e-05
3361,1,1,0.41957748,0.56557715,0.014845389
3362,0,0,0.9998605,9.950319e-05,3.9989136e-05
3363,1,1,0.45207095,0.5374936,0.010435442
3364,1,1,0.115153365,0.7757671,0.109079584
3365,2,1,0.35370308,0.6269691,0.01932785
3366,0,0,0.7386198,0.26042485,0.0009553443
3367,1,1,0.27851993,0.6920417,0.029438322
3368,1,1,0.13962394,0.7749593,0.08541668
3369,1,2,0.003931173,0.4616538,0.53441507
3370,1,1,0.16968383,0.76132417,0.06899204
3371,1,1,0.07660891,0.77992475,0.14346638
3372,0,0,0.9094552,0.09044356,0.00010127222
3373,1,1,0.035711296,0.71781456,0.24647412
3374,1,1,0.07305832,0.7731204,0.15382135
3375,0,0,0.75782263,0.24142765,0.0007497844
3376,2,2,0.00072537106,0.25673082,0.7425438
3377,1,2,0.004624147,0.474465,0.52091086
3378,1,0,0.69440365,0.3038084,0.0017879838
3379,2,2,0.00031267476,0.17414257,0.8255448
3380,0,0,0.9481378,0.051813155,4.901908e-05
3381,1,0,0.582019,0.41398108,0.0039999587
3382,1,0,0.53405803,0.4598292,0.006112776
3383,0,0,0.9987073,0.0012527312,3.999184e-05
3384,2,1,0.015106821,0.61057556,0.37431768
3385,1,1,0.3650546,0.6162058,0.018739564
3386,1,0,0.7082745,0.2902667,0.0014588
3387,0,0,0.5280585,0.465859,0.0060825255
3388,2,2,5.505044e-05,0.033542972,0.966402
3389,0,0,0.94541097,0.0545411,4.7973226e-05
3390,0,0,0.9990584,0.0009016002,3.999613e-05
3391,0,1,0.13346706,0.7820313,0.084501676
3392,2,2,7.599965e-05,0.042817704,0.9571063
3393,0,0,0.99924356,0.00071647024,3.999376e-05
3394,2,2,4.1872518e-05,0.015330439,0.98462766
3395,2,1,0.031969845,0.7113591,0.25667107
3396,0,0,0.7537332,0.24538441,0.0008824104
3397,2,2,0.00017126219,0.11740588,0.88242286
3398,2,2,0.001407462,0.33644554,0.66214705
3399,1,1,0.110302925,0.782995,0.10670211
3400,0,0,0.87300986,0.12681755,0.00017260498
3401,1,1,0.48557955,0.5063289,0.008091563
3402,1,1,0.010266008,0.58373016,0.40600386
3403,0,0,0.92779136,0.072143435,6.522249e-05
3404,1,1,0.3409016,0.63755363,0.021544777
3405,2,2,4.3678807e-05,0.022191856,0.9777645
3406,2,1,0.03539768,0.72847,0.23613226
3407,2,1,0.10132871,0.7843736,0.11429771
3408,0,0,0.7753511,0.22400287,0.0006460819
3409,2,2,0.0050276294,0.49635565,0.49861676
3410,1,1,0.10890007,0.7849002,0.10619977
3411,0,0,0.9906368,0.009323198,3.9993694e-05
3412,1,1,0.10690765,0.78068376,0.11240856
3413,1,1,0.24283025,0.7136302,0.043539528
3414,1,1,0.18070088,0.7589372,0.060361955
3415,0,0,0.9975809,0.0023790987,3.9993163e-05
3416,0,0,0.6210768,0.37605911,0.0028640437
3417,0,0,0.88979566,0.11005689,0.0001474575
3418,0,0,0.69650024,0.30188936,0.0016104808
3419,0,0,0.60383326,0.39285824,0.0033085607
3420,1,1,0.018199936,0.64843136,0.33336872
3421,0,0,0.7932492,0.20618537,0.0005654508
3422,0,0,0.5003614,0.4925496,0.0070890547
3423,1,1,0.23467852,0.72366685,0.041654665
3424,1,1,0.12545355,0.7730479,0.101498544
3425,1,1,0.2291477,0.7267788,0.044073477
3426,0,1,0.396555,0.5896891,0.01375598
3427,0,1,0.023723062,0.6896108,0.28666615
3428,0,0,0.97238994,0.02757006,3.9996325e-05
3429,0,0,0.7501838,0.2489782,0.00083804096
3430,0,1,0.31714332,0.6587626,0.024094127
3431,2,2,0.00035867025,0.16444564,0.83519566
3432,1,1,0.037162557,0.72124714,0.2415903
3433,0,0,0.9430605,0.056877516,6.195945e-05
3434,0,0,0.8796303,0.12018403,0.00018564964
3435,1,1,0.3199661,0.6538452,0.026188716
3436,0,0,0.6894715,0.3089726,0.0015559469
3437,0,0,0.99992,3.999151e-05,3.999151e-05
3438,1,1,0.015028729,0.62848663,0.35648462
3439,0,0,0.8023782,0.19717771,0.00044412375
3440,1,1,0.02712556,0.689357,0.2835175
3441,1,1,0.07919177,0.7784143,0.14239396
3442,2,2,4.270653e-05,0.025415396,0.9745419
3443,2,1,0.25596115,0.70918024,0.03485863
3444,1,1,0.12987678,0.7830191,0.087104164
3445,2,1,0.01837442,0.66123176,0.3203938
3446,0,0,0.9830154,0.016944584,3.9996507e-05
3447,1,0,0.87806815,0.12177494,0.0001569561
3448,1,1,0.031310543,0.71306276,0.25562668
3449,0,0,0.9668248,0.033135116,4.0080227e-05
3450,1,1,0.47904095,0.51270765,0.0082514575
3451,1,1,0.136229,0.7774408,0.08633014
3452,1,1,0.03942913,0.72527313,0.23529777
3453,1,1,0.036461435,0.73681307,0.22672553
3454,2,2,0.0015326357,0.33831412,0.6601532
3455,1,1,0.12549172,0.78216326,0.092345
3456,1,1,0.053780597,0.75763524,0.18858418
3457,0,0,0.5004362,0.4923774,0.0071864454
3458,2,2,0.0013706771,0.31064054,0.6879888
3459,0,0,0.98584914,0.014110874,3.999262e-05
3460,1,1,0.2014954,0.74689865,0.051606
3461,2,2,0.00027797272,0.14830205,0.85142
3462,1,1,0.1668661,0.7656133,0.06752062
3463,0,1,0.46746692,0.5238317,0.008701351
3464,0,0,0.78395617,0.21532121,0.000722665
3465,1,2,0.0039700516,0.4432065,0.5528234
3466,1,0,0.7983479,0.20115906,0.0004930621
3467,2,1,0.007868826,0.54278743,0.44934374
3468,1,0,0.59108037,0.4051914,0.003728259
3469,0,0,0.9702406,0.029719027,4.031612e-05
3470,1,1,0.15092778,0.7709073,0.078164935
3471,0,0,0.99992,3.999151e-05,3.999151e-05
3472,0,0,0.9404552,0.059491817,5.300133e-05
3473,0,0,0.9066384,0.09324882,0.00011274445
3474,0,0,0.9993173,0.00064270786,3.9991817e-05
3475,1,2,0.004301062,0.46017596,0.53552294
3476,1,1,0.010705932,0.57471776,0.41457635
3477,0,0,0.9896602,0.010299776,3.9991242e-05
3478,0,0,0.95298517,0.046971206,4.3646505e-05
3479,0,0,0.98696005,0.012999983,3.9993112e-05
3480,1,1,0.17634687,0.76226723,0.06138593
3481,0,0,0.76254797,0.23656747,0.00088451296
3482,1,1,0.11271172,0.7844885,0.10279977
3483,0,0,0.9112637,0.08863862,9.7662516e-05
3484,1,1,0.008854302,0.5610934,0.43005234
3485,2,2,6.293347e-05,0.046526887,0.95341015
3486,0,0,0.9790652,0.020894837,3.999472e-05
3487,0,1,0.06317954,0.7688049,0.16801557
3488,1,1,0.2568833,0.7068539,0.036262795
3489,1,2,0.0018128095,0.3578304,0.6403568
3490,2,2,0.0016736647,0.34349677,0.65482956
3491,1,2,0.0043502394,0.4661291,0.52952063
3492,0,0,0.52498704,0.4685281,0.0064848713
3493,0,0,0.9826633,0.017296715,3.999212e-05
3494,1,0,0.6171525,0.3798698,0.0029777384
3495,1,1,0.42688096,0.5618092,0.011309861
3496,1,2,0.0041495557,0.46039963,0.5354508
3497,0,0,0.99991983,4.0170304e-05,3.9991504e-05
3498,1,1,0.37805676,0.605661,0.016282264
3499,1,1,0.46307027,0.5270655,0.009864221
3500,0,1,0.41272897,0.5723188,0.0149522275
3501,2,1,0.027889397,0.6980618,0.2740488
3502,0,0,0.83845687,0.16128772,0.00025545165
3503,0,1,0.25808004,0.70652074,0.035399225
3504,1,1,0.06581294,0.7778442,0.1563429
3505,0,0,0.91346437,0.08643638,9.922807e-05
3506,1,1,0.10477796,0.77889335,0.11632873
3507,2,1,0.016223615,0.6369118,0.34686458
3508,1,0,0.500894,0.4920448,0.007061162
3509,0,0,0.96421105,0.035746995,4.199811e-05
3510,1,1,0.071438305,0.7696948,0.15886685
3511,0,0,0.9329072,0.06703213,6.0670358e-05
3512,2,2,3.9992912e-05,0.0003101171,0.9996499
3513,1,1,0.014606198,0.6276348,0.357759
3514,0,0,0.9442493,0.055700958,4.9742775e-05
3515,0,0,0.9586016,0.041358083,4.032185e-05
3516,0,0,0.67710555,0.32082045,0.0020739953
3517,0,0,0.9335269,0.06641842,5.4738826e-05
3518,0,0,0.9840221,0.015937945,3.9992774e-05
3519,0,1,0.30833387,0.6641551,0.027511077
3520,0,0,0.7394296,0.25957978,0.0009906276
3521,0,0,0.7646776,0.23453662,0.00078584475
3522,1,2,0.0048411735,0.49252978,0.50262904
3523,1,1,0.08269953,0.78812754,0.12917294
3524,2,2,0.00083916687,0.24219844,0.7569624
3525,1,1,0.11832999,0.78521216,0.09645786
3526,0,0,0.9992729,0.0006871345,3.999493e-05
3527,1,1,0.35662335,0.62420034,0.019176364
3528,1,1,0.13554892,0.78245246,0.0819986
3529,1,1,0.017751837,0.64712256,0.33512565
3530,0,0,0.98373556,0.016224435,3.9993538e-05
3531,0,0,0.73688316,0.2621757,0.0009411439
3532,1,1,0.027916428,0.6951082,0.27697536
3533,2,2,0.00028369902,0.15132104,0.8483952
3534,1,1,0.027589962,0.69531226,0.27709782
3535,2,2,0.0006953771,0.22463068,0.77467394
3536,1,1,0.3565792,0.625081,0.018339772
3537,0,0,0.8473315,0.15242009,0.00024842267
3538,0,0,0.8121095,0.1873902,0.000500303
3539,2,2,3.9987863e-05,0.0010469502,0.99891305
3540,2,1,0.009679302,0.580964,0.40935662
3541,1,0,0.6782473,0.3199917,0.0017609956
3542,0,0,0.92525136,0.07467848,7.013442e-05
3543,0,0,0.99900323,0.00095674605,3.9993924e-05
3544,2,2,0.000120563294,0.0809448,0.9189346
3545,1,1,0.29925057,0.6729721,0.027777351
3546,1,1,0.051703922,0.7457691,0.20252705
3547,1,1,0.018106895,0.65827894,0.32361418
3548,1,1,0.117886536,0.7862983,0.09581518
3549,2,1,0.0108596105,0.57971513,0.40942523
3550,2,2,0.000557149,0.21522096,0.7842219
3551,1,1,0.06816539,0.7710433,0.16079138
3552,1,1,0.009333397,0.570054,0.4206126
3553,2,2,0.0015386569,0.33096945,0.6674919
3554,1,2,0.003785724,0.46290654,0.53330773
3555,1,0,0.85225356,0.14748488,0.00026162513
3556,1,1,0.090671696,0.78061455,0.1287138
3557,1,1,0.24077985,0.71800685,0.041213308
3558,1,1,0.21377885,0.7362174,0.05000378
3559,1,1,0.350091,0.6285222,0.02138675
3560,1,1,0.23960416,0.72158724,0.038808614
3561,0,1,0.11114089,0.78370833,0.10515078
3562,1,0,0.64865875,0.34895462,0.00238661
3563,1,1,0.017985633,0.6377083,0.3443061
3564,0,0,0.9096057,0.09029973,9.459215e-05
3565,0,1,0.25931162,0.7045973,0.036091175
3566,2,1,0.015204521,0.6263406,0.35845488
3567,0,0,0.75652224,0.24256727,0.00091051846
3568,0,0,0.68791866,0.31060356,0.001477825
3569,1,1,0.0638405,0.76734877,0.16881073
3570,0,0,0.99982125,0.0001388088,3.998756e-05
3571,2,1,0.084406,0.78664994,0.12894404
3572,0,0,0.8171336,0.18247798,0.00038843445
3573,0,0,0.97486836,0.025091657,3.9995324e-05
3574,1,1,0.3559966,0.6243513,0.01965206
3575,2,2,0.00081652397,0.26431444,0.734869
3576,0,0,0.99955076,0.00040923757,3.999382e-05
3577,2,2,0.002125988,0.36039388,0.63748014
3578,1,1,0.15424162,0.77003336,0.07572502
3579,2,1,0.021244058,0.67339873,0.30535722
3580,1,1,0.04024886,0.7423738,0.2173773
3581,2,2,0.003481795,0.43513715,0.5613811
3582,0,0,0.60379624,0.39278483,0.003418899
3583,0,0,0.9660866,0.03387331,4.0003077e-05
3584,0,0,0.9076204,0.09227422,0.00010544476
3585,1,0,0.6317466,0.3656147,0.0026387656
3586,0,0,0.76593935,0.2332807,0.0007799106
3587,1,1,0.023924084,0.6875015,0.28857446
3588,2,2,6.200454e-05,0.043986034,0.955952
3589,1,0,0.5981257,0.39836252,0.0035117636
3590,0,0,0.99442875,0.0055312463,3.9994036e-05
3591,0,0,0.90504354,0.094850205,0.00010625456
3592,2,2,5.511544e-05,0.029441498,0.9705034
3593,0,0,0.99503773,0.00492228,3.9993967e-05
3594,1,1,0.14275599,0.7748945,0.08234957
3595,2,2,3.9989412e-05,0.002960993,0.996999
3596,0,0,0.9981477,0.0018122683,3.9996303e-05
3597,2,2,0.0003283217,0.1625781,0.8370936
3598,1,1,0.17719445,0.75956285,0.0632427
3599,0,0,0.9993739,0.000586097,3.9989187e-05
3600,0,0,0.9995323,0.00042773798,3.999309e-05
3601,0,0,0.7034956,0.29498395,0.0015203955
3602,0,0,0.6507378,0.34688097,0.0023812358
3603,1,1,0.033141904,0.718034,0.24882406
3604,0,0,0.5084737,0.48399767,0.0075286794
3605,1,0,0.78028184,0.21910046,0.00061769405
3606,1,1,0.04666377,0.74661887,0.20671734
3607,2,2,3.9992254e-05,0.0016083933,0.99835163
3608,1,1,0.48115763,0.51033574,0.008506685
3609,0,0,0.90499234,0.094912276,9.539287e-05
3610,1,1,0.08676255,0.78010225,0.13313518
3611,1,0,0.64046013,0.35712546,0.002414404
3612,2,1,0.01033981,0.5985756,0.3910846
3613,0,0,0.7776263,0.22170204,0.00067176024
3614,0,0,0.8103666,0.18904018,0.0005931392
3615,2,2,0.000107397085,0.050829154,0.9490635
3616,1,1,0.48939878,0.502827,0.0077742245
3617,0,0,0.9990014,0.0009586476,3.9993847e-05
3618,0,0,0.9990435,0.0009164858,3.9995535e-05
3619,0,0,0.94526136,0.054687917,5.0727787e-05
3620,0,0,0.99991953,4.0542793e-05,3.9991493e-05
3621,1,1,0.25434023,0.7057251,0.039934717
3622,2,1,0.34628037,0.6335401,0.020179579
3623,0,0,0.84500134,0.1547293,0.0002693798
3624,2,2,0.00029825736,0.15473798,0.8449637
3625,2,1,0.0066087833,0.51784515,0.47554606
3626,2,1,0.016629579,0.64103246,0.34233797
3627,0,0,0.8015792,0.19771032,0.00071055506
3628,1,1,0.1303895,0.77474326,0.09486731
3629,2,2,3.9990096e-05,0.00318781,0.99677217
3630,0,0,0.99912804,0.0008319394,3.999647e-05
3631,2,2,0.00038219464,0.18080668,0.81881106
3632,1,0,0.84758025,0.15211178,0.00030798567
3633,1,1,0.0071081114,0.549268,0.44362393
3634,0,0,0.98100615,0.018953867,3.999174e-05
3635,0,0,0.73919696,0.25973704,0.0010659762
3636,0,0,0.79182225,0.2075505,0.0006273054
3637,0,0,0.8590389,0.1407421,0.00021905529
3638,0,0,0.6066352,0.39002755,0.0033372801
3639,1,0,0.6133553,0.38324818,0.0033965732
3640,0,1,0.45802236,0.5329424,0.009035296
3641,2,1,0.031104704,0.72232974,0.24656555
3642,0,0,0.73950654,0.25941598,0.0010774629
3643,0,0,0.9887103,0.011249735,3.9992316e-05
3644,1,1,0.12571432,0.7753532,0.09893255
3645,1,1,0.45133457,0.538135,0.010530467
3646,2,1,0.121019274,0.7814315,0.097549215
3647,1,1,0.44842678,0.54113805,0.0104351435
3648,2,1,0.22478352,0.73176974,0.043446753
3649,0,1,0.32254884,0.65407056,0.023380607
3650,2,2,3.9994102e-05,0.008459031,0.991501
3651,1,0,0.9607817,0.03917374,4.458509e-05
3652,0,0,0.5708535,0.42462862,0.0045179627
3653,2,2,0.0025951052,0.39128357,0.6061213
3654,1,1,0.31103313,0.6634468,0.02552006
3655,2,2,0.0010350415,0.27772787,0.7212371
3656,1,1,0.028802438,0.70023954,0.270958
3657,1,1,0.02607717,0.69853747,0.27538538
3658,0,0,0.5856731,0.41050926,0.0038176998
3659,0,0,0.9852728,0.014687244,3.9993996e-05
3660,0,0,0.84970444,0.15002087,0.0002746985
3661,1,0,0.71166074,0.28716782,0.0011714501
3662,0,0,0.8535135,0.14625022,0.00023628776
3663,0,0,0.7838639,0.215437,0.0006990884
3664,0,0,0.87831473,0.12151584,0.0001693844
3665,2,2,0.00018847303,0.12320918,0.87660235
3666,2,2,7.862536e-05,0.047617353,0.95230407
3667,1,2,8.882689e-05,0.05416165,0.9457495
3668,0,0,0.769747,0.22953615,0.0007168427
3669,2,2,0.0026280477,0.38871866,0.6086533
3670,0,1,0.34153134,0.63753116,0.020937495
3671,1,2,0.0054753236,0.4875424,0.5069823
3672,1,0,0.5001986,0.49138016,0.008421219
3673,1,1,0.012910964,0.6098349,0.37725413
3674,0,0,0.96805847,0.0319001,4.1419567e-05
3675,2,2,8.3760264e-05,0.065949365,0.9339669
3676,0,0,0.9572536,0.04269796,4.8491645e-05
3677,0,0,0.9260411,0.07386178,9.714275e-05
3678,0,0,0.9605322,0.039427422,4.0410272e-05
3679,0,0,0.99895245,0.0010075354,3.9991886e-05
3680,0,0,0.9407109,0.059202157,8.693754e-05
3681,0,0,0.8316139,0.16806474,0.0003214274
3682,1,0,0.71335876,0.285385,0.0012562948
3683,0,0,0.98164797,0.018312056,3.9997998e-05
3684,0,0,0.9316131,0.068319105,6.7850284e-05
3685,2,2,3.9990526e-05,0.010378651,0.9895814
3686,0,0,0.6913931,0.30671996,0.0018870248
3687,1,1,0.025377177,0.68370605,0.29091683
3688,1,1,0.3208745,0.6554205,0.023705093
3689,1,1,0.47468907,0.51677513,0.008535816
3690,1,0,0.8795415,0.12031864,0.00013981205
3691,1,1,0.008879718,0.5653147,0.42580554
3692,1,1,0.4332679,0.5546374,0.012094745
3693,0,0,0.9992829,0.0006770997,3.999044e-05
3694,0,1,0.33885232,0.63992536,0.02122235
3695,0,0,0.91259825,0.087302856,9.889748e-05
3696,1,1,0.033611123,0.72124463,0.24514425
3697,1,2,0.0012544006,0.31826457,0.680481
3698,0,0,0.9843646,0.015595397,3.9994295e-05
3699,1,1,0.089652084,0.78741354,0.12293443
3700,0,0,0.97432786,0.02563214,3.999068e-05
3701,2,2,0.0013008434,0.30258638,0.69611275
3702,2,2,4.0890296e-05,0.011824063,0.9881351
3703,1,1,0.02890206,0.7030021,0.26809582
3704,1,2,0.00064065866,0.23174632,0.76761305
3705,1,1,0.028456204,0.7074704,0.26407343
3706,0,0,0.9998803,7.9748854e-05,3.998992e-05
3707,1,1,0.3888024,0.5954721,0.01572553
3708,0,0,0.99991995,4.012561e-05,3.9991508e-05
3709,1,1,0.08049071,0.7820556,0.13745368
3710,1,0,0.5118048,0.4811024,0.007092786
3711,1,1,0.3354834,0.6422193,0.0222973
3712,0,1,0.20178519,0.7461058,0.052109025
3713,0,0,0.98091006,0.019049967,3.9995295e-05
3714,0,1,0.050782293,0.74964523,0.19957247
3715,1,1,0.34591976,0.6303205,0.023759712
3716,2,2,8.617947e-05,0.059565425,0.9403484
3717,2,2,0.00023710073,0.14766136,0.85210156
3718,2,2,0.00024811729,0.131598,0.8681539
3719,2,1,0.012500651,0.6041378,0.38336158
3720,2,2,0.00040144584,0.17914435,0.82045424
3721,0,0,0.98523986,0.014720168,3.999265e-05
3722,0,0,0.9916699,0.008290079,3.9995986e-05
3723,2,1,0.0512069,0.7509532,0.19783993
3724,1,1,0.07138707,0.7789245,0.14968845
3725,1,1,0.096204184,0.7850139,0.1187819
3726,0,0,0.99961483,0.0003452046,3.9989067e-05
3727,2,2,0.00046121769,0.20736656,0.79217225
3728,0,0,0.9998839,7.618814e-05,3.9990064e-05
3729,2,2,4.0924006e-05,0.017523818,0.9824353
3730,0,0,0.99976176,0.00019831573,3.998518e-05
3731,0,0,0.9969868,0.0029731775,3.9996274e-05
3732,0,0,0.99016464,0.0097954385,3.9991894e-05
3733,0,1,0.24370489,0.7151456,0.041149475
3734,0,0,0.94061023,0.0593372,5.2582243e-05
3735,2,2,3.9991857e-05,0.005707283,0.99425274
3736,1,1,0.48019487,0.51092696,0.008878196
3737,0,0,0.90333426,0.096550204,0.0001155842
3738,2,2,0.00039858796,0.19818684,0.8014146
3739,0,1,0.41685036,0.57056856,0.012581135
3740,1,0,0.73258865,0.2662425,0.0011688458
3741,0,1,0.38321492,0.5964526,0.020332497
3742,0,1,0.289711,0.6809857,0.029303255
3743,0,0,0.7887053,0.21069431,0.00060037157
3744,2,2,0.00015364023,0.10572244,0.8941239
3745,0,0,0.9950955,0.004864528,3.9991384e-05
3746,1,1,0.12153663,0.7801441,0.09831928
3747,2,2,0.00014400086,0.036852658,0.96300334
3748,0,0,0.6886687,0.30948138,0.0018498997
3749,0,0,0.49885547,0.4941581,0.006986426
3750,1,1,0.33810145,0.6403726,0.021525972
3751,1,1,0.11935555,0.78431386,0.09633058
3752,0,0,0.9977047,0.0022553646,3.9993232e-05
3753,0,0,0.8769481,0.12288542,0.00016641452
3754,0,0,0.5840545,0.41192088,0.0040246206
3755,0,1,0.47490686,0.516566,0.008527175
3756,0,1,0.33719438,0.6415463,0.02125931
3757,0,0,0.9625172,0.037442766,4.0029146e-05
3758,1,1,0.009771632,0.5840602,0.40616822
3759,2,2,9.3820665e-05,0.06911088,0.9307953
3760,0,0,0.89688265,0.10292616,0.00019122349
3761,0,0,0.57876,0.41665912,0.004580876
3762,1,1,0.17277156,0.7610266,0.06620181
3763,1,1,0.01744771,0.6475893,0.33496293
3764,0,0,0.9992706,0.00068941276,3.9992396e-05
3765,1,0,0.8157549,0.18385951,0.00038555905
3766,1,0,0.6508522,0.3468498,0.002297987
3767,0,0,0.8693104,0.13050303,0.00018664285
3768,2,2,0.00024194765,0.13759361,0.86216444
3769,0,0,0.95197785,0.047977716,4.44729e-05
3770,1,1,0.38711086,0.5972652,0.015623966
3771,2,2,0.0011713778,0.30431452,0.69451416
3772,2,2,0.0013933415,0.335186,0.6634207
3773,2,2,3.999345e-05,0.009878801,0.99008125
3774,2,2,4.4805525e-05,0.018068407,0.9818868
3775,0,0,0.90320164,0.09667854,0.00011979062
3776,2,1,0.05405312,0.75622034,0.1897265
3777,2,1,0.014747124,0.6352911,0.34996182
3778,0,0,0.99918246,0.00077751785,3.99962e-05
3779,2,2,3.9983224e-05,0.0002471815,0.9997128
3780,1,1,0.46713093,0.5230679,0.0098012285
3781,1,0,0.6371643,0.3599916,0.0028441136
3782,0,0,0.84859884,0.1511432,0.00025797766
3783,0,0,0.9469657,0.052983023,5.1200754e-05
3784,2,1,0.068500675,0.76786894,0.16363043
3785,0,0,0.8878645,0.11197623,0.00015930794
3786,1,2,0.001454956,0.3251378,0.6734073
3787,0,0,0.93397546,0.06596149,6.307122e-05
3788,0,0,0.7252476,0.27369213,0.0010602181
3789,2,2,0.00027632265,0.15948999,0.8402337
3790,2,2,5.141538e-05,0.029389605,0.970559
3791,0,1,0.2951837,0.67723036,0.027585967
3792,2,2,6.4150976e-05,0.041602667,0.9583332
3793,2,2,5.264726e-05,0.032404244,0.9675431
3794,1,2,0.0007126742,0.23789339,0.76139396
3795,0,0,0.9204634,0.079462335,7.431478e-05
3796,0,0,0.7514662,0.24749255,0.0010412652
3797,0,1,0.27681154,0.6913279,0.031860527
3798,1,1,0.096743956,0.7834105,0.119845554
3799,1,1,0.015694644,0.6282521,0.35605332
3800,2,1,0.18904035,0.7520706,0.05888902
3801,0,0,0.98866355,0.01129647,3.9995364e-05
3802,1,1,0.26234502,0.70115536,0.036499705
3803,1,1,0.02614666,0.7014259,0.27242747
3804,2,2,0.0017457532,0.3422723,0.65598196
3805,0,0,0.9872802,0.012679849,3.9991253e-05
3806,1,1,0.13115925,0.7712592,0.09758156
3807,2,2,3.998724e-05,0.00014682993,0.9998132
3808,0,0,0.9992991,0.0006608818,3.9993534e-05
3809,1,1,0.25586128,0.70774823,0.03639047
3810,0,0,0.8631696,0.13663878,0.00019160018
3811,0,0,0.99992,3.999151e-05,3.999151e-05
3812,2,2,0.00012387578,0.091104254,0.90877193
3813,1,0,0.74940425,0.24968556,0.0009102469
3814,0,0,0.989714,0.010245962,3.999342e-05
3815,0,0,0.9859291,0.014030967,3.999338e-05
3816,1,1,0.37196887,0.6120225,0.016008655
3817,1,1,0.09385131,0.7825496,0.123599075
3818,0,1,0.30830866,0.66385335,0.027837984
3819,1,0,0.6979257,0.30044726,0.0016270771
3820,0,0,0.98736554,0.012594464,3.9992232e-05
3821,2,2,0.0019499211,0.3602532,0.6377969
3822,1,1,0.055780258,0.7555109,0.18870884
3823,2,2,0.0005303388,0.19409499,0.8053747
3824,0,0,0.98790044,0.01205955,3.999906e-05
3825,0,0,0.9885272,0.011432871,3.999232e-05
3826,1,1,0.00799798,0.5487657,0.44323632
3827,1,1,0.18113862,0.7574522,0.061409183
3828,2,2,0.003402602,0.43781996,0.55877745
3829,2,1,0.0074722054,0.51548576,0.477042
3830,1,1,0.14103511,0.7738742,0.085090645
3831,0,0,0.54083496,0.45294374,0.006221327
3832,0,1,0.16808067,0.7646687,0.06725068
3833,0,0,0.5511266,0.44386053,0.005012849
3834,0,0,0.611674,0.38523367,0.003092359
3835,2,2,0.0023994648,0.37851265,0.6190879
3836,0,0,0.50522554,0.48755413,0.0072203055
3837,0,0,0.90665245,0.093251325,9.624404e-05
3838,0,1,0.28189757,0.6863523,0.031750083
3839,1,0,0.55766726,0.43762788,0.004704835
3840,1,1,0.012104623,0.60649323,0.38140216
3841,0,0,0.7785975,0.220696,0.00070653774
3842,2,1,0.009797152,0.58096683,0.409236
3843,0,0,0.9986905,0.0012695523,3.9993603e-05
3844,2,2,0.0035113036,0.43241936,0.5640694
3845,1,0,0.792882,0.20653675,0.00058120047
3846,0,0,0.6186145,0.3782177,0.0031677508
3847,0,1,0.39901084,0.58567846,0.015310748
3848,0,0,0.65782773,0.34005344,0.0021188646
3849,2,2,0.00076534937,0.26038352,0.73885113
3850,0,0,0.9835714,0.016388629,3.9991817e-05
3851,2,1,0.10027333,0.7833876,0.11633912
3852,1,1,0.45514494,0.53521353,0.009641509
3853,0,0,0.982866,0.017094,3.99954e-05
3854,0,0,0.99947864,0.0004813458,3.999338e-05
3855,0,0,0.6559977,0.34179446,0.0022078985
3856,1,1,0.3726105,0.6089351,0.018454403
3857,1,0,0.7655772,0.23368075,0.0007419707
3858,0,0,0.9244282,0.07549695,7.478583e-05
3859,2,2,0.000481723,0.20632586,0.79319245
3860,2,2,0.0020097443,0.35473675,0.6432535
3861,0,0,0.7405238,0.2584866,0.0009895725
3862,2,2,0.00080604566,0.24191463,0.75727934
3863,0,0,0.99877393,0.0011860688,3.9994502e-05
3864,0,0,0.9129238,0.086962245,0.00011398133
3865,0,0,0.9183137,0.08161205,7.4289936e-05
3866,1,1,0.2647027,0.69950837,0.035788886
3867,1,0,0.97100085,0.028959164,4.0014256e-05
3868,0,0,0.5255417,0.46819526,0.006263099
3869,2,2,4.3760258e-05,0.025626494,0.97432977
3870,2,2,0.00015360767,0.11523111,0.8846153
3871,0,0,0.9970099,0.0029501477,3.999719e-05
3872,0,0,0.9988227,0.0011373005,3.9994015e-05
3873,2,1,0.04912448,0.7548046,0.19607088
3874,1,0,0.9305461,0.06938952,6.440281e-05
3875,0,0,0.9998555,0.000104553554,3.9988932e-05
3876,1,0,0.83937913,0.16034369,0.00027722935
3877,2,2,4.03604e-05,0.010930255,0.9890294
3878,0,1,0.25831696,0.7029226,0.03876047
3879,0,0,0.9536857,0.04626872,4.562007e-05
3880,1,1,0.11589444,0.7865906,0.09751499
3881,0,0,0.94298464,0.056964565,5.076017e-05
3882,1,1,0.013938919,0.61881745,0.3672437
3883,2,2,4.1848238e-05,0.018857263,0.9811009
3884,2,1,0.11107449,0.7795217,0.10940383
3885,0,0,0.96876305,0.031196952,3.9990216e-05
3886,0,0,0.9992135,0.0007464836,3.999745e-05
3887,0,1,0.14963873,0.7728253,0.07753597
3888,0,0,0.99976647,0.00019362487,3.9985367e-05
3889,0,1,0.39827478,0.58671576,0.015009456
3890,2,2,0.0006798728,0.21413626,0.7851839
3891,1,1,0.47804686,0.5127155,0.009237659
3892,0,0,0.6302721,0.36625543,0.0034724986
3893,0,0,0.50155604,0.4907231,0.0077208616
3894,1,1,0.016245615,0.6412888,0.34246558
3895,1,1,0.049194373,0.74957263,0.20123294
3896,0,0,0.9984678,0.00149227,3.999446e-05
3897,1,1,0.20790862,0.7383106,0.053780816
3898,0,0,0.7871259,0.2122091,0.00066490157
3899,2,2,5.205781e-05,0.017633535,0.98231435
3900,1,1,0.32124606,0.65543145,0.023322504
3901,2,2,3.9991934e-05,0.0006398152,0.9993202
3902,0,0,0.9862822,0.013677766,3.9995324e-05
3903,0,1,0.1680384,0.76108146,0.07088022
3904,1,1,0.05486765,0.757876,0.18725637
3905,1,0,0.7390001,0.2599192,0.0010807533
3906,0,0,0.9853028,0.014657194,3.999521e-05
3907,0,0,0.64066887,0.356804,0.002527178
3908,1,1,0.19343667,0.7512282,0.055335112
3909,0,0,0.9985762,0.0013837658,3.9993916e-05
3910,0,0,0.71062434,0.2881075,0.0012681742
3911,0,0,0.9775568,0.022403229,3.999045e-05
3912,1,1,0.15381859,0.7733692,0.07281223
3913,2,2,0.00014588913,0.10152682,0.8983273
3914,2,1,0.032189023,0.707404,0.260407
3915,0,0,0.999847,0.00011300048,3.998859e-05
3916,2,2,0.0001401387,0.0999049,0.899955
3917,1,1,0.06166224,0.7670133,0.17132448
3918,2,1,0.009567242,0.56468976,0.42574298
3919,1,1,0.07736871,0.7783185,0.1443128
3920,0,0,0.8896383,0.110236734,0.00012496207
3921,2,2,0.0034516233,0.4513895,0.5451589
3922,1,1,0.18597484,0.75464505,0.059380084
3923,1,2,7.8286495e-05,0.06470729,0.9352144
3924,1,1,0.13506135,0.78380823,0.081130445
3925,0,0,0.999869,9.105643e-05,3.998947e-05
3926,0,0,0.98398083,0.01597918,3.9993574e-05
3927,1,0,0.9288842,0.07105205,6.379084e-05
3928,0,0,0.9968362,0.0031238324,3.9992665e-05
3929,2,2,0.0040549734,0.45370504,0.54224
3930,1,1,0.45425302,0.5352165,0.010530464
3931,1,2,0.0036873403,0.43597192,0.5603407
3932,0,0,0.93091387,0.06901374,7.243771e-05
3933,0,0,0.89418185,0.105699606,0.000118541495
3934,1,0,0.5678056,0.42770034,0.004494141
3935,0,0,0.98084915,0.019110838,3.9992814e-05
3936,1,1,0.19175042,0.75223184,0.056017764
3937,1,1,0.013099153,0.6080701,0.37883082
3938,1,2,0.00022373436,0.13242617,0.8673501
3939,2,2,3.9988776e-05,0.000108471286,0.9998516
3940,0,1,0.42366633,0.5637484,0.012585273
3941,0,0,0.92440915,0.07551856,7.2280614e-05
3942,0,1,0.27812183,0.6901474,0.03173077
3943,2,2,0.00012431006,0.08797862,0.91189706
3944,2,1,0.192614,0.75190055,0.055485442
3945,1,1,0.012227039,0.60596853,0.38180444
3946,1,1,0.2758244,0.6911794,0.032996163
3947,2,2,0.0011215974,0.3038657,0.6950127
3948,0,0,0.9919339,0.008026036,3.9996783e-05
3949,2,2,0.00016408856,0.09274873,0.9070872
3950,0,0,0.99992,3.999151e-05,3.999151e-05
3951,1,1,0.1065778,0.78223836,0.11118379
3952,0,0,0.99804366,0.0019163763,3.9994582e-05
3953,2,2,3.9993083e-05,0.0028692519,0.9970907
3954,0,1,0.06957041,0.7789904,0.15143925
3955,0,0,0.84746355,0.15226533,0.00027115518
3956,2,2,4.174257e-05,0.011015978,0.9889423
3957,0,1,0.22659549,0.728948,0.044456534
3958,0,0,0.99973816,0.00022190792,3.998424e-05
3959,0,0,0.9918163,0.008143777,3.9992046e-05
3960,0,1,0.16525535,0.7667997,0.067944966
3961,0,0,0.7097949,0.2889123,0.0012928555
3962,1,1,0.007921083,0.56362367,0.4284553
3963,0,0,0.9087909,0.09111379,9.535578e-05
3964,0,1,0.081552096,0.78223395,0.13621397
3965,0,0,0.91872996,0.081194595,7.551395e-05
3966,0,0,0.9999154,4.4595392e-05,3.9991326e-05
3967,1,1,0.30607015,0.66657996,0.027349886
3968,1,1,0.18623112,0.7562171,0.05755168
3969,1,1,0.2480916,0.71275175,0.039156675
3970,1,1,0.2387847,0.7187568,0.042458564
3971,2,2,7.277504e-05,0.045858864,0.95406836
3972,0,0,0.9999019,5.81982e-05,3.9990788e-05
3973,1,1,0.25109595,0.71160406,0.037300006
3974,2,1,0.012538951,0.61285603,0.374605
3975,2,2,0.0012992015,0.31880012,0.67990065
3976,2,2,3.9990755e-05,0.0011577512,0.99880224
3977,0,0,0.9609638,0.0389923,4.395677e-05
3978,1,2,0.004435585,0.4630078,0.5325566
3979,1,1,0.2990216,0.6749083,0.026070166
3980,0,0,0.99988943,7.063106e-05,3.9990286e-05
3981,1,1,0.10339078,0.78086466,0.11574456
3982,0,0,0.98748964,0.012470337,3.9994797e-05
3983,1,1,0.33293343,0.64444274,0.022623863
3984,2,2,0.00048269253,0.19528861,0.80422866
3985,0,0,0.8109938,0.18855818,0.00044806625
3986,0,0,0.99919796,0.0007620433,3.9994375e-05
3987,2,2,3.9990322e-05,0.0014126248,0.9985474
3988,0,1,0.14810759,0.77324444,0.07864803
3989,2,1,0.009660766,0.58242416,0.40791512
3990,1,1,0.16832319,0.76276517,0.06891166
3991,2,2,0.00014369407,0.0944117,0.9054446
3992,1,0,0.75732464,0.24189737,0.000778023
3993,1,1,0.12000648,0.7866387,0.093354896
3994,2,2,0.0014745065,0.33377692,0.6647486
3995,0,0,0.81320703,0.18631971,0.00047326612
3996,2,1,0.006892799,0.52760977,0.46549746
3997,1,1,0.05299384,0.75488317,0.192123
3998,0,0,0.8773105,0.12253478,0.00015473139
3999,1,1,0.04299072,0.7348974,0.22211188
4000,1,1,0.38515794,0.5993566,0.015485471
4001,1,1,0.011503352,0.5884953,0.40000138
4002,0,0,0.99979705,0.00016304494,3.998659e-05
4003,2,2,8.4088046e-05,0.06783776,0.9320782
4004,1,1,0.015057012,0.63036203,0.354581
4005,2,2,3.9993036e-05,0.007875144,0.99208486
4006,0,0,0.77656496,0.22283225,0.00060276815
4007,1,1,0.0984295,0.7868839,0.114686586
4008,1,1,0.071196064,0.77380764,0.15499632
4009,0,0,0.99986744,9.255357e-05,3.998941e-05
4010,0,0,0.95916885,0.040789396,4.1792915e-05
4011,2,2,3.9991493e-05,0.00046756217,0.99949247
4012,1,0,0.8262727,0.17338102,0.0003462996
4013,1,1,0.0963149,0.78272563,0.12095948
4014,2,2,0.0025500173,0.38576815,0.6116819
4015,1,1,0.011660487,0.60475415,0.3835854
4016,0,0,0.9995611,0.00039895863,3.999424e-05
4017,0,0,0.99966216,0.00029792578,3.9988518e-05
4018,0,0,0.9938181,0.006141928,3.999401e-05
4019,0,1,0.23374958,0.7229037,0.043346696
4020,1,2,0.0033408357,0.4294591,0.56720006
4021,1,0,0.5846911,0.41102293,0.0042858734
4022,0,0,0.9977247,0.0022353465,3.9991584e-05
4023,1,1,0.008914271,0.57991135,0.41117436
4024,0,0,0.9070824,0.092809476,0.00010818032
4025,1,1,0.089265585,0.77858067,0.13215372
4026,2,2,4.005283e-05,0.003719851,0.99624014
4027,0,0,0.99991906,4.103447e-05,3.999147e-05
4028,2,2,4.000642e-05,0.014320766,0.9856392
4029,0,0,0.9966787,0.003281288,3.9993687e-05
4030,0,0,0.8393173,0.16034397,0.00033868407
4031,1,2,0.0006641823,0.2399964,0.7593394
4032,2,2,4.2271997e-05,0.01808159,0.98187613
4033,2,2,0.00077954354,0.24892639,0.7502941
4034,0,0,0.8581955,0.1415775,0.00022692373
4035,2,1,0.029361425,0.7131147,0.2575239
4036,0,0,0.9999094,5.0599734e-05,3.9991086e-05
4037,1,0,0.5011951,0.4919466,0.006858353
4038,2,2,0.00014441698,0.08900148,0.9108541
4039,1,0,0.6394947,0.3579878,0.0025175463
4040,1,2,0.003871337,0.46629262,0.529836
4041,1,1,0.005126304,0.49807733,0.49679637
4042,1,1,0.2998002,0.6719209,0.028278973
4043,2,2,0.0002702222,0.15266687,0.8470629
4044,0,1,0.38094866,0.6028217,0.016229631
4045,2,2,0.0031912718,0.4346677,0.562141
4046,1,1,0.40618825,0.58125734,0.012554384
4047,2,2,0.0004735047,0.20478794,0.7947386
4048,1,1,0.09776757,0.782027,0.12020546
4049,2,2,4.1557854e-05,0.01769276,0.9822657
4050,2,2,0.004843327,0.48621213,0.5089445
4051,0,0,0.9197068,0.08020435,8.879172e-05
4052,1,1,0.09792621,0.79042435,0.11164944
4053,0,0,0.9957139,0.0042461376,3.9994164e-05
4054,0,1,0.47603917,0.51470536,0.0092554465
4055,0,0,0.9794395,0.0205205,3.9995066e-05
4056,1,1,0.34005004,0.63975644,0.020193549
4057,1,0,0.74023205,0.2587267,0.0010412891
4058,2,2,3.9991603e-05,0.0045539774,0.99540603
4059,0,0,0.8774142,0.122378625,0.00020707703
4060,0,0,0.59572697,0.40080273,0.0034702918
4061,1,0,0.56415725,0.43087018,0.004972594
4062,0,0,0.799521,0.1999882,0.0004908017
4063,0,0,0.99992,3.999151e-05,3.999151e-05
4064,0,1,0.39084023,0.59247315,0.016686603
4065,2,1,0.0056300852,0.49979353,0.49457636
4066,1,0,0.61141837,0.38591433,0.0026673293
4067,1,2,0.0011439056,0.30135536,0.6975007
4068,1,1,0.28169742,0.687426,0.030876648
4069,2,2,0.0001380315,0.09074605,0.9091159
4070,2,2,0.00035464513,0.1707435,0.8289019
4071,0,0,0.9998146,0.00014546003,3.9987295e-05
4072,0,0,0.99990785,5.2193922e-05,3.9991024e-05
4073,1,1,0.16534957,0.7689991,0.06565132
4074,1,2,0.0024881153,0.4016291,0.5958828
4075,0,0,0.8107419,0.18878601,0.00047206378
4076,0,0,0.65681,0.34097868,0.0022113605
4077,1,0,0.7050935,0.2935245,0.0013820139
4078,2,2,4.5304583e-05,0.025036093,0.9749186
4079,0,0,0.99615747,0.003802567,3.9994822e-05
4080,2,2,3.999161e-05,0.006445868,0.9935142
4081,2,2,0.00055166584,0.22075102,0.7786973
4082,1,0,0.648363,0.34902233,0.0026146937
4083,2,1,0.016933428,0.64445394,0.33861262
4084,0,0,0.99991536,4.4617744e-05,3.9991326e-05
4085,0,0,0.99657255,0.0033874665,3.999189e-05
4086,1,1,0.38263458,0.6008253,0.016540123
4087,0,0,0.8771845,0.12261824,0.00019724271
4088,1,1,0.08654119,0.7827924,0.13066642
4089,2,2,8.0971506e-05,0.06628751,0.93363154
4090,0,0,0.71134305,0.28713006,0.001526899
4091,1,1,0.4588169,0.53126836,0.009914791
4092,1,2,0.0037905928,0.45010436,0.5461051
4093,2,2,0.0011806146,0.30643207,0.69238734
4094,1,0,0.75825787,0.24078834,0.0009537469
4095,1,1,0.28713316,0.6849314,0.027935438
4096,2,2,4.4346012e-05,0.02503593,0.97491974
4097,1,1,0.18125972,0.7590972,0.059643015
4098,0,1,0.4802849,0.5118683,0.007846774
4099,2,2,0.0029644624,0.41116112,0.58587444
4100,1,1,0.28407633,0.6852895,0.03063422
4101,1,2,0.0043354193,0.48254305,0.51312155
4102,0,1,0.04417513,0.74220055,0.2136243
4103,0,0,0.75855476,0.24053824,0.0009068869
4104,1,1,0.020310175,0.66042864,0.31926116
4105,0,0,0.99980646,0.00015360797,3.9986968e-05
4106,0,0,0.99945825,0.0005017592,3.999501e-05
4107,0,1,0.47688597,0.5149403,0.008173731
4108,1,1,0.13188887,0.77263796,0.09547314
4109,0,0,0.9408855,0.05905729,5.7263213e-05
4110,2,1,0.039566,0.7406002,0.2198338
4111,2,2,0.00032006882,0.16840582,0.8312741
4112,0,0,0.99950796,0.00045206732,3.9994553e-05
4113,1,1,0.09788678,0.7852287,0.1168845
4114,2,2,0.0030924897,0.41985202,0.5770555
4115,0,0,0.5991616,0.39717948,0.003658974
4116,0,0,0.9995625,0.00039753277,3.999429e-05
4117,0,0,0.7195117,0.2793918,0.001096551
4118,0,0,0.9438838,0.056058884,5.7359553e-05
4119,1,1,0.04678481,0.73769504,0.21552016
4120,1,1,0.21951696,0.73444664,0.046036422
4121,0,0,0.58234394,0.41373336,0.003922758
4122,1,1,0.1487187,0.7713369,0.07994436
4123,0,0,0.9840933,0.015866732,3.9990715e-05
4124,2,1,0.16094963,0.7667391,0.07231125
4125,0,1,0.3434887,0.6357738,0.020737618
4126,0,0,0.6746136,0.32342255,0.0019638487
4127,0,0,0.9988528,0.0011072209,3.999033e-05
4128,1,1,0.44544885,0.5447546,0.009796509
4129,1,1,0.013804808,0.61048645,0.37570876
4130,0,0,0.6912385,0.30713797,0.0016235195
4131,0,0,0.7777408,0.22159724,0.0006620576
4132,2,2,3.9992192e-05,0.0026475766,0.9973125
4133,0,0,0.8513426,0.1483958,0.0002615721
4134,1,0,0.69585025,0.3025409,0.0016088542
4135,0,1,0.09726961,0.7809686,0.12176182
4136,2,1,0.17672622,0.7585478,0.064726
4137,0,0,0.9318402,0.06809713,6.270158e-05
4138,1,1,0.37510565,0.6080056,0.0168888
4139,0,1,0.25738403,0.70661724,0.0359987
4140,0,0,0.8094719,0.19009964,0.00042841985
4141,2,1,0.010817997,0.5818745,0.4073075
4142,0,0,0.99915355,0.00080644386,3.999749e-05
4143,0,0,0.9812659,0.01869411,3.999488e-05
4144,0,0,0.96485215,0.035107855,3.9987463e-05
4145,0,1,0.43315282,0.55485326,0.011993925
4146,0,0,0.99991983,4.0155403e-05,3.9991504e-05
4147,1,1,0.076946385,0.7730063,0.15004733
4148,1,1,0.031432256,0.72121465,0.24735312
4149,1,0,0.5601662,0.43478903,0.005044824
4150,2,2,7.357975e-05,0.055596,0.94433045
4151,0,0,0.9999175,4.2516956e-05,3.9991413e-05
4152,0,1,0.22353014,0.7316531,0.04481672
4153,1,1,0.08557588,0.78031516,0.13410902
4154,0,1,0.47006243,0.5199938,0.009943758
4155,1,1,0.10542507,0.7822447,0.11233031
4156,1,1,0.04982935,0.752836,0.19733465
4157,0,0,0.92789805,0.072028816,7.3123854e-05
4158,2,2,0.0010075972,0.29393888,0.7050535
4159,1,1,0.013116547,0.6175381,0.36934534
4160,1,1,0.41206008,0.57410866,0.013831341
4161,1,2,0.0033400534,0.42865717,0.5680028
4162,0,0,0.93260926,0.06732885,6.19511e-05
4163,0,0,0.9994883,0.00047170508,3.9991326e-05
4164,0,0,0.9959157,0.0040442823,3.999247e-05
4165,0,0,0.7015673,0.29670745,0.0017252405
4166,1,0,0.7501997,0.2489887,0.00081160874
4167,0,0,0.99992007,4.0021314e-05,3.9991515e-05
4168,1,1,0.34422013,0.63619065,0.01958923
4169,0,1,0.21625145,0.7370748,0.046673793
4170,2,2,0.002699905,0.41050678,0.5867933
4171,0,0,0.92819554,0.0717405,6.396798e-05
4172,1,1,0.0111099295,0.5748101,0.41408002
4173,1,2,0.0012863202,0.315568,0.6831457
4174,0,0,0.9983245,0.0016355265,3.998872e-05
4175,0,0,0.99984634,0.00011370052,3.9988565e-05
4176,1,2,0.0044190893,0.47253907,0.52304184
4177,2,2,0.004926035,0.48075125,0.51432276
4178,1,1,0.3180457,0.65611213,0.025842182
4179,0,1,0.10042743,0.7704586,0.12911393
4180,0,0,0.94364643,0.05630015,5.343106e-05
4181,0,0,0.9997691,0.00019097264,3.9985476e-05
4182,0,0,0.9144057,0.08549371,0.000100595455
4183,0,0,0.9360254,0.063917816,5.677619e-05
4184,1,1,0.19458388,0.74562407,0.05979206
4185,2,1,0.06337437,0.7759489,0.16067673
4186,2,2,0.002546119,0.39789513,0.5995588
4187,1,1,0.017796675,0.66428363,0.31791967
4188,0,0,0.9997263,0.00023374926,3.9983763e-05
4189,1,1,0.10393456,0.78667504,0.109390385
4190,1,1,0.12435547,0.7823592,0.09328541
4191,0,0,0.8820349,0.11781494,0.00015014378
4192,1,1,0.05180814,0.75496453,0.19322732
4193,1,1,0.01731318,0.6509129,0.331774
4194,2,2,0.0010890109,0.28550363,0.7134074
4195,0,0,0.5797222,0.41608134,0.0041964566
4196,0,0,0.9386979,0.06124354,5.8582915e-05
4197,2,2,0.0002321781,0.14189997,0.85786784
4198,2,1,0.008831911,0.55373824,0.43742982
4199,0,0,0.8362611,0.16347045,0.00026846278
4200,0,0,0.99991095,4.9080045e-05,3.999115e-05
4201,1,1,0.006103302,0.52397007,0.46992666
4202,0,0,0.99991983,4.0170304e-05,3.9991504e-05
4203,0,0,0.78434837,0.21499342,0.000658233
4204,2,2,5.318334e-05,0.030866941,0.9690799
4205,0,0,0.9984168,0.0015432294,3.9992417e-05
4206,0,0,0.9982195,0.0017404343,3.9996732e-05
4207,1,0,0.8878809,0.1119531,0.00016602302
4208,0,0,0.8981576,0.10173337,0.000109034976
4209,2,2,3.99877e-05,0.00013528507,0.9998247
4210,0,0,0.99534607,0.0046139895,3.9991653e-05
4211,2,2,3.9992545e-05,0.0006245035,0.9993355
4212,0,0,0.866691,0.13307762,0.00023139582
4213,0,0,0.96655834,0.033401582,3.9994946e-05
4214,1,1,0.13303146,0.77904916,0.087919414
4215,0,0,0.96695966,0.03300028,4.0033643e-05
4216,0,0,0.7401003,0.2587316,0.0011681092
4217,0,0,0.95237315,0.047575645,5.119559e-05
4218,1,2,0.00050980406,0.19980222,0.799688
4219,0,0,0.99856126,0.0013987216,3.9995757e-05
4220,2,2,0.0012245064,0.31072888,0.68804663
4221,0,0,0.99947476,0.0004852265,3.9990784e-05
4222,2,2,0.0011596947,0.30002385,0.6988165
4223,2,1,0.38088846,0.6024165,0.016695026
4224,1,1,0.19810669,0.7486627,0.05323062
4225,2,2,6.1590916e-05,0.046746165,0.95319223
4226,1,1,0.0152920345,0.64420295,0.340505
4227,1,1,0.049585894,0.7525425,0.19787164
4228,0,0,0.5986422,0.39771324,0.0036445924
4229,1,1,0.0151803875,0.6380938,0.34672576
4230,0,0,0.9814024,0.018557662,3.9992963e-05
4231,2,2,3.9992472e-05,0.0028847186,0.9970753
4232,0,0,0.88955486,0.11033237,0.00011281168
4233,0,1,0.27702385,0.6893094,0.0336668
4234,1,1,0.4043603,0.58150065,0.014139067
4235,1,0,0.49636048,0.4955959,0.008043634
4236,1,1,0.108870134,0.7809388,0.11019108
4237,2,1,0.007006917,0.52748847,0.4655046
4238,2,2,0.0008407629,0.27543318,0.72372603
4239,1,0,0.9070064,0.09290464,8.903627e-05
4240,0,0,0.98996717,0.009992877,3.9993778e-05
4241,2,2,0.00020513266,0.12098281,0.8788121
4242,1,2,0.0010712278,0.28550857,0.7134202
4243,1,1,0.024161696,0.6878502,0.28798813
4244,0,0,0.9098783,0.09003536,8.638872e-05
4245,0,0,0.9069521,0.092939086,0.00010882036
4246,1,0,0.6238328,0.37294883,0.00321833
4247,0,0,0.66472256,0.33318627,0.0020911254
4248,2,1,0.011625017,0.59648144,0.3918936
4249,1,1,0.1584632,0.7653888,0.076148026
4250,2,2,0.000107804415,0.07817753,0.92171466
4251,1,1,0.25547948,0.7076074,0.03691313
4252,1,0,0.82096946,0.17858768,0.00044284965
4253,1,0,0.83531076,0.16437659,0.00031265744
4254,1,1,0.021635251,0.6664449,0.31191984
4255,0,0,0.9998637,9.631535e-05,3.9989256e-05
4256,1,1,0.47075662,0.52062964,0.008613755
4257,0,0,0.86499435,0.13477583,0.00022985021
4258,2,2,3.9995593e-05,0.005980602,0.99397945
4259,1,0,0.58643085,0.40954846,0.0040206863
4260,2,2,4.5076573e-05,0.02543624,0.9745187
4261,2,2,3.999135e-05,0.00053212506,0.99942786
4262,0,0,0.99990046,5.956886e-05,3.999073e-05
4263,2,2,0.00012245493,0.08888987,0.9109877
4264,2,2,0.002795304,0.39268926,0.60451543
4265,2,1,0.05956525,0.7713419,0.16909286
4266,0,0,0.8239984,0.17560573,0.00039587772
4267,2,2,0.003717571,0.45353818,0.5427442
4268,1,1,0.020981826,0.67514116,0.30387697
4269,1,1,0.39990917,0.5849547,0.015136091
4270,0,0,0.98950994,0.010450127,3.9990096e-05
4271,1,1,0.06050541,0.7646802,0.1748144
4272,2,2,3.9989478e-05,9.0839516e-05,0.9998692
4273,1,1,0.102861956,0.7895689,0.10756915
4274,0,0,0.892874,0.10700152,0.00012442505
4275,0,0,0.52253073,0.4706504,0.006818872
4276,2,2,0.00019110242,0.12396221,0.87584674
4277,2,1,0.07170794,0.7722871,0.15600501
4278,2,2,0.00037226905,0.17587975,0.823748
4279,1,0,0.6460661,0.35168603,0.0022478546
4280,0,0,0.64363664,0.35404617,0.0023172663
4281,0,0,0.98817134,0.011788695,3.9992734e-05
4282,2,2,5.376848e-05,0.0358758,0.96407044
4283,0,0,0.9987914,0.0011686081,3.9990322e-05
4284,0,1,0.43897516,0.5492686,0.011756241
4285,1,1,0.012782205,0.6091056,0.37811217
4286,0,0,0.93089646,0.06904129,6.226669e-05
4287,1,0,0.5624286,0.4329614,0.0046100123
4288,2,2,6.56756e-05,0.033045698,0.96688867
4289,1,0,0.9376335,0.062314063,5.242747e-05
4290,2,2,3.9992025e-05,0.0005153566,0.99944466
4291,2,2,8.1378224e-05,0.050396774,0.9495219
4292,2,1,0.009303648,0.5622652,0.42843115
4293,0,0,0.6706173,0.32749707,0.0018856643
4294,0,0,0.867938,0.13186377,0.00019824997
4295,0,0,0.8693465,0.13045847,0.00019506365
4296,2,2,0.00012878224,0.094346225,0.90552497
4297,0,0,0.6589722,0.33864108,0.002386724
4298,0,0,0.7896766,0.20967177,0.0006516012
4299,0,1,0.04983478,0.7670779,0.18308726
4300,1,1,0.008916051,0.5645141,0.4265699
4301,0,0,0.96209913,0.037858702,4.2115556e-05
4302,0,0,0.94382185,0.056104906,7.326636e-05
4303,0,0,0.9720441,0.02791598,3.9992123e-05
4304,0,1,0.42615086,0.5619376,0.011911551
4305,0,0,0.99952406,0.0004359593,3.9992756e-05
4306,1,1,0.26432502,0.7023638,0.0333112
4307,0,0,0.9988941,0.0010658834,3.9991995e-05
4308,1,1,0.1674357,0.7580626,0.074501716
4309,0,0,0.68623,0.3116517,0.0021182662
4310,1,1,0.0072648386,0.5418526,0.45088255
4311,2,2,0.00067244505,0.2483057,0.75102186
4312,0,0,0.9785414,0.021418642,3.9993276e-05
4313,1,1,0.18466875,0.75454235,0.060788915
4314,0,0,0.962042,0.037911966,4.6101282e-05
4315,2,1,0.007296875,0.53831244,0.4543907
4316,0,1,0.26129717,0.700025,0.038677827
4317,1,1,0.39419532,0.5913261,0.014478631
4318,1,1,0.07819009,0.78097594,0.14083399
4319,0,0,0.9713176,0.028642405,3.9994866e-05
4320,0,1,0.18973753,0.7530278,0.05723463
4321,0,0,0.8142893,0.18526162,0.0004491004
