row,y_true,y_pred,p_Low,p_Moderate,p_High
0,0,0,0.5463384961217044,0.43641417224825696,0.017247331630038682
1,0,0,0.869864245390027,0.12550549851173215,0.004630256098240758
2,0,1,0.26670327083620377,0.6161006079484103,0.11719612121538595
3,0,0,0.9585807039812646,0.04072828348402676,0.0006910125347085876
4,0,0,0.9980301608305943,0.0019517701713825354,1.806899802316214e-05
5,1,1,0.17582991678568677,0.46826686237236864,0.3559032208419445
6,0,0,0.6966941583442823,0.2894199407080023,0.013885900947715479
7,2,2,0.0001605094527976181,0.023632249567880948,0.9762072409793215
8,2,2,0.001095999295508115,0.05928767874699955,0.9396163219574922
9,0,0,0.802888453178467,0.19229870602578505,0.004812840795747891
10,1,1,0.1582974989046476,0.5146861067837506,0.3270163943116019
11,0,0,0.8856262120125781,0.10971538168641237,0.004658406301009678
12,2,2,0.0014325689696590646,0.0922075689142153,0.9063598621161255
13,0,0,0.9488269702026516,0.049632165638917744,0.001540864158430795
14,2,2,0.05070057893308063,0.42104598654712383,0.5282534345197955
15,0,1,0.3088375289790717,0.560952099346651,0.13021037167427735
16,2,1,0.05794984031810597,0.5317303089110665,0.4103198507708275
17,0,1,0.3579238886882348,0.5591160969665024,0.08296001434526279
18,1,1,0.06917713559339259,0.5306026647227199,0.40022019968388756
19,1,1,0.18647427505129838,0.5785573419048301,0.23496838304387158
20,2,1,0.06472045979659267,0.5118575412280733,0.42342199897533406
21,0,0,0.9971189041166941,0.002853220270228024,2.7875613077749107e-05
22,0,0,0.9936686397155773,0.006270331475692624,6.102880873014562e-05
23,0,0,0.8814391838421474,0.1117516597974497,0.00680915636040286
24,0,1,0.29389115442977387,0.4065263305641293,0.2995825150060968
25,2,2,0.02089483666820121,0.3295462541233777,0.6495589092084212
26,1,1,0.09893578348174302,0.6608694653942295,0.24019475112402755
27,2,2,0.02721474641225015,0.3489373257617895,0.6238479278259602
28,0,0,0.9209324951805583,0.07717854982704961,0.0018889549923921027
29,2,2,0.029658728405679836,0.3944445058380471,0.5758967657562731
30,0,0,0.7151266722291238,0.265204615807361,0.01966871196351516
31,0,0,0.8796021651754051,0.11429645832032868,0.006101376504266294
32,0,0,0.9254040844790647,0.0732139090436899,0.0013820064772454754
33,0,1,0.37181175073571593,0.5736043241762195,0.05458392508806451
34,2,2,0.017166387825651053,0.4592485165658407,0.5235850956085082
35,0,0,0.9281414581944786,0.07062414185580183,0.0012343999497196195
36,0,0,0.7275375167455308,0.26198315326761323,0.010479329986855959
37,2,1,0.22152550025013815,0.5720106449900942,0.20646385475976756
38,2,2,0.0574070606533742,0.4185240358932933,0.5240689034533326
39,1,0,0.5607576340347654,0.4162154365481613,0.023026929417073218
40,1,0,0.677246297196098,0.29669472969402166,0.026058973109880257
41,1,1,0.14244758002410757,0.5424165718948246,0.31513584808106787
42,0,1,0.46290128401118197,0.4936624325389197,0.04343628344989835
43,0,0,0.49497075551754627,0.4714672051928633,0.033562039289590465
44,0,0,0.6298760517652475,0.33040383976809484,0.03972010846665783
45,2,2,0.04642027682985293,0.46544402075831104,0.488135702411836
46,0,0,0.9757951290006087,0.023443016045787055,0.0007618549536042162
47,1,1,0.16937654521636178,0.5254218208037533,0.30520163397988487
48,0,0,0.9736440751948457,0.02595389685468787,0.0004020279504662985
49,0,0,0.5642592375097908,0.4206168052452086,0.01512395724500063
50,2,2,0.003910890059698755,0.1692147430511123,0.8268743668891889
51,1,0,0.773753112547985,0.21881127747825788,0.007435609973757232
52,0,0,0.997550023811683,0.002424251753309722,2.572443500729496e-05
53,0,0,0.8208624959524865,0.17405085968840298,0.005086644359110608
54,0,0,0.945432079098274,0.05217335805471657,0.0023945628470093826
55,1,0,0.5425508136785439,0.4219758199069386,0.03547336641451755
56,1,1,0.2137246126214119,0.5648003688918138,0.22147501848677428
57,0,0,0.6975638819029435,0.2730852106990662,0.029350907397990282
58,0,0,0.6403996841177153,0.3324750616602514,0.027125254222033195
59,0,0,0.5602176723333233,0.4190870581799511,0.020695269486725627
60,0,0,0.9232226630475684,0.07460872745913161,0.0021686094932998725
61,1,1,0.3074640030282286,0.5650976004101617,0.1274383965616096
62,2,2,0.03996055325115624,0.43222042114278547,0.5278190256060583
63,1,0,0.6034155466463728,0.35756507319240854,0.03901938016121859
64,0,0,0.7437173406370271,0.21566317703635451,0.040619482326618446
65,1,1,0.16749152949460622,0.5777006321211492,0.2548078383842445
66,0,1,0.42409700724409205,0.4378441246192434,0.13805886813666451
67,1,1,0.06580718181577462,0.5731795360407343,0.36101328214349104
68,1,1,0.2651223284179765,0.5854092771756526,0.14946839440637108
69,0,0,0.7558002792450518,0.22875449031000114,0.015445230444947057
70,2,2,0.023441570393312895,0.4765620533121559,0.4999963762945312
71,2,1,0.18566551900430062,0.6650235967866283,0.1493108842090711
72,1,1,0.14165880855107266,0.6667304126624523,0.19161077878647503
73,1,1,0.30384975757037724,0.5434579827898982,0.15269225963972452
74,1,1,0.23394382921166804,0.6809669940096281,0.08508917677870388
75,2,2,0.007308466599913762,0.1274164874807547,0.8652750459193316
76,1,1,0.24675451582940022,0.6272003519665705,0.12604513220402924
77,0,0,0.9447683040456626,0.053129926681767,0.00210176927257057
78,0,1,0.24973695320075903,0.5855134089417976,0.16474963785744332
79,0,0,0.4770329231856557,0.4692416506905807,0.05372542612376357
80,2,2,0.0114684610630681,0.34632010604403846,0.6422114328928934
81,0,1,0.23372048378211957,0.6427632906703837,0.12351622554749657
82,1,0,0.8886595957543654,0.1032228249407922,0.00811757930484229
83,0,0,0.7889855146223835,0.17538600551771485,0.0356284798599015
84,2,2,8.264908456340398e-05,0.008176588232347716,0.9917407626830889
85,1,1,0.36767370590503434,0.4680271194500544,0.16429917464491126
86,1,0,0.6662992501519942,0.29497403573402314,0.038726714113982645
87,0,0,0.8867168569058067,0.11138389112585266,0.0018992519683406694
88,2,2,0.05015125459572019,0.4375537991609559,0.512294946243324
89,0,1,0.22101087518615098,0.6824063930749231,0.09658273173892598
90,0,0,0.7670949248890293,0.2222137715234804,0.010691303587490262
91,2,2,0.0056789507295257925,0.22647618306070016,0.767844866209774
92,0,1,0.1734044862539891,0.4639022113415394,0.36269330240447145
93,0,0,0.70388096442149,0.2767299626876363,0.01938907289087379
94,0,0,0.7214809325227377,0.24429292323319787,0.03422614424406442
95,0,0,0.9671183110487729,0.03248540947166509,0.0003962794795620283
96,1,1,0.4301678385022925,0.5162324851422799,0.05359967635542758
97,1,1,0.4090089520945837,0.5320884668531282,0.05890258105228826
98,0,0,0.9120457493026333,0.08349770239289789,0.0044565483044687534
99,2,2,0.01501224981307807,0.2119609456415731,0.7730268045453488
100,1,1,0.31141215546179235,0.5865145867798138,0.10207325775839385
101,0,0,0.9724600914370065,0.02698388651110465,0.0005560220518888191
102,1,2,0.024786260084119122,0.44160474983726783,0.5336089900786131
103,2,2,0.008491326097860252,0.32435504642149987,0.6671536274806399
104,0,1,0.2916455522765752,0.5946866942231122,0.11366775350031269
105,1,1,0.09494779753095366,0.6184886952421237,0.2865635072269226
106,1,1,0.07016595007892568,0.6052115722960721,0.32462247762500224
107,1,1,0.0894525065581767,0.5226571145620601,0.3878903788797632
108,0,0,0.8772859139255889,0.11729167301651353,0.005422413057897554
109,0,0,0.947184255158834,0.05136322707500584,0.0014525177661601052
110,1,1,0.14554727622341077,0.5496969355423525,0.30475578823423666
111,0,0,0.675553888979691,0.30153617685276357,0.02290993416754532
112,2,2,0.027249112261443397,0.21115592249882761,0.7615949652397289
113,1,2,0.048123547483430486,0.4372807357442115,0.514595716772358
114,0,0,0.980932217564089,0.018339032258799053,0.0007287501771118531
115,1,2,0.03625381973982568,0.2648499140163498,0.6988962662438245
116,1,0,0.5661927994449619,0.29791030455043743,0.13589689600460061
117,0,0,0.772962045705207,0.20835700382953612,0.01868095046525692
118,0,1,0.42630041986081946,0.4980898106785601,0.07560976946062038
119,0,0,0.9785188016591561,0.02135237147006982,0.00012882687077425304
120,0,0,0.9312274068351521,0.06563612129555367,0.0031364718692943445
121,1,0,0.46968189574730684,0.4221900691079174,0.1081280351447758
122,0,0,0.9800119226738444,0.019059323758056072,0.0009287535680996733
123,2,1,0.08452359419752063,0.6573872988811622,0.2580891069213171
124,1,0,0.7027559292423432,0.2815000474168166,0.01574402334084027
125,0,0,0.7060805459121888,0.2789176654345373,0.015001788653274048
126,1,0,0.47924304806738177,0.47728335931459814,0.043473592618020224
127,0,1,0.3835893317311749,0.5270275378933673,0.0893831303754579
128,0,0,0.9926365615905123,0.0071333587444024,0.00023007966508533842
129,2,2,0.023516497995297425,0.452736754751864,0.5237467472528387
130,1,1,0.16611258905828927,0.6990505255503742,0.13483688539133656
131,1,0,0.6139943698134672,0.34518916622152646,0.04081646396500627
132,1,1,0.2887199851847653,0.605269337210287,0.10601067760494776
133,1,0,0.43056360376259495,0.4296444749549193,0.13979192128248566
134,1,2,0.023708099335367685,0.44088028840893595,0.5354116122556963
135,2,2,0.00012838954555723252,0.025066262002639176,0.9748053484518036
136,0,0,0.7513299314752381,0.23424593475632477,0.014424133768437103
137,1,1,0.26897021636605795,0.4790764242067835,0.25195335942715863
138,0,0,0.9967812044249872,0.0031936804990524443,2.511507596040178e-05
139,0,0,0.5297918180305574,0.45239488523244675,0.017813296736995835
140,0,0,0.5643698023070617,0.4099493736223248,0.02568082407061355
141,0,0,0.7939036483286257,0.20248107741607776,0.0036152742552963734
142,0,0,0.7617139201246357,0.23131805738574665,0.006968022489617725
143,0,0,0.9765413555583978,0.023197875474877377,0.0002607689667248497
144,2,1,0.17139116766376214,0.5664219595957174,0.26218687274052044
145,0,1,0.4878461556944111,0.4913218366357078,0.020832007669881136
146,1,1,0.3585372853744716,0.5627552609061274,0.07870745371940109
147,2,2,0.014687207282877979,0.3863564499648419,0.5989563427522802
148,0,0,0.9384843984092316,0.06024032245218664,0.0012752791385817156
149,0,1,0.3225963593422968,0.5948840055358728,0.0825196351218304
150,2,1,0.13786414791381693,0.6569312092992321,0.20520464278695097
151,2,1,0.09474470962422933,0.6490272474735322,0.2562280429022385
152,1,1,0.10720800212822978,0.5521971248249812,0.3405948730467891
153,1,1,0.1012461540571725,0.5516097985112988,0.3471440474315289
154,2,2,0.020916229668423762,0.37545993137665373,0.6036238389549226
155,2,1,0.0670980235205082,0.7311867898466023,0.2017151866328894
156,1,1,0.16075672196028495,0.5039025522821959,0.33534072575751894
157,1,1,0.2936764366994428,0.5738087313170838,0.13251483198347344
158,1,0,0.6503604359476027,0.33232131366672535,0.017318250385671936
159,2,2,0.004148244314469287,0.14624099046246924,0.8496107652230614
160,1,1,0.12303684192849912,0.6695301992410364,0.20743295883046448
161,0,0,0.5711135499060964,0.392664476362676,0.036221973731227604
162,1,0,0.5852354412227857,0.35542153551647665,0.05934302326073759
163,0,0,0.899142454298356,0.09678176486189423,0.004075780839749582
164,0,0,0.6180897578280601,0.36221250961531315,0.019697732556626647
165,1,1,0.37535340927099825,0.5035594429372591,0.12108714779174266
166,1,1,0.13554794454921526,0.5816192436797417,0.282832811771043
167,0,0,0.7021421643771385,0.2887884516603066,0.009069383962554843
168,2,1,0.2396641784469203,0.3909042381841201,0.3694315833689594
169,0,0,0.9427751572927711,0.0532240222290008,0.004000820478228375
170,0,0,0.5815944398177519,0.39029005401766775,0.028115506164580247
171,1,0,0.5631259792657503,0.38395969593608736,0.052914324798162334
172,0,0,0.9350611759083304,0.061981499918195196,0.0029573241734744604
173,1,0,0.6515070507824077,0.30255861702959813,0.045934332187994205
174,2,2,0.02294029641182373,0.4267452799957344,0.5503144235924418
175,0,0,0.7553765876121878,0.22266316766207134,0.02196024472574089
176,1,1,0.10144031158374275,0.6197898312381347,0.2787698571781225
177,0,0,0.5517356355329284,0.38026413852768387,0.0680002259393878
178,1,0,0.7039116811248443,0.23232793779909497,0.06376038107606075
179,0,0,0.5647055646516222,0.41531556894094995,0.019978866407427794
180,1,1,0.31594817166190636,0.5800768458351729,0.10397498250292067
181,2,2,0.044764533760668246,0.39668603019579846,0.5585494360435332
182,0,0,0.9828216376480425,0.01680443172725075,0.0003739306247066932
183,2,1,0.16914720497149482,0.7320603382573723,0.09879245677113281
184,0,0,0.9895855226626094,0.010294176319574933,0.0001203010178156737
185,0,0,0.9137738647317875,0.08399077310686662,0.0022353621613457253
186,1,1,0.12867411035460816,0.6062776155245649,0.2650482741208269
187,2,2,0.008199401587746916,0.21115625133345892,0.7806443470787943
188,2,2,0.17145253315340772,0.37309731766305504,0.45545014918353727
189,0,0,0.9192078571284482,0.07916784658199477,0.0016242962895568816
190,2,1,0.0979431122151217,0.6421981487002073,0.259858739084671
191,2,2,0.0018353090069173007,0.06495339591291892,0.9332112950801639
192,0,0,0.655447328754496,0.30944952112937424,0.03510315011612975
193,2,2,0.0680881088588559,0.45692426827868066,0.47498762286246354
194,1,1,0.3572807052692492,0.40975893712718237,0.2329603576035685
195,0,0,0.7624449458465316,0.2253562095277617,0.012198844625706655
196,1,1,0.32155957266808183,0.5285049850394581,0.14993544229246006
197,0,0,0.5550016180390244,0.39487183760780264,0.05012654435317295
198,0,0,0.8201626304103443,0.17095832862794266,0.00887904096171306
199,2,2,0.0046320094767308235,0.11485092953473251,0.8805170609885367
200,1,2,0.046843051109495146,0.4661748063920481,0.4869821424984567
201,2,2,0.002446707141625694,0.08498324987218799,0.9125700429861863
202,0,1,0.39579564709687465,0.5619019479133427,0.042302404989782764
203,0,0,0.6171245782821431,0.33681874481016044,0.04605667690769649
204,1,1,0.09118902889316026,0.6209287341551165,0.28788223695172327
205,1,1,0.12061738525086585,0.5535500962202118,0.32583251852892237
206,2,1,0.03290091066028218,0.5697840203409521,0.3973150689987657
207,0,0,0.7399198003346978,0.24558656516656766,0.014493634498734517
208,1,0,0.5239322030260306,0.4089171434202929,0.06715065355367637
209,0,0,0.9921174403025078,0.007793525325518058,8.903437197425113e-05
210,1,1,0.12143174483436221,0.7237001372207247,0.15486811794491318
211,1,1,0.04786317928396821,0.6873101655675454,0.26482665514848636
212,0,0,0.9709774904067755,0.02709495635357871,0.0019275532396459262
213,1,1,0.18201752132577725,0.6964527196415167,0.12152975903270612
214,1,1,0.14918405444326027,0.681644832224922,0.16917111333181767
215,1,2,0.0361727173286659,0.3412235056312862,0.6226037770400479
216,0,1,0.36031809536844067,0.6151235955548151,0.02455830907674422
217,0,0,0.9805465084349715,0.01907147479623267,0.0003820167687958357
218,1,1,0.18926061170164177,0.7039211952785869,0.10681819301977137
219,0,0,0.767459275791903,0.2193876646753402,0.013153059532756877
220,2,2,0.032421972749728335,0.3558585890738234,0.6117194381764484
221,0,0,0.9683328027157297,0.030633795869072597,0.001033401415197835
222,0,0,0.862322749958611,0.13150122908021608,0.006176020961172808
223,1,1,0.2785274109508109,0.6164174701883866,0.10505511886080256
224,1,0,0.6212223576309851,0.3001930470172579,0.07858459535175691
225,0,0,0.9194282745098844,0.07764245842754,0.002929267062575565
226,1,1,0.35338577000390214,0.5372320727706583,0.1093821572254395
227,2,2,0.0021749635936018927,0.0698630516145684,0.9279619847918298
228,0,0,0.9785522528778265,0.02087958958385207,0.0005681575383213885
229,1,1,0.060619154780379526,0.7320999248258306,0.2072809203937898
230,2,2,0.009841059197597745,0.24371244443156626,0.746446496370836
231,1,0,0.6892342939217605,0.28866282401564136,0.0221028820625982
232,0,1,0.34075852859090217,0.5739002971149545,0.0853411742941434
233,1,1,0.1949239608775403,0.5255610128786221,0.27951502624383767
234,0,0,0.5548227026152822,0.41543371817180874,0.029743579212909117
235,2,2,0.0012070185110261812,0.08770839265734678,0.9110845888316271
236,2,2,0.006445620066197056,0.21730681806767652,0.7762475618661264
237,1,1,0.0340341107121864,0.5934886305028818,0.37247725878493176
238,0,0,0.5592915505350134,0.4094643694377373,0.031244080027249342
239,1,1,0.1691138468582287,0.49580780677733627,0.335078346364435
240,0,0,0.8134001537937118,0.1769299736230041,0.009669872583284079
241,0,0,0.8008114050383183,0.19581708491519242,0.0033715100464892845
242,0,0,0.9285314657239594,0.07072208570154027,0.0007464485745004372
243,1,0,0.5677428985090711,0.3895079151888662,0.04274918630206266
244,1,1,0.31582949631273777,0.5124424893227986,0.17172801436446372
245,0,0,0.7963635689070889,0.19325456835888982,0.010381862734021394
246,0,0,0.8727014790389704,0.12140439261637802,0.0058941283446515644
247,0,0,0.7287659221011625,0.2526619934312677,0.018572084467569704
248,2,1,0.21898212303639525,0.5807191397646789,0.20029873719892569
249,0,0,0.7213628850161784,0.23579727721346366,0.042839837770358005
250,1,0,0.6843656645613192,0.29581839996159126,0.01981593547708958
251,1,0,0.584049709807049,0.3786187953563712,0.037331494836579916
252,2,1,0.02924039702609649,0.49125612200085034,0.4795034809730532
253,0,0,0.8041649952822196,0.18153590649233595,0.014299098225444467
254,2,2,0.02849010039721568,0.4026614468816653,0.5688484527211191
255,0,0,0.9960982153543705,0.00386337059656659,3.841404906297595e-05
256,1,1,0.3559868481155624,0.5846526321862074,0.059360519698230155
257,0,0,0.9135623533512462,0.0846202632539942,0.001817383394759411
258,0,1,0.34858358661168387,0.6077513769077666,0.04366503648054959
259,2,2,0.01413597006324696,0.4449214178887977,0.5409426120479555
260,2,2,0.00660942070090047,0.3102236009686411,0.6831669783304585
261,0,0,0.6862827091965333,0.2958347640467196,0.017882526756747067
262,0,0,0.9937778113823004,0.006150596346517982,7.1592271181538e-05
263,2,2,0.00421532411744886,0.18310804753620705,0.8126766283463441
264,0,0,0.741776977607311,0.2489378462985331,0.009285176094155793
265,0,0,0.688061381279905,0.28837280193085474,0.023565816789240374
266,1,1,0.25012240141963926,0.660960501822405,0.08891709675795569
267,2,2,0.02561874284749517,0.26944472521401946,0.7049365319384853
268,2,2,0.0001308594806299413,0.011057955213020486,0.9888111853063496
269,0,0,0.7967266025533203,0.19654083192963268,0.00673256551704709
270,2,1,0.06198756856458315,0.6517556092545754,0.28625682218084136
271,1,1,0.03633527073619352,0.49406319990387426,0.46960152935993216
272,0,1,0.2024962666546775,0.5497509935591468,0.24775273978617565
273,0,0,0.747711341442024,0.23845426613229614,0.013834392425679704
274,2,2,0.01042184548755672,0.16412024439739858,0.8254579101150448
275,0,0,0.91660642313151,0.08192717111698229,0.0014664057515076602
276,1,1,0.08696307794745754,0.5246277911796218,0.3884091308729207
277,0,0,0.9920095970223684,0.007843111101496106,0.0001472918761356548
278,0,0,0.7454021102829548,0.23788507668683384,0.01671281303021139
279,2,2,0.007928249007477066,0.21866962988435737,0.7734021211081656
280,0,1,0.37144976661195855,0.561938708611501,0.06661152477654049
281,2,2,0.001873079850928017,0.08778546236538777,0.9103414577836842
282,0,0,0.6340020116864695,0.34108897519239695,0.02490901312113359
283,1,0,0.5033785932471184,0.45147047766075427,0.04515092909212717
284,0,0,0.7455004377073913,0.23870729249735217,0.015792269795256525
285,0,0,0.8343978925600917,0.16105618559671456,0.004545921843193786
286,1,0,0.8617015405594914,0.1315089670994101,0.006789492341098535
287,0,1,0.3398579261273383,0.5572730309012532,0.10286904297140849
288,0,0,0.8157169564851099,0.17458416580429895,0.009698877710591343
289,1,0,0.7059002379815243,0.24424475730326872,0.04985500471520711
290,0,1,0.4368855723732055,0.5239549194181661,0.039159508208628326
291,1,1,0.08294202661636634,0.5189810308197733,0.39807694256386045
292,1,1,0.35909579881595155,0.5617434531759357,0.07916074800811279
293,1,1,0.04760688869908334,0.5927116817469801,0.3596814295539366
294,1,1,0.22131373637377447,0.5623721520961855,0.21631411153003996
295,2,1,0.07645131111939767,0.593246532811321,0.33030215606928137
296,0,0,0.9292508456708038,0.06907491130093509,0.0016742430282610198
297,1,1,0.19214388124190265,0.6641602158395288,0.1436959029185685
298,1,1,0.06065063102157188,0.4726637241321959,0.4666856448462322
299,1,0,0.6434215942539601,0.3433609306150894,0.013217475130950685
300,0,0,0.8576104408935042,0.13990064743825706,0.002488911668238867
301,1,1,0.049535640753931985,0.6597037511417808,0.29076060810428733
302,1,1,0.19527836710834712,0.6249915229782135,0.17973010991343938
303,2,2,0.01915772969195523,0.45046154217793755,0.5303807281301073
304,0,0,0.9461881614017021,0.05199103669984772,0.0018208018984501328
305,0,0,0.9529814608188988,0.04566602238459076,0.0013525167965103995
306,0,0,0.905313776918657,0.09179668290928004,0.0028895401720631627
307,0,0,0.9502084572045948,0.04884210906838709,0.0009494337270180885
308,0,0,0.6358522110099835,0.3406839618080655,0.02346382718195102
309,1,1,0.19124605394990468,0.6219172589404229,0.1868366871096723
310,1,1,0.3704437372824933,0.5025630955403354,0.12699316717717135
311,2,2,0.004749252105083935,0.11543380200085473,0.8798169458940615
312,1,2,0.021131084622143845,0.45102367032643986,0.5278452450514162
313,2,1,0.18881422857532798,0.5541596104609338,0.25702616096373826
314,0,0,0.9272346194532366,0.07047945299047596,0.002285927556287386
315,1,1,0.162829957390638,0.5395519420610241,0.2976181005483378
316,0,0,0.9114212718299024,0.08264788406825588,0.005930844101841786
317,1,0,0.8367564103816724,0.1540740607448095,0.009169528873518207
318,0,0,0.6673676301952352,0.3229318761777323,0.009700493627032502
319,2,2,0.013844612719983366,0.39413089103446974,0.5920244962455469
320,1,1,0.028686745921267128,0.5945365753214176,0.3767766787573153
321,0,0,0.7308262030047539,0.20756063980172135,0.06161315719352474
322,0,1,0.4470396773180126,0.4819793046046033,0.07098101807738409
323,2,2,0.005370632013439014,0.1452925010423455,0.8493368669442155
324,1,1,0.2836954494264403,0.5131155007856724,0.2031890497878874
325,1,1,0.2610186571515896,0.6967917771819786,0.04218956566643172
326,0,0,0.9946780322998263,0.005228913871948382,9.305382822536483e-05
327,1,2,0.23504336828981962,0.36532930417648424,0.39962732753369623
328,0,0,0.6296689148427566,0.3449558786518177,0.025375206505425768
329,0,0,0.996533333435931,0.0034357551618587213,3.091140221020025e-05
330,1,1,0.19618615184553623,0.566679657557541,0.2371341905969228
331,0,0,0.8235690523045016,0.1680115186091959,0.008419429086302516
332,2,1,0.17962562594842266,0.5893009109745261,0.23107346307705123
333,0,1,0.46686193829689754,0.49656144535075103,0.036576616352351494
334,2,1,0.09917563297153975,0.523471494239999,0.37735287278846125
335,0,0,0.6648525964369494,0.30226212338023445,0.032885280182816216
336,0,1,0.40287645201839506,0.532136226137077,0.0649873218445279
337,1,2,0.08872890431260175,0.3969770431680875,0.5142940525193107
338,0,0,0.8358279353752761,0.15648343540713094,0.00768862921759308
339,2,2,0.034564269346136,0.32643931073740773,0.6389964199164563
340,0,0,0.8776975867711329,0.11359897098612728,0.008703442242739858
341,2,2,0.011999198951440517,0.3154316647936781,0.6725691362548814
342,2,1,0.19146713816493477,0.6016730964891387,0.2068597653459265
343,1,1,0.4745434447926479,0.4807669587823573,0.04468959642499497
344,0,0,0.9159293963377383,0.08078300828927698,0.003287595372984753
345,2,1,0.06474706629843222,0.5517969187700333,0.3834560149315344
346,2,2,0.005531463586394047,0.1338602403332636,0.8606082960803424
347,1,0,0.4038295707870397,0.39345328653309797,0.20271714267986232
348,2,2,0.06089192249797067,0.44895665861334766,0.4901514188886816
349,2,2,0.005404251470096503,0.23028833075850616,0.7643074177713974
350,0,0,0.6203910335213222,0.3328186062577803,0.046790360220897595
351,1,1,0.13212438238155222,0.6715782811665099,0.196297336451938
352,0,0,0.7011792926257555,0.2726994030648115,0.0261213043094331
353,0,0,0.9348476915986649,0.061871253677080275,0.003281054724254868
354,0,0,0.9487485946841219,0.04816065133300092,0.0030907539828772175
355,1,1,0.20339003905760925,0.5608568670281601,0.23575309391423066
356,2,2,0.002446190009379243,0.05419723079263153,0.9433565791979891
357,0,0,0.4833285297239502,0.3913000661490258,0.12537140412702413
358,0,0,0.5741198323870629,0.40567671503419367,0.02020345257874347
359,1,1,0.2921109235353695,0.6293384998949666,0.07855057656966397
360,1,1,0.29641131739624127,0.6011140500264635,0.10247463257729529
361,1,1,0.22477807751168496,0.6176921665094172,0.15752975597889787
362,1,1,0.2892428978262772,0.5580314610564147,0.15272564111730813
363,1,1,0.19902461052479414,0.5589043296711725,0.2420710598040333
364,2,2,0.038260717484096485,0.38233671768642974,0.5794025648294738
365,1,1,0.4109044229696536,0.5045106755815949,0.08458490144875137
366,1,1,0.26840321973080017,0.5859499834885523,0.1456467967806475
367,0,0,0.9447818906242175,0.05424300363496489,0.0009751057408177005
368,2,2,0.01918325552207516,0.3685420627770282,0.6122746817008967
369,1,1,0.39637221495340624,0.5385511469642553,0.06507663808233839
370,1,1,0.37748892007214774,0.5414695977526766,0.08104148217517572
371,1,1,0.32852471120494897,0.42681822306787315,0.24465706572717788
372,2,2,0.0037995469943930254,0.2246986940890686,0.7715017589165384
373,0,0,0.9826754883606641,0.016662787437401228,0.000661724201934746
374,2,1,0.04193553870484982,0.6168298711102732,0.34123459018487684
375,1,1,0.2898163099272399,0.6182098709877847,0.09197381908497539
376,1,1,0.09887472147440272,0.6342688131241474,0.26685646540144986
377,1,1,0.15594149759406295,0.626273177764038,0.2177853246418991
378,1,1,0.1912634423131825,0.7331661701978723,0.07557038748894515
379,1,1,0.19153927503578258,0.622603904946965,0.1858568200172523
380,1,1,0.0694940769282587,0.7026275369042342,0.22787838616750708
381,0,0,0.5888473941396768,0.38801973456024785,0.023132871300075252
382,0,0,0.7930221652907519,0.19647466858851384,0.010503166120734219
383,0,0,0.8376392210632677,0.15191741792076005,0.010443361015972114
384,0,0,0.7266774735011375,0.25544289618189014,0.017879630316972314
385,0,0,0.4783704670260512,0.44952198677310246,0.07210754620084629
386,1,1,0.17826845918345735,0.6810936300725813,0.1406379107439614
387,0,0,0.6110597683114434,0.34881308649588305,0.04012714519267374
388,1,1,0.04738571397522633,0.5543164102715684,0.3982978757532053
389,0,0,0.9863766069012075,0.013228855521841248,0.0003945375769511718
390,1,0,0.7110868652824097,0.24909319421921672,0.039819940498373646
391,1,1,0.034938493112520855,0.632085889252445,0.33297561763503414
392,1,1,0.33073895532498027,0.5158882441528079,0.15337280052221192
393,0,0,0.9237403986951092,0.07121672337370984,0.0050428779311809824
394,0,0,0.9090078116880308,0.0892977370825381,0.001694451229431279
395,0,1,0.1183029043307712,0.5983591638078333,0.2833379318613956
396,1,1,0.39287832179614174,0.5489304656956233,0.058191212508234974
397,1,0,0.5714778006071689,0.41407029427708225,0.01445190511574888
398,2,2,0.018963232203428076,0.2502878191818956,0.7307489486146764
399,0,0,0.5990298286116108,0.3501270254217238,0.05084314596666538
400,0,0,0.9689960420183407,0.030427653039142688,0.0005763049425167024
401,1,1,0.3330548363861307,0.5888060639212114,0.07813909969265798
402,1,1,0.3419094142654314,0.5248863817865322,0.13320420394803628
403,0,1,0.26844122745074084,0.4611125053392842,0.27044626720997483
404,0,0,0.9778236466184987,0.021833595270622314,0.00034275811087878735
405,1,2,0.08636940523133838,0.29025649708309126,0.6233740976855704
406,0,0,0.8058504058496391,0.1866354736847486,0.007514120465612174
407,0,1,0.38843885443321985,0.5164309295386423,0.09513021602813783
408,0,0,0.8519452618313982,0.14013834889709886,0.00791638927150292
409,0,0,0.6577572641700781,0.30697919724397876,0.03526353858594309
410,0,0,0.86526322477932,0.13014602034623318,0.004590754874446688
411,2,2,0.019523145221195866,0.46743162476175404,0.51304523001705
412,2,2,0.006512203727665397,0.40691792852593006,0.5865698677464046
413,1,1,0.4174155171255997,0.5118262745391847,0.07075820833521555
414,1,1,0.3930889616954855,0.555126671461439,0.05178436684307554
415,1,2,0.027780863184220822,0.36231593112897575,0.6099032056868033
416,1,1,0.08830180787246487,0.7038434824206162,0.20785470970691886
417,0,0,0.9902790455987142,0.009610564558938682,0.00011038984234709324
418,2,2,0.028434753746550728,0.3566839585990854,0.6148812876543639
419,0,0,0.9747531203186998,0.02490060859051172,0.00034627109078842484
420,0,0,0.46145874159444544,0.4495954267205266,0.08894583168502794
421,2,1,0.08367472043935045,0.5814700401853504,0.33485523937529915
422,0,0,0.6666644713216792,0.313078168742742,0.020257359935578832
423,1,1,0.1580400243877547,0.5813853795669085,0.26057459604533684
424,2,2,0.008887712400752486,0.3999046921379135,0.591207595461334
425,1,0,0.5129508682388657,0.3973112970161832,0.08973783474495119
426,0,0,0.7453161322092681,0.2380374078287984,0.01664645996193359
427,2,1,0.13849728077847515,0.5621695918811609,0.299333127340364
428,0,0,0.8996314477800973,0.09817079737829537,0.0021977548416073564
429,0,0,0.6400011395329378,0.3373608005673305,0.02263805989973172
430,2,2,0.002492887010106142,0.10610631108234078,0.8914008019075531
431,0,0,0.9948083595923193,0.0051166982002334655,7.494220744729285e-05
432,2,2,0.04960243968030986,0.28673712106590427,0.6636604392537858
433,0,0,0.9860673507008746,0.013818564112319623,0.00011408518680574526
434,0,0,0.8111052192410056,0.17070649306981384,0.0181882876891805
435,1,1,0.14336129980364856,0.4379481251989328,0.4186905749974188
436,0,1,0.34614748310555576,0.5686873561445054,0.0851651607499388
437,2,2,0.01086254205076119,0.33352604988106765,0.6556114080681711
438,1,1,0.15216621100139682,0.6564385511878532,0.19139523781075002
439,2,2,0.02896169568240683,0.2912613283715297,0.6797769759460636
440,1,1,0.08757026741741913,0.5508042141688624,0.3616255184137186
441,0,0,0.5248466956946418,0.44882960008591166,0.026323704219446523
442,0,0,0.9212535732060995,0.07413036787412242,0.0046160589197783075
443,1,0,0.6966278643442403,0.24282301087040495,0.060549124785354735
444,0,0,0.9699217467801421,0.029062782127518925,0.0010154710923389555
445,0,0,0.7712931887684344,0.22363583000044496,0.0050709812311206005
446,0,0,0.8678737923622233,0.12404523490404035,0.008080972733736414
447,0,0,0.7893961518023157,0.20170232664978463,0.008901521547899683
448,0,0,0.9024049146523493,0.09239554210457732,0.00519954324307336
449,0,0,0.9622729266907818,0.03691117982664454,0.0008158934825738672
450,1,1,0.3051937966950144,0.6139426321282105,0.08086357117677506
451,2,1,0.24963678127609354,0.6050288921589619,0.14533432656494452
452,0,1,0.260026985602914,0.6249174081763176,0.1150556062207685
453,1,1,0.35521028507203983,0.6020376196715739,0.04275209525638623
454,0,0,0.9161088194473065,0.08237545004501426,0.0015157305076791401
455,1,1,0.1794009466843627,0.5204033397031158,0.3001957136125215
456,0,1,0.4480635277656192,0.4963382242514878,0.05559824798289297
457,1,1,0.41629170140313615,0.49315352362937354,0.09055477496749045
458,2,2,0.03838897197074007,0.28249909337207696,0.6791119346571829
459,1,1,0.2843369706069798,0.5699083942904208,0.1457546351025993
460,1,0,0.5306190361410481,0.45147900527646817,0.017901958582483814
461,1,0,0.6743011986869731,0.2601911498766731,0.06550765143635368
462,0,0,0.9626112918821446,0.03650033838933723,0.0008883697285181809
463,1,2,0.2451095693000723,0.3712983357439427,0.38359209495598506
464,0,1,0.12999575345892178,0.6593238365253172,0.21068041001576104
465,1,1,0.19606171307417367,0.5104871069008086,0.2934511800250177
466,1,1,0.3370590571710178,0.5485134606416258,0.11442748218735642
467,1,1,0.08203649889224406,0.5726613381667567,0.34530216294099936
468,1,1,0.204192349915487,0.5164975830833948,0.2793100670011182
469,1,0,0.5914057394066357,0.3765071742282699,0.03208708636509439
470,2,1,0.0943253142807456,0.618250372277927,0.28742431344132735
471,1,0,0.6606941224205433,0.30115129255531264,0.03815458502414422
472,2,2,0.027811296623329432,0.34712379648244707,0.6250649068942234
473,0,0,0.9679271637502398,0.031100506000905095,0.0009723302488551542
474,0,0,0.7159471954608424,0.27236244387802944,0.011690360661128125
475,1,1,0.29229407401745394,0.624245466155221,0.08346045982732517
476,0,0,0.9364799549473806,0.061849014237288766,0.0016710308153305604
477,1,1,0.06643484103953268,0.6302133092934956,0.30335184966697165
478,1,1,0.09913451348763304,0.6251252264906134,0.27574026002175356
479,1,1,0.06673064951736804,0.6792241350790519,0.25404521540357994
480,0,0,0.9819477058105134,0.017686875931208452,0.00036541825827803677
481,0,0,0.5859423291457821,0.36782308028179683,0.046234590572421026
482,1,1,0.4200362208420338,0.4485243073995655,0.13143947175840065
483,2,2,0.009066881685563008,0.22239368639072785,0.7685394319237092
484,1,0,0.6984170449966216,0.28646281119824013,0.01512014380513826
485,0,1,0.3854155595191284,0.5587946292055516,0.05578981127532
486,0,2,0.027003737143561683,0.43493285592006686,0.5380634069363714
487,2,1,0.08451548765827,0.47177861844801666,0.4437058938937133
488,2,2,0.017692508522177734,0.14870603848742941,0.8336014529903929
489,0,1,0.26019565540708744,0.6490670471298274,0.09073729746308508
490,1,1,0.10248296330009042,0.5610354206955863,0.33648161600432336
491,1,0,0.6122497947444353,0.3482906766870479,0.03945952856851672
492,0,1,0.4532999718835097,0.5182433104816634,0.028456717634826892
493,2,2,0.00979442215919778,0.2700188553306861,0.7201867225101162
494,0,0,0.5329755132391018,0.4058063764281289,0.061218110332769346
495,0,0,0.7693697731796704,0.19293451605798348,0.0376957107623461
496,2,2,0.03202986854195069,0.22138339577675978,0.7465867356812895
497,1,1,0.08959183164853647,0.4988050434201413,0.4116031249313221
498,1,2,0.08937386937206553,0.4228932167475865,0.487732913880348
499,0,1,0.36847855406715213,0.5677574262827956,0.06376401965005235
500,1,0,0.6704832139838781,0.29156205819811093,0.03795472781801097
501,0,0,0.6371701780047404,0.3393273109112993,0.023502511083960287
502,2,2,0.001497679291727118,0.05687011775711879,0.9416322029511542
503,0,0,0.9245055750626612,0.07376124055120174,0.0017331843861370367
504,0,0,0.8866259207025822,0.10689138191225994,0.0064826973851578144
505,1,1,0.3213129248695662,0.5317768803821064,0.1469101947483275
506,0,0,0.574960409690626,0.4039865067635357,0.021053083545838285
507,1,2,0.0422181030100441,0.39907548234663665,0.5587064146433193
508,1,0,0.7462246247834572,0.23633561466237812,0.01743976055416457
509,1,1,0.06725437878825048,0.6565875250189478,0.2761580961928016
510,1,1,0.13673963355847038,0.5736505519244373,0.28960981451709233
511,2,2,0.01927162629932785,0.42639108946209914,0.554337284238573
512,2,2,0.03719036649595754,0.4425588571222647,0.5202507763817777
513,0,0,0.969643838726738,0.02945821266342349,0.0008979486098385808
514,0,0,0.9332310825461823,0.06367106163121045,0.0030978558226072567
515,1,0,0.4723566953435408,0.3908355432774539,0.1368077613790054
516,2,2,0.011113843162089956,0.2161460685297285,0.7727400883081816
517,0,0,0.6122341813700175,0.3469443439422225,0.04082147468776
518,0,0,0.6320536935628241,0.33782093598775603,0.030125370449419688
519,1,1,0.29252698798154114,0.5508810903326384,0.15659192168582045
520,0,0,0.8444983140182798,0.15175743187573534,0.0037442541059847867
521,1,1,0.22354147269005462,0.4357411983337166,0.34071732897622886
522,0,0,0.9089486635066301,0.0881080065254438,0.0029433299679262866
523,0,0,0.6424632287687705,0.3358928816714005,0.021643889559828874
524,0,0,0.8337823831605634,0.1591831847168394,0.007034432122597213
525,1,1,0.25738171566588985,0.5814174278861647,0.16120085644794546
526,2,2,0.024427232126006355,0.35704676800635327,0.6185259998676402
527,0,0,0.9636971887056744,0.03504339185746199,0.001259419436863705
528,0,1,0.24908504086732047,0.5628809888554601,0.18803397027721933
529,0,0,0.9383297686369045,0.05983033495018869,0.0018398964129067116
530,1,0,0.39797117202394056,0.3595021375665404,0.24252669040951894
531,0,0,0.6840391163502205,0.2981917144500791,0.01776916919970028
532,2,1,0.25876992351868555,0.6037588513398091,0.1374712251415053
533,1,1,0.3272960248835591,0.5988763257361228,0.07382764938031804
534,0,0,0.9951789128701778,0.004723988788199304,9.709834162282086e-05
535,1,1,0.07182584746270503,0.5327498490717368,0.39542430346555807
536,0,1,0.29044043594643726,0.623363882142221,0.08619568191134179
537,0,1,0.3313448509712125,0.5933058215408952,0.07534932748789237
538,1,2,0.18500893080312794,0.3679409046853485,0.4470501645115234
539,2,2,0.0008012069159979168,0.0634721883456506,0.9357266047383515
540,2,2,0.01616515913183138,0.24850706756204752,0.7353277733061211
541,2,2,0.03994572583535983,0.2786871312682559,0.6813671428963842
542,2,1,0.07757757219648018,0.6691170543327006,0.2533053734708192
543,1,1,0.2899607338439728,0.607293178214219,0.10274608794180819
544,0,0,0.9481534754939436,0.04975060648146034,0.002095918024596048
545,1,1,0.4072486850623234,0.45009239495501246,0.1426589199826641
546,1,1,0.26064059910511433,0.6739891282961693,0.06537027259871635
547,0,0,0.615299068627172,0.3426983986760693,0.042002532696758646
548,1,2,0.02073779080207808,0.40977773104268284,0.5694844781552391
549,0,1,0.12656021278129276,0.654895988349627,0.21854379886908026
550,0,0,0.7046156354958961,0.27657079154455305,0.01881357295955068
551,0,0,0.9763834146102687,0.022452047823210655,0.0011645375665205956
552,2,2,0.026445090504462455,0.1367505013251325,0.836804408170405
553,2,2,0.03936462966164993,0.47532475394378076,0.4853106163945693
554,0,0,0.9566495757159306,0.041869775073708954,0.0014806492103603935
555,1,1,0.09198354590026396,0.6138247440617646,0.29419171003797145
556,0,0,0.9698479515826722,0.029488209072113813,0.0006638393452138161
557,1,1,0.11238968854906636,0.63656740768629,0.2510429037646435
558,1,0,0.8179503505550908,0.16849287484582698,0.013556774599082215
559,1,1,0.1533750002310796,0.46464854738259476,0.3819764523863255
560,0,0,0.8823913769502124,0.11429454673897468,0.0033140763108129895
561,1,2,0.06280456260574531,0.3946576851716539,0.5425377522226008
562,2,2,0.05445292453799714,0.36774427930307935,0.5778027961589235
563,2,1,0.2144079735897176,0.6184792999555214,0.16711272645476094
564,2,2,0.009570902431716728,0.30712910058866405,0.6832999969796192
565,0,0,0.5955682256951313,0.34972406498161557,0.05470770932325309
566,1,1,0.39078569922017825,0.5029631337292374,0.1062511670505844
567,0,0,0.9458352994346986,0.05334129136277328,0.0008234092025281238
568,0,0,0.5293683996009134,0.4345184245983048,0.036113175800781765
569,2,2,0.029473389495226415,0.3348510876122309,0.6356755228925427
570,0,1,0.23705324715356935,0.6120320596700298,0.15091469317640085
571,1,1,0.4425389090956803,0.4909253014650684,0.06653578943925141
572,1,1,0.3725510568333104,0.5023230646842929,0.1251258784823967
573,0,0,0.9702243523465329,0.02825424576625319,0.0015214018872138364
574,2,1,0.08160349193286418,0.7529200012512726,0.16547650681586326
575,0,0,0.5890512238330611,0.3622403386563053,0.04870843751063368
576,1,1,0.055185849895817186,0.4953885576308975,0.4494255924732854
577,1,0,0.5547439627300396,0.4051814391573579,0.04007459811260242
578,0,0,0.7140008059081292,0.2641457064548492,0.02185348763702158
579,0,0,0.6625126778341353,0.31931016203874785,0.0181771601271168
580,1,0,0.6768251205154993,0.30827017040263865,0.014904709081862005
581,1,1,0.2643690970229488,0.6517709663433268,0.08385993663372443
582,1,1,0.17767717354944557,0.47921368314208257,0.3431091433084719
583,2,2,0.053876279236908464,0.3554694222995214,0.5906542984635702
584,2,2,0.03763797506383284,0.39802894821194434,0.5643330767242228
585,0,0,0.843318041700227,0.15039407407937386,0.006287884220399188
586,1,1,0.17592993246311145,0.6136658878315431,0.21040417970534542
587,0,0,0.9512947101810493,0.04757982023542785,0.0011254695835228804
588,2,1,0.011772270452293003,0.49843567234229097,0.489792057205416
589,0,0,0.8480056724325176,0.14798619062116175,0.004008136946320827
590,2,2,0.006487218615295085,0.1451265804856099,0.848386200899095
591,1,1,0.19031243893651104,0.6109927606737016,0.19869480038978743
592,1,1,0.09292445153260669,0.6112750136854755,0.29580053478191787
593,1,1,0.07436149827312737,0.5800469385763815,0.3455915631504912
594,1,1,0.03352749124009537,0.4985454646121716,0.46792704414773295
595,2,1,0.06300718043594358,0.6653963312931573,0.2715964882708993
596,0,0,0.4847561571870135,0.4499322503765371,0.06531159243644938
597,0,0,0.5099218493762462,0.44416622292704794,0.04591192769670585
598,0,0,0.5439907756765877,0.43084403041541075,0.025165193908001555
599,0,0,0.8211984726793445,0.1679769469763424,0.010824580344313073
600,1,0,0.638989789142534,0.3335837830839753,0.027426427773490678
601,0,0,0.9899692514785199,0.009937151248979583,9.359727250063323e-05
602,0,0,0.9001072411317989,0.09690604678060702,0.0029867120875940703
603,2,2,0.007544671781169275,0.20081279566676977,0.7916425325520611
604,1,0,0.5526542013266428,0.36701180837463154,0.08033399029872577
605,0,0,0.8934050291356174,0.10409384761464653,0.002501123249736083
606,0,0,0.779402044164164,0.21086304529879832,0.009734910537037653
607,0,0,0.926872243268556,0.071568207137607,0.001559549593836947
608,0,0,0.8626419580665486,0.13449242661767527,0.002865615315776148
609,0,0,0.7599203103161487,0.2267011658470432,0.0133785238368082
610,2,1,0.025486241788607453,0.51249549729904,0.4620182609123526
611,0,0,0.9723042999554287,0.0269316862535925,0.0007640137909789444
612,2,2,0.0011947698302860283,0.07220268425643686,0.9266025459132772
613,1,1,0.18672092287762335,0.5086336881137228,0.30464538900865396
614,0,0,0.7685599278208801,0.22152881186826945,0.009911260310850392
615,0,1,0.21444723234357652,0.5191101232918091,0.2664426443646144
616,0,0,0.9773155933638532,0.02233095415918939,0.000353452476957463
617,0,0,0.837590301057533,0.1561479585751151,0.0062617403673519
618,1,1,0.03855673484348552,0.5076260683029391,0.4538171968535754
619,0,0,0.7166566828664104,0.2338441429096874,0.04949917422390228
620,1,1,0.35339691662986766,0.43975354325631055,0.20684954011382178
621,2,1,0.03920848128629178,0.5904400807496398,0.37035143796406833
622,0,0,0.8509022005129243,0.14124473149922118,0.00785306798785451
623,2,2,0.002260208674702517,0.13150149731655147,0.8662382940087459
624,1,1,0.0688103742915575,0.6175121311865843,0.3136774945218581
625,0,0,0.9010954338323757,0.09651931727217039,0.0023852488954539137
626,1,0,0.4901160768571233,0.41386475524255084,0.09601916790032602
627,0,1,0.43848757368142544,0.5241039582458519,0.03740846807272281
628,2,2,0.0014353048059479415,0.0871369243747928,0.9114277708192593
629,0,0,0.8909824199450999,0.10684436347353962,0.0021732165813605746
630,0,0,0.7621870158885897,0.2296505432823588,0.008162440829051439
631,2,2,0.0008160001714792268,0.03028620186428967,0.968897797964231
632,2,1,0.09446860971242171,0.5616436285547661,0.34388776173281216
633,0,0,0.6166152706204954,0.3513806196910074,0.0320041096884971
634,1,2,0.0642791972659266,0.4370104049954514,0.49871039773862186
635,0,1,0.4108216479361263,0.53344531306989,0.055733038993983734
636,0,0,0.7664618747119518,0.21858016286586932,0.014957962422178792
637,0,0,0.891729935488317,0.10208257395877525,0.006187490552907698
638,2,1,0.335291636121375,0.53747630633651,0.12723205754211495
639,1,2,0.026197617384260175,0.3940971308306365,0.5797052517851032
640,0,0,0.6441876337470859,0.336547678299113,0.019264687953801166
641,0,0,0.8373047344627335,0.14427683564928653,0.018418429887979867
642,1,1,0.3267413304711047,0.5600095792045102,0.11324909032438515
643,1,1,0.4497718008416855,0.5015926343126386,0.04863556484567596
644,0,0,0.5546458755546048,0.3740531180840423,0.071301006361353
645,1,1,0.2038098285031642,0.5553413742982737,0.24084879719856214
646,2,2,0.009621788860248974,0.15897174293351896,0.831406468206232
647,0,1,0.4756691152483005,0.4785369624703788,0.045793922281320676
648,0,0,0.5312370786557322,0.44776606140493547,0.020996859939332254
649,0,0,0.7792360232580038,0.21401689263264312,0.006747084109353212
650,2,2,3.324944605373898e-05,0.010695158409784784,0.9892715921441615
651,0,0,0.9674123352345382,0.03191681000107901,0.000670854764382853
652,2,1,0.07847578935790588,0.6137659330094156,0.30775827763267855
653,1,1,0.031662005018116585,0.5642924792519287,0.40404551572995456
654,2,2,0.010330101359034342,0.24547208997784975,0.7441978086631159
655,1,1,0.12540002931852404,0.6688963578001506,0.20570361288132544
656,0,0,0.7369285576377155,0.25173962392872584,0.011331818433558846
657,1,1,0.12154665308967734,0.6731293234447425,0.20532402346558018
658,0,0,0.5828624084670682,0.3949401277635049,0.022197463769426915
659,1,1,0.07085163222882372,0.6392857768183009,0.2898625909528754
660,1,1,0.2975003442978873,0.6139486795517528,0.08855097615035992
661,2,2,0.010374560366398278,0.29625109688025497,0.6933743427533468
662,1,1,0.44211117401976174,0.4741012719684231,0.08378755401181522
663,0,1,0.4383833235597429,0.5074970323868356,0.05411964405342141
664,1,1,0.4252220497114348,0.5218271689524386,0.052950781336126636
665,2,2,0.0007605149584441062,0.09031917749804581,0.90892030754351
666,1,1,0.25570637353076486,0.6778019593604201,0.06649166710881496
667,2,2,0.017712521828595815,0.35584507528373915,0.626442402887665
668,1,0,0.5176836107580184,0.401808888732286,0.08050750050969561
669,0,0,0.6830788226797818,0.29812822626146135,0.01879295105875686
670,1,0,0.47712979845780773,0.4301278557400279,0.0927423458021644
671,0,0,0.7392979523321509,0.2173323603574486,0.043369687310400536
672,1,1,0.17023445515387603,0.6598106926446468,0.16995485220147707
673,0,0,0.9309511152987953,0.06817383262539675,0.0008750520758079528
674,0,0,0.7409279241905372,0.2486738579237005,0.010398217885762197
675,0,0,0.7851665001385641,0.2012489691481188,0.013584530713317066
676,2,2,0.007443003260556991,0.14741336825940815,0.845143628480035
677,0,1,0.3002539823698173,0.6216657171312421,0.07808030049894067
678,0,1,0.2997382033733967,0.632380166899174,0.06788162972742924
679,0,0,0.9373466834948085,0.06013723863496908,0.002516077870222299
680,0,0,0.7250411074119443,0.26748850289288917,0.007470389695166609
681,0,0,0.8993817385749863,0.09472670355067163,0.005891557874342197
682,1,1,0.21772671538945595,0.44177274284451645,0.3405005417660276
683,2,2,0.004171065156895485,0.3048236962020583,0.6910052386410462
684,1,1,0.2742550547191459,0.6148892336000787,0.11085571168077535
685,0,0,0.9584456674645019,0.0407352426047309,0.0008190899307670011
686,1,1,0.07669409121567568,0.5398108118161774,0.38349509696814693
687,1,0,0.8300955428013307,0.14727555600547262,0.022628901193196643
688,0,0,0.8655296565345998,0.1278208752862652,0.0066494681791352
689,2,2,0.00507035314129476,0.1304893957502555,0.8644402511084498
690,1,0,0.47063291456009926,0.3882133746117549,0.14115371082814585
691,0,0,0.8252163134691901,0.1688872124772853,0.005896474053524629
692,0,0,0.9826836922441149,0.016628836281185378,0.0006874714746996483
693,0,0,0.5582900536318426,0.423798203500373,0.017911742867784505
694,0,0,0.5155230948707985,0.45518080071029565,0.029296104418905854
695,1,1,0.09987929018726002,0.5603164484944319,0.33980426131830804
696,0,1,0.4265736379950321,0.5417535467702455,0.031672815234722436
697,1,0,0.6446009087033918,0.3290745399604365,0.02632455133617174
698,0,1,0.20632984795720893,0.4438352744623666,0.3498348775804245
699,1,1,0.17648245381541275,0.5276920847764381,0.2958254614081491
700,0,0,0.7887842552562685,0.20592562219911126,0.005290122544620233
701,0,0,0.9897440219107005,0.010073417628996063,0.00018256046030335355
702,0,0,0.7361805147004962,0.25785549138331526,0.0059639939161886014
703,0,0,0.9175371819234224,0.0800752356631218,0.0023875824134558825
704,0,0,0.7637349906124761,0.22483463121111444,0.011430378176409572
705,1,2,0.04606755228092944,0.39668422968142736,0.5572482180376431
706,2,1,0.03845672707934328,0.6028292096117759,0.35871406330888084
707,1,1,0.2700128210893845,0.5653914322499592,0.16459574666065616
708,1,1,0.20543690366121017,0.6634239735416966,0.13113912279709322
709,1,1,0.26397319669521807,0.6464248004036992,0.08960200290108271
710,1,0,0.7586087608234524,0.21676171835516775,0.024629520821379914
711,0,0,0.8952035140556159,0.1003071762281523,0.004489309716231656
712,1,1,0.11265374714617402,0.7305427001043461,0.15680355274947982
713,2,2,0.0003220585951773256,0.014254858878076522,0.9854230825267463
714,2,2,0.008765308650802021,0.345499117213036,0.645735574136162
715,1,1,0.3938588438474177,0.5348964135719495,0.07124474258063283
716,2,2,0.0019352316570736712,0.07199524252574795,0.9260695258171785
717,1,1,0.2992598717645354,0.5932189705959369,0.10752115763952767
718,2,1,0.07563800802235789,0.6106146955000202,0.31374729647762184
719,0,0,0.9144956388838632,0.08088007675296996,0.004624284363166786
720,1,1,0.403787589107664,0.5548768070302127,0.041335603862123406
721,2,2,0.030195461178656017,0.4360629816165138,0.5337415572048302
722,0,0,0.6296198940794357,0.33408209680428874,0.036298009116275384
723,0,1,0.36133808053165933,0.4554935258852109,0.18316839358312975
724,0,0,0.5835503533906771,0.37561262901543363,0.04083701759388923
725,1,0,0.48003055775079706,0.4358413610340861,0.08412808121511672
726,2,1,0.16734702792803052,0.6122373137482966,0.22041565832367288
727,2,2,0.014402889911938523,0.374236782164363,0.6113603279236984
728,1,1,0.10428334529697193,0.566319152509595,0.3293975021934331
729,0,0,0.5272793505979801,0.43908868002677703,0.033631969375242904
730,0,0,0.8065719818180089,0.17959686856378768,0.013831149618203371
731,2,1,0.08893622978115068,0.5468643701112607,0.3641994001075887
732,2,2,0.0014121629310250845,0.12173423199037944,0.8768536050785956
733,1,1,0.0936038406183406,0.6745072000498912,0.23188895933176834
734,0,0,0.9536182878714687,0.04579305529795585,0.0005886568305754264
735,2,2,0.0010286912217860678,0.06660307030264911,0.9323682384755648
736,1,2,0.17074179969265244,0.39157480677008694,0.43768339353726066
737,0,1,0.1028043621938953,0.6957243829882066,0.20147125481789804
738,1,1,0.23100079674717527,0.6306692645466833,0.13832993870614152
739,0,0,0.9932012442196235,0.006640964317678199,0.00015779146269814389
740,1,1,0.24302916746773398,0.5924116519339288,0.16455918059833735
741,0,0,0.9862879121312073,0.013494249003425772,0.00021783886536703095
742,2,2,0.04897968153334461,0.3809916610226995,0.5700286574439559
743,0,0,0.9766797702896289,0.022906503338212456,0.0004137263721585685
744,2,2,0.00019173479142265947,0.038368701210863665,0.9614395639977137
745,0,1,0.42057828551579773,0.46290053357035155,0.11652118091385079
746,0,0,0.95551751955992,0.0429606943721585,0.0015217860679212418
747,1,0,0.506842286918726,0.42610631236293944,0.06705140071833439
748,1,2,0.050040322037049584,0.39298820860850836,0.5569714693544421
749,1,1,0.06397136631097686,0.5276512450066557,0.4083773886823674
750,1,1,0.2824246810705647,0.4313061347669252,0.2862691841625101
751,0,0,0.7709433435175945,0.2217316807272967,0.007324975755108747
752,0,0,0.8971130985001585,0.09774175117702533,0.0051451503228160216
753,0,0,0.7186098320139619,0.23594615800103802,0.04544400998500023
754,0,0,0.9819112557476066,0.01745204718720798,0.0006366970651853441
755,0,1,0.3788410684632396,0.5615194525509172,0.05963947898584327
756,0,0,0.9790701746674141,0.020735279704649525,0.0001945456279363604
757,2,2,0.04132432805770791,0.09587303501347218,0.86280263692882
758,1,0,0.496957866170883,0.4153260423460562,0.08771609148306084
759,1,0,0.7321617179125133,0.25770001658934166,0.010138265498145203
760,0,0,0.8586140054692655,0.13445995530562566,0.006926039225108985
761,1,1,0.08485605632113244,0.7533239495236187,0.1618199941552489
762,1,1,0.13549357032181242,0.7096567039349819,0.15484972574320569
763,1,1,0.17715636916993538,0.7413590406363461,0.08148459019371848
764,0,0,0.8388337222117291,0.15199477856172666,0.009171499226544158
765,0,1,0.350928515159511,0.5910451523691977,0.058026332471291395
766,0,0,0.8874734982693411,0.1022007095064917,0.010325792224167135
767,1,2,0.023023017497490677,0.3742495024531324,0.602727480049377
768,1,2,0.04245396810384031,0.3242904871735892,0.6332555447225705
769,1,1,0.28206675186358104,0.5032773939160939,0.21465585422032493
770,2,1,0.12164310403985659,0.6201329880942661,0.25822390786587734
771,0,0,0.8635907674130024,0.13252786089156338,0.003881371695434217
772,1,1,0.15492088455162525,0.6288013268285456,0.21627778861982908
773,0,0,0.9926036569125519,0.00732307147435451,7.327161309358421e-05
774,1,1,0.11973758281227422,0.6037903338738586,0.2764720833138672
775,2,1,0.06324070744485684,0.48899401801653686,0.4477652745386064
776,0,0,0.8271713219555593,0.16374015913924797,0.009088518905192822
777,1,1,0.43789886507284775,0.43883668974703516,0.12326444518011716
778,2,1,0.2345136640082324,0.58616022850282,0.17932610748894756
779,0,0,0.8163191237828591,0.16939746645460316,0.014283409762537811
780,0,0,0.8608896578835041,0.13177074861654392,0.007339593499951926
781,0,0,0.84770930091975,0.13658532307962098,0.01570537600062887
782,1,1,0.17546069318891422,0.7127782409276047,0.11176106588348116
783,0,0,0.991541304688943,0.00803366702174452,0.0004250282893125179
784,1,1,0.2539110523687122,0.5459014992194458,0.20018744841184202
785,1,1,0.2923679673351921,0.5580520838129351,0.14957994885187273
786,0,0,0.7865024500459793,0.20730235049874463,0.006195199455276076
787,0,0,0.8373718421567387,0.1517041697523346,0.010923988090926776
788,0,0,0.6156500930720766,0.33147957688598734,0.05287033004193594
789,0,0,0.9078659401807812,0.08774894011355996,0.004385119705659069
790,1,0,0.7204013533763238,0.25714473856607883,0.02245390805759734
791,1,1,0.3804568283243755,0.5727383733474982,0.04680479832812631
792,2,2,0.03308913342615999,0.2478830793070999,0.7190277872667401
793,0,0,0.9903951775281684,0.009505275294521918,9.954717730969597e-05
794,2,2,0.0003388790539825882,0.029216083718815674,0.9704450372272017
795,2,2,0.06486802692090637,0.43953635368997124,0.4955956193891224
796,2,2,0.016259849166879215,0.3505204765092268,0.6332196743238939
797,1,1,0.39989108478555224,0.5305367690060443,0.06957214620840345
798,0,1,0.4164586003880793,0.47852729209285705,0.10501410751906372
799,0,1,0.4434146789642265,0.5031307660614018,0.05345455497437159
800,1,0,0.5661301503201277,0.39001104426616395,0.04385880541370831
801,2,2,0.0005867868153176996,0.06696948161906388,0.9324437315656183
802,0,1,0.30650524528269435,0.6529968288274417,0.040497925889863916
803,2,1,0.020951405808757248,0.5030373840824963,0.4760112101087465
804,1,0,0.4361455271668762,0.40139457739144907,0.16245989544167463
805,0,0,0.9885393418989293,0.011197681925947939,0.0002629761751227517
806,1,1,0.2465089275622397,0.6750584403793433,0.07843263205841698
807,0,1,0.372766871011573,0.5921424021873135,0.035090726801113435
808,1,0,0.7288857469708963,0.22511275143198972,0.04600150159711404
809,0,0,0.8122575640122389,0.18209730514478414,0.005645130842976782
810,1,1,0.4041531428001647,0.4372392611391177,0.15860759606071756
811,0,0,0.8179128794417708,0.1737478216925281,0.008339298865701145
812,0,0,0.7084164286133006,0.27870531767651696,0.0128782537101825
813,1,1,0.05038350731197223,0.6694830939538761,0.28013339873415183
814,0,0,0.7783076024622549,0.20804066708532673,0.013651730452418338
815,0,0,0.6405349978758788,0.33811183579644755,0.02135316632767362
816,2,1,0.024796340221597542,0.4971060838715151,0.4780975759068872
817,0,0,0.6983045636499027,0.26418196959343215,0.03751346675666509
818,0,0,0.8289210066969381,0.15681327315930493,0.014265720143756926
819,0,0,0.5840397744518482,0.3720014658315753,0.04395875971657643
820,0,0,0.5702377598091061,0.4078224836887802,0.021939756502113737
821,0,1,0.4304886902998491,0.4863110185450699,0.08320029115508101
822,1,2,0.05473612528574744,0.4580417861706985,0.48722208854355403
823,0,0,0.9551561877559812,0.0437516626460674,0.0010921495979513078
824,1,1,0.18986250964558943,0.6618907773949665,0.14824671295944408
825,2,1,0.22464440735362792,0.6295853744160059,0.1457702182303661
826,0,0,0.7524579869527063,0.237785492139379,0.009756520907914788
827,1,1,0.2964712276816664,0.6455283598975101,0.05800041242082345
828,2,2,0.009322577896049053,0.21720602344312,0.7734713986608309
829,2,2,0.0007625765056354055,0.028367961073861404,0.9708694624205032
830,0,0,0.7223031703945383,0.2674169138577496,0.010279915747712193
831,1,0,0.5187084545882544,0.43035644697967057,0.05093509843207502
832,0,0,0.5951695941002227,0.3831597286931521,0.0216706772066251
833,0,0,0.8810245878334346,0.1132795106659924,0.005695901500573023
834,0,0,0.904585398131716,0.08658161973840281,0.008832982129881218
835,1,1,0.09631383036381476,0.7375078940610933,0.166178275575092
836,0,1,0.3463679760932696,0.5294325942269443,0.12419942967978609
837,1,1,0.0886687263055397,0.6583296446976324,0.25300162899682777
838,0,0,0.8835823208610897,0.11251631932943369,0.0039013598094765297
839,1,1,0.08915158296998846,0.6524014223409726,0.2584469946890389
840,1,1,0.3291353051253399,0.5661924765595792,0.10467221831508092
841,1,0,0.7707321404782451,0.19823971194336373,0.031028147578391126
842,0,1,0.4229824022428586,0.4700975348425994,0.10692006291454198
843,1,1,0.14762228017343876,0.7222958172401284,0.1300819025864329
844,0,0,0.958275079328201,0.039796385052425096,0.001928535619373873
845,0,0,0.6524959451008522,0.3339452553310112,0.013558799568136576
846,1,1,0.18692058736020012,0.5922161334765236,0.22086327916327622
847,1,0,0.5637229563741543,0.3669873248419788,0.06928971878386692
848,2,2,0.00044819394808533056,0.05903173252369666,0.940520073528218
849,1,1,0.09711196229969966,0.7567407374122699,0.14614730028803052
850,0,0,0.8715927029942043,0.12130921874195022,0.0070980782638455295
851,0,0,0.7490710209139164,0.22614684444648345,0.02478213463960015
852,0,0,0.538375956911088,0.41563389145827556,0.04599015163063644
853,2,1,0.0163396556346322,0.5082340053034432,0.47542633906192455
854,0,0,0.76271102038599,0.22573285241229119,0.011556127201718763
855,0,0,0.9406279639931079,0.05712028538690937,0.0022517506199827386
856,1,2,0.14788050970480512,0.3959795037038014,0.4561399865913934
857,0,0,0.7601230168993998,0.22234554786824268,0.017531435232357586
858,1,1,0.17473768673095952,0.553677493731239,0.2715848195378015
859,0,0,0.5186550956735203,0.4228581242964601,0.05848678003001957
860,1,1,0.3575690523891614,0.5049936376919513,0.13743730991888728
861,0,0,0.8482320213428286,0.14173949139145525,0.010028487265716061
862,0,0,0.735583681900679,0.25378907563119857,0.010627242468122411
863,2,2,0.011025945585286693,0.34624083108033554,0.6427332233343778
864,0,0,0.9878980600896757,0.01187869640496523,0.0002232435053590426
865,2,2,0.005442916914121324,0.17486494532321153,0.8196921377626671
866,0,0,0.5209628034260628,0.4410349166806826,0.03800227989325446
867,0,0,0.7774444123563738,0.21160631942290783,0.010949268220718207
868,1,1,0.3195547050402676,0.5588025477655516,0.12164274719418068
869,2,1,0.07349201350142825,0.5516124387189136,0.374895547779658
870,1,0,0.5185606810465718,0.38639784881646305,0.09504147013696511
871,0,0,0.9403733599141149,0.057332083502309686,0.00229455658357535
872,0,0,0.6219377173453756,0.35644317385477087,0.021619108799853463
873,1,0,0.7331471481367408,0.2509069340216122,0.015945917841647086
874,2,2,0.0077053223191995675,0.19451342575175554,0.7977812519290449
875,2,1,0.08284505717364675,0.6167195888771614,0.3004353539491919
876,0,0,0.7189832204521065,0.2563880783931873,0.0246287011547063
877,0,0,0.7812105201598732,0.2054093503759874,0.013380129464139398
878,0,0,0.6457123895162831,0.31766498996512116,0.036622620518595723
879,1,1,0.2922256291278971,0.6668806740708423,0.04089369680126071
880,0,0,0.9709141920755063,0.02796188780980353,0.0011239201146900015
881,0,0,0.9944066055814001,0.005533115459250261,6.027895934969329e-05
882,2,2,0.011847770163290215,0.35478683206934103,0.6333653977673688
883,0,0,0.9909404418516353,0.008978701596558879,8.085655180584668e-05
884,0,1,0.3616352034253811,0.5827411072932949,0.05562368928132399
885,0,0,0.9411018309655418,0.053877488924434336,0.005020680110023887
886,2,2,0.0001919580400420836,0.010074845221119622,0.9897331967388383
887,1,1,0.18415255209485326,0.7004071908086517,0.11544025709649518
888,2,1,0.07463187632191116,0.506538006049015,0.4188301176290739
889,1,1,0.35032157838418315,0.5275969169734226,0.12208150464239426
890,1,1,0.1687693388440144,0.608339203945345,0.22289145721064055
891,1,2,0.16704503644536425,0.2726788525046019,0.5602761110500339
892,1,0,0.5087330847266915,0.47725363729420966,0.01401327797909877
893,1,1,0.16809023288893468,0.6301417925553431,0.20176797455572218
894,2,2,0.0030719926938349035,0.16459134186457766,0.8323366654415875
895,1,1,0.36798393274415747,0.5694391742268086,0.06257689302903387
896,2,2,0.011072560410826899,0.2259083141164547,0.7630191254727183
897,2,1,0.21442801370893796,0.5420558330494142,0.2435161532416478
898,2,2,0.009035536187226698,0.19178790826177436,0.799176555550999
899,1,1,0.047807920758959295,0.5543005248272074,0.39789155441383334
900,0,0,0.6354250177385027,0.35581047313965597,0.008764509121841417
901,0,1,0.2631457813910303,0.6795851760337106,0.05726904257525907
902,1,0,0.6991050901832438,0.279868327734807,0.021026582081949144
903,1,1,0.13543545873343743,0.4793672318672379,0.3851973093993247
904,1,0,0.6940833384344511,0.271827610623428,0.03408905094212094
905,1,1,0.08909667284308054,0.6804338048876564,0.23046952226926312
906,0,0,0.7727057116017473,0.22362830801044736,0.00366598038780534
907,1,1,0.2028939810001289,0.6814184659147146,0.11568755308515662
908,0,0,0.8698224619776405,0.12196444537340193,0.008213092648957684
909,1,1,0.1314791325567901,0.6135751207390446,0.2549457467041652
910,2,2,0.02574650389394772,0.3738761987180921,0.6003772973879602
911,1,1,0.15379106008657834,0.5792931124918921,0.26691582742152964
912,1,0,0.5057191934857203,0.4581042960486726,0.03617651046560707
913,0,0,0.9819653225193086,0.016982474489304216,0.0010522029913872695
914,1,1,0.40290550531338154,0.5159822826510471,0.08111221203557151
915,0,1,0.16764748427214177,0.6522318643890164,0.18012065133884184
916,0,0,0.9431382370699304,0.05486836082102581,0.0019934021090439007
917,0,0,0.9817546490929836,0.01808333919706166,0.00016201170995488066
918,1,1,0.30675785766835895,0.5940762887750992,0.09916585355654184
919,2,1,0.36021561031074517,0.5639342856260542,0.07585010406320072
920,2,1,0.1679860800989291,0.6575681033595591,0.17444581654151187
921,2,2,0.0017824801608106134,0.049443743773225884,0.9487737760659636
922,2,2,0.0027875418649503723,0.08581632744706298,0.9113961306879865
923,0,0,0.6064359272723348,0.35123323058804135,0.042330842139623834
924,0,0,0.9816539240525677,0.018106517017065834,0.00023955893036670117
925,0,0,0.7304266039328722,0.2546008184148563,0.01497257765227156
926,1,1,0.2148058269999442,0.6305424906127887,0.1546516823872672
927,0,0,0.6863005027225346,0.306623351435938,0.007076145841527311
928,0,0,0.8923528958637952,0.10329624126286224,0.004350862873342752
929,1,1,0.3922253159430091,0.5581291491743983,0.049645534882592726
930,0,0,0.834830422698515,0.1610074322097905,0.004162145091694586
931,2,2,0.00983186470016309,0.3666537062407197,0.6235144290591172
932,2,1,0.09387355113930257,0.5759726214837817,0.3301538273769158
933,0,0,0.9968937936220179,0.0030511062139579738,5.510016402420487e-05
934,1,1,0.14573081621494355,0.5560276515201328,0.2982415322649236
935,0,0,0.8233160098632012,0.17111266580333426,0.0055713243334646785
936,0,0,0.5309125224636569,0.41121120328997374,0.05787627424636926
937,2,2,0.01761330444174428,0.2902875336295872,0.6920991619286686
938,0,0,0.9588129915914725,0.039859776620183966,0.0013272317883435164
939,0,1,0.43642860432770164,0.4656609611601451,0.09791043451215313
940,0,0,0.9566823395279266,0.04269939720060525,0.0006182632714680959
941,0,1,0.37850071238056443,0.5857880019741704,0.03571128564526525
942,0,1,0.18457346781800563,0.5319263284735174,0.283500203708477
943,2,1,0.2127208155559694,0.5160722402250506,0.27120694421898
944,0,0,0.9628666794547922,0.0344336785985826,0.0026996419466252734
945,2,2,0.05693625940151545,0.4340430902039098,0.5090206503945748
946,2,2,0.024743789984150142,0.2633835192277304,0.7118726907881194
947,0,0,0.9530954487009504,0.04595439513814244,0.0009501561609071545
948,1,1,0.17442194115710855,0.7857898167790528,0.039788242063838665
949,0,0,0.8733849168894422,0.12192691915983238,0.0046881639507253235
950,0,0,0.955633276522678,0.04275501018518566,0.0016117132921362183
951,0,0,0.5460392103248518,0.3868779596825078,0.0670828299926404
952,1,1,0.22024603136296592,0.6081079919466098,0.1716459766904242
953,1,1,0.08364372149577419,0.4841397710411641,0.4322165074630617
954,0,0,0.9036013325030634,0.0900828036509795,0.00631586384595706
955,2,1,0.0630443711914546,0.5104863514723825,0.426469277336163
956,2,1,0.4480188068959106,0.4579354227555329,0.09404577034855645
957,0,0,0.8950745148281296,0.10359541706753439,0.0013300681043359075
958,1,1,0.04192867416584023,0.5238132278092461,0.43425809802491366
959,2,2,0.0010079641285139925,0.06194424334896264,0.9370477925225235
960,2,1,0.14877272593812002,0.5661448193812009,0.2850824546806791
961,0,0,0.5734913366016907,0.39302376711755593,0.03348489628075338
962,0,0,0.7404241780477273,0.24096628480398366,0.018609537148288866
963,2,2,0.002924501297568033,0.07677867227698264,0.9202968264254493
964,0,0,0.7300292644780765,0.25902729558673987,0.010943439935183714
965,0,0,0.6877271895452403,0.28698986795625014,0.02528294249850968
966,1,1,0.06729350793263435,0.5279347675022609,0.4047717245651047
967,1,0,0.49501959775522225,0.4304597623626459,0.07452063988213178
968,0,0,0.6537152502218629,0.3222200637027187,0.024064686075418482
969,1,1,0.35928340589649516,0.5906853343319425,0.05003125977156229
970,1,1,0.38579549485217596,0.47511235287313697,0.13909215227468716
971,0,0,0.996126517967328,0.0038013620033043117,7.21200293676061e-05
972,0,0,0.9946948880324893,0.005227000831926594,7.811113558427113e-05
973,1,1,0.3143976902073457,0.578401710881787,0.10720059891086725
974,2,1,0.06637969851147206,0.48699717826583855,0.4466231232226894
975,1,2,0.09923762816610478,0.21507239981341134,0.6856899720204839
976,1,1,0.19747605231687476,0.6842888668344796,0.11823508084864552
977,0,0,0.9719276667532017,0.027404864437251496,0.0006674688095467159
978,0,0,0.9928077953637268,0.007099027821572451,9.317681470089344e-05
979,2,1,0.014736347154449625,0.6490479051029496,0.33621574774260066
980,0,0,0.9560412550988168,0.04274367888219296,0.0012150660189903337
981,0,0,0.7520046364639883,0.23440869177422927,0.01358667176178228
982,0,0,0.9433375340298255,0.054585440467689254,0.0020770255024852966
983,2,1,0.12097962387840167,0.6002355442762735,0.2787848318453248
984,2,2,0.00037404485730659456,0.03856033304236521,0.9610656221003282
985,0,0,0.92026565783421,0.0781377651995854,0.0015965769662045623
986,2,2,0.0009669976717849654,0.06785882316547999,0.9311741791627351
987,0,0,0.8975863450652642,0.0941138908135831,0.008299764121152818
988,1,0,0.49145624779334235,0.3527316786898982,0.15581207351675933
989,0,0,0.9817839332202604,0.017818652487048496,0.0003974142926909673
990,0,0,0.5467748423940043,0.42197436569663394,0.03125079190936174
991,2,2,0.0038809203852730365,0.17911494449217524,0.8170041351225517
992,0,0,0.9906341474964054,0.009250067858089874,0.0001157846455046197
993,1,1,0.2471252451048469,0.5984749111129165,0.1543998437822366
994,0,0,0.7264229412699104,0.2438645266160526,0.029712532114037137
995,1,0,0.7336797049260501,0.23478974061871344,0.03153055445523655
996,0,0,0.8548130607595038,0.13458614784230086,0.010600791398195248
997,0,0,0.9565556241278917,0.042403020490760786,0.0010413553813473204
998,1,1,0.22590853753236947,0.6114571779737126,0.16263428449391795
999,1,1,0.16767684362862847,0.5838195944464944,0.2485035619248772
1000,1,1,0.29117349780260177,0.5772338230083383,0.13159267918905995
1001,1,1,0.3335920181411073,0.35495760498676476,0.31145037687212795
1002,0,0,0.9860199790801963,0.013716860932556507,0.0002631599872472134
1003,0,1,0.42282816347412266,0.4510620290834983,0.12610980744237907
1004,0,0,0.9706834096218835,0.028609936108462283,0.0007066542696541932
1005,1,1,0.09700624032317325,0.5711084821227146,0.3318852775541121
1006,0,1,0.4187456619187291,0.5359888993518541,0.045265438729416796
1007,2,2,0.008011914722007064,0.16405239615666745,0.8279356891213255
1008,2,2,0.0011681837458188647,0.08355815059374826,0.9152736656604328
1009,1,1,0.12293044445836068,0.7678934905725948,0.10917606496904449
1010,0,0,0.9679348978483523,0.031057416000462572,0.0010076861511850773
1011,1,0,0.6008457880057863,0.36606627189966584,0.033087940094547956
1012,2,1,0.1740367619632775,0.6373315821180576,0.1886316559186649
1013,1,1,0.1318420441054221,0.6712627355896482,0.19689522030492962
1014,2,2,0.041492919921919114,0.4087782134077273,0.5497288666703536
1015,0,0,0.5462812037832461,0.39985799947854705,0.05386079673820691
1016,2,2,0.02109721100501064,0.3991187855415912,0.5797840034533982
1017,0,1,0.24176067090235762,0.6275472570310765,0.13069207206656586
1018,0,1,0.4247960330278614,0.5199170767336152,0.055286890238523456
1019,2,1,0.11379142857148733,0.6167509841913525,0.2694575872371602
1020,0,0,0.9804330640061227,0.019081021694702043,0.0004859142991753025
1021,2,2,0.004504133197098745,0.21338493940997572,0.7821109273929255
1022,1,1,0.1744901880263653,0.5484104594399807,0.2770993525336541
1023,1,1,0.1751882877564482,0.6812797854665296,0.14353192677702206
1024,1,1,0.38482820061522705,0.5429743115691821,0.07219748781559077
1025,2,1,0.044564947447063304,0.6096250684974358,0.34580998405550095
1026,0,0,0.8750412265046064,0.11947339972121966,0.005485373774174017
1027,0,1,0.10056292689517289,0.6953403852537461,0.20409668785108098
1028,1,1,0.07290385277297362,0.5336246460350222,0.3934715011920041
1029,2,1,0.05615377645592497,0.6409720972989603,0.3028741262451147
1030,0,0,0.8146754688966621,0.17363570262467617,0.011688828478661746
1031,1,1,0.2857940600279736,0.5845731786423408,0.12963276132968563
1032,0,0,0.9894496708566806,0.010346210242982093,0.00020411890033718218
1033,2,2,0.012709949005290532,0.25017249572005784,0.7371175552746515
1034,1,1,0.22040021736497856,0.6616447391519741,0.11795504348304728
1035,0,0,0.6209965345307634,0.32899684369671445,0.050006621772522186
1036,1,0,0.6323373037636326,0.2925004165992587,0.07516227963710873
1037,1,1,0.08096586380712617,0.7673176936680575,0.15171644252481642
1038,2,1,0.04596965216510802,0.5601933532418883,0.3938369945930037
1039,0,0,0.9142852013079646,0.08401260190782725,0.0017021967842081988
1040,0,0,0.733024274272938,0.2529068783718253,0.01406884735523668
1041,1,0,0.6644291720025864,0.27426761194028854,0.06130321605712499
1042,1,1,0.10343179174495298,0.5633743135239467,0.33319389473110034
1043,1,0,0.5107007317658832,0.3984726626516932,0.09082660558242364
1044,0,0,0.996746844899308,0.003189248299014719,6.390680167719034e-05
1045,0,0,0.888135675754064,0.10864504618157443,0.0032192780643617415
1046,1,1,0.42638652683438166,0.48060618509973346,0.09300728806588486
1047,2,1,0.1525472926406706,0.6453562312417566,0.20209647611757295
1048,1,1,0.15162552000334342,0.6729422736418236,0.17543220635483306
1049,0,0,0.5794926467914501,0.398967430159788,0.021539923048761955
1050,0,0,0.8448832258719011,0.147225069322954,0.007891704805144917
1051,2,1,0.04766973679079685,0.5686956200737395,0.3836346431354635
1052,0,0,0.5324607607990525,0.42223268566051175,0.04530655354043578
1053,0,0,0.9664282294034747,0.0328692455405721,0.0007025250559531124
1054,2,1,0.07804087635006395,0.5124300980622507,0.4095290255876854
1055,0,0,0.7953261584379153,0.18508982733665802,0.019584014225426667
1056,2,1,0.017668877193248216,0.6008198333395595,0.3815112894671923
1057,2,1,0.07884444444469813,0.6135066149021524,0.30764894065314935
1058,0,0,0.7638225583886515,0.21399040605755848,0.02218703555378992
1059,0,0,0.5824088359169466,0.3804481778985157,0.037142986184537805
1060,0,0,0.9449233643850895,0.053749287696438136,0.001327347918472316
1061,0,1,0.40784616661065615,0.5593156488027539,0.032838184586590005
1062,0,0,0.852643702027666,0.12480332787369526,0.02255297009863877
1063,0,0,0.9838104657808903,0.015953545404748765,0.00023598881436100313
1064,1,1,0.17883326147922857,0.6947935090088377,0.1263732295119336
1065,0,0,0.9935037139066754,0.006305645908129843,0.00019064018519486046
1066,1,1,0.24347376310286611,0.6057381721141906,0.15078806478294338
1067,2,2,0.011484633359954347,0.3923427870885645,0.5961725795514812
1068,0,0,0.8788290995640484,0.1163465568881556,0.00482434354779596
1069,0,0,0.5248766390904941,0.42536552906936104,0.04975783184014488
1070,0,0,0.8130120465701006,0.16474012315902245,0.02224783027087707
1071,0,0,0.5216331137240672,0.4050177661439456,0.07334912013198729
1072,1,1,0.17423823407203973,0.6197392168155975,0.2060225491123627
1073,0,1,0.38497203738142827,0.4043450266788015,0.21068293593977025
1074,0,0,0.8550494226740187,0.13925460129507894,0.005695976030902252
1075,1,1,0.3132373065582865,0.44035974154108315,0.24640295190063047
1076,1,0,0.613098798852491,0.3569890352259858,0.029912165921523227
1077,2,2,0.030712487795207084,0.3568622796958142,0.6124252325089787
1078,0,0,0.9519403802408647,0.04738012147982232,0.000679498279313016
1079,1,0,0.502948355310809,0.42927831749536455,0.06777332719382659
1080,0,0,0.8269605967981457,0.1623274712601135,0.010711931941740808
1081,2,1,0.09300624918515048,0.5099031503629927,0.39709060045185696
1082,0,1,0.39990865640266116,0.548132562047902,0.051958781549437
1083,0,1,0.24927875135319363,0.4881413446443754,0.26257990400243086
1084,2,2,0.0003968737049670466,0.042859469312148735,0.9567436569828842
1085,2,1,0.09717655364809041,0.5981164366349816,0.304707009716928
1086,0,0,0.8859697873878204,0.11084493093121447,0.003185281680965008
1087,1,1,0.09426547928377887,0.5611648963678447,0.34456962434837635
1088,1,1,0.2898362872381923,0.558767283902759,0.1513964288590486
1089,0,1,0.45708656640859013,0.5052812395032845,0.037632194088125334
1090,1,0,0.6470190230332302,0.30185825364125907,0.051122723325510586
1091,0,0,0.7183677520390691,0.24953883364171067,0.032093414319220304
1092,1,0,0.4810056907614707,0.4694188104140094,0.04957549882451996
1093,2,1,0.3863909223282567,0.505449743849172,0.10815933382257133
1094,0,0,0.9359084942821941,0.05978911893351658,0.004302386784289403
1095,1,1,0.2899121261324627,0.5268243527446359,0.18326352112290142
1096,0,1,0.4125933593874154,0.4446353464598987,0.14277129415268586
1097,0,0,0.9596492070754984,0.03992757266183629,0.0004232202626653678
1098,2,2,0.002105169638411487,0.08712612997053307,0.9107687003910555
1099,2,2,0.037637945646473006,0.4648419552985526,0.4975200990549744
1100,0,0,0.8778537080578867,0.10890805576039399,0.013238236181719362
1101,2,1,0.26273538570182237,0.4235783325949213,0.3136862817032564
1102,1,1,0.1824279344141423,0.763337615780989,0.05423444980486872
1103,0,0,0.7159728339974062,0.2714383227883093,0.012588843214284468
1104,1,1,0.3373820994270875,0.4873895487048554,0.17522835186805713
1105,0,0,0.9930500993393616,0.006849033631437505,0.00010086702920096707
1106,1,1,0.20676027600840158,0.7100952145881333,0.08314450940346513
1107,1,1,0.20081546784168186,0.6717440966816149,0.12744043547670314
1108,1,1,0.42190718798585525,0.5392781369143372,0.03881467509980759
1109,0,1,0.2209112866093893,0.6621586357164894,0.11693007767412142
1110,1,1,0.17330864387205827,0.5983830945174349,0.22830826161050694
1111,2,1,0.19069503994827733,0.6087173490382259,0.20058761101349684
1112,2,2,0.00716658202000657,0.22322410792857594,0.7696093100514174
1113,1,1,0.3015011400472462,0.6140873468218738,0.0844115131308799
1114,1,1,0.09674360010568686,0.5634661188099156,0.33979028108439746
1115,1,1,0.17602654770548293,0.6981382657437061,0.12583518655081097
1116,0,0,0.9281978074174908,0.06838625067003386,0.0034159419124753457
1117,0,1,0.33952251413110973,0.533772601565469,0.12670488430342122
1118,2,1,0.3000432202086943,0.6065815683565796,0.09337521143472614
1119,0,0,0.975638961636918,0.023794360768931936,0.0005666775941501672
1120,1,1,0.25061512094924354,0.6887518009469503,0.0606330781038061
1121,0,0,0.6062177243924275,0.35662217712743605,0.037160098480136405
1122,1,1,0.4524999377310678,0.5088912346533456,0.03860882761558664
1123,0,0,0.9741908316264326,0.0249601212359121,0.0008490471376554247
1124,1,2,0.07045543630680177,0.4116155604749393,0.5179290032182589
1125,0,0,0.8927456473249727,0.10423631404517313,0.003018038629854168
1126,1,1,0.28138644421392595,0.5577075045990175,0.16090605118705645
1127,1,1,0.23647081489659832,0.6185552585121947,0.14497392659120686
1128,1,0,0.7974445071158044,0.1747883695743132,0.027767123309882475
1129,0,1,0.26516296177266074,0.523162853150022,0.21167418507731725
1130,0,0,0.9889505183285704,0.0109270995331059,0.00012238213832364194
1131,0,0,0.8831229957310407,0.11409021791653592,0.0027867863524234718
1132,0,0,0.5159877949224642,0.4527771284081169,0.03123507666941894
1133,0,0,0.5726396735448254,0.38662552307341913,0.04073480338175563
1134,2,2,0.0022966588684861433,0.08352616567637611,0.9141771754551377
1135,1,1,0.21636212283980438,0.6552086094715027,0.1284292676886929
1136,2,2,0.0002583518613642943,0.01512319652432524,0.9846184516143104
1137,1,1,0.134035502846407,0.5760183927680843,0.2899461043855087
1138,2,2,0.027644190743229474,0.34624982208947924,0.6261059871672913
1139,0,0,0.8043185333102609,0.18564463736691825,0.010036829322820838
1140,1,2,0.010794564997210142,0.23415069261229407,0.7550547423904957
1141,0,0,0.6573406523850306,0.3336963613818713,0.008962986233098113
1142,0,0,0.6379819220663309,0.3374580845323126,0.02455999340135666
1143,2,2,0.010805338526341383,0.17805294426721505,0.8111417172064435
1144,0,0,0.9527312247153925,0.04674465665596807,0.0005241186286394122
1145,1,1,0.10405158925613406,0.6770206390500938,0.21892777169377223
1146,2,2,0.020522154673992328,0.32683982760321656,0.6526380177227911
1147,0,0,0.666661478901069,0.3008503848073482,0.03248813629158277
1148,1,1,0.05663224353710885,0.5365205539996898,0.4068472024632014
1149,2,1,0.04104854217602332,0.4930360176023366,0.46591544022164
1150,2,2,0.0005771195555399518,0.060350535084597465,0.9390723453598627
1151,1,1,0.21374498752373605,0.645844548930191,0.14041046354607287
1152,2,2,0.0005096547181725969,0.018844927646270725,0.9806454176355566
1153,0,0,0.6670407707021029,0.32094097679310196,0.012018252504795119
1154,1,1,0.2281870544923286,0.6149454041046123,0.1568675414030592
1155,2,2,0.00639412180011137,0.28388379026069627,0.7097220879391923
1156,0,0,0.8987768796180688,0.09768694351545655,0.0035361768664745846
1157,2,2,0.005695102244012343,0.2022383551428695,0.7920665426131182
1158,2,1,0.04856368635620758,0.5090602369737889,0.44237607667000356
1159,1,1,0.4694717888161645,0.48870516913025386,0.041823042053581554
1160,0,1,0.1961754322840129,0.4946424104958372,0.3091821572201499
1161,0,0,0.8554628050065538,0.13807198789391548,0.006465207099530861
1162,1,0,0.8385904238139806,0.156475518145219,0.0049340580408005095
1163,1,1,0.2403358860583163,0.6002754839231361,0.15938863001854756
1164,2,1,0.1024517259358984,0.5531327587352834,0.34441551532881814
1165,0,0,0.711796846875795,0.25651589930084373,0.031687253823361135
1166,1,0,0.6184986885497022,0.36398548487429633,0.017515826576001512
1167,1,0,0.8663571078187406,0.12997640185935885,0.0036664903219005224
1168,0,0,0.8216090035475038,0.1619740055076076,0.016416990944888698
1169,0,0,0.9856786390535338,0.014192697641859979,0.00012866330460622983
1170,2,2,0.0010968234417704495,0.05838678504113525,0.9405163915170943
1171,0,0,0.8498960570425994,0.14088192061341015,0.009222022343990565
1172,0,0,0.9496570873080402,0.04900398765915273,0.001338925032806982
1173,2,2,0.02569075638315205,0.35201071649498455,0.6222985271218634
1174,2,2,0.008714704732928366,0.19116795041512707,0.8001173448519445
1175,1,0,0.5869565791152861,0.37377421613764916,0.03926920474706484
1176,2,2,0.006752715276385078,0.1373110637174591,0.8559362210061557
1177,1,2,0.022108794550110538,0.45393847687809064,0.5239527285717989
1178,1,1,0.18815480217750905,0.6753350879023139,0.136510109920177
1179,0,0,0.5937278049309016,0.37375800116965735,0.032514193899440984
1180,1,1,0.08127627351113689,0.7909022349285256,0.1278214915603375
1181,1,0,0.4562867973514467,0.45375304894143487,0.08996015370711843
1182,1,0,0.49179136405628043,0.4743670187926206,0.03384161715109906
1183,0,0,0.9549239153601446,0.04423371394157356,0.000842370698281685
1184,0,1,0.40817343964005937,0.5204534522049437,0.07137310815499684
1185,1,1,0.2727310878673901,0.5542725356306718,0.1729963765019381
1186,2,1,0.056542296863221354,0.49875359363638166,0.44470410950039696
1187,1,1,0.38324266474002583,0.49052165688723803,0.1262356783727361
1188,1,1,0.22255786328324506,0.6402407401977198,0.13720139651903512
1189,0,0,0.6324248000547396,0.34858565271603037,0.018989547229230016
1190,2,2,0.023341560790699628,0.40468513355804414,0.5719733056512563
1191,1,1,0.053278505866425345,0.7711241005291586,0.17559739360441606
1192,0,0,0.48386920885768747,0.4717958305299519,0.0443349606123606
1193,0,1,0.36769198642817824,0.5892412790266067,0.04306673454521491
1194,1,1,0.30654520770783283,0.5755886864259759,0.11786610586619126
1195,0,0,0.9648397849410769,0.03457658811977547,0.0005836269391475909
1196,0,1,0.38699471486399406,0.5460699910002517,0.0669352941357542
1197,0,1,0.2611177561717787,0.4683953982130096,0.2704868456152117
1198,0,0,0.9673514307371984,0.03229093380272807,0.0003576354600733769
1199,1,1,0.4000809463947371,0.5421814005217783,0.05773765308348443
1200,1,2,0.017618644628107378,0.38236113712921466,0.600020218242678
1201,0,0,0.9267753675918737,0.07136889580111216,0.0018557366070141104
1202,0,0,0.7589164294391769,0.2146695082172056,0.02641406234361741
1203,1,0,0.7606028577350702,0.22538067288131597,0.014016469383613728
1204,0,0,0.8411299325769417,0.1516342954223595,0.007235772000698788
1205,0,0,0.9434859633053304,0.05487957340543134,0.0016344632892381754
1206,2,2,0.0004268279460502276,0.0202611832522847,0.979311988801665
1207,2,2,0.04266320209703301,0.34116059370648183,0.6161762041964851
1208,1,1,0.10221902246943126,0.6954619889422479,0.20231898858832081
1209,2,2,0.20257806031948714,0.39396276645761313,0.40345917322289976
1210,1,1,0.18729545076968937,0.6954857104222137,0.11721883880809675
1211,1,2,0.03708224321353317,0.4628184122055235,0.5000993445809434
1212,1,2,0.07382372302536999,0.38654374295503385,0.5396325340195962
1213,1,1,0.031078634140133527,0.5149846957797954,0.453936670080071
1214,0,0,0.6829801959526977,0.28032766005591125,0.03669214399139115
1215,0,0,0.8810915904410656,0.1157922314391891,0.003116178119745452
1216,2,1,0.019986641215191,0.5265821530349809,0.4534312057498281
1217,2,1,0.3813380930309725,0.45022551208497996,0.16843639488404744
1218,1,0,0.826256465114436,0.1678363859034543,0.005907148982109806
1219,0,0,0.9616772638247757,0.03728037001525668,0.0010423661599676263
1220,0,0,0.8866951334668803,0.1113252012534097,0.001979665279710067
1221,0,0,0.6819734454653181,0.28500364859675825,0.03302290593792356
1222,0,0,0.615044148136931,0.35344284540976345,0.03151300645330561
1223,1,2,0.30086785146239564,0.3237574608222713,0.3753746877153331
1224,1,0,0.5165714731906618,0.43739042149046625,0.046038105318871904
1225,1,1,0.3270646802136487,0.5689082333031077,0.10402708648324356
1226,0,0,0.9631358488944058,0.03504369960275212,0.0018204515028421994
1227,1,1,0.2924852857095034,0.6673103632581502,0.04020435103234626
1228,0,0,0.6899012500852751,0.2972311820186651,0.012867567896059714
1229,2,2,0.03938911156957391,0.3601097767982364,0.6005011116321898
1230,1,1,0.11261635844957026,0.5457756456029235,0.34160799594750624
1231,0,0,0.830936507064181,0.15529559821114436,0.01376789472467452
1232,1,1,0.41663026693435085,0.5072834599585265,0.07608627310712265
1233,1,1,0.29995039232541365,0.6392247952339288,0.06082481244065749
1234,1,1,0.22022561188659823,0.6026994970996827,0.17707489101371904
1235,2,2,0.015403923424678941,0.3341976564162012,0.65039842015912
1236,0,1,0.2691141170218491,0.6545879915411867,0.07629789143696412
1237,0,0,0.7586585961987693,0.2149189811093549,0.02642242269187575
1238,0,0,0.6135922588850791,0.31702036923927546,0.0693873718756455
1239,1,1,0.2905977535283618,0.5613089260699757,0.14809332040166243
1240,0,0,0.7245111111927218,0.26579834353323123,0.00969054527404708
1241,0,1,0.276938316951357,0.5733065210439554,0.14975516200468753
1242,0,1,0.3155244568434924,0.5633112629210763,0.12116428023543135
1243,0,0,0.6894809308940345,0.29961288403885605,0.010906185067109426
1244,0,0,0.7699463217861628,0.2217072207690613,0.008346457444775841
1245,0,1,0.380048091939766,0.524288199888332,0.09566370817190195
1246,0,1,0.36612351315076097,0.578028574188816,0.05584791266042305
1247,2,2,0.008239503842026387,0.25682960396139115,0.7349308921965825
1248,2,2,0.005654161084769052,0.1517936367784638,0.8425522021367672
1249,1,1,0.2854592980093474,0.44014826746918567,0.27439243452146694
1250,1,1,0.3055384057311592,0.6114487580627783,0.08301283620606258
1251,0,0,0.900836451169389,0.09016151202268402,0.009002036807927079
1252,1,0,0.5660841101683998,0.37092956982464637,0.06298632000695376
1253,0,0,0.8027055384389334,0.1767733263959448,0.02052113516512171
1254,1,1,0.04517216686716965,0.6024733455522677,0.3523544875805626
1255,0,0,0.970620135751661,0.02908471783581525,0.0002951464125236718
1256,1,1,0.0862017051274794,0.7794151727446575,0.13438312212786316
1257,0,0,0.4902615811031278,0.46245135055734865,0.04728706833952351
1258,1,1,0.13047906253496497,0.47427307117731615,0.39524786628771885
1259,1,1,0.05785441443936331,0.5561836641439963,0.3859619214166402
1260,1,0,0.5402822630099233,0.428815063465996,0.03090267352408074
1261,1,1,0.07768772565083477,0.5422986806083601,0.3800135937408052
1262,0,0,0.6934835117082221,0.290336943046827,0.016179545244950976
1263,0,0,0.8216802004922457,0.16453257729298723,0.013787222214767183
1264,0,0,0.9155575496614614,0.08311643502440112,0.0013260153141374193
1265,0,0,0.9917188512138783,0.008114129199864161,0.0001670195862575037
1266,1,1,0.297465482886056,0.5063299605318257,0.19620455658211836
1267,0,1,0.41708336391746087,0.5473127065589006,0.0356039295236385
1268,0,0,0.9517348149541484,0.04610664884811361,0.0021585361977379583
1269,1,1,0.41459490464676724,0.4930984400840989,0.09230665526913397
1270,0,0,0.6727582117070795,0.30225621773737027,0.024985570555550243
1271,0,0,0.8624921032072109,0.13391162022603292,0.0035962765667561136
1272,2,2,0.03933150696501334,0.43643386614802687,0.5242346268869599
1273,1,0,0.5155541005131961,0.4389358777523834,0.04551002173442059
1274,0,0,0.8444203719016352,0.1484824308863555,0.007097197212009423
1275,0,0,0.9767570021580488,0.022802276630221618,0.000440721211729582
1276,0,0,0.9738480582569391,0.025698714871684965,0.00045322687137612765
1277,0,0,0.9469269287408243,0.0511913200569946,0.0018817512021809943
1278,0,0,0.8084906488409638,0.18754091138039403,0.0039684397786420925
1279,1,1,0.4128187654479731,0.425589484084673,0.16159175046735388
1280,1,0,0.5686912287076493,0.38482550596800663,0.04648326532434404
1281,0,0,0.7332788778324077,0.2560635443286665,0.010657577838925745
1282,0,0,0.6708278606938116,0.2931247131108034,0.03604742619538503
1283,0,0,0.9731535345959649,0.0259277461991893,0.0009187192048458939
1284,0,0,0.9845696052309533,0.01508825529026821,0.0003421394787786782
1285,2,1,0.06526408659346941,0.5458561306297354,0.38887978277679514
1286,1,1,0.08095637063584019,0.5528078248915339,0.366235804472626
1287,1,1,0.06792515624669038,0.4826427261014539,0.4494321176518557
1288,0,0,0.9520822413036313,0.046432462853242575,0.0014852958431263038
1289,0,0,0.8652503540362098,0.13080557299095424,0.003944072972835923
1290,0,0,0.7193379306745817,0.25784000090104586,0.022822068424372347
1291,0,0,0.7018082881254507,0.278979765364442,0.01921194651010737
1292,0,1,0.37362864860842415,0.5333908495794077,0.09298050181216792
1293,0,0,0.9707078381752872,0.028344353834656,0.0009478079900570089
1294,1,1,0.36385311046998325,0.5086626111525503,0.12748427837746654
1295,1,1,0.20395795037772124,0.6307015148819984,0.16534053474028046
1296,1,1,0.05647791872467399,0.48885623809264445,0.45466584318268155
1297,0,0,0.8867523144548499,0.09833752646351299,0.014910159081637024
1298,1,0,0.7462516303913561,0.2418993542322757,0.011849015376368245
1299,0,0,0.9560881416323506,0.04243455974979985,0.001477298617849548
1300,2,2,0.0014856539469391954,0.07424163858552565,0.9242727074675351
1301,1,1,0.17246043808390657,0.6295567973559264,0.19798276456016706
1302,0,0,0.7745862149676446,0.21107491310775583,0.014338871924599726
1303,1,1,0.19698305622510465,0.6815005816787887,0.1215163620961066
1304,0,0,0.9295276538130393,0.06698837982157324,0.0034839663653876258
1305,0,0,0.9941597076593021,0.005781519248419407,5.8773092278327694e-05
1306,0,0,0.4852584003973342,0.46046029121545423,0.05428130838721143
1307,0,0,0.882543367529494,0.11198149550019999,0.005475136970306019
1308,0,0,0.7824933458776827,0.20561243452617198,0.01189421959614521
1309,2,2,0.009237904684742147,0.2868490370975497,0.7039130582177081
1310,2,1,0.14655036939311578,0.7717988893824179,0.08165074122446632
1311,0,0,0.901436906834373,0.09372661836774805,0.004836474797878826
1312,1,1,0.059929003035390414,0.5418762165828362,0.3981947803817734
1313,0,0,0.8528537200579824,0.14381499447125712,0.00333128547076036
1314,0,0,0.9818458385393298,0.01788406738351825,0.0002700940771519126
1315,1,1,0.4199543564775922,0.4980182346115466,0.08202740891086129
1316,1,1,0.06958158182405721,0.5730750401446912,0.3573433780312515
1317,2,2,0.025985198331801296,0.42847260910642476,0.5455421925617739
1318,1,1,0.09600207841570797,0.6896938013268099,0.21430412025748208
1319,2,1,0.027891912340438578,0.6443760588187084,0.3277320288408532
1320,0,0,0.9648419535835642,0.03455638424139674,0.0006016621750391967
1321,0,0,0.5976373232411324,0.3725130184116884,0.029849658347179182
1322,0,0,0.894731508429379,0.10205416161878064,0.003214329951840283
1323,1,2,0.034803333836456195,0.3258770789780012,0.6393195871855426
1324,1,1,0.2045131509569002,0.646062297763186,0.14942455127991375
1325,2,2,0.0009779156524847654,0.05497348026629925,0.9440486040812159
1326,1,1,0.3912498693970001,0.4561592748545972,0.15259085574840267
1327,2,1,0.10773049738889813,0.6054439563673768,0.28682554624372497
1328,0,0,0.8607302263854492,0.13456758690114914,0.004702186713401641
1329,1,1,0.30521061120677884,0.6200456021600419,0.07474378663317925
1330,0,0,0.9328424406935624,0.06597177982547908,0.0011857794809585873
1331,0,0,0.5461567917544595,0.40354023284054447,0.05030297540499607
1332,1,1,0.05920314914976209,0.4797440422837422,0.4610528085664958
1333,1,1,0.07911354265618947,0.5906137223070747,0.3302727350367359
1334,1,0,0.764399931997483,0.2078788017949946,0.027721266207522334
1335,2,2,0.03352569619487764,0.34571763956457063,0.6207566642405518
1336,2,2,0.007934922848517479,0.11090763242999778,0.8811574447214847
1337,0,1,0.18454876600499948,0.7413106277647816,0.07414060623021891
1338,1,1,0.26409404285076654,0.6162480112930306,0.11965794585620283
1339,1,1,0.3730645771301974,0.5159192455599332,0.1110161773098694
1340,2,1,0.07628283558677643,0.5927525704599413,0.3309645939532822
1341,0,0,0.9776701129466985,0.022033178661191904,0.00029670839210951344
1342,1,1,0.421117698840075,0.5474766622523292,0.031405638907595894
1343,1,1,0.18549217466957735,0.5981540865678373,0.21635373876258543
1344,1,0,0.5208632473682456,0.453385038877945,0.02575171375380932
1345,0,0,0.7164191847206698,0.2643291657471015,0.019251649532228823
1346,1,0,0.5801622143375804,0.35886000947248914,0.060977776189930395
1347,0,0,0.5724614021620366,0.4018580198216441,0.025680578016319344
1348,2,2,0.017411444609266264,0.37204247753271463,0.6105460778580192
1349,0,0,0.5108904689534184,0.44155704344131186,0.04755248760526981
1350,0,0,0.9515273354472726,0.047361598487071215,0.001111066065656048
1351,1,2,0.00972299630384703,0.3135945549834362,0.6766824487127168
1352,0,1,0.43754709065689085,0.5079180903051412,0.05453481903796788
1353,2,2,0.01193705627176558,0.20457394004454993,0.7834890036836846
1354,0,1,0.25529794771847314,0.5601693201554171,0.18453273212610977
1355,2,1,0.0799729374347732,0.6378771522487799,0.2821499103164469
1356,1,1,0.08684302082355175,0.5748906579705905,0.33826632120585787
1357,0,0,0.8114242988240064,0.17903623030772808,0.009539470868265613
1358,2,1,0.22843015928510077,0.6083237775163126,0.16324606319858664
1359,1,1,0.33443712279780546,0.6223033483943856,0.043259528807808915
1360,0,0,0.9716749051819953,0.027887321451958796,0.0004377733660460012
1361,0,0,0.9876450105992927,0.012178541123006682,0.00017644827770055198
1362,0,0,0.9348225217279201,0.06333034369473711,0.0018471345773427223
1363,0,0,0.9900734714423787,0.009788983394841317,0.0001375451627799918
1364,2,2,0.030457105030450467,0.35089997218326224,0.6186429227862873
1365,2,2,0.0013060883260233983,0.06674724251509205,0.9319466691588846
1366,1,1,0.36858582526508016,0.5032775586637854,0.12813661607113438
1367,0,1,0.4299237793359323,0.5358058402257979,0.03427038043826985
1368,0,0,0.9024091581463316,0.09506683995025426,0.002524001903414094
1369,0,0,0.5660205970807475,0.39473460120425113,0.039244801715001394
1370,0,0,0.7723775610344541,0.21919048990555398,0.008431949059991993
1371,2,1,0.09057646681127653,0.5743195331686783,0.3351040000200452
1372,0,1,0.17203515290435215,0.6333791026634088,0.19458574443223894
1373,2,1,0.13821668389136466,0.5173675352692185,0.3444157808394169
1374,0,0,0.9768534892156552,0.022790522892096463,0.00035598789224827683
1375,0,0,0.5751411340343349,0.397710453166537,0.027148412799128156
1376,0,0,0.6644882626866823,0.31463626925380433,0.02087546805951341
1377,1,1,0.12930396911174152,0.6094178035655593,0.2612782273226992
1378,1,0,0.5858355081724547,0.38734865010353325,0.02681584172401212
1379,1,0,0.7462743051726709,0.22294393007585062,0.030781764751478403
1380,0,0,0.7215915542899989,0.2435374953973723,0.034870950312629004
1381,0,0,0.49688252934179267,0.4201998189396244,0.0829176517185829
1382,1,1,0.0391549181758734,0.5184094467569678,0.4424356350671587
1383,1,1,0.25795717531354495,0.5678308114196662,0.17421201326678878
1384,0,0,0.8998509867573221,0.09578931349566278,0.004359699747015149
1385,2,2,0.014170931209529641,0.3799218567595706,0.6059072120308998
1386,0,0,0.9850097748831195,0.01478550470480814,0.00020472041207222845
1387,0,1,0.22484117109192758,0.5863453678970445,0.18881346101102797
1388,0,0,0.9483717989149302,0.05090567334180878,0.0007225277432610343
1389,1,0,0.6373403077990212,0.31660093238568565,0.046058759815293344
1390,1,1,0.15075280316974338,0.7089426175181872,0.14030457931206936
1391,1,1,0.06752250627571758,0.6095850550765847,0.32289243864769773
1392,2,2,0.03259214345851179,0.3394489249644518,0.6279589315770363
1393,2,2,0.0011869135041557308,0.06051964188616472,0.9382934446096796
1394,1,0,0.5202195593912794,0.44452753392613575,0.0352529066825848
1395,1,1,0.16031004979280103,0.5356050088475174,0.3040849413596815
1396,2,1,0.15146659904646817,0.5849102189655669,0.2636231819879649
1397,0,1,0.18303436661702494,0.6124027453468294,0.20456288803614575
1398,1,1,0.37904493143310647,0.4866717258777791,0.13428334268911424
1399,0,0,0.790492153736907,0.2004581583932183,0.009049687869874702
1400,0,0,0.9666492012811869,0.03257977575000722,0.0007710229688059731
1401,2,1,0.16971503349244918,0.6700209861008674,0.16026398040668344
1402,1,1,0.3825344567832426,0.5729460731537266,0.04451947006303097
1403,1,1,0.19852518621149048,0.7000930449023338,0.10138176888617582
1404,0,1,0.098897098784071,0.5628514599220117,0.3382514412939174
1405,0,0,0.6126285114166495,0.37281596960319896,0.01455551898015163
1406,1,1,0.23156425199817537,0.5083376822821934,0.2600980657196311
1407,0,0,0.9553928942345586,0.04360780993427641,0.0009992958311649915
1408,0,1,0.46252014223305454,0.5047268369564565,0.032753020810489
1409,1,1,0.2056853084460253,0.5870128623279538,0.20730182922602086
1410,1,0,0.8092022495005896,0.16842434716856855,0.022373403330841715
1411,0,0,0.8541178583068342,0.14263717317048272,0.003244968522683122
1412,1,1,0.07905114699262757,0.5323855640738537,0.38856328893351877
1413,2,1,0.05263388988854694,0.5785016161596154,0.36886449395183774
1414,2,2,0.023464125456752402,0.42838966506342274,0.5481462094798248
1415,0,0,0.8139591355541819,0.1765312498224934,0.009509614623324694
1416,0,1,0.18547177432091594,0.7053678460865492,0.10916037959253484
1417,0,0,0.9489124235428218,0.04780154374286405,0.003286032714314253
1418,0,0,0.8690387065329831,0.12687415491812704,0.004087138548889929
1419,1,0,0.6081234814928538,0.360747761345337,0.03112875716180935
1420,1,1,0.12484107402921334,0.6671909519166632,0.20796797405412348
1421,0,0,0.9577514516118698,0.04175440308573749,0.0004941453023927305
1422,1,1,0.34699306632442445,0.5748671542651278,0.07813977941044764
1423,2,1,0.14513305228447054,0.5796315893450792,0.27523535837045016
1424,2,2,0.0042025008533785185,0.14020891541726982,0.8555885837293518
1425,0,0,0.5569024310717072,0.4068679467477837,0.03622962218050914
1426,1,0,0.485818591984367,0.4706926072088207,0.04348880080681237
1427,1,0,0.4767567600007654,0.4582651947615962,0.06497804523763835
1428,0,0,0.8688712497665885,0.12572252774547568,0.005406222487935859
1429,0,0,0.9825405765838514,0.01714903760723598,0.0003103858089125446
1430,1,2,0.05354830232082912,0.47228473370522384,0.47416696397394714
1431,0,0,0.836502834251299,0.15865287766814,0.004844288080561031
1432,1,1,0.09721178807961815,0.7274331917992417,0.17535502012114013
1433,1,0,0.6915136708827087,0.2920552120967908,0.01643111702050045
1434,2,2,0.002284426320782017,0.1068944612118096,0.8908211124674084
1435,1,1,0.3874214418053663,0.5321449383249189,0.08043361986971476
1436,1,0,0.5722269701680728,0.3940359850154104,0.03373704481651689
1437,2,1,0.19047099513133897,0.4624406076317887,0.3470883972368724
1438,0,0,0.7480716342889004,0.23087969618788579,0.02104866952321379
1439,1,1,0.3483037674644656,0.5893505397723648,0.06234569276316956
1440,0,0,0.8959801689469912,0.09995541703437587,0.0040644140186329265
1441,0,1,0.33563171461544933,0.5003466397103546,0.164021645674196
1442,2,2,0.00565366410263322,0.2302646440199716,0.7640816918773952
1443,0,0,0.8884736243098018,0.10452158010761699,0.007004795582581191
1444,2,2,0.036066331631133465,0.40789900692356357,0.556034661445303
1445,0,0,0.9181598807808283,0.07893590697850081,0.0029042122406706754
1446,1,0,0.5823762190117823,0.4026962533842154,0.014927527604002403
1447,2,2,0.01353538566954763,0.19840736579805773,0.7880572485323946
1448,1,1,0.3049269497333759,0.5959300358877933,0.09914301437883076
1449,0,1,0.4104858623125432,0.5313092003227463,0.05820493736471065
1450,0,1,0.2888082560605127,0.6280074360702589,0.08318430786922855
1451,1,1,0.16637069458816528,0.6249461624168389,0.20868314299499582
1452,1,1,0.05544325800013242,0.5818432585933054,0.3627134834065622
1453,0,0,0.9312577739397676,0.06813783861612345,0.000604387444109079
1454,1,0,0.5865466631776353,0.3741178468574437,0.03933548996492096
1455,1,1,0.07617933422054918,0.6208264287176734,0.30299423706177747
1456,0,0,0.9175181303165831,0.080026790687909,0.0024550789955078297
1457,0,1,0.19831926628075405,0.6883579243201912,0.1133228093990547
1458,0,0,0.8464057999572748,0.14828758548345208,0.005306614559273139
1459,0,0,0.7948843785058526,0.19153734630851654,0.013578275185630815
1460,0,0,0.9352917823263017,0.06328671442112083,0.0014215032525773763
1461,0,0,0.6324763636629671,0.31795715105730565,0.04956648527972729
1462,0,1,0.1684586918865922,0.6309486580893766,0.20059265002403123
1463,2,2,0.005352847251606483,0.12762041663886226,0.8670267361095313
1464,2,2,0.009538631029623986,0.4207450935019258,0.5697162754684502
1465,2,1,0.189812726283221,0.45628012364939335,0.35390715006738566
1466,1,1,0.38161779425908,0.4906612795429628,0.1277209261979572
1467,1,1,0.2908443305010258,0.5816107457533857,0.12754492374558848
1468,2,1,0.21493449827709257,0.5789290707306988,0.20613643099220877
1469,0,0,0.6292455674725129,0.34230471690461994,0.028449715622867123
1470,1,1,0.13872603035085543,0.5701040611038336,0.29116990854531105
1471,1,1,0.17358767298813457,0.6332595867692689,0.19315274024259652
1472,1,0,0.5800588578431753,0.3408153497923837,0.07912579236444096
1473,0,0,0.8660237651538728,0.12944650237090297,0.004529732475224148
1474,1,1,0.21228202634557058,0.6142943383905352,0.1734236352638942
1475,0,0,0.9965345437507878,0.0033660810745546896,9.937517465762767e-05
1476,0,0,0.8736394983817369,0.11969105907713372,0.006669442541129352
1477,0,0,0.7001014960884052,0.28253056262403575,0.017367941287559
1478,1,0,0.7544269107424816,0.2310557597267549,0.014517329530763507
1479,2,2,0.039043728823440614,0.36343306198885184,0.5975232091877076
1480,0,0,0.980484078410975,0.019232021979832443,0.00028389960919266143
1481,0,0,0.7562065327625117,0.22967272622438833,0.014120741013099892
1482,0,0,0.9394707019241638,0.0582289230407222,0.002300375035114023
1483,1,1,0.22802052649732332,0.6627981896005455,0.10918128390213125
1484,1,2,0.11007657098196882,0.3539607663124415,0.5359626627055898
1485,0,0,0.8885285005359109,0.10032579682248123,0.011145702641607799
1486,2,2,0.03183924263644186,0.46992885048858596,0.4982319068749721
1487,1,2,0.007925441586196381,0.33414796943138453,0.6579265889824192
1488,0,1,0.1075980357237009,0.6726453602070673,0.21975660406923178
1489,1,1,0.06487163894397503,0.480979412675104,0.45414894838092096
1490,1,2,0.020706770244038487,0.3827316192634833,0.5965616104924782
1491,1,1,0.21242909224642578,0.6824442025618495,0.10512670519172472
1492,0,0,0.5288255186063702,0.4434333768125936,0.02774110458103625
1493,0,0,0.65935798480623,0.31895411067052576,0.021687904523244192
1494,0,0,0.785048835196595,0.20975810984180188,0.0051930549616031225
1495,0,0,0.740244130429473,0.24414578576483117,0.015610083805695727
1496,0,0,0.6649680095085995,0.32296082948917487,0.012071161002225618
1497,0,0,0.8224966677245885,0.17456764617034123,0.002935686105070283
1498,0,0,0.8331210149014617,0.1561190022392095,0.010759982859328585
1499,2,1,0.0713346775516674,0.5962977337960229,0.33236758865230964
1500,0,0,0.6340899867238776,0.33214808048182115,0.03376193279430129
1501,1,2,0.01525116310680645,0.19786070609402873,0.7868881307991649
1502,1,1,0.18481973845035088,0.5947273914964747,0.22045287005317443
1503,1,1,0.1786435711306645,0.6711288825378631,0.15022754633147248
1504,0,0,0.9116541665615612,0.08608257346156566,0.0022632599768732382
1505,1,1,0.4313699671889101,0.514954410589396,0.053675622221694023
1506,0,0,0.7190249658887811,0.2600845385913576,0.02089049551986127
1507,1,1,0.17946652526303078,0.6864457580548213,0.1340877166821479
1508,1,1,0.298519289040676,0.5395494916615193,0.16193121929780468
1509,1,2,0.00887805688380161,0.1540020505997209,0.8371198925164774
1510,0,0,0.7577045380889157,0.2337046851116055,0.00859077679947888
1511,0,0,0.9948311552456085,0.005046641885967493,0.0001222028684238472
1512,0,0,0.7703797026315895,0.203835066759944,0.025785230608466398
1513,0,0,0.5305070256375961,0.44274863859203206,0.0267443357703718
1514,0,0,0.9990655493420769,0.0009243609910391729,1.0089666883927263e-05
1515,0,0,0.6993806215848605,0.2593997331963534,0.041219645218786224
1516,1,2,0.029814469787887952,0.33483995522894033,0.6353455749831717
1517,1,0,0.758705902690999,0.20926244522312273,0.03203165208587815
1518,0,0,0.889986132941508,0.10746913650688168,0.0025447305516102434
1519,1,1,0.11610387002334496,0.5911189677928556,0.2927771621837994
1520,1,1,0.3342838730936606,0.5432189656473579,0.12249716125898145
1521,0,0,0.9703186246171552,0.029287187983617364,0.0003941873992275225
1522,1,1,0.19645542474092184,0.6457131632964296,0.15783141196264866
1523,0,0,0.8364765649482876,0.15723805276861225,0.006285382283100169
1524,2,1,0.07876236489962367,0.7156989602072037,0.20553867489317262
1525,1,0,0.5151794552245684,0.40133260472153814,0.08348794005389337
1526,0,0,0.8816165719317175,0.11606966285325943,0.00231376521502306
1527,2,1,0.08590593638412443,0.6909710670160418,0.2231229965998337
1528,1,1,0.06885060539858633,0.6602959907564084,0.2708534038450052
1529,2,2,0.01631902564282281,0.39467795201172884,0.5890030223454483
1530,1,0,0.6803000784918903,0.2574898358211328,0.062210085686977015
1531,2,1,0.21015458256967712,0.47755514301963486,0.312290274410688
1532,0,0,0.7596371794123281,0.22464267800010115,0.015720142587570568
1533,1,1,0.3211421784108485,0.584814244034998,0.09404357755415342
1534,2,1,0.07196353471479801,0.4991371484918004,0.42889931679340154
1535,1,0,0.540370112047087,0.43545822454420796,0.024171663408705118
1536,0,0,0.8906608473223352,0.10568215498591274,0.0036569976917519733
1537,0,0,0.7940651144058176,0.19919545496404334,0.006739430630139106
1538,0,0,0.8875545672141486,0.11013643645035764,0.00230899633549375
1539,1,1,0.22366329593529344,0.5642823197502287,0.21205438431447787
1540,2,1,0.12948356583856535,0.5783476981116822,0.2921687360497524
1541,0,0,0.9976603089111414,0.0022916627032160825,4.8028385642404696e-05
1542,1,2,0.1390290840570104,0.3893749412322003,0.4715959747107892
1543,1,0,0.5171635604760897,0.45777680071162774,0.0250596388122826
1544,0,0,0.8732520186784735,0.12323889658178831,0.003509084739738335
1545,0,0,0.6544343409701037,0.3273063988541447,0.018259260175751628
1546,0,1,0.41608414006184513,0.5428216156868761,0.04109424425127883
1547,0,0,0.6098090058445504,0.3599486361869766,0.030242357968472973
1548,0,0,0.7260668599263156,0.24168454997970587,0.032248590093978534
1549,1,1,0.2550667484273257,0.6528528893925285,0.09208036218014576
1550,2,1,0.21138127556758332,0.5520439702655808,0.2365747541668358
1551,0,0,0.6825648839304281,0.30355068984828765,0.013884426221284192
1552,0,0,0.9256997771538845,0.0718391006013644,0.002461122244750961
1553,2,2,0.03137850362800006,0.4670322253788977,0.5015892709931022
1554,0,0,0.6730545129313037,0.31472760820411455,0.012217878864581814
1555,2,2,0.005122211156317483,0.2031576393277705,0.7917201495159121
1556,2,2,0.002137128664587049,0.11741647935721433,0.8804463919781987
1557,0,1,0.44461763069618637,0.5038163203226496,0.05156604898116404
1558,2,2,0.00020601934101127347,0.021520986143046813,0.978272994515942
1559,0,0,0.8774879675774783,0.11834485093748673,0.004167181485035019
1560,0,0,0.9000341074192825,0.09658563384318215,0.003380258737535389
1561,1,1,0.21815278613388822,0.6204496985809499,0.16139751528516189
1562,2,2,0.004810516865832737,0.15644311623297022,0.8387463669011971
1563,0,1,0.3463978698296417,0.5563121643104079,0.09728996585995048
1564,0,0,0.800231109969824,0.17940361125878165,0.02036527877139432
1565,0,0,0.5680451709820852,0.37889802388974175,0.05305680512817315
1566,0,0,0.8122742638004017,0.1782604721164091,0.00946526408318925
1567,1,0,0.5535772206000851,0.3985768709058362,0.04784590849407872
1568,0,0,0.8941617786953227,0.10301323834269656,0.0028249829619806897
1569,1,0,0.6201581898787248,0.3602684033077031,0.019573406813572083
1570,2,1,0.43400048866040686,0.4967002674090559,0.06929924393053724
1571,1,1,0.30507270897992045,0.5790456139034827,0.11588167711659669
1572,2,2,0.01784468834851925,0.28521844381699973,0.6969368678344809
1573,1,0,0.5565915947741825,0.4217476197413306,0.02166078548448672
1574,2,2,0.030808029390601652,0.272644538227308,0.6965474323820904
1575,2,2,0.004371575219121937,0.1340200732097182,0.8616083515711598
1576,1,2,0.21004232418133764,0.3239444524660907,0.4660132233525717
1577,0,1,0.20818859012371665,0.6508370476947473,0.14097436218153606
1578,0,1,0.09379936498498809,0.6514846388665804,0.2547159961484315
1579,1,1,0.2623502700952129,0.49656291977357303,0.24108681013121408
1580,1,0,0.7084692866596016,0.26801834818939585,0.023512365151002516
1581,0,0,0.9666268446120757,0.03189391022442442,0.001479245163499788
1582,1,1,0.09992526585160881,0.6081228922828814,0.29195184186550976
1583,0,0,0.9267647273882899,0.06760379317605215,0.005631479435658087
1584,1,1,0.32221843285215396,0.4737902519468848,0.20399131520096117
1585,2,1,0.06659741143637667,0.620167560180585,0.3132350283830383
1586,0,1,0.4594618802214077,0.4849144183104504,0.05562370146814189
1587,2,1,0.04907838733501443,0.5598642339447121,0.3910573787202735
1588,2,2,0.008105545575723938,0.2916438512183723,0.7002506032059038
1589,0,0,0.8503332808955102,0.13575154739824516,0.013915171706244678
1590,2,2,0.04210689433260409,0.3438459387800558,0.6140471668873401
1591,1,1,0.2050039410466047,0.6667330354858164,0.1282630234675788
1592,0,1,0.2155492303910093,0.6673991097152365,0.11705165989375427
1593,0,1,0.41224124453904076,0.4879834521158212,0.09977530334513794
1594,2,1,0.25047485056390867,0.6084599138034389,0.1410652356326524
1595,0,0,0.9435658655428932,0.055583598974225816,0.0008505354828808817
1596,0,0,0.9073047685776866,0.08974409158740791,0.002951139834905314
1597,0,1,0.39080407549232804,0.5208921104180421,0.08830381408962996
1598,0,0,0.7715840899370886,0.18975356498551676,0.038662345077394605
1599,1,1,0.18857928639678487,0.6661764238967783,0.14524428970643674
1600,0,0,0.9073688923260134,0.08851371948162455,0.004117388192361933
1601,1,1,0.22448453100525165,0.4029772404304276,0.3725382285643207
1602,0,0,0.8995663849451805,0.09700747421218772,0.0034261408426317693
1603,1,0,0.5610421316280497,0.36878776419253495,0.07017010417941526
1604,2,1,0.22638844001035904,0.48641435226577545,0.2871972077238654
1605,1,1,0.3764164065663046,0.5887367834048213,0.034846810028874055
1606,0,1,0.11221945798260118,0.5809293963636115,0.30685114565378735
1607,2,1,0.03619117820558448,0.5025096643942845,0.46129915740013105
1608,0,0,0.5789233749659353,0.38480556161800555,0.03627106341605919
1609,1,1,0.19515519801241976,0.5863000801229428,0.21854472186463753
1610,0,0,0.8986369947335684,0.09659209828893846,0.004770906977493326
1611,1,1,0.2683600670020721,0.6104333879275127,0.12120654507041533
1612,0,0,0.8056939588810577,0.1896702806935423,0.004635760425400081
1613,2,1,0.054212951799105624,0.5494495750367896,0.3963374731641047
1614,1,0,0.7990872149897156,0.19041912516229292,0.010493659847991473
1615,0,0,0.9493697639932631,0.04702822107613389,0.00360201493060294
1616,0,0,0.6644585311337875,0.30462628148725734,0.030915187378955166
1617,0,0,0.9126371879764018,0.08309785053979252,0.004264961483805616
1618,0,1,0.34880694310496163,0.546620984533347,0.10457207236169144
1619,1,1,0.1630944410617408,0.5242511063239389,0.31265445261432034
1620,0,0,0.8483297302202334,0.14904114998081933,0.0026291197989472266
1621,1,0,0.5666962865997295,0.3643905767136725,0.06891313668659807
1622,0,1,0.4494038652037064,0.48546753008371224,0.06512860471258146
1623,1,1,0.1674374213237952,0.6210575906745142,0.21150498800169065
1624,0,0,0.5257437779628845,0.35655369734024384,0.11770252469687173
1625,2,1,0.3548466006182153,0.4842647118300389,0.1608886875517457
1626,0,0,0.9081755208414564,0.08915614060488933,0.0026683385536542307
1627,1,1,0.35435571573583996,0.5154258371825837,0.13021844708157634
1628,1,0,0.8029408792255696,0.19218976009382405,0.004869360680606474
1629,0,0,0.7866840867646444,0.2049674440788936,0.008348469156461922
1630,2,1,0.11104928036216347,0.5440961238387162,0.3448545957991203
1631,0,0,0.7044480573099788,0.20193146886210403,0.09362047382791702
1632,1,1,0.19579348294808335,0.7299730727612295,0.07423344429068711
1633,2,1,0.08478182353671082,0.7062330726415974,0.20898510382169172
1634,2,2,0.0017829680529381734,0.07183603632195365,0.9263809956251081
1635,1,0,0.5973707502575616,0.366925017763957,0.03570423197848145
1636,1,1,0.11986477803877706,0.5244282077321961,0.3557070142290269
1637,2,1,0.44544880314221214,0.4851828473223286,0.06936834953545937
1638,1,1,0.11768476743054113,0.4893983943663042,0.39291683820315465
1639,0,0,0.953096829157849,0.0452544145724048,0.0016487562697460336
1640,0,0,0.8594348490560202,0.13703288123629806,0.0035322697076818465
1641,0,0,0.7577835557031346,0.22711648585498306,0.01509995844188239
1642,0,1,0.41581398126362934,0.5059871474884482,0.07819887124792244
1643,1,0,0.5811441493047054,0.3766978594081472,0.042157991287147464
1644,2,1,0.04795055068283891,0.5690542865067154,0.38299516281044566
1645,1,1,0.15586951004614397,0.6711582602175381,0.17297222973631785
1646,1,1,0.16150840619444765,0.6380669856560868,0.20042460814946553
1647,1,2,0.0019566476603581216,0.10792099438453973,0.8901223579551022
1648,0,0,0.942389302682683,0.05530044269060675,0.0023102546267101953
1649,1,1,0.045648299446821146,0.525250563249754,0.42910113730342486
1650,2,2,0.060823101201979236,0.2803936986445545,0.6587832001534663
1651,0,0,0.8135516440139452,0.18105647719178167,0.005391878794273197
1652,1,0,0.5020475921372869,0.4229206910843304,0.07503171677838268
1653,1,1,0.2268826227018519,0.6487618112020608,0.12435556609608742
1654,1,1,0.17068788157998266,0.610316705841477,0.2189954125785404
1655,0,0,0.5253299004001794,0.4656214036783296,0.009048695921491018
1656,1,0,0.6374771204284524,0.34470493647974093,0.017817943091806798
1657,0,1,0.46585937926717946,0.4727934312970767,0.06134718943574393
1658,0,0,0.5458451501496826,0.41388460287851236,0.04027024697180497
1659,0,0,0.5699739817173568,0.38885486533060454,0.04117115295203873
1660,0,0,0.7055469133697992,0.2671548842285957,0.02729820240160504
1661,0,0,0.5470531293757767,0.42751989670842716,0.025426973915796087
1662,1,2,0.03738224710110282,0.3615884891571311,0.601029263741766
1663,0,0,0.9275268341832789,0.06790136665200679,0.004571799164714309
1664,1,1,0.2474867534504572,0.6841349350043849,0.06837831154515775
1665,1,0,0.5708061995623128,0.3303670563914884,0.09882674404619875
1666,0,1,0.23104915771010942,0.6067406282273472,0.1622102140625434
1667,0,0,0.9751607287524113,0.0244638059660416,0.00037546528154698517
1668,2,1,0.09267154520663835,0.6010960100924279,0.3062324447009338
1669,2,2,0.01467632438661628,0.27813137978314323,0.7071922958302405
1670,0,0,0.862166147430003,0.12168370258610851,0.01615014998388842
1671,1,1,0.3300727158204166,0.6115093270674781,0.058417957112105436
1672,2,2,0.011462066378884717,0.303306897100183,0.6852310365209322
1673,2,1,0.1595044716225662,0.6818245498396741,0.15867097853775963
1674,0,1,0.4715222064138483,0.49361681013475056,0.03486098345140118
1675,1,1,0.015038526660166937,0.5064620714761198,0.4784994018637133
1676,1,1,0.16373505842811167,0.6835992031244692,0.15266573844741907
1677,1,1,0.19964540325903007,0.5566007442587338,0.24375385248223608
1678,0,1,0.4676427830694905,0.48675660427795536,0.04560061265255406
1679,1,0,0.5119841681873376,0.4401401222028963,0.047875709609766094
1680,2,1,0.26738025630729007,0.6277133663421358,0.10490637735057426
1681,0,0,0.9662239522780315,0.033232612794872815,0.0005434349270956268
1682,1,1,0.2120359585236716,0.6215535872065308,0.16641045426979764
1683,1,0,0.5976514619281358,0.3710521315096328,0.03129640656223134
1684,1,0,0.6343086462916305,0.3448537684595279,0.020837585248841512
1685,1,1,0.16502143502156202,0.5685452476881184,0.2664333172903195
1686,0,0,0.9610380711023339,0.03735842724045434,0.0016035016572118375
1687,0,0,0.6125407395030174,0.36513891172884844,0.02232034876813426
1688,0,0,0.9310320050774598,0.06401947467639113,0.0049485202461490106
1689,1,0,0.48545420833311087,0.4241115798366973,0.09043421183019187
1690,0,0,0.8428032105177247,0.14862005003376028,0.008576739448515043
1691,2,2,0.04298315443449009,0.45138692103447214,0.5056299245310377
1692,2,2,0.04852773621709839,0.28993783491988195,0.6615344288630197
1693,2,1,0.302856440050467,0.4101811528281471,0.28696240712138593
1694,2,1,0.10156932712099995,0.4844233239406547,0.4140073489383453
1695,2,1,0.23209705069631775,0.5815942473888349,0.18630870191484725
1696,2,1,0.09088382630597958,0.5951407094817734,0.31397546421224687
1697,0,0,0.9003364407939722,0.09528000173042867,0.00438355747559913
1698,1,1,0.2755730528963766,0.4833801525519673,0.24104679455165592
1699,0,0,0.960963452623227,0.03706955471570199,0.001966992661070872
1700,1,1,0.29127993254519735,0.5902233439460735,0.1184967235087292
1701,2,1,0.07382002065971459,0.6079349925996415,0.3182449867406439
1702,2,2,0.006227751334664094,0.2118228565819061,0.7819493920834297
1703,2,2,0.0026552756367211583,0.11489672709942222,0.8824479972638566
1704,2,1,0.3489526537344147,0.49792393467171003,0.15312341159387532
1705,0,0,0.88766496780343,0.10756965363563102,0.0047653785609390155
1706,1,1,0.2654770139646654,0.5404116086506112,0.19411137738472345
1707,1,1,0.19486464463762532,0.671358000181063,0.13377735518131179
1708,0,1,0.4214714113704869,0.5350699227001675,0.04345866592934561
1709,1,1,0.34792839963080974,0.4940009718989903,0.15807062847019995
1710,1,2,0.06390942478210923,0.3678653232326206,0.5682252519852702
1711,0,0,0.6148569797200336,0.3672985529927313,0.017844467287235075
1712,0,0,0.5578895112705521,0.4110740884884122,0.03103640024103575
1713,0,0,0.5722784947306973,0.4077871845402662,0.019934320729036527
1714,1,2,0.016583036010123293,0.40337061900934074,0.5800463449805361
1715,0,0,0.8794638269363593,0.11503430858384048,0.005501864479800255
1716,0,0,0.8656020255697586,0.12811530735678103,0.006282667073460392
1717,0,0,0.8763010065767081,0.11988861696920329,0.00381037645408863
1718,1,1,0.415040384604549,0.5125423133288155,0.07241730206663552
1719,0,0,0.8786228676510186,0.11718216288240513,0.0041949694665762965
1720,0,0,0.97656513183545,0.023187460957894472,0.000247407206655398
1721,2,1,0.2829677726847951,0.6463647853399163,0.0706674419752886
1722,1,0,0.591944371206186,0.38458939138869247,0.023466237405121493
1723,2,2,0.009309002017926579,0.18071227521515962,0.8099787227669139
1724,0,0,0.9706756385765793,0.028543864424108865,0.0007804969993118814
1725,0,0,0.9930796641766948,0.006796143611979602,0.00012419221132567093
1726,0,0,0.9703320056948085,0.029257669921002264,0.0004103243841892757
1727,2,1,0.08590901923234409,0.5832739537469637,0.33081702702069227
1728,1,1,0.2325264505747776,0.6971112770667133,0.07036227235850905
1729,0,0,0.7498095771023667,0.24243200057002248,0.00775842232761077
1730,2,2,0.019405640613494514,0.34776443353135694,0.6328299258551486
1731,1,1,0.07065748462136465,0.5947550634336465,0.3345874519449888
1732,1,1,0.1874704210201412,0.7577384849429123,0.05479109403694662
1733,1,1,0.14505001401359846,0.489814175774082,0.36513581021231967
1734,1,2,0.14347859073457422,0.4161734663367835,0.44034794292864227
1735,0,0,0.6637833887638102,0.31179769698181836,0.02441891425437144
1736,1,1,0.23192067924300977,0.47994929731028657,0.28813002344670363
1737,0,0,0.9226691998883756,0.07571017485744987,0.001620625254174649
1738,0,1,0.47609829063982706,0.4861819138659922,0.03771979549418085
1739,1,1,0.06234338518367842,0.5789866719203384,0.35866994289598314
1740,0,0,0.9677074146761521,0.0308099744823012,0.0014826108415465836
1741,0,0,0.9677433168829336,0.03169084266057031,0.0005658404564961152
1742,0,0,0.7659381953221919,0.21445358246945403,0.01960822220835405
1743,1,1,0.4204507714187152,0.48677998088713786,0.092769247694147
1744,1,2,0.03359098911091907,0.3837087554833141,0.5827002554057668
1745,0,1,0.3664793159864852,0.5341640111931361,0.09935667282037884
1746,0,0,0.8718624626267405,0.1261361440119577,0.0020013933613019664
1747,2,2,0.0008759237835383233,0.03078772761290609,0.9683363486035557
1748,1,1,0.3104729971323375,0.5302374331566586,0.15928956971100383
1749,2,1,0.10241500484706036,0.6483487347804321,0.2492362603725076
1750,1,0,0.644159580012758,0.3394466805309741,0.01639373945626793
1751,0,0,0.9108581429339897,0.08541070492338432,0.0037311521426259594
1752,1,0,0.4698484156068963,0.45793122630391364,0.07222035808919008
1753,1,1,0.07630453094857764,0.6931799341614862,0.23051553488993617
1754,1,0,0.7351145143442577,0.2455589809499719,0.019326504705770527
1755,0,0,0.9810438302232692,0.018714140564051074,0.00024202921267965465
1756,0,0,0.6822939473548912,0.3021486614056997,0.015557391239409177
1757,0,0,0.9182618326814542,0.07870092451324223,0.0030372428053035056
1758,1,0,0.5392651317791886,0.4372058310019044,0.023529037218907003
1759,0,0,0.7086434209124947,0.2621435571879245,0.02921302189958076
1760,1,0,0.570151188165604,0.38054947338095846,0.049299338453437556
1761,0,0,0.5989885067090083,0.37013326430264226,0.030878228988349497
1762,0,0,0.9433176335851713,0.05367513107492996,0.0030072353398987407
1763,1,1,0.16943688348286418,0.588938022008322,0.24162509450881386
1764,2,2,0.0024688701384349694,0.12044795950255711,0.877083170359008
1765,0,0,0.8684554116589078,0.12389912304529575,0.007645465295796398
1766,1,1,0.05401320012256864,0.6093570315548954,0.33662976832253594
1767,0,1,0.15668151711299602,0.6040536110902714,0.23926487179673248
1768,0,0,0.6669891640657145,0.319652577300328,0.013358258633957502
1769,2,2,0.0012028168599316144,0.04158627527937589,0.9572109078606925
1770,0,0,0.5096061035483125,0.3369930859850729,0.15340081046661466
1771,0,0,0.593542778685662,0.3600679509357527,0.04638927037858527
1772,2,2,0.002896346525712676,0.10000323901482489,0.8971004144594624
1773,1,0,0.6025715045867205,0.35223598771920805,0.045192507694071404
1774,1,1,0.04000000535585943,0.7423170753773656,0.21768291926677488
1775,0,0,0.949400112039595,0.04854346268066474,0.0020564252797404337
1776,1,1,0.3396883579737544,0.562235195155119,0.0980764468711266
1777,0,1,0.28047486686650636,0.6853049998354123,0.03422013329808129
1778,2,1,0.07973220951241697,0.6014561798777666,0.31881161060981644
1779,1,1,0.16867972073351004,0.6270445392621112,0.2042757400043787
1780,2,1,0.07349453361584028,0.6350041520922555,0.2915013142919043
1781,0,1,0.3204056986184914,0.5462879757463746,0.1333063256351342
1782,0,0,0.973798795747334,0.025966772161514537,0.00023443209115142993
1783,1,0,0.4982705930393576,0.4555494555306573,0.046179951429985135
1784,2,1,0.21494669966683475,0.6480189017903478,0.13703439854281743
1785,0,0,0.7845101635909524,0.203913767428861,0.011576068980186515
1786,1,2,0.04293017168714058,0.4166114890428436,0.5404583392700157
1787,1,0,0.8071878083066014,0.1763956175976505,0.016416574095748083
1788,1,2,0.02000784744207464,0.4149935238908286,0.5649986286670967
1789,0,0,0.7491779367770981,0.23345751732267395,0.017364545900228064
1790,0,0,0.8712623611538558,0.11436672149459287,0.0143709173515513
1791,0,1,0.3764720731165963,0.48318191021360485,0.14034601666979885
1792,0,0,0.7400760176364656,0.24731319057680523,0.012610791786729211
1793,1,1,0.13021077287434912,0.6828498212042444,0.1869394059214064
1794,2,2,0.0031289301651870123,0.11234430772716833,0.8845267621076448
1795,2,2,0.009672277128115758,0.22480483122861275,0.7655228916432715
1796,0,0,0.8932783520613621,0.10066496559217279,0.006056682346465224
1797,0,0,0.7137487377032994,0.2746564939138423,0.011594768382858361
1798,2,2,0.0806487140892048,0.45585435343148306,0.4634969324793121
1799,2,1,0.08078048999606403,0.5977306872012208,0.3214888228027151
1800,1,0,0.7734425623184673,0.21769688526515277,0.008860552416379884
1801,0,0,0.9707946701453286,0.028179385628297048,0.0010259442263744834
1802,0,0,0.9859179003521725,0.013766934093206867,0.00031516555462055067
1803,0,0,0.9693877200234686,0.02977658448338611,0.0008356954931453335
1804,1,1,0.12606776686408872,0.7901410097425711,0.08379122339334005
1805,0,0,0.6985362327655976,0.2885078828424664,0.012955884391935858
1806,0,1,0.3065252441289859,0.4898445177766802,0.20363023809433392
1807,1,0,0.5520513428321258,0.4278611398848112,0.020087517283063065
1808,2,2,0.006120362267707334,0.12286628088870225,0.8710133568435905
1809,0,0,0.6648129200909624,0.31125403973253457,0.023933040176503023
1810,0,0,0.8441474663137428,0.1520526044916323,0.0037999291946248124
1811,2,2,0.0069304020015097815,0.1882876277879946,0.8047819702104956
1812,2,2,0.06821551818680525,0.3713312799504388,0.5604532018627558
1813,0,0,0.8222660549717886,0.1668377322237243,0.0108962128044871
1814,0,0,0.889173935929172,0.10781404297832094,0.003012021092507047
1815,2,2,0.0005987025904152816,0.03821086595967522,0.9611904314499096
1816,1,1,0.18974861687472783,0.6273893733167341,0.18286200980853812
1817,1,1,0.11454038093730977,0.4977067216064085,0.3877528974562819
1818,2,2,0.006710933795895773,0.19293758658012308,0.8003514796239812
1819,0,0,0.9360105778543677,0.06194064754127823,0.002048774604353983
1820,1,0,0.5856171351730177,0.32753849153945763,0.0868443732875247
1821,1,1,0.2611284704580148,0.6077598424748806,0.13111168706710463
1822,2,1,0.08373777779363595,0.690419346514875,0.225842875691489
1823,2,2,0.00047258975646338714,0.04328298616272722,0.9562444240808093
1824,0,0,0.994842094679791,0.0050142727911300046,0.00014363252907904006
1825,2,2,0.028628724637910073,0.23143730269722632,0.7399339726648636
1826,2,1,0.07199358059159248,0.5676489222011124,0.360357497207295
1827,0,0,0.9309475817291067,0.06739927159355505,0.001653146677338178
1828,0,0,0.6632794277166943,0.31782595641653044,0.018894615866775284
1829,1,1,0.09143629388744741,0.4943912002732958,0.4141725058392567
1830,0,0,0.9960484741708536,0.003864595168975275,8.693066017097103e-05
1831,0,0,0.8262938469157415,0.16825432729755038,0.005451825786708146
1832,0,0,0.5047917386285065,0.471000998002423,0.024207263369070548
1833,1,1,0.10893070586040475,0.49814289250296256,0.3929264016366329
1834,1,1,0.05721998134045693,0.6329951417493854,0.30978487691015766
1835,0,0,0.966961808615422,0.03162003925800999,0.0014181521265678781
1836,0,0,0.9107211454045513,0.08628476565821032,0.002994088937238484
1837,0,0,0.9142715610588027,0.08215782654983886,0.0035706123913585262
1838,1,1,0.3307158670195606,0.6149577135642909,0.054326419416148485
1839,1,1,0.4755853197633171,0.48186770413275054,0.04254697610393227
1840,1,1,0.16571779039863427,0.46907321854072503,0.36520899106064075
1841,2,1,0.06528289485576477,0.48263634347242446,0.4520807616718109
1842,1,1,0.06375610048922538,0.5024614471198018,0.4337824523909728
1843,1,1,0.10481026384581374,0.5210918119438006,0.3740979242103857
1844,0,0,0.7985027244932912,0.195449083345009,0.006048192161699841
1845,1,1,0.32238479993717023,0.5789417312974632,0.09867346876536648
1846,1,1,0.24376660094910702,0.5932554702117551,0.16297792883913786
1847,0,1,0.3472647250654579,0.556375482387995,0.09635979254654709
1848,1,0,0.8643460038306217,0.12430293319172078,0.01135106297765743
1849,2,2,0.014022257699051304,0.31025456304086657,0.6757231792600822
1850,0,0,0.7500129987905806,0.22980909772345845,0.020177903485960862
1851,1,0,0.8465712591413802,0.14706249598386567,0.0063662448747542205
1852,0,0,0.6381219845061035,0.34489037148030094,0.01698764401359563
1853,0,0,0.7842203649805276,0.2080098458486858,0.007769789170786701
1854,2,2,0.02641105563070616,0.3824159572823355,0.5911729870869583
1855,1,1,0.14553748962636404,0.6089625577910721,0.24549995258256388
1856,0,0,0.8393793767543453,0.14874496922690902,0.011875654018745744
1857,0,0,0.7907978786540787,0.1954741964995655,0.01372792484635583
1858,0,0,0.9929178151785066,0.0069841559125098564,9.802890898355549e-05
1859,2,1,0.03873148104719241,0.5463172706198333,0.4149512483329743
1860,1,1,0.26819449721661043,0.530871189712342,0.20093431307104762
1861,0,0,0.9920199200732075,0.007791765036052458,0.00018831489074013391
1862,1,1,0.20023691273709004,0.6557119540258498,0.1440511332370602
1863,1,0,0.5426954648224961,0.4306807138404503,0.026623821337053648
1864,1,1,0.15889261192268653,0.6856513195230447,0.1554560685542687
1865,0,0,0.901224324621104,0.09290592234019504,0.005869753038700856
1866,1,0,0.5553983120369297,0.4209029475986336,0.023698740364436685
1867,2,2,0.06251237533076534,0.40788904725048397,0.5295985774187506
1868,2,2,0.008922184960945117,0.1882791536542531,0.8027986613848018
1869,2,2,0.005761642076338107,0.1961870882914541,0.7980512696322078
1870,2,2,0.026340818351434446,0.3247934653365469,0.6488657163120186
1871,2,2,0.004532840603406809,0.1715168559541118,0.8239503034424814
1872,0,0,0.7374314997874742,0.2563406859660693,0.006227814246456511
1873,1,0,0.7585349335158345,0.2280887358570714,0.013376330627094122
1874,0,0,0.6464616018866426,0.3184993675201814,0.03503903059317616
1875,1,1,0.1693566946278046,0.7181115224442532,0.11253178292794207
1876,2,2,0.006074232469803697,0.19106460523910918,0.8028611622910871
1877,0,0,0.8171731306798939,0.17750422868269253,0.005322640637413595
1878,0,1,0.3458276905000159,0.4844969907238268,0.1696753187761575
1879,0,0,0.9638625877811392,0.034399214403027435,0.0017381978158333515
1880,1,1,0.2888801962053026,0.5449907653970459,0.16612903839765142
1881,1,1,0.4073323015162044,0.4899692340937511,0.10269846439004444
1882,0,0,0.9690786373499859,0.029881090271925276,0.0010402723780889812
1883,0,0,0.7140878925340349,0.2683919939411248,0.017520113524840276
1884,1,1,0.26010586558884846,0.5386914515058617,0.2012026829052898
1885,2,1,0.131215999859935,0.7781776505338873,0.09060634960617778
1886,1,1,0.11928692641744933,0.7115101882054659,0.16920288537708494
1887,0,0,0.8833652849555826,0.10973438075119446,0.006900334293222838
1888,1,0,0.741503048060536,0.2432520383605746,0.015244913578889376
1889,0,1,0.239125014856157,0.5865662292470978,0.17430875589674522
1890,1,1,0.35098059386611363,0.5582524481890996,0.09076695794478679
1891,1,1,0.2510390807418393,0.6652857106133571,0.08367520864480374
1892,0,0,0.9061426090274033,0.09162833941333591,0.0022290515592606687
1893,0,0,0.883317848356228,0.1119916930681573,0.004690458575614795
1894,0,0,0.6983711022702267,0.2847973239279314,0.016831573801841946
1895,2,2,0.007779287017855263,0.22413360408661015,0.7680871088955347
1896,1,1,0.4513513352821976,0.48065964668052596,0.06798901803727653
1897,0,0,0.9675282840145459,0.031953750743940856,0.0005179652415131731
1898,1,0,0.7957482665755188,0.18564448258235022,0.018607250842130878
1899,0,0,0.9095360930884241,0.08612495408552213,0.004338952826053944
1900,0,0,0.659408860481614,0.3089846636150193,0.03160647590336667
1901,0,0,0.498473880727372,0.46460189042302996,0.036924228849598104
1902,1,1,0.13430517828229707,0.5859473023543518,0.2797475193633511
1903,0,0,0.9657029800391697,0.033254664178615584,0.0010423557822146644
1904,1,1,0.0906986432005599,0.7445511361037969,0.16475022069564327
1905,1,1,0.20238680518118682,0.6227349485366055,0.17487824628220763
1906,0,0,0.967766436082672,0.03141290552544573,0.0008206583918823758
1907,1,0,0.6755947066315572,0.3079496634692274,0.01645562989921548
1908,0,1,0.4524643724469144,0.5320026682394249,0.01553295931366076
1909,0,0,0.8866919816421763,0.10860726986971128,0.004700748488112484
1910,0,0,0.8105191451162131,0.17213942710995994,0.017341427773826884
1911,2,2,0.04332231189510189,0.3175494996860739,0.6391281884188241
1912,1,1,0.0816499289748204,0.4633703129955978,0.4549797580295818
1913,1,1,0.03150891772956431,0.6118659626224815,0.3566251196479541
1914,1,1,0.15672975251561855,0.5758670778998495,0.267403169584532
1915,2,2,0.0018129734192928668,0.09956595213180634,0.8986210744489007
1916,2,2,0.02585781903887598,0.23989597466042947,0.7342462063006945
1917,1,0,0.7691822594855265,0.21731443923528604,0.013503301279187294
1918,1,1,0.180771936053985,0.4960978980650685,0.32313016588094656
1919,1,0,0.7416485310397399,0.2486383536885218,0.0097131152717383
1920,2,2,0.023615373440553897,0.322853905792519,0.6535307207669271
1921,0,0,0.8513672440087798,0.14015034815672353,0.0084824078344967
1922,0,1,0.4670719384702504,0.4738039362461073,0.05912412528364216
1923,1,1,0.3760146399597435,0.551078009318242,0.07290735072201451
1924,0,0,0.9203697790099911,0.07634449718298246,0.003285723807026474
1925,2,1,0.24213412016153454,0.6188683792307613,0.13899750060770413
1926,0,0,0.8942558351574187,0.09437785308502418,0.011366311757557326
1927,2,2,0.01230550425966615,0.19374629458818113,0.7939482011521527
1928,1,1,0.07929559667787238,0.5478311728066366,0.3728732305154911
1929,1,1,0.3498521644151819,0.5592046023576329,0.0909432332271851
1930,0,0,0.7738191090964267,0.21556849279926976,0.0106123981043035
1931,2,1,0.04231772268092587,0.5950823498209475,0.3625999274981266
1932,0,0,0.6837725418926973,0.29832126938259157,0.01790618872471116
1933,0,1,0.18867143528662808,0.5921507198766413,0.21917784483673072
1934,0,0,0.5365130387232259,0.39473424748955876,0.06875271378721534
1935,0,0,0.9986295640097674,0.0013595823488445765,1.0853641388022042e-05
1936,2,2,0.0032287533836544563,0.1513888931045128,0.8453823535118328
1937,0,1,0.16460716491299848,0.6594561661061263,0.17593666898087515
1938,1,1,0.25679682808453097,0.6507179453981118,0.09248522651735723
1939,1,0,0.6473064468653535,0.29759576427559503,0.055097788859051436
1940,1,1,0.2207296881968072,0.49581340091172393,0.28345691089146874
1941,2,2,0.02152192784239531,0.3646247910096298,0.6138532811479749
1942,1,1,0.05173050022131175,0.5097063199483792,0.43856317983030907
1943,1,1,0.19214021792652972,0.4252076481816284,0.38265213389184183
1944,0,1,0.36144959661809034,0.48967544161298815,0.1488749617689214
1945,2,1,0.0862805700820938,0.6094264363689469,0.3042929935489594
1946,1,0,0.533478747616281,0.38671843664527816,0.07980281573844081
1947,1,1,0.28711762397115365,0.45367820269914205,0.25920417332970436
1948,0,0,0.9019157923682855,0.09561356468660383,0.00247064294511087
1949,1,1,0.42396179979032217,0.44927241961557723,0.12676578059410068
1950,0,0,0.9517070502197114,0.04336825228345722,0.004924697496831591
1951,1,1,0.12941424715275276,0.7430144730860897,0.12757127976115754
1952,0,0,0.9966995083650947,0.0032694236782584035,3.106795664681756e-05
1953,1,1,0.2129660594385539,0.522324600816473,0.26470933974497307
1954,1,1,0.3062166559498189,0.5874961446267115,0.10628719942346958
1955,0,0,0.7810866038654257,0.20261218381762525,0.016301212316949112
1956,0,0,0.9857565377469977,0.014128039311672148,0.00011542294133011484
1957,1,1,0.18493804705343297,0.6421702882758213,0.17289166467074574
1958,0,0,0.6671162385504764,0.3092296658290198,0.023654095620503746
1959,1,1,0.07430422292634663,0.5243668083475398,0.40132896872611357
1960,2,2,0.014583854981150108,0.19982676785887407,0.7855893771599759
1961,1,1,0.30474300783374436,0.6303424486444533,0.06491454352180233
1962,0,0,0.7410064953613278,0.2409766134799819,0.018016891158690276
1963,0,1,0.4349444900954442,0.4884218897895089,0.07663362011504687
1964,0,1,0.23858728018645162,0.5312833699532589,0.2301293498602896
1965,1,0,0.5504384322364493,0.4209600604006882,0.028601507362862485
1966,0,0,0.8217678219562313,0.1563980156536972,0.021834162390071413
1967,0,0,0.9860057628439994,0.013848491040812535,0.00014574611518813478
1968,2,2,5.762503447242889e-05,0.01557613060009235,0.9843662443654352
1969,1,1,0.07056447986664754,0.6465481734840663,0.28288734664928616
1970,0,0,0.8007594305516336,0.19275262473849147,0.006487944709874957
1971,0,1,0.4424616726389005,0.46312149363979893,0.0944168337213005
1972,2,2,0.004378660173484311,0.21605716864552674,0.779564171180989
1973,0,1,0.26232998160526605,0.583863262681501,0.1538067557132329
1974,0,0,0.9686566636265628,0.030780307946172477,0.0005630284272646153
1975,0,0,0.5946734823903259,0.31827766619702164,0.08704885141265253
1976,0,0,0.9937420184899373,0.006160126397083055,9.785511297972579e-05
1977,0,0,0.8586351851489665,0.13818650964077162,0.0031783052102618745
1978,1,1,0.11394074971787731,0.5468707226328554,0.33918852764926727
1979,0,0,0.9582132149651363,0.04114789799368167,0.0006388870411820177
1980,1,1,0.4756854965370834,0.4778352910446681,0.0464792124182483
1981,1,1,0.3647464900144598,0.5440088576893741,0.09124465229616611
1982,0,0,0.8084302016360246,0.18350189124802105,0.008067907115954372
1983,0,0,0.9705915376788558,0.0287957125605911,0.0006127497605531685
1984,0,0,0.828098094938992,0.16493887375479235,0.006963031306215678
1985,2,1,0.07411863935103395,0.4654962682050358,0.4603850924439303
1986,1,0,0.8024612545527425,0.17863241030458166,0.018906335142675774
1987,0,0,0.680514832430735,0.2863350563480378,0.03315011122122738
1988,1,1,0.13340832543925354,0.556085932906582,0.3105057416541644
1989,0,1,0.4271399585533557,0.5442076939450423,0.028652347501601963
1990,2,2,0.006103494880202907,0.21132628890174643,0.7825702162180508
1991,2,2,0.04669844255292699,0.32375700786218464,0.6295445495848884
1992,2,2,0.009346738013393877,0.1710676646357803,0.8195855973508259
1993,0,0,0.9510406433530353,0.047281602047150074,0.0016777545998144117
1994,0,0,0.9208671664901896,0.07722576522966719,0.0019070682801432166
1995,2,1,0.08408756255953448,0.7241846116474584,0.19172782579300707
1996,0,0,0.6488080375340399,0.33002554879668294,0.021166413669277153
1997,0,0,0.8775384528383849,0.1175549699965578,0.004906577165057261
1998,1,0,0.7589675092963185,0.23748750777752262,0.0035449829261589463
1999,0,0,0.7228587191496204,0.25706020626446935,0.020081074585910248
2000,0,0,0.9390729837359474,0.05987973328279655,0.001047282981256103
2001,0,0,0.9898930525559407,0.009914388528561304,0.0001925589154979712
2002,2,2,0.003950622642496461,0.16226414977100329,0.8337852275865003
2003,1,1,0.13616132688944158,0.7371852881143834,0.12665338499617487
2004,0,0,0.5402309165460188,0.4233610249997682,0.03640805845421294
2005,1,1,0.15875406838843512,0.682126297178971,0.15911963443259391
2006,1,1,0.2563960893260402,0.5551263146204298,0.18847759605352998
2007,0,0,0.9082741006685678,0.08991522134496346,0.001810677986468633
2008,1,0,0.723658136950803,0.26083919611002065,0.015502666939176292
2009,1,1,0.32911890381703157,0.5960866332357805,0.07479446294718782
2010,2,2,0.03201214873662589,0.43385886290144826,0.5341289883619258
2011,1,1,0.17703801158905894,0.6726672814009029,0.15029470701003816
2012,0,0,0.9375511629184721,0.06069821901668755,0.0017506180648405082
2013,0,0,0.5342663152255236,0.4451484125398104,0.020585272234666146
2014,0,1,0.4441005128208611,0.49420089667478867,0.0616985905043502
2015,0,0,0.6632629332348392,0.31107881636041346,0.025658250404747354
2016,0,0,0.7913680100161975,0.1768684907552913,0.03176349922851131
2017,0,0,0.8884752544859552,0.10323943163705016,0.008285313876994464
2018,0,0,0.8067695626385509,0.17894194182734413,0.014288495534104917
2019,1,0,0.4735278941621824,0.45239207298504397,0.07408003285277366
2020,0,1,0.39700777663048126,0.498373179439913,0.10461904392960573
2021,0,1,0.39196924872608296,0.5559547598121253,0.05207599146179174
2022,1,1,0.1520968848823823,0.6109956717134947,0.23690744340412298
2023,1,2,0.05657027645185329,0.35397053372349363,0.5894591898246531
2024,2,2,0.2276448090216804,0.3289746585944328,0.4433805323838868
2025,1,1,0.3961006808573718,0.43723573922563885,0.16666357991698927
2026,1,1,0.079073333247904,0.5206484896493468,0.40027817710274916
2027,1,0,0.45788643494243775,0.39432332797000585,0.14779023708755637
2028,1,0,0.6251085668742514,0.33104841003777363,0.043843023087974796
2029,1,1,0.3043001023023628,0.5544411426811245,0.1412587550165127
2030,0,0,0.8255601136276429,0.16259607600079948,0.011843810371557554
2031,1,2,0.015504131963816685,0.2527679768709102,0.7317278911652731
2032,0,0,0.5677213708656761,0.41587974352001966,0.016398885614304207
2033,0,0,0.9707614974370485,0.028594601283960786,0.0006439012789906817
2034,1,0,0.5383553339598282,0.4207364509469952,0.040908215093176624
2035,0,0,0.7554154692239476,0.2129182022092204,0.031666328566831985
2036,0,0,0.9931922714153307,0.006722055588801937,8.567299586743183e-05
2037,1,1,0.10532787574096979,0.554507399163438,0.3401647250955922
2038,2,2,0.04327863842424547,0.43085538816739166,0.5258659734083629
2039,0,0,0.7005882390878814,0.2784632150442461,0.02094854586787255
2040,0,0,0.6420300245020075,0.33607182865354424,0.021898146844448216
2041,1,1,0.2925374727876835,0.5283510706270532,0.17911145658526317
2042,1,1,0.37453637716429655,0.5888968066793243,0.036566816156379085
2043,0,0,0.5840681121588146,0.39004035711927443,0.02589153072191095
2044,0,0,0.9254931874939534,0.07189342663437447,0.00261338587167214
2045,1,1,0.32465932337757625,0.5481903419885105,0.1271503346339133
2046,0,0,0.5466426067524268,0.40296562472558406,0.05039176852198906
2047,0,0,0.5995450034289065,0.33817550942394387,0.062279487147149766
2048,1,1,0.12297104600369396,0.7041167550685854,0.17291219892772067
2049,1,1,0.04946013923095017,0.5686255287990191,0.38191433197003083
2050,2,2,0.012315216086301897,0.29495578374477205,0.692729000168926
2051,0,0,0.8928424410955735,0.09640130919861092,0.010756249705815533
2052,1,1,0.10905507581759256,0.6961259315527186,0.19481899262968877
2053,2,2,0.021656057756938272,0.26011438185572117,0.7182295603873406
2054,1,1,0.19593388415995955,0.6654123319627472,0.13865378387729335
2055,0,0,0.9954997900504824,0.004458994935954452,4.121501356306763e-05
2056,0,0,0.9145558021587753,0.08318075116971611,0.0022634466715085616
2057,2,2,0.012523341905896698,0.1914642531990429,0.7960124048950604
2058,0,0,0.9520337790794157,0.04676919718129043,0.0011970237392938561
2059,2,2,0.005108354479947266,0.204824646320641,0.7900669991994117
2060,0,1,0.07168441618814939,0.547487318978893,0.3808282648329576
2061,0,0,0.912264293133849,0.08571134959691688,0.002024357269234073
2062,2,1,0.3148671160290516,0.548772950521167,0.13635993344978142
2063,1,1,0.2183546141622058,0.614475710463325,0.167169675374469
2064,0,0,0.9857550431256716,0.013739878803645538,0.0005050780706826526
2065,1,1,0.11239921004418962,0.7206862982499314,0.16691449170587896
2066,0,0,0.9485309340124828,0.05036440216518974,0.0011046638223274781
2067,0,0,0.9435549257669796,0.05390601630634063,0.002539057926679873
2068,0,1,0.415145019692095,0.5278060123126618,0.057048967995243255
2069,0,0,0.9522247768458563,0.04395060795488139,0.0038246151992622802
2070,0,0,0.8884514089791203,0.10777815548243862,0.003770435538441004
2071,0,0,0.965338427054788,0.03387110058756991,0.0007904723576421485
2072,1,1,0.07382252002512395,0.5480873957273591,0.378090084247517
2073,1,2,0.03074182474584916,0.4208308249467959,0.5484273503073549
2074,0,0,0.6005189459100229,0.356241247652435,0.04323980643754211
2075,0,1,0.3142014490835386,0.5978038034617991,0.08799474745466238
2076,0,0,0.9665674804016875,0.03268463815304624,0.0007478814452663268
2077,0,0,0.9646611534089703,0.03500451748722905,0.0003343291038005988
2078,2,2,8.389101996290257e-05,0.013842497587685566,0.9860736113923515
2079,0,0,0.9110903379667974,0.08685584858019232,0.002053813453010396
2080,0,0,0.6282952268430296,0.3648645675941779,0.00684020556279253
2081,0,0,0.6688199869475967,0.3196981930356192,0.011481820016784184
2082,2,2,0.02465582587509889,0.34330821883902907,0.6320359552858721
2083,0,0,0.6672455677128538,0.30065958973852547,0.03209484254862073
2084,1,1,0.1541535704793112,0.6433189818843944,0.20252744763629446
2085,0,0,0.8362111611405684,0.1567699258784035,0.007018912981028282
2086,1,1,0.11708512181024933,0.7044361414653129,0.17847873672443787
2087,0,0,0.6669747194820094,0.31411532643498496,0.01890995408300562
2088,0,0,0.8119643606787506,0.17973039913198272,0.00830524018926673
2089,0,0,0.9778197719237248,0.02172375940903926,0.0004564686672358654
2090,2,2,0.030643276343232387,0.4081787092745129,0.5611780143822548
2091,1,1,0.17395684896719527,0.6347136157565898,0.19132953527621488
2092,1,1,0.2502470380577352,0.6340357368998627,0.11571722504240212
2093,2,2,0.01679073408202987,0.3832118254687608,0.5999974404492093
2094,2,2,0.06104405850323064,0.3912304533418002,0.5477254881549691
2095,0,1,0.46293501196306874,0.47315863563404287,0.0639063524028884
2096,2,2,0.012557740943313798,0.23949923801438758,0.7479430210422986
2097,0,0,0.961049827726395,0.038263930586743676,0.0006862416868613341
2098,1,0,0.4758012335283475,0.44931150822245286,0.0748872582491995
2099,1,1,0.39329800113039853,0.571676256895485,0.035025741974116446
2100,1,1,0.3419352510725457,0.5740966435230496,0.08396810540440472
2101,1,0,0.5478431529272512,0.29927562413777953,0.15288122293496934
2102,0,0,0.5609844104129851,0.40289553099257874,0.03612005859443631
2103,1,1,0.21399624585934754,0.6944723554112099,0.0915313987294425
2104,1,1,0.23702720297195723,0.4756171055982721,0.28735569142977085
2105,0,0,0.894138958724132,0.09990973250545522,0.0059513087704128964
2106,0,0,0.6222790711921597,0.3482226218031243,0.02949830700471602
2107,0,0,0.9815175127061788,0.018344438461770935,0.00013804883205012754
2108,2,1,0.09725232052508476,0.6138720991336438,0.2888755803412714
2109,1,1,0.2877859350272684,0.5952612753778611,0.11695278959487061
2110,1,1,0.11129839913870118,0.6174056820536279,0.27129591880767084
2111,2,2,0.06852710082036642,0.2597044140672507,0.6717684851123829
2112,1,1,0.1203759982033244,0.5824676345341803,0.29715636726249517
2113,0,1,0.38585028648153114,0.5408523392277987,0.07329737429067028
2114,1,2,0.03533278571589165,0.43035803291414976,0.5343091813699586
2115,0,0,0.9724050641267882,0.027209799330572194,0.00038513654263977476
2116,1,1,0.10011401712110227,0.7246431754894407,0.1752428073894569
2117,2,2,0.0006625280186391238,0.059765608913027006,0.939571863068334
2118,0,0,0.9091970886989292,0.08569186779729403,0.0051110435037766775
2119,1,1,0.09355824024301594,0.629383068661713,0.2770586910952709
2120,1,0,0.6023860754511262,0.3397406164047398,0.05787330814413398
2121,0,0,0.9484639933770324,0.049712891473707395,0.0018231151492603466
2122,1,1,0.3535235431325235,0.4885631594495429,0.15791329741793364
2123,1,1,0.3629423104475742,0.4923126058670111,0.14474508368541456
2124,2,2,0.011436225184120215,0.15229214597938778,0.8362716288364921
2125,0,0,0.9613252902231859,0.037767238244005845,0.0009074715328082684
2126,0,0,0.6270627395810091,0.3449013641960615,0.028035896222929405
2127,0,0,0.810956061843039,0.17078702950228958,0.018256908654671503
2128,0,0,0.796666457934512,0.1845317985703921,0.018801743495095884
2129,0,0,0.8986690129139744,0.09887150815187436,0.002459478934151275
2130,2,1,0.04305005031637937,0.570780018163235,0.3861699315203856
2131,2,2,0.11724964189681811,0.33983047862476834,0.5429198794784136
2132,2,2,0.018803473369745388,0.21139424202096127,0.7698022846092935
2133,1,1,0.35985597824654625,0.4956079056693493,0.14453611608410455
2134,0,0,0.8390475060824151,0.1539987200994499,0.0069537738181350475
2135,0,1,0.4661867103574917,0.49620047574755366,0.03761281389495463
2136,1,1,0.09192813531374834,0.6680578225023691,0.2400140421838825
2137,1,1,0.18587310806298626,0.6775553785624969,0.13657151337451684
2138,0,0,0.49768296745185314,0.40782876459839335,0.09448826794975354
2139,1,0,0.6128864092283292,0.3471861740565271,0.03992741671514372
2140,1,1,0.12533810286912217,0.7754314505086236,0.09923044662225414
2141,1,1,0.4269937432876976,0.5080907629923195,0.06491549371998283
2142,0,0,0.9166431627124767,0.08149857835352506,0.0018582589339982514
2143,1,1,0.28239765968183694,0.6515805161782147,0.06602182413994848
2144,1,1,0.32852457223826526,0.4564316657696059,0.21504376199212896
2145,2,2,0.024398894422010254,0.4200732151065437,0.555527890471446
2146,1,0,0.5824615700209244,0.3809910575169488,0.03654737246212683
2147,1,1,0.045324808059057455,0.7485353748107328,0.2061398171302097
2148,1,1,0.26227304582300986,0.49432187251678217,0.24340508166020788
2149,0,0,0.5997989418651679,0.3883413613275922,0.01185969680723984
2150,1,1,0.3197221846077172,0.5668994468217515,0.11337836857053128
2151,1,1,0.14937660669747113,0.7306231502579094,0.12000024304461968
2152,0,0,0.9759717680998083,0.02366811732552403,0.0003601145746676351
2153,0,1,0.11717255977482773,0.6293913289201705,0.2534361113050018
2154,1,2,0.2348796062980526,0.36500700178791956,0.4001133919140278
2155,0,0,0.693929950594389,0.2856609496294364,0.020409099776174586
2156,2,1,0.04111422901552304,0.6124586846589248,0.346427086325552
2157,1,1,0.34584117830210315,0.43567905943983365,0.21847976225806315
2158,0,0,0.6539974322599278,0.325421509135739,0.020581058604333326
2159,0,0,0.9050657465219374,0.09167243608746231,0.0032618173906002338
2160,1,0,0.5087350827669701,0.37882144038191123,0.11244347685111872
2161,2,2,0.012042156142061318,0.21246781948070523,0.7754900243772335
2162,1,1,0.2386401906070825,0.6726785980592643,0.08868121133365323
2163,2,2,0.020372563332517087,0.4142169017743804,0.5654105348931026
2164,2,1,0.13047843577260237,0.5255813676751389,0.34394019655225877
2165,0,0,0.7213482890254277,0.2741834671637821,0.0044682438107902355
2166,1,1,0.09566857500907171,0.5867012957537292,0.317630129237199
2167,0,0,0.7854993519968904,0.1958741930680895,0.018626454935019996
2168,2,2,0.13760928294744304,0.38376277936872283,0.4786279376838341
2169,2,1,0.08006362443964603,0.5129157124473505,0.4070206631130036
2170,2,1,0.12018139168421609,0.49703717585348023,0.38278143246230384
2171,2,2,0.015089406707208953,0.3095259722353771,0.6753846210574139
2172,1,0,0.7019762265211602,0.27433694786903245,0.023686825609807362
2173,2,2,0.012097386968942527,0.15182318422741536,0.836079428803642
2174,1,1,0.11902124666367528,0.7776090141002476,0.10336973923607712
2175,0,1,0.38003026559317743,0.5662554073341838,0.05371432707263878
2176,1,1,0.16815171796716122,0.6749680237761473,0.15688025825669147
2177,1,2,0.195031248799919,0.38714501959839015,0.4178237316016909
2178,0,0,0.5341752068507603,0.38270429098066977,0.08312050216856996
2179,0,0,0.5926200169632927,0.36121343559785996,0.046166547438847266
2180,0,0,0.8193691102243273,0.16424970452639417,0.016381185249278306
2181,1,1,0.38191135924267655,0.42471918282239846,0.19336945793492494
2182,0,0,0.9083012946795457,0.08883985336622016,0.0028588519542342445
2183,1,1,0.04280833624847799,0.5843186380699621,0.37287302568156006
2184,0,0,0.9966883462255968,0.003269674118031474,4.197965637166273e-05
2185,0,0,0.9462693013040369,0.05282314077964331,0.000907557916319809
2186,0,0,0.5578476461186034,0.37101514525630974,0.07113720862508693
2187,1,1,0.42704124758279793,0.4562305731534133,0.11672817926378866
2188,2,2,0.016734257100556604,0.27958632283134704,0.7036794200680964
2189,1,1,0.29632147830363187,0.42240351993508896,0.2812750017612793
2190,0,0,0.5161422060530366,0.4488887609207216,0.0349690330262417
2191,2,1,0.15392681480032705,0.6758072169900273,0.17026596820964565
2192,1,1,0.24673600809993157,0.6615654845670552,0.09169850733301317
2193,0,0,0.7907944960033041,0.20421172856173894,0.004993775434956817
2194,2,1,0.034412726849812766,0.5745425128258955,0.39104476032429164
2195,0,0,0.8900535189561936,0.10211711749247276,0.00782936355133372
2196,1,0,0.6771481393237204,0.30295322229784255,0.019898638378436882
2197,1,1,0.12827377848122265,0.7485986482649045,0.1231275732538728
2198,1,0,0.5947869696416788,0.32341941555542486,0.08179361480289637
2199,0,1,0.47311795334965473,0.5067504801721616,0.020131566478183677
2200,2,1,0.06357520279315981,0.6972899037278459,0.23913489347899433
2201,2,2,0.0032640704930725355,0.14119311772915794,0.8555428117777695
2202,0,0,0.779201853380996,0.1988449463580102,0.02195320026099396
2203,1,1,0.23736252302582983,0.5450103957222738,0.2176270812518964
2204,1,0,0.7079801535910597,0.28118470874287577,0.010835137666064507
2205,0,1,0.33862272149691547,0.6335295348687955,0.02784774363428908
2206,0,1,0.22227172877000403,0.5652394936744247,0.21248877755557127
2207,2,2,0.08435871210758013,0.340050072230468,0.5755912156619518
2208,1,1,0.09994539119927848,0.49043307227051985,0.4096215365302018
2209,0,0,0.6552880498787549,0.2805316153119326,0.06418033480931254
2210,0,0,0.8651811000300731,0.13104111033528718,0.0037777896346398174
2211,0,0,0.969122235480697,0.030127537488071402,0.0007502270312316327
2212,0,0,0.996736016527545,0.0032046603966667296,5.932307578838957e-05
2213,2,1,0.04956008269539803,0.5623376337838365,0.38810228352076553
2214,0,0,0.9425025578743887,0.05646420825519718,0.0010332338704140825
2215,1,1,0.24870839893089985,0.6406467672008878,0.11064483386821235
2216,0,0,0.9097356350415148,0.08735444696281912,0.0029099179956659864
2217,0,0,0.783483800417022,0.2058871189507513,0.010629080632226784
2218,0,0,0.9469484482061402,0.051329436933422574,0.0017221148604372877
2219,1,1,0.3559122634936067,0.5392530967572762,0.10483463974911707
2220,2,2,0.010427966454322797,0.23651607618596263,0.7530559573597145
2221,2,2,0.0010040024065581484,0.06083048328161052,0.9381655143118314
2222,1,1,0.2666063908739684,0.584901881751611,0.14849172737442054
2223,0,0,0.9294084718500737,0.06889210394411938,0.0016994242058068166
2224,0,0,0.6141843211351781,0.3541273943749309,0.031688284489891014
2225,2,2,0.013724128104823452,0.25154101054111966,0.7347348613540569
2226,0,1,0.4619903517968849,0.4972399511449241,0.04076969705819098
2227,1,1,0.05072448947098013,0.7211604177632878,0.22811509276573208
2228,1,1,0.1149076791739808,0.5999085236897869,0.28518379713623226
2229,0,0,0.956612642003283,0.04286765801092609,0.0005196999857909234
2230,1,1,0.44920905970735847,0.5136739748651279,0.037116965427513623
2231,2,2,0.005936971464887784,0.28200962397319584,0.7120534045619163
2232,2,2,0.0004314897440404622,0.03589339905629021,0.9636751111996692
2233,2,2,0.01998982941224198,0.3774547529805231,0.6025554176072349
2234,0,0,0.9681171128119415,0.031132677114822722,0.0007502100732358797
2235,1,1,0.4476208500372987,0.5150944217353962,0.037284728227305164
2236,0,0,0.9490636141562225,0.04838887039488798,0.0025475154488895616
2237,1,1,0.11764852646651382,0.5369673431467102,0.34538413038677584
2238,0,0,0.7901803089025808,0.18584350747564068,0.023976183621778585
2239,0,0,0.766622076966107,0.22766457008986943,0.005713352944023663
2240,0,1,0.13976979342248974,0.7394331261262523,0.120797080451258
2241,0,0,0.9247160720868404,0.0734021785173471,0.0018817493958125443
2242,0,1,0.17161903601871886,0.5761823985470143,0.25219856543426694
2243,2,2,0.13953186249781369,0.40419037855829165,0.4562777589438946
2244,2,2,0.0722629043301293,0.4215254631135979,0.5062116325562728
2245,2,1,0.06177335052578765,0.7377132982731825,0.20051335120102973
2246,0,0,0.9720163454477879,0.027739165284979002,0.00024448926723322673
2247,1,1,0.031048694457309966,0.5677727543654534,0.4011785511772368
2248,0,0,0.9880529167919287,0.011453388245347121,0.00049369496272416
2249,0,1,0.39333885734871116,0.47089754772299763,0.13576359492829126
2250,2,2,0.03205541320775199,0.3929293928807742,0.5750151939114737
2251,1,0,0.5442551255808201,0.40294233714033184,0.052802537278848184
2252,0,0,0.6437444471721908,0.32835867965910076,0.027896873168708394
2253,1,1,0.3429546427459541,0.5853753213416998,0.07167003591234615
2254,1,2,0.08937595703142012,0.4535957181323104,0.45702832483626965
2255,0,0,0.7464911540457962,0.22622304875715382,0.02728579719704989
2256,0,0,0.7013373997974813,0.2824690687058832,0.016193531496635393
2257,2,2,0.022066163704563792,0.3463396497733403,0.631594186522096
2258,1,1,0.12983358719718677,0.6352703914845095,0.23489602131830367
2259,2,2,0.00033066490668786405,0.034532076110114426,0.9651372589831978
2260,1,1,0.38826090312893735,0.4051635430586539,0.2065755538124087
2261,0,0,0.9548278686939702,0.04409740367813781,0.0010747276278919606
2262,0,0,0.805117772053009,0.19112404723415313,0.003758180712837958
2263,2,2,0.011513795354174251,0.29950296926649117,0.6889832353793345
2264,0,1,0.4144937804216168,0.5082517925653497,0.07725442701303352
2265,0,0,0.9963995011509934,0.0035650795858937984,3.541926311289286e-05
2266,0,0,0.9708021260336934,0.02879599991134704,0.0004018740549596219
2267,0,0,0.7127076098457676,0.2799344478816563,0.007357942272576196
2268,0,0,0.7483869846036412,0.23910904843678377,0.012503966959575192
2269,0,0,0.9191666936823997,0.07658012832863775,0.004253177988962576
2270,0,0,0.9905272372304208,0.009238170212523503,0.0002345925570558456
2271,0,0,0.570222389664962,0.3896265698595121,0.040151040475525895
2272,0,0,0.94951629256691,0.047626541298320994,0.0028571661347691455
2273,2,2,0.005511989873464343,0.2533613481890257,0.7411266619375099
2274,0,0,0.8787892791582583,0.1175146300428764,0.0036960907988651545
2275,0,1,0.38863519330738727,0.547980811706554,0.06338399498605864
2276,0,0,0.9735167648474714,0.026148595436979217,0.00033463971554933687
2277,1,1,0.4391404017926299,0.5028372444757644,0.05802235373160572
2278,1,1,0.42603223533815704,0.48322624302795675,0.09074152163388612
2279,0,0,0.9771842576296997,0.022629970015874242,0.0001857723544259462
2280,0,0,0.47969615893966533,0.46011944558604423,0.060184395474290595
2281,0,0,0.8828190692127562,0.11183412250057327,0.005346808286670377
2282,0,0,0.986661829109676,0.013049948615095966,0.00028822227522803826
2283,0,0,0.9923293873710829,0.007533347987467295,0.00013726464144968079
2284,0,0,0.891396968241266,0.10058179928934527,0.008021232469388599
2285,0,1,0.18668671876039591,0.7089539496397894,0.10435933159981461
2286,0,0,0.5018868705133525,0.45052566585766046,0.04758746362898704
2287,1,0,0.5832872934290889,0.28094794541023,0.1357647611606811
2288,2,2,0.03926269780935576,0.28831647793618514,0.672420824254459
2289,0,1,0.29576638984300013,0.6211764887434442,0.0830571214135557
2290,0,0,0.7183462258986075,0.2584456352801353,0.023208138821257142
2291,0,0,0.7050939880200208,0.27283511494772106,0.022070897032258185
2292,2,2,0.005026971739973691,0.12349358321372574,0.8714794450463006
2293,0,0,0.9983047350548796,0.0016760502028749422,1.9214742245350505e-05
2294,2,2,0.0020818282332800983,0.0918329174560242,0.9060852543106956
2295,1,1,0.12663914053610018,0.5799306270749895,0.29343023238891025
2296,2,1,0.20002502414708767,0.7080889934477284,0.09188598240518386
2297,1,1,0.046277464427580725,0.6338444825094536,0.3198780530629657
2298,0,0,0.8248411637961951,0.16656230578713488,0.008596530416670049
2299,0,0,0.4886209449923538,0.4869473262414676,0.02443172876617869
2300,2,2,0.029742271491821612,0.47492623089370695,0.4953314976144714
2301,0,0,0.5483243871691958,0.422006711365899,0.029668901464905126
2302,0,0,0.8276643114717522,0.15957332859526677,0.012762359932981127
2303,1,1,0.2626719415479636,0.604336801700725,0.13299125675131146
2304,1,1,0.3431677216243986,0.4991409460635055,0.15769133231209578
2305,1,1,0.08927094352118474,0.5795489785219411,0.3311800779568742
2306,1,1,0.11870583611506022,0.7556494914344287,0.125644672450511
2307,1,1,0.34739949270332915,0.46609277575263064,0.18650773154404016
2308,0,0,0.5893862789836022,0.38641335724637016,0.024200363770027617
2309,0,0,0.9133537796203007,0.08438308407108164,0.0022631363086176195
2310,0,0,0.8964887139450204,0.09813977144867429,0.005371514606305211
2311,0,0,0.966652715069329,0.032056555306195667,0.0012907296244753811
2312,0,1,0.210223401977295,0.4722243957235397,0.3175522022991653
2313,0,0,0.6941611378754966,0.286128612235454,0.019710249889049413
2314,1,1,0.13385171062895754,0.6596310229216468,0.20651726644939572
2315,0,0,0.7763332159358872,0.21953120407741913,0.004135579986693693
2316,0,1,0.4174472972121243,0.4673385114326824,0.11521419135519312
2317,1,1,0.362265969673809,0.579253468595346,0.058480561730845065
2318,1,1,0.18645450143918257,0.6916183014539158,0.12192719710690166
2319,0,0,0.7144955518203839,0.27328633297885363,0.012218115200762481
2320,0,0,0.8977340739312537,0.09705122180189119,0.005214704266855035
2321,2,2,0.0009670027608317665,0.17811171260474973,0.8209212846344185
2322,2,1,0.03547894423559072,0.6482186800043052,0.3163023757601041
2323,1,0,0.6916170172018434,0.28604601884549313,0.022336963952663484
2324,0,0,0.935065817545248,0.0631105019539126,0.0018236805008394609
2325,1,0,0.5294887827263937,0.43148145318041203,0.039029764093194204
2326,0,0,0.8749941061954202,0.11756009402501637,0.007445799779563613
2327,0,0,0.8746902155923556,0.12123231172355986,0.004077472684084723
2328,0,0,0.5515447172737701,0.4283182540390019,0.020137028687228026
2329,2,2,0.014366564391865204,0.22347628704292913,0.7621571485652057
2330,0,0,0.9645246608658945,0.034091302008082434,0.0013840371260230076
2331,0,0,0.8143871839544274,0.177188333796203,0.008424482249369588
2332,0,0,0.8660166174487006,0.12626832775097813,0.007715054800321392
2333,1,1,0.049451455718821084,0.7661611259049947,0.18438741837618425
2334,0,0,0.9987021545099474,0.0012845720661423415,1.3273423910250023e-05
2335,1,1,0.2853592203690682,0.6127427726776146,0.10189800695331712
2336,2,2,0.0005377909292712801,0.051145411192760434,0.9483167978779682
2337,0,0,0.7089816441889808,0.2745103344156189,0.016508021395400203
2338,2,2,0.004015645649530553,0.23200947906921857,0.763974875281251
2339,0,1,0.34975290837548245,0.5152772973654577,0.13496979425905997
2340,1,1,0.22727601475867082,0.6685958340763586,0.10412815116497053
2341,0,0,0.8226817977996812,0.17016967408101188,0.007148528119306893
2342,1,0,0.7338845826616249,0.24031721757236266,0.025798199766012442
2343,1,1,0.41596351667584675,0.5324705096719402,0.05156597365221294
2344,1,0,0.518481873287347,0.45652228689626456,0.02499583981638853
2345,0,0,0.46885700056850005,0.4495287369344526,0.08161426249704737
2346,0,0,0.9657282607995794,0.032734841804688164,0.0015368973957326486
2347,1,2,0.02961718327197184,0.25430719465451945,0.7160756220735086
2348,2,2,0.012918243463493836,0.2977297357390338,0.6893520207974724
2349,2,2,0.008260867374461418,0.18122146180407048,0.8105176708214681
2350,1,0,0.6503971884506451,0.3308645971886707,0.018738214360684232
2351,0,0,0.9707418400429048,0.027216457963440487,0.00204170199365469
2352,1,1,0.20447161374219325,0.7194607005059954,0.07606768575181137
2353,1,1,0.04197200440105325,0.6959234376867075,0.26210455791223913
2354,0,1,0.12219479152952845,0.645086747465967,0.2327184610045047
2355,1,1,0.03949084289413406,0.5479576883808532,0.4125514687250127
2356,1,1,0.3081072863997155,0.595799419716114,0.09609329388417044
2357,0,0,0.7264677769255959,0.2559280446541166,0.017604178420287397
2358,1,1,0.28647419507907423,0.5480197098258685,0.16550609509505726
2359,1,1,0.1882601041753463,0.6932246690795585,0.11851522674509536
2360,0,0,0.8947329728238519,0.1019792017124976,0.0032878254636504642
2361,2,2,0.03256208952088375,0.3216262756102051,0.6458116348689112
2362,1,1,0.22083591692388904,0.5550287454524533,0.22413533762365753
2363,1,0,0.5188672467550977,0.4206728385687042,0.060459914676198136
2364,0,1,0.1905881347222609,0.6015947045080059,0.20781716076973314
2365,0,0,0.9881621646067624,0.011598666578048668,0.00023916881518878204
2366,0,1,0.47630721289823275,0.4791478104926983,0.044544976609069115
2367,0,0,0.5389260128383901,0.3066636184125864,0.15441036874902345
2368,1,1,0.1465724098905585,0.5363420309900561,0.31708555911938546
2369,0,0,0.8243187580352537,0.16461279653632685,0.011068445428419445
2370,0,0,0.6173251065979378,0.34401938786913233,0.03865550553292985
2371,1,1,0.0776049653922491,0.6277426010232051,0.29465243358454585
2372,0,0,0.6563384374813331,0.3278608823379208,0.015800680180745985
2373,2,2,0.022612742400909134,0.1845521850088795,0.7928350725902114
2374,1,0,0.6887626489944114,0.2816953898404497,0.02954196116513876
2375,1,2,0.04574138074998648,0.40683870018989526,0.5474199190601183
2376,1,1,0.30129968031031523,0.5664019077429113,0.13229841194677355
2377,0,0,0.9874606266897793,0.012366804511240798,0.00017256879897987467
2378,2,1,0.1042073395408671,0.6823001660241644,0.21349249443496843
2379,0,0,0.7488633847873726,0.24170440717165811,0.009432208040969189
2380,0,1,0.2667626734743571,0.6430528212316463,0.09018450529399649
2381,1,1,0.1652808997910289,0.6525647953126215,0.1821543048963495
2382,1,1,0.08416822679490164,0.4931895108763168,0.42264226232878155
2383,1,1,0.0922438950665362,0.5253007907311845,0.38245531420227924
2384,0,1,0.2339653848031175,0.6658970642532192,0.10013755094366332
2385,0,1,0.4035761847304873,0.5267080628553094,0.06971575241420327
2386,1,1,0.11774847620651158,0.6492092963880147,0.23304222740547373
2387,0,0,0.9104952775634544,0.08670733695324706,0.002797385483298544
2388,1,1,0.2811641987848677,0.6243715383108669,0.09446426290426535
2389,1,1,0.25765563642618733,0.6466267038240798,0.0957176597497329
2390,2,1,0.09706783208591445,0.48159629430241807,0.42133587361166747
2391,1,1,0.24539651196523143,0.650943113525727,0.1036603745090417
2392,0,0,0.9647787321403868,0.03485320368263278,0.0003680641769804659
2393,0,0,0.9330950233979564,0.06563100137945996,0.0012739752225838419
2394,0,0,0.8220686050698337,0.1636160689674689,0.01431532596269744
2395,0,0,0.8504619564188041,0.1417992053241494,0.007738838257046481
2396,1,2,0.032134772007062586,0.3330037102833386,0.6348615177095988
2397,2,2,0.005624285143394342,0.27350926420163074,0.7208664506549749
2398,0,0,0.872597949570438,0.1162396673401161,0.011162383089445794
2399,0,0,0.9141296037853485,0.08179143957277359,0.004078956641877939
2400,1,1,0.3628379506835887,0.5396554970761827,0.09750655224022872
2401,1,1,0.1086520849050209,0.5587216875450011,0.332626227549978
2402,0,0,0.9609314745215374,0.038400541701608636,0.0006679837768538626
2403,0,0,0.9683523053215076,0.03123276897176357,0.0004149257067287239
2404,0,0,0.8206189746886827,0.16446184483631635,0.014919180475000902
2405,1,0,0.8623485714849651,0.1257400894837399,0.011911339031295123
2406,0,0,0.7666489502080331,0.2077020606914012,0.02564898910056558
2407,1,0,0.5048196946779203,0.35070724977114465,0.1444730555509351
2408,0,0,0.7882498905492741,0.18582390973562127,0.025926199715104816
2409,2,1,0.060251577762033805,0.595267765472635,0.3444806567653312
2410,0,0,0.6572166850641928,0.2558194285936939,0.0869638863421133
2411,0,0,0.8555969708860189,0.13073395891987177,0.013669070194109201
2412,0,0,0.7147549181754971,0.2640916559303294,0.021153425894173503
2413,0,0,0.9782026076597928,0.020197211336307835,0.0016001810038992338
2414,0,0,0.7452817355293998,0.23777781101561568,0.016940453454984482
2415,1,2,0.01695883955062335,0.43870372618768777,0.5443374342616889
2416,0,0,0.7803633019092305,0.20577144937311825,0.013865248717651277
2417,0,0,0.9914177635531162,0.008497408094505419,8.482835237858056e-05
2418,1,2,0.0803530445694649,0.3647534539749225,0.5548935014556126
2419,0,0,0.5521581365220204,0.4249413197948229,0.0229005436831568
2420,0,0,0.6296284665755228,0.3311949748562708,0.03917655856820626
2421,2,1,0.06772395178706268,0.5816959055914099,0.3505801426215273
2422,1,0,0.8055006973383548,0.19005914539247365,0.0044401572691716755
2423,0,0,0.9302195237971528,0.06849845051314,0.0012820256897071523
2424,1,2,0.16185951386673925,0.368228618972922,0.4699118671603388
2425,1,1,0.3241263183697019,0.4014043454063396,0.27446933622395847
2426,1,1,0.05148526165544575,0.5350285856805811,0.41348615266397304
2427,0,1,0.19486990294692055,0.6629318222836363,0.14219827476944297
2428,0,0,0.8631802184721464,0.12140147055013673,0.015418310977716683
2429,0,0,0.9410776830906354,0.05679397371066138,0.002128343198703266
2430,1,1,0.10746344522236893,0.4676329801735135,0.4249035746041175
2431,0,0,0.5368528070108266,0.43722252018794255,0.025924672801230886
2432,1,0,0.4599343006544177,0.45419352471237157,0.08587217463321072
2433,1,1,0.3197770130695572,0.5463898615233503,0.13383312540709244
2434,0,0,0.9609498262852485,0.038460282567809416,0.0005898911469422614
2435,0,0,0.8541124322970454,0.13866307580742507,0.007224491895529582
2436,0,0,0.8893386762077138,0.10210045597414823,0.0085608678181379
2437,0,0,0.8946545718459308,0.09939309334278242,0.005952334811286718
2438,0,0,0.5071408966352393,0.42271564386897154,0.07014345949578914
2439,1,1,0.1478654139204855,0.48195873148557244,0.37017585459394214
2440,2,2,0.010030670534076335,0.26062107830661824,0.7293482511593055
2441,0,0,0.7554607709428486,0.23565026807675313,0.00888896098039833
2442,2,1,0.1949709728506877,0.510064013442295,0.29496501370701733
2443,0,0,0.9426020244911548,0.05440663678074986,0.0029913387280953844
2444,0,1,0.35780635518744885,0.5774792196107845,0.06471442520176654
2445,0,0,0.9032438448770459,0.09480001646047011,0.001956138662484054
2446,2,2,0.02384048091233521,0.4150480694209577,0.5611114496667071
2447,1,0,0.9402935390577875,0.058287153898343914,0.0014193070438686208
2448,1,1,0.20701621602463474,0.5640338252521709,0.2289499587231942
2449,1,0,0.8077736345694733,0.18866973018345606,0.0035566352470708246
2450,1,1,0.3284319761878346,0.5650661777977262,0.10650184601443909
2451,1,1,0.25069435689275604,0.6216645250879154,0.12764111801932854
2452,1,1,0.16284279218905495,0.5525585291261456,0.2845986786847995
2453,2,1,0.10624695551480468,0.5260654625488075,0.3676875819363878
2454,2,2,0.07579851261980916,0.24952608122739753,0.6746754061527933
2455,1,1,0.25417300676007976,0.6108313830399374,0.1349956101999827
2456,0,1,0.40715537560057946,0.5254362493922562,0.06740837500716443
2457,2,1,0.07026192032715607,0.6568422548678013,0.27289582480504265
2458,0,1,0.23572095389656197,0.46861360254591816,0.29566544355751984
2459,1,1,0.3356990149877815,0.6199119861324195,0.04438899887979899
2460,1,0,0.7453187395509485,0.1961336264714908,0.058547633977560645
2461,2,2,0.004879278299597637,0.27293636732616505,0.7221843543742373
2462,0,1,0.4256177903642089,0.5314530329901411,0.04292917664565007
2463,0,1,0.34182248422063677,0.5646480601131211,0.0935294556662423
2464,1,1,0.09806929979191731,0.6820348096737439,0.21989589053433883
2465,1,0,0.5113087013455477,0.44889330701632946,0.03979799163812291
2466,1,1,0.2376988009946232,0.6522720592921766,0.11002913971320025
2467,0,0,0.5435023572836601,0.443657252370915,0.012840390345424769
2468,2,2,0.0003720076012735593,0.0423466380592887,0.9572813543394377
2469,0,1,0.2198434391311345,0.6995647663248588,0.08059179454400671
2470,0,0,0.6409871673030191,0.33597949977019914,0.023033332926781846
2471,1,1,0.13999339639088115,0.7712792724632119,0.08872733114590692
2472,0,0,0.9627864975992847,0.03636264193208813,0.0008508604686271477
2473,0,0,0.5042844264915353,0.442541452788962,0.05317412071950274
2474,0,0,0.8198628810337245,0.1692140038267645,0.010923115139510888
2475,0,0,0.7269121421933724,0.24818583533813712,0.024902022468490475
2476,0,0,0.6494089312567652,0.32213047896424596,0.028460589778988757
2477,1,1,0.06130511407069968,0.5897179422056125,0.3489769437236879
2478,1,1,0.044660323903499055,0.7924189764895849,0.1629206996069161
2479,0,0,0.7565540229871085,0.20906196122968587,0.03438401578320565
2480,0,0,0.8665632826888958,0.12893114337607917,0.004505573935025035
2481,0,0,0.8731498820627662,0.12348562063194192,0.0033644973052918167
2482,1,0,0.6376235856431642,0.3423484518960916,0.02002796246074415
2483,2,2,0.020743367647133894,0.40147447657583946,0.5777821557770267
2484,1,1,0.11356440284714517,0.6749308669463308,0.21150473020652413
2485,0,0,0.9641753313131117,0.034653523607064786,0.0011711450798234527
2486,1,1,0.28324227505534677,0.5443402269953153,0.17241749794933806
2487,1,1,0.056288510536006225,0.6396666972379278,0.304044792226066
2488,2,1,0.10637680040149895,0.5267094549381385,0.3669137446603626
2489,2,2,0.03675243619112844,0.3606462866628271,0.6026012771460445
2490,2,1,0.12943000211901484,0.574336062867202,0.2962339350137831
2491,1,1,0.14113259227607766,0.7715014741662266,0.08736593355769584
2492,0,0,0.9944947600927897,0.00545043530692289,5.4804600287363124e-05
2493,1,1,0.21753442496019323,0.7313089374839238,0.05115663755588286
2494,0,0,0.7423622546500346,0.2342597245022219,0.023378020847743486
2495,1,0,0.6761589086860572,0.3127343213067546,0.011106770007188226
2496,0,0,0.7503819378423555,0.23793818217972365,0.011679879977920735
2497,0,0,0.8353327724561551,0.1528065018356226,0.011860725708222143
2498,0,0,0.7677244525326955,0.22426515372555492,0.008010393741749628
2499,0,0,0.9724025294518256,0.02638004492951039,0.0012174256186639264
2500,0,0,0.871184741680837,0.10794092818425578,0.020874330134907176
2501,1,1,0.40142279475150283,0.5310818662875368,0.06749533896096044
2502,0,0,0.9582788605729549,0.04129121149851869,0.00042992792852620984
2503,2,2,0.023241399743334678,0.4814726817796443,0.4952859184770212
2504,0,0,0.4987391886819221,0.4623541620953779,0.038906649222700054
2505,1,1,0.40797293545022334,0.506427001756871,0.08560006279290562
2506,1,1,0.416298736758502,0.5164523673909692,0.0672488958505288
2507,0,0,0.9671466004582064,0.031675234378257915,0.0011781651635356463
2508,0,0,0.6879255664527112,0.2958257639889167,0.01624866955837211
2509,0,0,0.6614632469679159,0.250773665829292,0.08776308720279205
2510,1,1,0.19918690000400693,0.6409174289719369,0.15989567102405605
2511,0,0,0.6410107225429199,0.30687882885193946,0.05211044860514064
2512,1,1,0.4091450969863213,0.526417706579875,0.06443719643380369
2513,0,0,0.6785954958018715,0.29718322116025114,0.024221283037877458
2514,1,0,0.6826659761482419,0.2847670744368302,0.03256694941492788
2515,1,0,0.5791165715183193,0.35778112296558723,0.06310230551609357
2516,1,1,0.2861003938036068,0.6546805504310499,0.059219055765343295
2517,1,1,0.3119919108672446,0.5223644515384952,0.16564363759426032
2518,1,1,0.09540108638061105,0.5381645000601241,0.3664344135592649
2519,0,0,0.6157987250524454,0.27624278128620944,0.10795849366134516
2520,0,0,0.9197593462174083,0.07789901659271521,0.002341637189876467
2521,0,0,0.8915320229528435,0.10499150864259894,0.0034764684045575085
2522,1,1,0.4829504906680285,0.48997475949032915,0.02707474984164241
2523,1,1,0.09831733477964429,0.5456507612765402,0.3560319039438155
2524,0,0,0.7777700263691469,0.1960323551464719,0.026197618484381312
2525,1,0,0.5485004193530517,0.4153440602198807,0.03615552042706753
2526,1,1,0.24148138456942317,0.6528525441355488,0.10566607129502797
2527,1,1,0.13957626853839586,0.519775132859774,0.3406485986018302
2528,0,0,0.921879859689573,0.07693681867479739,0.0011833216356297786
2529,1,1,0.02309996689248949,0.5136777842215277,0.46322224888598285
2530,0,0,0.6371667449422289,0.33336991827823204,0.029463336779539013
2531,2,2,0.051859748016127305,0.29737676128810225,0.6507634906957704
2532,0,1,0.35067544246184923,0.6064496736730108,0.042874883865139955
2533,2,1,0.16236051468672458,0.6076407108924877,0.22999877442078767
2534,2,1,0.1920415313271682,0.7146435596863226,0.09331490898650917
2535,0,0,0.8294292117364286,0.16759912744566732,0.0029716608179041707
2536,0,0,0.5675433657953771,0.3878161656820664,0.04464046852255647
2537,0,0,0.9575895238255832,0.04081717589268418,0.0015933002817324453
2538,0,0,0.8840403939675928,0.11022071922345024,0.0057388868089567995
2539,0,0,0.8566580919378627,0.13234186065191286,0.011000047410224523
2540,1,0,0.6102338523105748,0.33270216886284176,0.05706397882658355
2541,2,2,0.001799575218974631,0.12185066618563198,0.8763497585953934
2542,2,2,0.03203872523088162,0.34041820992733585,0.6275430648417826
2543,1,1,0.160378934215681,0.7035629751019273,0.13605809068239166
2544,0,0,0.9811407185229244,0.01856156780948028,0.0002977136675953669
2545,0,1,0.46581357414909713,0.4902531937048811,0.04393323214602187
2546,1,2,0.1044650363626856,0.4099781450578088,0.4855568185795055
2547,0,0,0.7111138217422696,0.277607690153042,0.011278488104688468
2548,0,0,0.9757662005011288,0.023912713764458207,0.00032108573441281483
2549,1,1,0.2688497062009693,0.6577308898686053,0.07341940393042524
2550,1,0,0.6689064296547689,0.2979808680302992,0.033112702314931935
2551,1,0,0.6102586896899637,0.3771593330708116,0.012581977239224709
2552,2,2,0.0007973364454964626,0.03641378979576364,0.96278887375874
2553,1,1,0.10924729037576583,0.6702989423639459,0.22045376726028829
2554,0,0,0.8816018097305496,0.10708037744334781,0.011317812826102462
2555,2,1,0.08567777142887045,0.5941457832431822,0.3201764453279473
2556,2,1,0.10098931897342765,0.5001529453727944,0.3988577356537779
2557,1,1,0.0798179870333961,0.5268513001830223,0.3933307127835816
2558,2,1,0.3967262109156834,0.4742439249835177,0.12902986410079895
2559,0,0,0.757219742041583,0.2326686046381535,0.010111653320263564
2560,1,1,0.28608032138975525,0.6182596676313953,0.09566001097884946
2561,0,0,0.9396540955286189,0.0588384195620225,0.0015074849093587035
2562,1,1,0.273199867644471,0.5667396890620278,0.16006044329350114
2563,2,2,0.0012429459331550522,0.09822079949261933,0.9005362545742256
2564,0,0,0.9391522561654121,0.0562644059079344,0.0045833379266535055
2565,1,1,0.07903912239124371,0.7027726253612119,0.21818825224754446
2566,2,1,0.05509938637159985,0.6485195453116499,0.2963810683167502
2567,0,0,0.9263742433558261,0.07174651391933169,0.0018792427248422886
2568,1,0,0.8445072142878282,0.14898496076500947,0.00650782494716241
2569,0,0,0.7333491187223591,0.22838433437701347,0.03826654690062749
2570,1,1,0.2116014143696342,0.5040977346147901,0.2843008510155756
2571,2,2,0.028683236429002532,0.40991215491353644,0.561404608657461
2572,0,1,0.27051161292142656,0.5554965255654788,0.17399186151309468
2573,0,0,0.7768769464046114,0.1932422579750601,0.029880795620328485
2574,1,0,0.5022354534791931,0.4576711423390261,0.040093404181780735
2575,0,0,0.9879444757961584,0.011824766629326291,0.00023075757451531396
2576,0,0,0.8684025016403919,0.1248400392293199,0.006757459130288266
2577,1,1,0.1491993198437848,0.7176264461168431,0.13317423403937198
2578,0,1,0.41645656760446914,0.4863890416968142,0.09715439069871672
2579,2,2,0.002949467802588163,0.09577683915173603,0.9012736930456757
2580,2,2,0.001184283406199937,0.0873999647771407,0.9114157518166595
2581,1,1,0.13120146409987946,0.7249912136742915,0.14380732222582907
2582,1,1,0.0911667123653513,0.6830005509391236,0.22583273669552514
2583,2,1,0.166265682800805,0.6944682588352459,0.1392660583639491
2584,1,0,0.741349156052517,0.24256640691333764,0.01608443703414534
2585,0,0,0.6410457479614794,0.32329321205813294,0.03566103998038765
2586,0,1,0.09904067266481197,0.6590464703866363,0.24191285694855164
2587,0,0,0.8689670722217516,0.12258449180584821,0.008448435972400204
2588,2,1,0.1384729189942766,0.6057691943049934,0.25575788670073
2589,0,0,0.8220172848451442,0.17126814627642922,0.006714568878426515
2590,2,2,0.001134602231075992,0.0649376480798169,0.9339277496891072
2591,0,0,0.9816005927049906,0.017629774625192607,0.0007696326698170297
2592,0,0,0.652895399253257,0.31152917070364167,0.03557543004310135
2593,1,1,0.10576061375125335,0.5072475584922826,0.38699182775646396
2594,1,1,0.03621302316430835,0.5250618169106455,0.43872515992504607
2595,2,2,0.0032634992617913494,0.17696058437887566,0.819775916359333
2596,0,0,0.7270411591879881,0.2644731857693973,0.00848565504261468
2597,1,0,0.5183530351139483,0.39566116256960543,0.08598580231644634
2598,1,1,0.2031856168349567,0.4697134957477879,0.3271008874172553
2599,1,1,0.45919140859851854,0.5055670250618747,0.03524156633960687
2600,1,1,0.14122445766024166,0.6505898558805143,0.20818568645924398
2601,0,0,0.7768874972411649,0.20824775132353454,0.014864751435300633
2602,0,0,0.893383069229563,0.10430648722873072,0.0023104435417062794
2603,1,0,0.489798273584296,0.40473395233943305,0.10546777407627106
2604,1,2,0.020596475956699833,0.16369278069610474,0.8157107433471954
2605,0,0,0.8214424276205529,0.16691638798370126,0.0116411843957459
2606,0,0,0.9845619795481595,0.015052441124261835,0.0003855793275786826
2607,1,1,0.4710007990927015,0.48375317832107756,0.045246022586220944
2608,0,0,0.9443206489105741,0.0545558235285557,0.0011235275608701934
2609,1,0,0.45422645822226326,0.389402987829487,0.15637055394824967
2610,0,0,0.9871377307708955,0.012511900609004943,0.0003503686200995651
2611,0,1,0.4535979581497343,0.5233152866874493,0.023086755162816303
2612,2,1,0.09400652866900629,0.6429277337491199,0.26306573758187374
2613,0,0,0.9639969314305966,0.035378302720139296,0.0006247658492639952
2614,2,2,0.009572363054307335,0.22124399306826467,0.7691836438774281
2615,0,0,0.9398644047277129,0.05745049447191339,0.002685100800373576
2616,0,0,0.5712292864805388,0.407636424662635,0.021134288856826156
2617,1,1,0.37406950419471036,0.5398204158088865,0.08611007999640319
2618,2,0,0.5728794988926993,0.3860659755884593,0.04105452551884137
2619,0,0,0.9452829267763476,0.05289302112086106,0.0018240521027911634
2620,0,1,0.4463884552599872,0.5281360130056928,0.02547553173432
2621,0,0,0.7813155778679083,0.19182853239538106,0.02685588973671072
2622,1,1,0.15806845948028367,0.6517121303327577,0.1902194101869588
2623,2,2,0.048898564975284824,0.3737807223660841,0.577320712658631
2624,0,1,0.3336410117899301,0.6107996370921338,0.05555935111793598
2625,1,1,0.17271134561331228,0.5425376629731454,0.2847509914135424
2626,0,0,0.7590653019928012,0.22886039402501282,0.012074303982186046
2627,2,2,0.09779048361710008,0.3251323037453339,0.5770772126375661
2628,0,0,0.9177993565143994,0.0801988143895723,0.0020018290960282935
2629,1,2,0.2816411518398613,0.28799776514917486,0.43036108301096393
2630,0,0,0.7521008774197546,0.22882829181240627,0.019070830767839105
2631,1,1,0.363924282817718,0.520015218069867,0.11606049911241506
2632,0,0,0.9004622207839224,0.09500226368294694,0.004535515533130607
2633,0,0,0.9636295831793302,0.03552066721001527,0.0008497496106544544
2634,0,0,0.4701442010600411,0.4488352646367878,0.08102053430317113
2635,0,0,0.9951754660225073,0.004778331939988161,4.6202037504515385e-05
2636,0,0,0.914844549576541,0.07772323496401524,0.007432215459443809
2637,0,0,0.691892245246061,0.27162348913106743,0.03648426562287163
2638,0,0,0.4956111076778011,0.4569152548715015,0.047473637450697506
2639,2,1,0.04344170637991532,0.7027428037394579,0.25381548988062697
2640,0,0,0.661259534543134,0.3303497764709373,0.008390688985928664
2641,1,1,0.33869158994778337,0.6211175829407671,0.04019082711144955
2642,1,1,0.17377197802444674,0.708822465282463,0.11740555669309025
2643,1,1,0.07870796581077509,0.6187137401442563,0.30257829404496867
2644,0,0,0.9470942242732463,0.05119431606529542,0.0017114596614582894
2645,1,2,0.016469699463825347,0.38120055590054275,0.6023297446356319
2646,0,1,0.2471882215741991,0.49846633625713493,0.25434544216866584
2647,0,0,0.9312835347119872,0.06767449802610061,0.001041967261912278
2648,2,2,0.010565710705172756,0.2501738941018833,0.7392603951929441
2649,1,1,0.25847459815440377,0.6492614447656727,0.09226395707992346
2650,1,0,0.8315953992310586,0.1461796102387285,0.022224990530212874
2651,2,1,0.0339156715666562,0.5194363036737624,0.44664802475958143
2652,1,1,0.38295852791176077,0.5577734761415934,0.05926799594664591
2653,1,2,0.022387227374177705,0.4499856272576142,0.527627145368208
2654,0,0,0.8893499449862866,0.10094930046700745,0.009700754546705957
2655,1,2,0.0707818283042778,0.45802753434760485,0.47119063734811745
2656,1,1,0.10431989128053654,0.8150589991482653,0.0806211095711981
2657,0,0,0.7822281229937726,0.2018556445684554,0.015916232437771873
2658,0,0,0.9055782635294538,0.08893033365243393,0.005491402818112266
2659,1,1,0.08452167220212571,0.6807267163661543,0.23475161143171994
2660,0,0,0.5237309824239658,0.3822407787427782,0.0940282388332561
2661,1,1,0.16701076197169482,0.6230866079654934,0.20990263006281176
2662,1,0,0.8092524955103221,0.16915977866367907,0.021587725825998855
2663,0,0,0.847773766610367,0.14763389409523434,0.004592339294398679
2664,1,1,0.32340093852818474,0.6413736460449919,0.035225415426823434
2665,0,0,0.7519783742777468,0.23012822232292776,0.017893403399325457
2666,2,2,0.01598302571914973,0.19515537213405854,0.7888616021467918
2667,1,0,0.8009027989815316,0.17038491365529637,0.028712287363172075
2668,0,0,0.711318359226783,0.2646159987715615,0.024065642001655466
2669,1,0,0.5502592524720806,0.41841424503997743,0.03132650248794185
2670,0,0,0.9606420020950165,0.0382897561246154,0.0010682417803680525
2671,0,0,0.9343463593899716,0.06381515302587377,0.0018384875841545912
2672,0,0,0.915974914503277,0.08254753517714211,0.0014775503195810396
2673,0,0,0.9328024136542696,0.0647575522683229,0.002440034077407428
2674,0,0,0.7542269685238013,0.24026118680051073,0.005511844675687882
2675,1,1,0.3790632367756895,0.5817703338390965,0.03916642938521399
2676,1,1,0.29307485002987405,0.6322594886904473,0.07466566127967868
2677,0,0,0.7099962688822803,0.2023396329359168,0.0876640981818029
2678,1,0,0.5271005777063043,0.43620576796338895,0.03669365433030678
2679,1,1,0.29609978679523974,0.5892727935706636,0.11462741963409664
2680,1,1,0.36844840715971877,0.5579972139167169,0.0735543789235643
2681,2,1,0.06608976896921137,0.5145905309806934,0.4193197000500951
2682,1,0,0.6493322812144611,0.3027064752549433,0.04796124353059567
2683,1,1,0.1474452114959346,0.7018291438819445,0.15072564462212099
2684,0,0,0.6753872858146105,0.3006864137104691,0.02392630047492042
2685,0,0,0.874569649952931,0.12245968739493449,0.0029706626521344977
2686,1,1,0.17592149696991966,0.6672774749643298,0.1568010280657505
2687,0,1,0.2744953404654817,0.6099351657461982,0.11556949378832014
2688,1,1,0.14651539725525883,0.6168941215131588,0.23659048123158238
2689,0,0,0.7134172368317697,0.24586282041712973,0.04071994275110049
2690,0,0,0.7949607652492858,0.1949481897854049,0.010091044965309244
2691,0,0,0.8362707552304273,0.15783805917104884,0.005891185598523994
2692,0,0,0.9548516002955469,0.04316267666371623,0.00198572304073694
2693,0,0,0.9713599111898915,0.028020968311045318,0.0006191204990631486
2694,0,0,0.9567371159218757,0.04211468924842015,0.0011481948297041504
2695,2,1,0.013774537228976815,0.5242096497814754,0.46201581298954775
2696,1,2,0.06555193141398985,0.40945104364184304,0.5249970249441671
2697,0,0,0.8868744315645436,0.11115186437095424,0.001973704064502156
2698,1,1,0.019101820985616875,0.6081054766565213,0.37279270235786194
2699,2,2,0.08245901512275147,0.4518041244800553,0.4657368603971931
2700,1,1,0.13711610578125916,0.6611785097869665,0.2017053844317744
2701,0,0,0.8948810386982796,0.10288388694121578,0.0022350743605044814
2702,1,1,0.42783847638452205,0.5183034670913201,0.05385805652415786
2703,1,1,0.1465439196783043,0.561030980593526,0.2924250997281698
2704,2,2,0.014615934149760328,0.23706984924890848,0.7483142166013311
2705,1,1,0.13825162930541798,0.4362000368581582,0.4255483338364237
2706,1,1,0.099961823954945,0.6415536473132493,0.25848452873180566
2707,1,1,0.12812089208929342,0.48331856666236966,0.3885605412483369
2708,1,1,0.09624861639028699,0.7619472618615964,0.14180412174811657
2709,2,2,0.021017905083624822,0.3120552962209129,0.6669267986954623
2710,0,0,0.9291461522038692,0.06751419939699903,0.0033396483991317482
2711,1,0,0.697796586073954,0.28483956179600595,0.017363852130040183
2712,1,1,0.0971953462762569,0.6050227253993213,0.2977819283244219
2713,0,0,0.8529183081875734,0.1398778460856351,0.007203845726791312
2714,0,0,0.9922544483711816,0.007551643897157721,0.0001939077316608915
2715,0,0,0.9086163459581649,0.08394853182655765,0.007435122215277466
2716,0,0,0.5417024477575242,0.40852240293996844,0.04977514930250734
2717,0,0,0.9089052721128177,0.08684929073886237,0.004245437148320008
2718,1,1,0.13860981629234972,0.666023379070964,0.19536680463668626
2719,0,0,0.7684928739717359,0.22611001901423564,0.005397107014028388
2720,1,1,0.10766907757187563,0.6462828951225206,0.24604802730560393
2721,1,1,0.34094212173839855,0.597495909283875,0.06156196897772633
2722,1,1,0.1285415350362961,0.7615311703546088,0.10992729460909523
2723,2,2,0.002953358720430793,0.18449298588706334,0.8125536553925058
2724,0,0,0.8246363896038665,0.16628135985546838,0.009082250540665061
2725,2,2,0.0021876063735391292,0.13618090084489978,0.861631492781561
2726,0,0,0.5344552787184074,0.41192799526572005,0.05361672601587254
2727,0,0,0.8721149818277831,0.11574900704060923,0.012136011131607765
2728,0,0,0.4848126256011085,0.4614932439037062,0.05369413049518512
2729,1,1,0.13887075255815223,0.5809464954621941,0.2801827519796537
2730,1,1,0.1292462308699574,0.6526937030805579,0.2180600660494848
2731,1,1,0.281098269711049,0.6476330332575017,0.07126869703144943
2732,1,1,0.07793415200404448,0.6487372992557839,0.27332854874017143
2733,1,1,0.42078050779031123,0.4684277447768524,0.11079174743283647
2734,0,0,0.7981280619746142,0.189473127685248,0.01239881034013792
2735,0,0,0.8361208244171936,0.15883706010661228,0.005042115476194236
2736,0,0,0.6007558518159307,0.36776989147195294,0.03147425671211637
2737,1,2,0.018484197116222907,0.3755567100800178,0.6059590928037594
2738,2,2,0.013929018160443047,0.28904851659322106,0.6970224652463359
2739,0,0,0.9795524822068181,0.019706206618048405,0.0007413111751334484
2740,0,0,0.9635937887461993,0.03368816178151843,0.0027180494722824286
2741,0,0,0.7257506085980984,0.2601974413236896,0.014051950078211984
2742,0,0,0.49839488240113,0.4680030111674709,0.03360210643139904
2743,2,2,0.05069696800170176,0.36188956262657757,0.5874134693717207
2744,0,0,0.9067866398513565,0.09117444211337104,0.002038918035272481
2745,1,1,0.1173583073915986,0.4646462394685144,0.417995453139887
2746,2,1,0.1004665744337287,0.5475752328013003,0.3519581927649711
2747,0,0,0.9823466068964828,0.01728056393584143,0.0003728291676757052
2748,0,0,0.9350989179251057,0.059913344114322455,0.004987737960571754
2749,0,0,0.8035090048406023,0.18842815097261129,0.008062844186786473
2750,1,1,0.18383715335209286,0.6774240796626279,0.13873876698527934
2751,1,1,0.08593389965121122,0.717204095847017,0.19686200450177185
2752,0,0,0.7497853500962817,0.23610229515488787,0.014112354748830488
2753,1,1,0.12333241548031046,0.6118815614301056,0.264786023089584
2754,0,0,0.5630018159356335,0.402136835034897,0.03486134902946944
2755,2,2,0.059837903566346586,0.37039386638222055,0.5697682300514328
2756,0,0,0.9743371710061076,0.025288112224923262,0.00037471676896906847
2757,2,2,0.0008471909457627416,0.06511851637857516,0.9340342926756621
2758,0,0,0.956493680608679,0.04294681469929453,0.0005595046920265516
2759,1,1,0.3401044128514703,0.442155709752965,0.2177398773955646
2760,1,1,0.24534591127766517,0.529301452930772,0.22535263579156276
2761,0,0,0.8618981346519763,0.1322679023291618,0.0058339630188617205
2762,1,1,0.09287222847152057,0.6573294316988539,0.24979833982962557
2763,0,0,0.5831131981806869,0.3707025504288623,0.04618425139045101
2764,1,0,0.6082069677019822,0.3285821833269172,0.06321084897110048
2765,0,1,0.28757311190672175,0.6628707366064904,0.04955615148678798
2766,1,0,0.8486199882709488,0.1452321379716183,0.0061478737574328915
2767,0,0,0.7097371676472631,0.2673744734829295,0.022888358869807494
2768,0,1,0.40247262734772216,0.5167370095643739,0.08079036308790406
2769,1,1,0.1117915987519084,0.4806507383687844,0.4075576628793072
2770,0,0,0.8790513978523538,0.10078274816028383,0.020165853987362318
2771,1,1,0.34619910178525803,0.52911776663398,0.12468313158076191
2772,1,1,0.10629222526039621,0.7580720637297765,0.13563571100982721
2773,0,0,0.6627708843036711,0.2945061313804483,0.0427229843158805
2774,1,1,0.16733503499229052,0.5921552251775138,0.24050973983019575
2775,0,0,0.9731301595542308,0.025872482378476575,0.0009973580672928144
2776,0,0,0.5762823772653485,0.3778415409370148,0.04587608179763671
2777,2,2,0.0796767284294053,0.3704259970231237,0.5498972745474711
2778,1,0,0.5699413031283586,0.3826203710649081,0.04743832580673328
2779,0,0,0.4813078069884217,0.48080301329122765,0.03788917972035055
2780,1,1,0.1013809538948795,0.7079711269434548,0.1906479191616656
2781,1,1,0.08650546040332056,0.6062100982998568,0.3072844412968226
2782,1,1,0.413614079853736,0.5404722935449516,0.04591362660131233
2783,1,1,0.4210400438180989,0.4783749899534705,0.10058496622843058
2784,2,1,0.3514603825853934,0.5323330013569119,0.11620661605769471
2785,0,1,0.10786151621929307,0.5383289027759831,0.3538095810047238
2786,1,2,0.03079162333540535,0.39264533093708903,0.5765630457275057
2787,0,0,0.9101405078818503,0.08811227078644518,0.0017472213317044673
2788,0,0,0.7224824809856412,0.25328107063179967,0.024236448382559214
2789,0,0,0.5224899426908787,0.4592750396773338,0.0182350176317876
2790,1,1,0.32570886657097636,0.44343220721466725,0.23085892621435636
2791,0,0,0.961053442770352,0.03841663301602582,0.0005299242136223911
2792,0,0,0.5799558037772455,0.38703396924260786,0.033010226980146495
2793,2,1,0.05444704590103869,0.644032738559853,0.3015202155391083
2794,2,1,0.044148087379615376,0.5893739036325956,0.36647800898778904
2795,0,0,0.47952458371236195,0.45513204782716554,0.06534336846047269
2796,2,1,0.047879096724929376,0.5497415163812898,0.40237938689378094
2797,0,0,0.8880204084367934,0.1100854392977002,0.001894152265506288
2798,0,1,0.4177338640738718,0.5445750038415078,0.03769113208462039
2799,1,0,0.6736106083782513,0.31542698625800974,0.010962405363739089
2800,0,0,0.9309600563598057,0.06509358251216886,0.003946361128025585
2801,0,0,0.9877185062008595,0.012115565411137447,0.00016592838800298415
2802,0,0,0.8926827235210744,0.10498866434780728,0.002328612131118277
2803,2,2,0.04685033494547058,0.43129541516658954,0.5218542498879399
2804,0,0,0.596896626864411,0.36644238296039944,0.036660990175189645
2805,0,0,0.6076990467959197,0.3624920828736548,0.029808870330425598
2806,1,1,0.199993937938879,0.6060567713868971,0.19394929067422387
2807,0,2,0.15610017489491934,0.34929568703899116,0.4946041380660896
2808,0,0,0.9436365882603727,0.05522661426728492,0.0011367974723423097
2809,1,1,0.26816965298336454,0.5742598431145237,0.1575705039021117
2810,1,1,0.16057472381309412,0.6286749261247117,0.21075035006219428
2811,0,0,0.6449808187005754,0.31283107396935195,0.04218810733007248
2812,1,1,0.08025657752577038,0.6064850131741072,0.3132584093001225
2813,0,0,0.7051200931010683,0.27691540422191535,0.017964502677016346
2814,1,2,0.03672726149398914,0.46712860825428665,0.49614413025172416
2815,1,1,0.37931037137331125,0.48681616135532146,0.13387346727136723
2816,1,0,0.7525492506585819,0.21007567149835976,0.03737507784305829
2817,1,2,0.11820756858646465,0.40945281964879593,0.4723396117647393
2818,2,1,0.10644607861648063,0.5826943738428267,0.31085954754069256
2819,2,1,0.04414566933448467,0.6175358461518075,0.3383184845137079
2820,1,1,0.4500839982123238,0.5302122185132646,0.019703783274411593
2821,1,2,0.10367925909822392,0.39319932782109906,0.503121413080677
2822,2,1,0.0543877427165324,0.6223628628723354,0.3232493944111321
2823,0,1,0.40746544573890187,0.5587487870237735,0.03378576723732462
2824,0,0,0.7077043550301559,0.2598647700034228,0.032430874966421275
2825,1,1,0.134474395015395,0.57920849406598,0.286317110918625
2826,2,1,0.16926643635657693,0.5697168181051765,0.26101674553824644
2827,0,0,0.9833017876021085,0.016553270274070324,0.00014494212382119647
2828,0,0,0.8329417711573635,0.15138621713772538,0.015672011704911268
2829,0,0,0.9259770560182774,0.06982242955260155,0.004200514429121062
2830,0,0,0.71284973548931,0.2619713295661414,0.025178934944548672
2831,2,2,0.012245776434118118,0.16413776651059428,0.8236164570552875
2832,0,1,0.4420229305641425,0.47896966888533843,0.07900740055051915
2833,0,1,0.26140152374378367,0.6087830658323965,0.12981541042381992
2834,0,1,0.2863545099193339,0.4132152351983041,0.3004302548823619
2835,0,0,0.9454195471789164,0.053430465945330366,0.0011499868757532717
2836,2,1,0.10904692596289356,0.5273169039769444,0.36363617006016197
2837,0,1,0.40028296120645496,0.5457064771431839,0.054010561650361194
2838,0,0,0.9703818773729747,0.02922450225966069,0.0003936203673646892
2839,0,0,0.8587112722023497,0.12828884041455266,0.012999887383097592
2840,0,0,0.9883102901901659,0.011467839705896422,0.00022187010393750022
2841,0,0,0.9954657515184995,0.004461849775138019,7.239870636258972e-05
2842,2,2,0.04867928757147974,0.2827687708080142,0.6685519416205061
2843,0,0,0.8144707782839914,0.17852127170172521,0.007007950014283431
2844,2,2,0.03275374243079264,0.22645884519068987,0.7407874123785175
2845,0,0,0.8725898760489426,0.1239921747208757,0.0034179492301818354
2846,1,0,0.5230215183698153,0.4139931530756778,0.06298532855450699
2847,1,1,0.0496724070391998,0.48252205631057676,0.4678055366502234
2848,2,1,0.17486612484567735,0.4518234628954165,0.3733104122589062
2849,1,1,0.1866951479802119,0.7429933511948222,0.07031150082496597
2850,1,1,0.3999893069391132,0.5056215499370739,0.0943891431238128
2851,1,1,0.03559066011145673,0.553882565926417,0.4105267739621263
2852,1,1,0.27783417115638576,0.5791981181953115,0.14296771064830266
2853,0,0,0.7821779528878855,0.2077452338429815,0.010076813269132958
2854,1,1,0.3771386019552098,0.4927012498765644,0.13016014816822574
2855,2,1,0.032756482009405896,0.6839748307257572,0.28326868726483695
2856,1,0,0.5737627938526727,0.35375583031763097,0.07248137582969627
2857,1,1,0.45144087851869796,0.5092393597163059,0.03931976176499616
2858,0,0,0.8801736194823755,0.11471864038109424,0.005107740136530219
2859,0,0,0.8723748274202524,0.12348368912478358,0.0041414834549640634
2860,0,1,0.29334868489279414,0.638102192099478,0.06854912300772767
2861,2,2,0.01666861901757603,0.3107090857488333,0.6726222952335907
2862,2,1,0.07837249893538388,0.5839096064974801,0.33771789456713597
2863,0,0,0.9222856701927961,0.0763013084273216,0.001413021379882254
2864,0,0,0.7297327062908492,0.263645773014088,0.006621520695062844
2865,2,2,0.03908093419207735,0.18048369061190705,0.7804353751960156
2866,1,1,0.18528172443031038,0.5172787407932234,0.29743953477646623
2867,2,2,0.06587738221216369,0.28884475839936896,0.6452778593884673
2868,0,0,0.5035157848576192,0.46794909596667783,0.02853511917570294
2869,1,0,0.6384499570261101,0.32826523941011937,0.03328480356377043
2870,0,0,0.8443769380834348,0.1470263002816958,0.008596761634869388
2871,2,2,0.0005109166042684271,0.04963335243130493,0.9498557309644265
2872,0,0,0.5902924668890398,0.3780481066144733,0.0316594264964868
2873,0,0,0.8370114574891846,0.15630671091476755,0.006681831596047814
2874,0,0,0.778180495596686,0.21404757775834532,0.007771926644968705
2875,2,2,0.05021548209187176,0.3805584885813388,0.5692260293267896
2876,0,0,0.5807078228995579,0.4071522936779524,0.012139883422489627
2877,1,1,0.21152375090641312,0.6858684784061082,0.10260777068747869
2878,2,2,0.0873123123532262,0.4442423639494673,0.4684453236973065
2879,1,1,0.09913081632067557,0.575920979243862,0.3249482044354625
2880,2,1,0.27694011660679646,0.5933695644214864,0.1296903189717172
2881,0,0,0.5174513420517571,0.4460602519181147,0.03648840603012817
2882,0,0,0.6297226199953223,0.3290340190094989,0.04124336099517874
2883,1,1,0.36068175743356123,0.5949435985347868,0.04437464403165195
2884,0,0,0.9511655910869624,0.04795535537881194,0.0008790535342255921
2885,0,0,0.7681629691856272,0.21221174974683885,0.01962528106753402
2886,2,1,0.33723465200480623,0.4995666382821272,0.1631987097130665
2887,2,2,0.0011067014447937082,0.07280706858564806,0.9260862299695583
2888,0,0,0.7508309161794112,0.2215246876662437,0.027644396154345184
2889,1,1,0.12777513344517072,0.557152662391276,0.31507220416355325
2890,0,0,0.935851316252542,0.060163483440747616,0.003985200306710223
2891,1,0,0.4821225973201173,0.4582027963441119,0.05967460633577093
2892,1,0,0.5129851398578754,0.44653025382328504,0.040484606318839614
2893,0,0,0.925974017782033,0.07239449915107184,0.001631483066895024
2894,2,2,0.004751637631903887,0.1757145622759707,0.8195338000921254
2895,1,2,0.04283039546962114,0.3750717061419631,0.5820978983884159
2896,0,0,0.9268442900686936,0.07139510425690722,0.0017606056743992655
2897,0,1,0.3700624209808301,0.49689440523848394,0.133043173780686
2898,1,0,0.511412722524956,0.4596270012109796,0.02896027626406447
2899,0,1,0.4801930756768911,0.4918445261091149,0.027962398213994145
2900,2,2,0.07989802079452617,0.4301365544202673,0.4899654247852066
2901,1,1,0.08601791758896592,0.6157733515103355,0.29820873090069855
2902,2,1,0.09090876711633898,0.667514820238366,0.24157641264529514
2903,1,0,0.7457118380409206,0.23742784011166557,0.016860321847413946
2904,1,1,0.08454358169444291,0.6570844291080925,0.25837198919746474
2905,1,1,0.3368562894953029,0.5959617126149719,0.06718199788972508
2906,0,0,0.9635253621141376,0.034974430017187606,0.0015002078686746586
2907,1,1,0.06506287500663062,0.4767592249897755,0.4581779000035939
2908,0,0,0.9844036998625932,0.015116512606842658,0.0004797875305640005
2909,0,0,0.9957847045992365,0.00417515333059171,4.014207017167988e-05
2910,2,2,0.05175224883144591,0.3503353619127729,0.5979123892557812
2911,0,0,0.48128924245721455,0.4676465178097263,0.051064239733059194
2912,2,1,0.2211193925096358,0.5441651940838906,0.23471541340647345
2913,1,1,0.3855154529529401,0.504525692096015,0.10995885495104486
2914,2,2,0.015890666562386357,0.29002183745637017,0.6940874959812434
2915,1,0,0.52017182211541,0.40245268109403415,0.0773754967905559
2916,2,1,0.26270217016364544,0.5597615094622866,0.1775363203740678
2917,1,1,0.19727027232663277,0.6599427275669889,0.1427870001063782
2918,2,1,0.34039502703447905,0.504145669178878,0.15545930378664288
2919,0,1,0.3777022947907868,0.5447155990627839,0.07758210614642927
2920,1,2,0.06242955215018403,0.4519337170658526,0.4856367307839634
2921,2,2,0.0024880597551743817,0.07506571883078852,0.9224462214140371
2922,0,0,0.6841899482858717,0.30099867989532186,0.014811371818806365
2923,0,1,0.31224823427514853,0.5379212339753278,0.14983053174952374
2924,1,1,0.2756208390519014,0.5511705974838876,0.17320856346421085
2925,2,1,0.03840566645419511,0.5490558653983174,0.4125384681474874
2926,0,0,0.8973254508916424,0.0874986239546555,0.01517592515370198
2927,0,0,0.8852725920817874,0.10624996960242945,0.008477438315783077
2928,1,0,0.7400897273004298,0.2250327290362835,0.034877543663286596
2929,1,0,0.3528539023770596,0.3482014437257458,0.29894465389719455
2930,0,0,0.8770310985162326,0.11847299937043648,0.004495902113330856
2931,0,1,0.39822284482762677,0.525493134750779,0.07628402042159416
2932,0,1,0.1704347665911061,0.6892800835725715,0.14028514983632243
2933,1,0,0.4814793886422411,0.44189351790517545,0.07662709345258353
2934,0,0,0.9685696890224723,0.030768869556532186,0.0006614414209955334
2935,1,1,0.13166403748398048,0.6023244924585803,0.26601147005743925
2936,1,1,0.21936808533598848,0.5797673803030104,0.20086453436100107
2937,1,0,0.9163604701815621,0.08011708156112844,0.003522448257309415
2938,0,0,0.9618800118275279,0.0371454511488742,0.0009745370235977737
2939,0,0,0.5388704789938573,0.4420662729470227,0.019063248059119967
2940,0,0,0.8682546842291898,0.12735444796763146,0.004390867803178831
2941,2,2,0.0006121674819552014,0.04186778953801504,0.9575200429800298
2942,1,2,0.048421421356333594,0.41633960538227527,0.5352389732613912
2943,0,0,0.7234373807079192,0.24978011354259613,0.026782505749484643
2944,0,0,0.9700443945355726,0.029631655374488215,0.0003239500899391388
2945,0,0,0.6412093955104571,0.34293391518586575,0.01585668930367721
2946,2,2,0.020480040805676957,0.31827587204069685,0.6612440871536263
2947,1,1,0.08937950590071966,0.48044121304144827,0.430179281057832
2948,2,1,0.06810771177791965,0.5710435228487891,0.36084876537329136
2949,1,1,0.29339170355699196,0.6274454336074237,0.07916286283558435
2950,1,1,0.25979579088951193,0.4748628247721014,0.2653413843383867
2951,1,1,0.08312281989926518,0.8033437535095289,0.11353342659120584
2952,1,1,0.19682723270697314,0.6195776376460428,0.18359512964698405
2953,0,0,0.8385700724541431,0.15371792824950836,0.007711999296348579
2954,0,0,0.7088644258805983,0.2807416724814654,0.010393901637936388
2955,0,1,0.43864629286980955,0.5214921719292054,0.039861535200985135
2956,0,1,0.08408312496014304,0.7278271603492805,0.1880897146905764
2957,1,1,0.20584194261342761,0.6327675144659906,0.16139054292058183
2958,2,1,0.01540734177186414,0.5630201492280724,0.4215725090000634
2959,1,1,0.255145389075143,0.5381777792603588,0.2066768316644982
2960,2,1,0.06268587871116439,0.6375443238931305,0.29976979739570514
2961,1,1,0.27868107063275466,0.6213870887264045,0.09993184064084093
2962,0,0,0.9064999692784241,0.09200175619771708,0.0014982745238588011
2963,1,1,0.2276534671074003,0.6410979895582372,0.13124854333436262
2964,1,1,0.2792701754294571,0.545852979316733,0.17487684525380984
2965,1,0,0.4461990485011037,0.44415392075315874,0.10964703074573759
2966,1,2,0.03246477230306588,0.38309281136053996,0.5844424163363942
2967,0,0,0.6535560339836328,0.31820396399180545,0.028240002024561603
2968,2,1,0.06985799180889157,0.5404145136416354,0.3897274945494729
2969,0,0,0.8315189517491972,0.14961288187699182,0.01886816637381089
2970,0,0,0.8594144664531392,0.13098180995354927,0.009603723593311533
2971,2,1,0.4771415662049529,0.47902244582133935,0.04383598797370794
2972,0,0,0.5236473899048297,0.42394769225757495,0.0524049178375953
2973,0,0,0.8651959430338896,0.12081698769548409,0.01398706927062631
2974,1,0,0.5852640009898434,0.36770148891240406,0.047034510097752426
2975,1,0,0.594089501764523,0.30672215133629444,0.09918834689918256
2976,0,0,0.8383160959545685,0.144686472198273,0.01699743184715864
2977,2,2,0.0034913805812710245,0.1246031897002424,0.8719054297184866
2978,0,0,0.9952285513199971,0.0046834677000953924,8.79809799076527e-05
2979,1,0,0.4939913967345255,0.40777598402265375,0.09823261924282067
2980,0,1,0.21392153240968456,0.6990540382920913,0.0870244292982241
2981,1,1,0.2787214429872488,0.5764955351116384,0.14478302190111272
2982,1,0,0.6573472532309542,0.3195196106944692,0.023133136074576725
2983,0,0,0.9280767493061868,0.06885630898135334,0.003066941712459912
2984,2,1,0.0941087648399745,0.5710417499702846,0.3348494851897409
2985,0,1,0.40016331843157643,0.5333060292175974,0.06653065235082609
2986,1,1,0.14729579034346815,0.6133291632225801,0.23937504643395177
2987,0,0,0.8570181274254752,0.12739920079062367,0.015582671783901136
2988,1,1,0.27116512445313434,0.41566180890303916,0.31317306664382655
2989,1,1,0.10051154098594928,0.5632494949037508,0.33623896411029996
2990,0,1,0.30965590590532466,0.5403997058948325,0.14994438819984282
2991,0,0,0.9949021718422854,0.004999407819909675,9.842033780500948e-05
2992,0,0,0.8613013816111073,0.13418681522423373,0.004511803164658976
2993,2,2,0.012526427586490812,0.21542983942732288,0.7720437329861862
2994,0,0,0.9701470112448874,0.028723363094371193,0.001129625660741258
2995,0,0,0.9566504023100073,0.04287862945025187,0.0004709682397408783
2996,0,0,0.9876421283520908,0.011901254509390363,0.0004566171385189883
2997,1,1,0.05940360689618736,0.7285166018852534,0.21207979121855938
2998,2,2,0.001960274521511409,0.05350922839865872,0.94453049707983
2999,1,1,0.03387725713523365,0.568832917256779,0.39728982560798737
3000,1,1,0.2677463147605139,0.6288840618146972,0.10336962342478888
3001,1,1,0.07751854669508967,0.49314316841488,0.42933828489003023
3002,1,1,0.11377120140731303,0.5560144799665997,0.3302143186260872
3003,0,0,0.9711632182903128,0.02843752557750732,0.0003992561321800522
3004,1,1,0.38723343858076,0.5689347405630873,0.04383182085615268
3005,1,1,0.19574042000693523,0.5433042220054003,0.2609553579876644
3006,2,2,0.00753250215830672,0.2540976894771463,0.7383698083645469
3007,1,1,0.2548453686201076,0.6761936798627337,0.0689609515171587
3008,0,1,0.2120503740935735,0.6350122460422515,0.1529373798641749
3009,2,1,0.05870966404982123,0.5552897073428366,0.3860006286073422
3010,0,0,0.6446830961156038,0.2885184126674965,0.06679849121689965
3011,1,0,0.6564511425009822,0.2934776652909378,0.050071192208080074
3012,1,0,0.6280586444597693,0.3382775754281441,0.03366378011208662
3013,1,0,0.4661240415366511,0.4473144684998159,0.08656148996353298
3014,1,1,0.10012254838083849,0.7057088470516247,0.19416860456753682
3015,0,0,0.5150882432586232,0.45433322325415565,0.03057853348722114
3016,0,0,0.6525825573144983,0.32715660841258937,0.020260834272912198
3017,0,1,0.14700072380393495,0.6331224480791731,0.21987682811689202
3018,0,0,0.6824762537295045,0.30154010860648467,0.01598363766401082
3019,0,0,0.5046913891564081,0.4566571116575141,0.03865149918607789
3020,0,0,0.5754503020484676,0.39935727429945894,0.025192423652073578
3021,0,0,0.8418635304576031,0.14251648248601875,0.01561998705637813
3022,1,1,0.08452174428288228,0.7241880113158431,0.19129024440127457
3023,0,0,0.9273204503632247,0.07175979962733636,0.000919750009438941
3024,0,0,0.7298414858899563,0.2635869413370431,0.006571572773000723
3025,0,0,0.7847704182495405,0.19566824344806255,0.019561338302396886
3026,1,1,0.0899519429096519,0.5828330817992916,0.32721497529105653
3027,1,1,0.20059362974919873,0.5470420694599973,0.25236430079080396
3028,1,1,0.15793476978735713,0.6500831475994866,0.1919820826131563
3029,0,0,0.8287345021236593,0.16454970725744142,0.006715790618899243
3030,1,1,0.22020701568447573,0.5570322571841938,0.22276072713133052
3031,0,0,0.9732735016430991,0.025628046533836598,0.001098451823064412
3032,1,0,0.6287082047495611,0.3402158375657542,0.031075957684684657
3033,2,1,0.07951297819242628,0.6137580326733024,0.30672898913427127
3034,0,0,0.6796066719799282,0.30841603657166694,0.011977291448404821
3035,1,1,0.2885476180911471,0.6261076185770957,0.08534476333175715
3036,0,0,0.9656268004092871,0.03219713830733444,0.0021760612833786083
3037,0,0,0.8720295950934922,0.12380019761688538,0.004170207289622414
3038,0,1,0.10583466070954195,0.6315876065744483,0.2625777327160097
3039,0,0,0.6117693469863068,0.35550199291118373,0.03272866010250961
3040,0,0,0.9343380907244869,0.06277612108774452,0.0028857881877686962
3041,1,1,0.19698228951693122,0.7285199410691691,0.07449776941389973
3042,1,0,0.546980117830188,0.4240390379346893,0.028980844235122757
3043,0,0,0.6943124405252493,0.2792402968230941,0.026447262651656592
3044,0,0,0.7666963925409755,0.2167546776116494,0.016548929847374903
3045,0,0,0.9790516105347198,0.02062399277089312,0.00032439669438719647
3046,0,0,0.9943682437741335,0.005561285874176603,7.047035169010282e-05
3047,2,2,0.020496715985642677,0.34684619631837094,0.6326570876959865
3048,2,2,0.08052428952918345,0.32746023946731073,0.5920154710035058
3049,0,0,0.9773784767676373,0.02199093118298565,0.0006305920493769872
3050,1,2,0.04433968083645433,0.4585945029848001,0.49706581617874557
3051,2,2,0.013663417600091854,0.2907652543195478,0.6955713280803603
3052,2,2,0.009039564886119638,0.20934057084276814,0.7816198642711123
3053,0,0,0.9656164220852402,0.03383235699157463,0.0005512209231853105
3054,2,2,0.00675739802825929,0.26560317406795597,0.7276394279037848
3055,1,1,0.3419543424508955,0.45565579208397927,0.20238986546512527
3056,0,0,0.9689108130138177,0.03003065640796769,0.0010585305782148003
3057,1,1,0.20815120836750203,0.6070239601099667,0.18482483152253118
3058,2,1,0.036834237297302265,0.5162725416176306,0.4468932210850672
3059,0,0,0.8852989136406209,0.11021780225885268,0.0044832841005265425
3060,1,1,0.32067973162115093,0.528929113590882,0.1503911547879669
3061,1,1,0.2687329378741288,0.6287935090953508,0.10247355303052044
3062,0,0,0.9114175063202566,0.08648317235698051,0.002099321322762713
3063,2,2,0.019515973336600042,0.3349034500273446,0.6455805766360554
3064,2,2,0.0016863330045410144,0.10965182053246274,0.8886618464629962
3065,1,1,0.22681051118109052,0.5776417988891601,0.19554768992974939
3066,0,0,0.49372051260123617,0.4486947847202538,0.0575847026785101
3067,1,1,0.14450218620120944,0.4458003537699057,0.40969746002888485
3068,1,1,0.09666081594607707,0.6435128721595189,0.25982631189440397
3069,1,1,0.08406612269849649,0.7143819251385741,0.20155195216292934
3070,0,0,0.6481111067973131,0.3326210839448213,0.01926780925786558
3071,0,0,0.6964040938123424,0.2950747061773696,0.008521200010288082
3072,0,0,0.7511348653742821,0.24485610219336273,0.004009032432355112
3073,0,1,0.2849111040976996,0.6241685701546963,0.09092032574760414
3074,2,2,0.012442693068952619,0.29422372386328804,0.6933335830677593
3075,0,0,0.6105486187183109,0.3724897736839482,0.016961607597740933
3076,1,1,0.07120305214627644,0.62024602386381,0.30855092398991363
3077,1,1,0.06933122470002138,0.5139309236295712,0.41673785167040733
3078,1,2,0.03312081432706607,0.43969707427571003,0.5271821113972239
3079,1,1,0.2878095515651844,0.6043509909269852,0.1078394575078304
3080,2,2,0.006228538230279906,0.174622380724733,0.8191490810449871
3081,0,0,0.6415336270045717,0.33528089878565903,0.02318547420976921
3082,1,1,0.09892882279141484,0.704589261191491,0.19648191601709425
3083,0,0,0.5776698923789142,0.37636756061125215,0.04596254700983372
3084,1,0,0.5062096138829518,0.3372681918557811,0.15652219426126704
3085,2,2,0.010113252830898938,0.22999479374529902,0.7598919534238021
3086,1,1,0.12093357617367108,0.5953497368315954,0.28371668699473357
3087,1,0,0.6778575311128833,0.2759166714761804,0.04622579741093643
3088,2,1,0.0321819121001847,0.5971404673165984,0.37067762058321685
3089,1,0,0.5048248635573225,0.3535007386269326,0.1416743978157449
3090,0,0,0.707782019095615,0.2755452917551975,0.016672689149187524
3091,1,1,0.30612835470137567,0.5823478042177072,0.11152384108091716
3092,0,0,0.7062337341924584,0.2867399973413336,0.007026268466207986
3093,1,1,0.08757014267016468,0.6120505637505831,0.3003792935792522
3094,0,1,0.3738375753253935,0.595757617282014,0.030404807392592458
3095,0,0,0.4507171624211269,0.43492334027707175,0.11435949730180132
3096,1,1,0.20422941823937352,0.6374292789475446,0.1583413028130818
3097,1,1,0.254698043521191,0.5735257881345125,0.1717761683442965
3098,0,0,0.6989988887519583,0.27784548875300175,0.023155622495039996
3099,0,0,0.8728155666722621,0.12320713943042434,0.00397729389731365
3100,1,1,0.03130039868633959,0.5544268899059309,0.41427271140772953
3101,0,1,0.31611193565802637,0.5919131589051208,0.09197490543685295
3102,0,0,0.6070234652862562,0.3629635195962469,0.030013015117496954
3103,2,1,0.16386666056279905,0.6571305491827292,0.1790027902544719
3104,2,2,0.010343986009361638,0.27392429047829775,0.7157317235123406
3105,2,2,0.013198806853966301,0.25861899427402735,0.7281821988720063
3106,0,0,0.9239371224668087,0.0716531447571961,0.004409732775995082
3107,2,1,0.012948689904140076,0.5779205886364949,0.40913072145936513
3108,0,0,0.9899822360495713,0.009893376664296358,0.00012438728613258648
3109,0,1,0.282475628199353,0.6204521344662308,0.09707223733441611
3110,1,1,0.2825398133579167,0.5178953797625724,0.19956480687951086
3111,1,1,0.1113202885364868,0.5380212120518792,0.35065849941163385
3112,0,0,0.7557810903802864,0.22448179091127357,0.01973711870843995
3113,2,1,0.08142689119173313,0.5822377651235261,0.33633534368474066
3114,0,0,0.901611538776294,0.0958819984799113,0.002506462743794715
3115,1,0,0.5292363380927568,0.44619919964540067,0.024564462261842557
3116,0,0,0.857751133083437,0.13195543025111936,0.010293436665443668
3117,1,1,0.1238102074636402,0.663459851560341,0.21272994097601888
3118,0,0,0.9365740365408133,0.06077683948071822,0.002649123978468661
3119,0,1,0.11566610111070155,0.6358304162984021,0.24850348259089633
3120,1,0,0.6598991334472802,0.304347846293171,0.035753020259548664
3121,1,1,0.3684868709142097,0.43867273115859384,0.19284039792719643
3122,0,0,0.9359217752654471,0.0605585257743592,0.0035196989601937265
3123,0,0,0.7870920784638689,0.2071196574886553,0.005788264047475836
3124,1,1,0.3650417011347226,0.3790815952111361,0.25587670365414117
3125,0,0,0.8001724257399834,0.18600603284254663,0.013821541417470004
3126,0,0,0.7715477740953276,0.22377397402661714,0.004678251878055199
3127,2,2,0.00390197525451087,0.24597082008646426,0.7501272046590249
3128,0,0,0.664268852071709,0.3273080127961758,0.008423135132115225
3129,1,1,0.11325363585758096,0.6283919274829247,0.2583544366594943
3130,1,0,0.5943173199189203,0.33971726437085076,0.06596541571022904
3131,0,0,0.7829721674478539,0.20844627790830794,0.00858155464383799
3132,1,0,0.7048878026598367,0.269080017003733,0.02603218033643019
3133,0,0,0.9068044621801705,0.09002719847029178,0.0031683393495376697
3134,0,0,0.911708754583688,0.08670234357303098,0.0015889018432810762
3135,1,1,0.41408087008206923,0.46771731500357805,0.11820181491435272
3136,1,1,0.054412475514004306,0.6165108264118008,0.3290766980741948
3137,1,1,0.2927307989082407,0.5930775629699235,0.11419163812183582
3138,0,1,0.2048383469433213,0.7063134729833839,0.08884818007329479
3139,2,2,0.01103033782983946,0.23794860908096405,0.7510210530891965
3140,1,1,0.25254259196668294,0.5047127407999822,0.24274466723333496
3141,0,0,0.9033226275558239,0.09236695987997086,0.0043104125642051995
3142,1,1,0.08576304711622404,0.5562676717065529,0.3579692811772231
3143,2,2,0.03481603809521259,0.3946944775622117,0.5704894843425756
3144,1,1,0.03157103909325425,0.6245586064258553,0.3438703544808905
3145,0,0,0.781442552685833,0.19901362135334505,0.019543825960822044
3146,2,2,0.0007572767910885478,0.04379544426513704,0.9554472789437743
3147,1,2,0.030694015311977827,0.4809640455742543,0.48834193911376783
3148,0,0,0.7225393182925258,0.25832855918475517,0.019132122522718984
3149,1,1,0.2989316192330414,0.48876604859220385,0.21230233217475475
3150,1,1,0.21817900603183937,0.5337759503156897,0.24804504365247096
3151,1,1,0.08457594129085479,0.683393612825567,0.2320304458835781
3152,0,1,0.1742863485657269,0.695619951362781,0.13009370007149207
3153,0,0,0.8625801802179357,0.11998611137289263,0.017433708409171744
3154,2,2,0.06203891833191956,0.3680369184017328,0.5699241632663476
3155,1,2,0.010799416069274412,0.3209426939184076,0.668257890012318
3156,2,2,0.008682429435122459,0.17345572323748804,0.8178618473273895
3157,0,0,0.4696883486238414,0.4684383653137169,0.06187328606244165
3158,1,1,0.42778247464108254,0.5014770447358459,0.07074048062307153
3159,2,2,0.019548892173723832,0.21618840296578004,0.7642627048604961
3160,0,0,0.910850601286966,0.08634477148905687,0.0028046272239771086
3161,2,2,0.0004948382084708728,0.02919127386752227,0.9703138879240069
3162,1,1,0.2865007891976708,0.6314956501316231,0.08200356067070606
3163,1,1,0.10917381012775504,0.4668719722853268,0.4239542175869182
3164,2,0,0.4650925332750628,0.45242072473715517,0.08248674198778207
3165,1,2,0.05261747313909736,0.43509088001386853,0.5122916468470341
3166,0,0,0.9657162891330762,0.03359759099547953,0.0006861198714444053
3167,0,0,0.9962598576157127,0.003712762223141535,2.7380161145782392e-05
3168,0,0,0.9412300847224659,0.056606455245805744,0.002163460031728416
3169,1,1,0.1597777299364222,0.5286552525407469,0.31156701752283095
3170,1,1,0.15164039418939557,0.6941311779791597,0.15422842783144475
3171,0,0,0.8917016490494958,0.10205443271879666,0.006243918231707757
3172,1,2,0.05326711567400879,0.40892976037129036,0.5378031239547009
3173,0,0,0.9119770049966425,0.08607659315303924,0.001946401850318292
3174,0,0,0.987856540066696,0.011956104143325916,0.00018735578997808156
3175,2,2,0.04274658278438939,0.3908270053262805,0.5664264118893302
3176,2,1,0.08526635501025502,0.5762688936708137,0.3384647513189313
3177,0,0,0.9716628187991172,0.02771104127766826,0.0006261399232145775
3178,0,0,0.8494889109877571,0.14123783609614707,0.00927325291609579
3179,0,0,0.7870482246795748,0.20351756299206253,0.00943421232836271
3180,1,0,0.632122823342635,0.32930489668074003,0.03857227997662496
3181,1,1,0.1416552478420493,0.6127106692312023,0.24563408292674838
3182,2,1,0.06948574685301863,0.51019217254758,0.42032208059940135
3183,0,0,0.5800908484456554,0.3510504190001539,0.0688587325541908
3184,1,1,0.4031358357863347,0.4936506670050377,0.10321349720862748
3185,1,2,0.025723193829326092,0.2984114366767552,0.6758653694939187
3186,2,1,0.13576079582231157,0.6950555282946435,0.16918367588304498
3187,2,2,0.042397994506896006,0.3324074456021183,0.6251945598909857
3188,2,1,0.0983493188417388,0.49727794992543956,0.4043727312328217
3189,1,1,0.14309054390689632,0.4990325458504517,0.357876910242652
3190,0,0,0.9694713254171037,0.028742317488005497,0.001786357094890754
3191,1,1,0.14190025003551088,0.7722466332276409,0.08585311673684816
3192,0,0,0.6866949543986147,0.29663877395972055,0.01666627164166469
3193,0,0,0.8547104512655193,0.13968497216931955,0.00560457656516116
3194,1,1,0.2750479996330369,0.6377836791607618,0.08716832120620129
3195,2,2,0.0012683319174551463,0.09400485292457748,0.9047268151579673
3196,1,1,0.16034741330690513,0.5370824984116562,0.3025700882814386
3197,1,1,0.08599368906731265,0.6418659369521161,0.2721403739805712
3198,1,1,0.05753192520589275,0.612148621121039,0.3303194536730682
3199,1,1,0.06618921634819847,0.5420624234061234,0.39174836024567816
3200,1,1,0.2798024414674967,0.6273193722159515,0.09287818631655187
3201,1,1,0.2944880940496951,0.4745721537048903,0.2309397522454147
3202,0,0,0.8292625209061115,0.16208818036172393,0.008649298732164464
3203,0,1,0.1617749697907689,0.602584358188586,0.23564067202064506
3204,0,0,0.7992213088377714,0.19251648230819302,0.008262208854035471
3205,0,0,0.6632996419386424,0.315132642222316,0.021567715839041577
3206,1,1,0.1829196776208689,0.6749690726623369,0.14211124971679426
3207,2,2,0.05188159664678363,0.3157500804773823,0.6323683228758341
3208,1,2,0.013657850536889943,0.19380175477892972,0.7925403946841802
3209,0,1,0.47461918871852915,0.508129959047592,0.017250852233878823
3210,2,2,0.009980897345627869,0.2859364486247895,0.7040826540295826
3211,0,0,0.8742109023777337,0.11482169450095646,0.010967403121309782
3212,1,1,0.1387546307123872,0.672816543549776,0.18842882573783687
3213,0,0,0.5799948631270255,0.36280244217735497,0.05720269469561959
3214,0,0,0.7580205471709415,0.2205496438809031,0.021429808948155535
3215,0,0,0.6814815666007662,0.30085786295599987,0.017660570443234
3216,2,2,0.03567990976108463,0.3673820057382643,0.5969380845006511
3217,0,0,0.9618630430065943,0.03747301698162076,0.0006639400117849024
3218,0,0,0.8262563508837308,0.15932081174433274,0.014422837371936423
3219,1,0,0.5022404810225756,0.4673308823414832,0.03042863663594118
3220,2,2,0.00283690517102418,0.13353331624733678,0.863629778581639
3221,1,1,0.21492137926231517,0.6809501021797182,0.10412851855796666
3222,0,0,0.9812663982887829,0.018469458363615143,0.0002641433476017759
3223,0,0,0.7287082872972784,0.2617724864925665,0.009519226210155024
3224,0,0,0.8324979100912777,0.15562712527856493,0.011874964630157305
3225,1,0,0.49133752354013993,0.31239334732880003,0.1962691291310601
3226,2,2,0.01608870977211056,0.30363720411784956,0.6802740861100399
3227,0,0,0.8157108209682535,0.17593654983268184,0.008352629199064699
3228,2,2,0.001963226406970593,0.10039008339027918,0.8976466902027502
3229,0,0,0.957399125675766,0.04190695021350801,0.0006939241107260316
3230,0,0,0.683965509764097,0.2935062908436963,0.0225281993922067
3231,1,1,0.15679702877786986,0.44071934913136845,0.4024836220907616
3232,0,1,0.14968393465079724,0.6995456440579708,0.15077042129123192
3233,2,2,0.0016735068012208164,0.10586066632123554,0.8924658268775436
3234,0,0,0.7220469705813299,0.25291804816170954,0.0250349812569604
3235,0,0,0.9639713560128303,0.03469791929182276,0.0013307246953467061
3236,0,1,0.46355272376472184,0.46996853895547147,0.06647873727980684
3237,1,1,0.32582245475573673,0.6337467526276834,0.040430792616579815
3238,1,1,0.17638582078893222,0.5054583420921509,0.31815583711891704
3239,2,2,0.09170235278592363,0.4248532310860702,0.48344441612800604
3240,0,0,0.9347545263039578,0.06333914330130304,0.0019063303947389801
3241,0,0,0.5122947219947607,0.42839894391892225,0.05930633408631724
3242,2,1,0.08761865639062413,0.5258564092968928,0.38652493431248297
3243,0,0,0.48488089129015577,0.4712263578267291,0.04389275088311502
3244,0,0,0.995682270192664,0.004287381118488054,3.034868884794678e-05
3245,0,0,0.9111782137228382,0.08316279993927882,0.005658986337882873
3246,1,1,0.31816316653409915,0.6515650248730669,0.03027180859283382
3247,0,0,0.9301342356605743,0.06878149598067916,0.001084268358746655
3248,0,1,0.29830234542822204,0.6033702880194874,0.09832736655229057
3249,0,0,0.5206427871652203,0.44505123176903694,0.03430598106574279
3250,1,2,0.023679710172711047,0.4056791839863506,0.5706411058409384
3251,1,0,0.6690188856599267,0.31998020428356544,0.011000910056507912
3252,0,0,0.9625895803854482,0.03659082747493854,0.0008195921396131743
3253,0,0,0.9686557405441778,0.030332592169696672,0.00101166728612557
3254,0,0,0.7175877772098459,0.2666387679196864,0.01577345487046765
3255,1,0,0.5115752825870017,0.4203300589022723,0.06809465851072591
3256,2,1,0.06815629277433216,0.6842625849228906,0.24758112230277732
3257,0,0,0.9506669972830749,0.04822923398867734,0.0011037687282478383
3258,0,0,0.8081677190619968,0.1827492838519935,0.009082997086009632
3259,1,1,0.12561269452367327,0.44470615973547384,0.4296811457408529
3260,1,0,0.4831127274857444,0.4576811630277932,0.059206109486462384
3261,1,1,0.024767432220211997,0.5248139301512856,0.45041863762850237
3262,0,0,0.9376899030095148,0.061517754069976394,0.0007923429205088146
3263,1,1,0.14691477070374626,0.5984922329182532,0.2545929963780007
3264,0,0,0.9835340442449011,0.01596229375277642,0.000503662002322341
3265,1,1,0.2199648953576403,0.5688825427235025,0.21115256191885726
3266,2,2,0.004562703803923077,0.1880098615208896,0.8074274346751873
3267,1,0,0.471375871722138,0.42159659487783957,0.1070275334000225
3268,0,1,0.08542463931346715,0.63902896453616,0.27554639615037296
3269,1,1,0.3124849486957093,0.6147967986893141,0.07271825261497664
3270,2,2,0.0012080278959425506,0.11639073805249374,0.8824012340515637
3271,1,1,0.30390090503723427,0.5490895023351642,0.14700959262760155
3272,0,0,0.8309987856231422,0.16036755360415833,0.008633660772699302
3273,1,1,0.15426567892945117,0.6391326628356219,0.2066016582349271
3274,0,1,0.1964186217331741,0.7126382695315575,0.0909431087352685
3275,1,1,0.3189440986666717,0.5260229122466384,0.15503298908668972
3276,0,0,0.99556872984141,0.0043748401443837815,5.643001420625429e-05
3277,2,1,0.021100192197627692,0.5293793571310608,0.4495204506713116
3278,2,2,0.021218171356274837,0.30873358629977354,0.6700482423439516
3279,0,0,0.8097799700161357,0.18309712157364966,0.0071229084102147865
3280,1,0,0.5289950306360963,0.40155822648896144,0.06944674287494228
3281,2,2,0.01240139069571379,0.3093510538228167,0.6782475554814695
3282,0,1,0.46400531000165884,0.49126237733702843,0.04473231266131259
3283,1,0,0.7484829692688515,0.23800964378873984,0.013507386942408668
3284,0,0,0.8316831282615716,0.16496649661420548,0.003350375124222841
3285,0,0,0.844715557474943,0.15107677124928648,0.004207671275770605
3286,0,0,0.9474397597713644,0.050539628405800216,0.0020206118228353995
3287,0,0,0.8481093612150485,0.14518956671798755,0.006701072066963936
3288,1,0,0.4806204752189845,0.4480002741682393,0.07137925061277635
3289,0,0,0.7064675247385319,0.2825148676381937,0.011017607623274283
3290,2,2,0.04242668784442838,0.4000414228874226,0.5575318892681491
3291,2,2,0.0032065780234165927,0.10480880901845184,0.8919846129581316
3292,0,0,0.9542848856251512,0.04280931906596062,0.002905795308888152
3293,2,0,0.47893532473166417,0.3687635232394615,0.15230115202887445
3294,2,2,0.06735886337545022,0.33995310947616675,0.5926880271483831
3295,0,0,0.8753478444302906,0.1192022930411486,0.005449862528560849
3296,0,0,0.9761782046119427,0.02257700778100305,0.001244787607054393
3297,0,0,0.889598021039685,0.10858969094044289,0.0018122880198720374
3298,2,2,0.003380288868727513,0.06804498678173519,0.9285747243495374
3299,0,0,0.5406564049688666,0.3758231061451179,0.08352048888601554
3300,1,0,0.5753536877686626,0.3900703527368642,0.034575959494473216
3301,1,0,0.9181173929514389,0.0768314381160944,0.00505116893246668
3302,0,0,0.987134954941026,0.012461634077579045,0.00040341098139502876
3303,1,1,0.07747668724992286,0.7139323945923254,0.20859091815775171
3304,2,2,0.014665338314094452,0.43504667589492607,0.5502879857909795
3305,0,0,0.6513674787961207,0.31828992190337396,0.03034259930050531
3306,0,1,0.37070169332486397,0.5507876668081019,0.0785106398670342
3307,2,2,0.0008368313636513466,0.07254853918989493,0.9266146294464538
3308,0,0,0.8595248904129591,0.13212587247805574,0.008349237108985321
3309,1,1,0.26476098364671874,0.5539686949046548,0.18127032144862645
3310,0,0,0.9191476111343113,0.07892277345313375,0.0019296154125549422
3311,1,1,0.07285953233431407,0.8033905174039119,0.12374995026177397
3312,0,0,0.5953169298058077,0.39215020557913377,0.012532864615058543
3313,0,0,0.712739798201257,0.2732095902237576,0.014050611574985336
3314,2,1,0.05058478067756978,0.5258726192686998,0.42354260005373046
3315,2,1,0.056919488235906424,0.514230546186964,0.42884996557712957
3316,1,1,0.22356371977477627,0.6329248341596017,0.1435114460656222
3317,1,1,0.07442129926895917,0.5602486292573203,0.36533007147372043
3318,0,0,0.9495962661193296,0.048654521319542635,0.0017492125611279002
3319,1,1,0.21108126616898257,0.42496603925134324,0.3639526945796741
3320,1,1,0.4504468351061618,0.4624995829071998,0.0870535819866383
3321,0,0,0.5581394216558405,0.3148618637859212,0.1269987145582384
3322,0,0,0.8732044260240984,0.12343454333797702,0.003361030637924594
3323,0,0,0.5975597161152094,0.3885967574901141,0.013843526394676533
3324,1,1,0.07102550012113251,0.5832281584379526,0.345746341440915
3325,0,0,0.9204405389627809,0.07811362891409608,0.0014458321231229931
3326,0,0,0.7654733811800832,0.21637116866947523,0.018155450150441583
3327,2,1,0.023076213331060576,0.4936249581804906,0.4832988284884489
3328,2,2,0.06457556707498151,0.462884863189375,0.47253956973564354
3329,2,2,0.00017787999107772494,0.011927885607179988,0.9878942344017423
3330,0,0,0.9487568213652515,0.05050856175966262,0.0007346168750858849
3331,1,1,0.1880648143993131,0.6173265028094186,0.19460868279126833
3332,2,2,0.00098452226038272,0.06339873873047433,0.935616739009143
3333,0,0,0.9277992821832813,0.06848777170332984,0.0037129461133889397
3334,1,1,0.42839161464893205,0.43604059905306725,0.13556778629800062
3335,0,0,0.9565564226356915,0.042764303338876666,0.0006792740254316185
3336,2,2,0.006747271926807853,0.165781310768594,0.8274714173045982
3337,1,1,0.2644517721832913,0.5813586099001695,0.15418961791653918
3338,2,2,3.0128126280623786e-05,0.004775773214790715,0.9951940986589287
3339,0,0,0.9845894484652984,0.015014384500446476,0.00039616703425501647
3340,0,0,0.9793302219405003,0.019680207342441684,0.0009895707170580572
3341,2,2,0.00220443931180397,0.11249094881452609,0.8853046118736698
3342,1,0,0.5695756187498006,0.3915572749745493,0.0388671062756502
3343,0,1,0.31675037064539036,0.6120246708044035,0.07122495855020619
3344,2,1,0.07575580212368811,0.5606615711669763,0.3635826267093356
3345,0,0,0.9343103793557455,0.06453131613909238,0.0011583045051621163
3346,0,0,0.911556244561907,0.08307947880687495,0.0053642766312182325
3347,0,0,0.5779627234027721,0.39681129620644284,0.02522598039078515
3348,0,0,0.7736405897511669,0.20105932811813162,0.02530008213070152
3349,2,1,0.32841533154380126,0.5568253697317609,0.11475929872443781
3350,1,1,0.3687093458280293,0.5646749202057685,0.06661573396620207
3351,2,1,0.2207972349140377,0.6943422115246757,0.08486055356128668
3352,0,1,0.25330712114632786,0.7093883534290514,0.03730452542462077
3353,1,0,0.5071502650382962,0.44441105993215807,0.04843867502954569
3354,0,0,0.840656291162712,0.15346816097967217,0.005875547857615893
3355,1,1,0.4725748442479359,0.5098093980692692,0.017615757682794903
3356,0,0,0.7541279272878557,0.2304282960507643,0.015443776661380115
3357,1,1,0.26627604829655604,0.5936654540141855,0.14005849768925854
3358,1,2,0.021564748201921096,0.25556325083045256,0.7228720009676263
3359,2,1,0.07316788448247379,0.6593240661671697,0.2675080493503566
3360,0,0,0.9982047934567922,0.0017778602656573095,1.7346277550304313e-05
3361,1,0,0.5218032565590713,0.42437380062283125,0.053822942818097456
3362,0,0,0.9905560893460074,0.009359429749094284,8.448090489823454e-05
3363,1,1,0.46926038768486383,0.47172823422899646,0.05901137808613972
3364,1,1,0.316760289880874,0.5757352105529353,0.10750449956619072
3365,2,0,0.4842563379805421,0.3336441245165974,0.1820995375028604
3366,0,1,0.4796302805248843,0.48769559023562625,0.03267412923948932
3367,1,1,0.3999602608771809,0.49795557412012476,0.1020841650026944
3368,1,1,0.2379286589193501,0.5461443111402979,0.21592702994035196
3369,1,1,0.055616467423632326,0.48386607802175835,0.46051745455460935
3370,1,1,0.1450106634465324,0.6582788401423698,0.19671049641109783
3371,1,1,0.41570315258685503,0.45651335176841706,0.1277834956447279
3372,0,0,0.8614351162456028,0.1284644637147652,0.010100420039632093
3373,1,1,0.21257730945253991,0.6758742143358224,0.11154847621163765
3374,1,1,0.17292279068314662,0.6998117222615893,0.12726548705526416
3375,0,0,0.5292555131581279,0.4369823599645619,0.03376212687731024
3376,2,2,0.021779291742020788,0.4655201845924261,0.5127005236655531
3377,1,2,0.09187967556220972,0.3642502931329076,0.5438700313048827
3378,1,0,0.7224015546113397,0.23168690389794344,0.04591154149071679
3379,2,2,0.022698572166721557,0.1495114054609562,0.8277900223723222
3380,0,0,0.8757299160908962,0.11916538794510093,0.005104695964002822
3381,1,0,0.488608154426586,0.4729572782577088,0.038434567315705125
3382,1,1,0.4249264033047932,0.537146650659513,0.03792694603569389
3383,0,0,0.9064003969981987,0.09171769745957528,0.0018819055422260407
3384,2,1,0.1586947964117797,0.5637859134373046,0.27751929015091575
3385,1,1,0.4072526189137172,0.5075915795846633,0.08515580150161949
3386,1,0,0.6182613707131592,0.3665783920981786,0.015160237188662235
3387,0,0,0.5295576213892422,0.44082492833026604,0.02961745028049175
3388,2,2,0.013639831782501232,0.28954867363559206,0.6968114945819067
3389,0,0,0.8205118289276191,0.17159371071420682,0.00789446035817404
3390,0,0,0.958921025958757,0.03934398236359928,0.001734991677643814
3391,0,1,0.2869083530632298,0.5387342942512937,0.1743573526854765
3392,2,2,0.00529311242506512,0.2888388327773572,0.7058680547975777
3393,0,0,0.8982100974527196,0.09929846221030526,0.0024914403369751203
3394,2,2,0.0025452011133888838,0.09853053341250816,0.898924265474103
3395,2,1,0.20258133139512494,0.6288487940676104,0.1685698745372648
3396,0,0,0.6871912394186721,0.2763815279151697,0.03642723266615819
3397,2,2,0.01753422629060788,0.30860331206820635,0.6738624616411858
3398,2,1,0.042318790032886584,0.5520708592308586,0.4056103507362546
3399,1,1,0.28375838669684933,0.401993411237695,0.3142482020654557
3400,0,0,0.6971584748658601,0.2891393917899702,0.013702133344169682
3401,1,1,0.4521923254808549,0.49257031392448425,0.05523736059466083
3402,1,1,0.1250827628740734,0.5255826982371556,0.3493345388887709
3403,0,0,0.7767466391035326,0.20895738280850976,0.014295978087957692
3404,1,1,0.4303010555848479,0.5039388349296734,0.06576010948547874
3405,2,2,0.008687687470899244,0.3238726028062327,0.667439709722868
3406,2,1,0.1314137029159064,0.5079582518204313,0.3606280452636622
3407,2,1,0.3853939191876817,0.4452605307664384,0.1693455500458798
3408,0,0,0.7006380274252316,0.26795971664209267,0.03140225593267577
3409,2,2,0.04284225804411102,0.42327930979841727,0.5338784321574718
3410,1,1,0.3025589318887053,0.47240195575179306,0.22503911235950172
3411,0,0,0.9358199462372955,0.060162888397570134,0.004017165365134331
3412,1,1,0.4468836287295168,0.4696652690562837,0.08345110221419956
3413,1,0,0.4706223137170081,0.45547629065866113,0.07390139562433089
3414,1,1,0.21292904207220495,0.6532483049964468,0.13382265293134837
3415,0,0,0.9561888015521705,0.043150078053090075,0.0006611203947394293
3416,0,1,0.4515817485157741,0.4958393690961469,0.052578882388079055
3417,0,0,0.7614018084114565,0.21818914324130223,0.020409048347241276
3418,0,0,0.6228826719488151,0.3520687124904932,0.025048615560691607
3419,0,1,0.46000219613866844,0.4727192780663774,0.06727852579495419
3420,1,1,0.11994701489941258,0.5065162106917975,0.37353677440878996
3421,0,0,0.7672851652070921,0.1981172844039624,0.03459755038894553
3422,0,0,0.5838870086802105,0.3689196943978335,0.04719329692195591
3423,1,1,0.22296158412934183,0.681775263370294,0.09526315250036407
3424,1,0,0.4919001297156692,0.41416259123656984,0.09393727904776096
3425,1,0,0.5626577189967611,0.3539245066126413,0.0834177743905975
3426,0,0,0.5525468566575479,0.3708303278729319,0.07662281546952016
3427,0,1,0.20354417837935526,0.6477683975460654,0.14868742407457922
3428,0,0,0.9121974406307758,0.08401258616263187,0.0037899732065923794
3429,0,0,0.6554830529056308,0.3272007984187243,0.01731614867564489
3430,0,1,0.3683634012531043,0.4962735650234381,0.1353630337234576
3431,2,2,0.01726490495300991,0.2958040727231562,0.6869310223238339
3432,1,1,0.09241430767780347,0.5265706833860095,0.38101500893618695
3433,0,0,0.7682724870175356,0.19758577895906076,0.034141734023403696
3434,0,0,0.7205903496138728,0.2657252066039497,0.013684443782177464
3435,1,0,0.5235447554442645,0.439635685975243,0.03681955858049255
3436,0,1,0.41842152841988717,0.5520208228171656,0.029557648762947156
3437,0,0,0.9977672777690146,0.0022192797188729458,1.3442512112301429e-05
3438,1,1,0.1622514899555975,0.5603072273844171,0.27744128265998536
3439,0,0,0.7083018595614858,0.2739588598998802,0.01773928053863396
3440,1,1,0.1695267300902504,0.6268552516673863,0.2036180182423632
3441,1,1,0.22881266308706455,0.5379826233397902,0.23320471357314532
3442,2,2,0.009563481157363746,0.2412722609074155,0.7491642579352208
3443,2,1,0.37941688923233763,0.5768219525659942,0.043761158201668225
3444,1,1,0.19688786022110033,0.7007630901487543,0.10234904963014546
3445,2,1,0.09040203566407658,0.4762113630243211,0.43338660131160234
3446,0,0,0.9208371398955335,0.07558291128037829,0.0035799488240881795
3447,1,0,0.8271721641248827,0.16119688311541336,0.011630952759703895
3448,1,1,0.07889761804757822,0.5791931225837529,0.34190925936866895
3449,0,0,0.8036546092035719,0.18402326863283677,0.012322122163591416
3450,1,0,0.4717792990137995,0.4592750651865187,0.0689456357996817
3451,1,1,0.31080604151135205,0.5244423029890157,0.16475165549963236
3452,1,1,0.18208768368995837,0.5859522130224298,0.23196010328761177
3453,1,1,0.16459570539990984,0.6136282094420945,0.2217760851579957
3454,2,2,0.03604978364031923,0.2600824659638434,0.7038677503958374
3455,1,1,0.16480587093450436,0.7263460331815667,0.10884809588392894
3456,1,1,0.1184548582808234,0.548936853515602,0.3326082882035746
3457,0,0,0.6304292074762745,0.3324352207673042,0.03713557175642128
3458,2,2,0.03233296209099576,0.19195229633188857,0.7757147415771156
3459,0,0,0.8512983463753095,0.1469925533475804,0.0017091002771101014
3460,1,1,0.23779356499734985,0.6341733673719185,0.12803306763073152
3461,2,2,0.02154456819891705,0.29072640504602815,0.6877290267550549
3462,1,1,0.2017932438785736,0.6148026726629799,0.1834040834584464
3463,0,0,0.48938076592519697,0.45709849248562234,0.053520741589180694
3464,0,0,0.7495526554606354,0.2400661158848567,0.010381228654507899
3465,1,2,0.13943629957219014,0.4281637163019916,0.43239998412581815
3466,1,0,0.8539720822081304,0.1371760044585962,0.008851913333273285
3467,2,1,0.03492818473229541,0.6558462145663135,0.3092256007013911
3468,1,0,0.6084443853477963,0.34475792365371705,0.04679769099848649
3469,0,0,0.7583636213900772,0.22869748465838644,0.01293889395153646
3470,1,1,0.20738221028584197,0.7323539827719556,0.06026380694220239
3471,0,0,0.9914251768232023,0.008455188981843852,0.00011963419495392219
3472,0,0,0.7607436163054542,0.22982040016453767,0.009435983530008223
3473,0,0,0.6926789796184302,0.29379661267642593,0.013524407705143812
3474,0,0,0.9762321877816456,0.023324373715184442,0.00044343850316993626
3475,1,1,0.08482407057017283,0.5003468015354403,0.4148291278943868
3476,1,1,0.05672302010745127,0.6353394777647828,0.3079375021277658
3477,0,0,0.8997037489683979,0.09682502447765115,0.0034712265539508795
3478,0,0,0.8686772505247415,0.1290103906671221,0.0023123588081365395
3479,0,0,0.884727584688603,0.11095036440559777,0.004322050905799188
3480,1,1,0.30059941620149844,0.6052202431738078,0.09418034062469363
3481,0,0,0.6322955886167956,0.3506582868587787,0.01704612452442572
3482,1,1,0.14849994482369314,0.693965997297164,0.157534057879143
3483,0,0,0.9297253614258807,0.06642181246817233,0.0038528261059468574
3484,1,1,0.06372925174127414,0.5315668295776829,0.40470391868104305
3485,2,2,0.009602495173026625,0.22887887663365927,0.7615186281933141
3486,0,0,0.9572191992528861,0.041130844897033766,0.0016499558500800513
3487,0,1,0.3690290276852973,0.49068936749023195,0.1402816048244708
3488,1,1,0.45622902080971045,0.4990666317556824,0.04470434743460718
3489,1,1,0.0659247167757803,0.7120730204156331,0.2220022628085867
3490,2,1,0.02985759129451392,0.4852913871223933,0.4848510215830929
3491,1,1,0.06489231771327267,0.6488829654354114,0.28622471685131595
3492,0,0,0.5212861136680682,0.42909707734265795,0.04961680898927389
3493,0,0,0.9089635311525536,0.08736866463453315,0.003667804212913272
3494,1,0,0.48401955816285647,0.4764451869499666,0.039535254887177004
3495,1,1,0.30939391182723075,0.6203357087571229,0.07027037941564636
3496,1,1,0.06182728523232542,0.6655398535390222,0.2726328612286524
3497,0,0,0.9928493157703455,0.0070426847212543345,0.0001079995084002951
3498,1,1,0.3360757326421137,0.550921722271767,0.11300254508611944
3499,1,0,0.7821095617071468,0.1880477074110333,0.029842730881819865
3500,0,1,0.39327326266358786,0.5626007894173393,0.044125947919072886
3501,2,1,0.05980116755851421,0.6915965507038676,0.24860228173761825
3502,0,0,0.8781177844643105,0.10736201070280374,0.014520204832885693
3503,0,0,0.49406279990742474,0.405038012071032,0.10089918802154318
3504,1,1,0.13932785333983932,0.7284374410729018,0.13223470558725897
3505,0,0,0.7751016509763295,0.20802006504737042,0.01687828397630011
3506,1,1,0.22158306158880145,0.5889694766530426,0.18944746175815594
3507,2,1,0.06552200856599881,0.5552936870221639,0.37918430441183737
3508,1,0,0.5269033791661487,0.4237669785654811,0.04932964226837027
3509,0,0,0.9290833665009801,0.06742314033242439,0.0034934931665954183
3510,1,1,0.1490925749848302,0.5357660282023392,0.31514139681283065
3511,0,0,0.8018826552957121,0.19383706892871583,0.004280275775572021
3512,2,2,0.0003590100601924832,0.0398964078183188,0.9597445821214888
3513,1,1,0.19802021232597938,0.5191719408806446,0.28280784679337617
3514,0,0,0.9143796383713555,0.0834727922464742,0.002147569382170186
3515,0,0,0.8419196223796969,0.15110447988415054,0.006975897736152594
3516,0,0,0.6918613949175546,0.28876464160758974,0.019373963474855583
3517,0,0,0.8249839589925433,0.16867467363404673,0.006341367373410007
3518,0,0,0.9423104146002402,0.05588210672394021,0.0018074786758196567
3519,0,0,0.5275584970853137,0.40945434142386,0.06298716149082653
3520,0,0,0.6041799430600235,0.3805844124377756,0.015235644502200857
3521,0,0,0.8132995284633713,0.16044375691738913,0.026256714619239667
3522,1,1,0.061604427718943686,0.5688236352256016,0.36957193705545466
3523,1,1,0.2176750883628615,0.5861227329009234,0.19620217873621504
3524,2,2,0.03466619115179088,0.34859127988902483,0.6167425289591842
3525,1,1,0.23092235260633695,0.6234587580285885,0.1456188893650746
3526,0,0,0.9563084090825587,0.042693381384466794,0.000998209532974503
3527,1,1,0.4689214770876414,0.4888505302020098,0.04222799271034882
3528,1,1,0.290933924175174,0.5352956582420386,0.17377041758278736
3529,1,1,0.07243130797071114,0.6428587898373862,0.2847099021919025
3530,0,0,0.8859007828310091,0.11123836454773402,0.002860852621256885
3531,0,0,0.7635432803934449,0.22131160714925435,0.015145112457300748
3532,1,1,0.10314235548876563,0.607206989997873,0.28965065451336125
3533,2,1,0.03601211492648733,0.48840248162964905,0.4755854034438635
3534,1,1,0.1020249833332693,0.6003369475710818,0.297638069095649
3535,2,1,0.07693309057262523,0.7019466446350555,0.22112026479231942
3536,1,1,0.34568189048494735,0.5916314935496115,0.0626866159654411
3537,0,0,0.8026720044701723,0.1872499241987849,0.010078071331042911
3538,0,0,0.7773706940361957,0.20989717401824357,0.01273213194556063
3539,2,2,0.00036662991785625773,0.03668871441806652,0.9629446556640773
3540,2,1,0.030577019384149178,0.4911818293201164,0.47824115129573436
3541,1,1,0.38761699751674206,0.5773896178426882,0.034993384640569856
3542,0,0,0.8436386004173498,0.1439959730203832,0.012365426562266966
3543,0,0,0.9811011933597966,0.018729068526031133,0.00016973811417218514
3544,2,2,0.010221859953654586,0.35785178355745967,0.6319263564888857
3545,1,1,0.33111687084741087,0.5977158959200628,0.07116723323252633
3546,1,1,0.16165120645113534,0.5964155212080225,0.24193327234084205
3547,1,1,0.1256982529581402,0.5586699068449358,0.3156318401969241
3548,1,1,0.378856159920418,0.44965392493655887,0.17148991514302311
3549,2,1,0.16750714324765026,0.697417897127361,0.13507495962498878
3550,2,2,0.018553241497756497,0.2207200764692596,0.7607266820329839
3551,1,1,0.3918618045983476,0.49644127482570605,0.11169692057594631
3552,1,1,0.09412125030840766,0.6909975707782107,0.21488117891338168
3553,2,2,0.02750719766547864,0.3455106207077641,0.6269821816267573
3554,1,2,0.03681702318509213,0.35903218470405984,0.604150792110848
3555,1,0,0.6601911665026772,0.33421938844850513,0.005589445048817826
3556,1,1,0.2546597691077798,0.5200629717851869,0.2252772591070333
3557,1,1,0.27972017306365565,0.5650477556152441,0.15523207132110034
3558,1,1,0.33969365569103555,0.5362460657161249,0.12406027859283958
3559,1,0,0.6675219344731423,0.30351833006018614,0.028959735466671493
3560,1,1,0.3389517418657613,0.556729135379182,0.10431912275505659
3561,0,1,0.3180258441358169,0.4373110200554221,0.2446631358087611
3562,1,0,0.5807070100232277,0.39124082550710965,0.028052164469662636
3563,1,1,0.06260370008772954,0.7254615748130059,0.21193472509926467
3564,0,0,0.8385866691404272,0.1519948227566521,0.009418508102920662
3565,0,1,0.4302249039749546,0.454025986992594,0.11574910903245145
3566,2,1,0.10211903701871228,0.466781364827034,0.4310995981542538
3567,0,0,0.4868943488139864,0.4845674244321191,0.028538226753894457
3568,0,0,0.6224347483834728,0.34210230428976157,0.0354629473267657
3569,1,1,0.36182176192867993,0.5015050680610049,0.13667317001031531
3570,0,0,0.9783965233002382,0.021227708322459925,0.0003757683773018502
3571,2,1,0.2919168947733387,0.5387721331696153,0.16931097205704598
3572,0,0,0.6638115833657882,0.31745978119958074,0.018728635434631085
3573,0,0,0.962027114661134,0.036930306751740624,0.0010425785871254678
3574,1,0,0.6485428269211257,0.2872910572258442,0.06416611585303014
3575,2,2,0.018396762334326997,0.29608371493827157,0.6855195227274015
3576,0,0,0.9857374632320924,0.014041546188813288,0.00022099057909440016
3577,2,1,0.030906901967177932,0.7941450707517823,0.17494802728103978
3578,1,1,0.2693885830231211,0.64432560545898,0.0862858115178989
3579,2,1,0.0774386564183139,0.5089053682876811,0.41365597529400505
3580,1,1,0.13722866664541153,0.6589692878611997,0.20380204549338868
3581,2,2,0.06551502283525777,0.4284479321300745,0.5060370450346677
3582,0,0,0.6310360952291556,0.346182288424728,0.022781616346116446
3583,0,0,0.9029712126287597,0.09564500747791813,0.0013837798933222535
3584,0,0,0.9020094869612955,0.0906118984822122,0.007378614556492343
3585,1,0,0.6160963284877188,0.3492081958978755,0.03469547561440582
3586,0,0,0.6780547862731211,0.2845038404100768,0.0374413733168021
3587,1,1,0.0931438874030128,0.5269542258144674,0.37990188678251985
3588,2,2,0.00746122122004728,0.2754087488705019,0.7171300299094509
3589,1,0,0.5332015054226026,0.4509262864002721,0.01587220817712533
3590,0,0,0.9544193038443073,0.044153900679461115,0.0014267954762317283
3591,0,0,0.8358597226599095,0.15673714327799673,0.007403134062093915
3592,2,2,0.013393827783272133,0.23367711497243626,0.7529290572442916
3593,0,0,0.9262413327622216,0.07195736455584825,0.001801302681930194
3594,1,1,0.11667750766653384,0.7025444629422564,0.1807780293912099
3595,2,2,0.0011568649977480281,0.08375359060760904,0.915089544394643
3596,0,0,0.9614601488593938,0.03778125385363916,0.0007585972869669537
3597,2,2,0.01450207782471471,0.36644232458161374,0.6190555975936716
3598,1,1,0.211705568549564,0.6290235226860225,0.15927090876441358
3599,0,0,0.9850722676713171,0.01434519531510916,0.0005825370135739758
3600,0,0,0.9810217511144937,0.018275971435625076,0.0007022774498812458
3601,0,0,0.584405492041522,0.3948112480230635,0.02078325993541453
3602,0,0,0.5227863114324719,0.4625493680667118,0.014664320500816293
3603,1,1,0.1841614792019511,0.7150133801626576,0.10082514063539127
3604,0,0,0.521293651340371,0.3931756699090142,0.0855306787506148
3605,1,0,0.7257165567581437,0.25593558036926156,0.018347862872594718
3606,1,1,0.2767506561634287,0.4856780088199166,0.2375713350166546
3607,2,2,0.0005201774263969592,0.04831428145493833,0.9511655411186648
3608,1,0,0.48344658590185596,0.4602088152410895,0.05634459885705465
3609,0,0,0.6982718158513848,0.28381341702685137,0.017914767121763805
3610,1,1,0.19043286533274148,0.7030865554049845,0.10648057926227403
3611,1,0,0.46661406268066513,0.45122562412667494,0.08216031319265994
3612,2,1,0.07916182839880781,0.5132916185460543,0.4075465530551379
3613,0,0,0.7801697955864056,0.20403768437053824,0.015792520043056094
3614,0,0,0.5127555974779647,0.4568640798244819,0.030380322697553298
3615,2,2,0.025017197082250784,0.2879214065721715,0.6870613963455777
3616,1,0,0.5808605390857101,0.40156379601545267,0.017575664898837315
3617,0,0,0.9519413351958822,0.04648412650885349,0.0015745382952643547
3618,0,0,0.9697083904330399,0.029494155190191215,0.0007974543767689919
3619,0,0,0.7991161238842829,0.19352940389936604,0.007354472216351061
3620,0,0,0.9971955763966661,0.0027855465466458244,1.8877056687961338e-05
3621,1,1,0.26577858959866585,0.630503400657562,0.10371800974377225
3622,2,0,0.5868063211703811,0.36594175898842357,0.0472519198411953
3623,0,0,0.7836178976877737,0.202137151790839,0.014244950521387361
3624,2,2,0.04751679550544419,0.3167565802228041,0.6357266242717516
3625,2,1,0.04150985892173759,0.6296903340859281,0.3287998069923342
3626,2,1,0.11998263353056064,0.5646151442299677,0.31540222223947156
3627,0,0,0.6116428353567872,0.32268874565353756,0.06566841898967525
3628,1,1,0.19289103301791813,0.7141527586180348,0.09295620836404705
3629,2,2,0.0010782267081540285,0.06424605264056425,0.9346757206512818
3630,0,0,0.9753351484635217,0.024190075577524707,0.0004747759589536664
3631,2,2,0.026142930718456223,0.4510368379631464,0.5228202313183974
3632,1,0,0.6726205913546616,0.30463796862344034,0.022741440021898086
3633,1,1,0.030707595575930283,0.5544172553779868,0.41487514904608297
3634,0,0,0.9525468105529699,0.04615605510653981,0.00129713434049028
3635,0,0,0.5090662977972211,0.47344347740656795,0.017490224796210884
3636,0,0,0.8802931325107612,0.10469061593845307,0.01501625155078565
3637,0,0,0.7421199025683802,0.2404475805131931,0.017432516918426753
3638,0,0,0.6213174347506719,0.34892899618244355,0.029753569066884516
3639,1,0,0.7732524238679008,0.2047900016967793,0.021957574435319854
3640,0,0,0.5121750190127299,0.4406056094794368,0.04721937150783341
3641,2,1,0.1837992157665685,0.6362429131104357,0.1799578711229959
3642,0,0,0.6394229475793775,0.3271530561110927,0.033423996309530024
3643,0,0,0.9418462695476254,0.05424261678557948,0.003911113666795138
3644,1,1,0.28260395994293147,0.5700878158948444,0.14730822416222408
3645,1,1,0.37015267968694393,0.5261051514777769,0.10374216883527919
3646,2,1,0.24765898226684155,0.6197858836704087,0.1325551340627499
3647,1,0,0.5015302442989996,0.4035920266280177,0.09487772907298271
3648,2,1,0.3490316881714782,0.5183652652574163,0.13260304657110553
3649,0,0,0.6548636688306699,0.3036112154646275,0.04152511570470255
3650,2,2,0.0023951408682241085,0.07900076397077428,0.9186040951610017
3651,1,0,0.8389598257852254,0.1526249675114654,0.008415206703309152
3652,0,1,0.41502273382503707,0.5473711653563534,0.03760610081860947
3653,2,2,0.05493634301206852,0.3407065444599191,0.6043571125280124
3654,1,1,0.3847722333104698,0.5407451800864675,0.0744825866030627
3655,2,2,0.028517623269565466,0.3128996108739751,0.6585827658564595
3656,1,1,0.13675992657008076,0.7106492407068851,0.15259083272303425
3657,1,1,0.04053523076834297,0.6043594460942662,0.3551053231373909
3658,0,0,0.5628423121227815,0.39829905297499396,0.03885863490222465
3659,0,0,0.9244118861395547,0.07432802973032326,0.0012600841301220187
3660,0,0,0.8292426626909276,0.16285849559885193,0.007898841710220497
3661,1,0,0.6670993607844167,0.30608153692006307,0.026819102295520408
3662,0,0,0.7350777555198075,0.2458919932607927,0.019030251219399726
3663,0,0,0.6978564584408449,0.2884243618854324,0.013719179673722798
3664,0,0,0.7340084241727349,0.24864498762846643,0.01734658819879876
3665,2,2,0.01148991479762054,0.29337484228326904,0.6951352429191104
3666,2,2,0.003922202867136267,0.15663642116407223,0.8394413759687915
3667,1,2,0.009957910219118278,0.25391402626072396,0.7361280635201578
3668,0,0,0.7828369687956784,0.2014418532577357,0.01572117794658589
3669,2,1,0.13279165165362547,0.6390254090809478,0.22818293926542665
3670,0,1,0.3507886025448759,0.5804039710968193,0.0688074263583048
3671,1,1,0.07085893682989924,0.5804246505479114,0.3487164126221895
3672,1,0,0.548464389873728,0.3800085105710888,0.07152709955518313
3673,1,1,0.07158541971049948,0.7031601691731506,0.22525441111634992
3674,0,0,0.7848229811378208,0.20134143486125475,0.013835584000924479
3675,2,2,0.004992924093273659,0.163187004171937,0.8318200717347892
3676,0,0,0.7881176681316302,0.20344757776132472,0.008434754107045259
3677,0,0,0.8425319907626231,0.1435685295560542,0.013899479681322822
3678,0,0,0.8496644033141424,0.14361474292371085,0.006720853762146759
3679,0,0,0.9239015659263902,0.07388865085031293,0.0022097832232970196
3680,0,0,0.6495188041305325,0.252054256252997,0.09842693961647056
3681,0,0,0.7844011427751163,0.1968340267295679,0.018764830495315774
3682,1,0,0.5386251359506864,0.43575342356971497,0.025621440479598568
3683,0,0,0.9228316205647501,0.07550699328168582,0.0016613861535642294
3684,0,0,0.6226417084606135,0.3369939829387411,0.04036430860064535
3685,2,2,0.0016261367790868266,0.05846245429186739,0.9399114089290457
3686,0,0,0.6585504162585114,0.2929352042280263,0.048514379513462276
3687,1,1,0.3701348105498749,0.5043050176985558,0.12556017175156928
3688,1,1,0.256668566912222,0.6509660790408511,0.09236535404692682
3689,1,1,0.41304128176918553,0.5269550905119548,0.06000362771885973
3690,1,0,0.8077025164858566,0.18317054760812126,0.009126935906022152
3691,1,1,0.15104365081506557,0.6768038190425857,0.17215253014234885
3692,1,0,0.5361199808428062,0.39289790962062787,0.07098210953656603
3693,0,0,0.9633733216807794,0.03592484641666196,0.0007018319025587891
3694,0,1,0.3378862123738247,0.547292364336544,0.1148214232896314
3695,0,0,0.7371624252227,0.24066097100637449,0.022176603770925583
3696,1,1,0.19364927616545502,0.6108803412359748,0.19547038259857014
3697,1,2,0.0221170398751959,0.28878037054007455,0.6891025895847296
3698,0,0,0.9371616427450877,0.061251191622164775,0.0015871656327475848
3699,1,1,0.20117540512465887,0.6120917532656165,0.1867328416097247
3700,0,0,0.9150354366405768,0.08358362340745344,0.0013809399519698114
3701,2,2,0.024907801771564958,0.2926523812555311,0.682439816972904
3702,2,2,0.007628872897156889,0.2426702606180539,0.7497008664847892
3703,1,1,0.10578179770261895,0.6915747892987223,0.20264341299865882
3704,1,2,0.037807444322696976,0.2740396936320397,0.6881528620452633
3705,1,1,0.16755079855555974,0.6141034748968305,0.21834572654760975
3706,0,0,0.9853972794678235,0.014427005637481727,0.00017571489469481904
3707,1,1,0.45308424010034853,0.48292807894878154,0.06398768095087003
3708,0,0,0.991824675904776,0.008094772592679236,8.055150254480392e-05
3709,1,1,0.22471454928420553,0.6881937597422318,0.08709169097356272
3710,1,1,0.26970471606905977,0.6908157654410265,0.039479518489913705
3711,1,1,0.17716761052910007,0.6631908571938484,0.15964153227705133
3712,0,1,0.38951595079575374,0.515327702215442,0.09515634698880425
3713,0,0,0.906993354443647,0.0908788801752102,0.0021277653811426975
3714,0,1,0.12061343649019092,0.6523018445132637,0.2270847189965454
3715,1,0,0.6035547429188178,0.36121278466736384,0.035232472413818425
3716,2,2,0.007237885995945662,0.32629253235140365,0.6664695816526507
3717,2,2,0.029281808489420542,0.23092170843631343,0.739796483074266
3718,2,2,0.03028773232230959,0.2886070794548414,0.681105188222849
3719,2,1,0.09706288146336504,0.578762619587734,0.3241744989489009
3720,2,2,0.018132004444552048,0.3306906571158709,0.651177338439577
3721,0,0,0.9280980121094565,0.06951332242248975,0.0023886654680537554
3722,0,0,0.8960704808096156,0.1010239138870187,0.002905605303365735
3723,2,1,0.1038226830940062,0.6395398501116951,0.2566374667942986
3724,1,1,0.11504582990347341,0.6239132597965157,0.2610409103000109
3725,1,1,0.2403245683219345,0.518089439487235,0.24158599219083055
3726,0,0,0.9853255438590135,0.014413841113896472,0.00026061502709003953
3727,2,1,0.0376957602017239,0.4845813805313903,0.47772285926688574
3728,0,0,0.9877260456208934,0.0121476293160418,0.00012632506306483815
3729,2,2,0.007988163341833483,0.2860624334795213,0.7059494031786452
3730,0,0,0.9849905945378669,0.014829420270038692,0.00017998519209453965
3731,0,0,0.9420078623439015,0.05694687192921878,0.0010452657268797238
3732,0,0,0.9473990398835169,0.05151313524630826,0.0010878248701749243
3733,0,1,0.30072163934504315,0.5727223781688527,0.12655598248610414
3734,0,0,0.8588756885192922,0.13292931964495538,0.008194991835752423
3735,2,2,0.0026854907096369686,0.17637664421027768,0.8209378650800854
3736,1,1,0.2912273240974407,0.6215170637492299,0.08725561215332937
3737,0,0,0.8487182703803031,0.14835845781375165,0.002923271805945236
3738,2,2,0.023464249123100297,0.45904877707739,0.5174869737995097
3739,0,1,0.2610789164403382,0.5911229393613285,0.14779814419833334
3740,1,0,0.6465294070213069,0.30978694057410155,0.04368365240459151
3741,0,0,0.5762289217125627,0.18467698192739754,0.23909409636003975
3742,0,1,0.3342298690890473,0.6350024610848188,0.030767669826133916
3743,0,0,0.6677975781507186,0.31399587594854605,0.01820654590073526
3744,2,1,0.05185625656433283,0.4962538096736342,0.451889933762033
3745,0,0,0.8748464167955543,0.12088985259053385,0.004263730613911691
3746,1,1,0.18428373076373286,0.6222503639491771,0.19346590528709
3747,2,2,0.023274768097909907,0.1407528909349118,0.8359723409671783
3748,0,0,0.7519306757235058,0.22779767006449259,0.020271654212001586
3749,0,1,0.32665210031651676,0.6019159033562296,0.07143199632725362
3750,1,0,0.6080189239409667,0.3106364061104595,0.08134466994857384
3751,1,1,0.15907930777585913,0.6842325084167198,0.15668818380742117
3752,0,0,0.8921834305385058,0.10679248130157691,0.001024088159917206
3753,0,0,0.8455579764974644,0.14567358751042028,0.008768435992115376
3754,0,0,0.7420673837606817,0.22888020503337267,0.029052411205945684
3755,0,0,0.5023272354425845,0.4588774126870997,0.038795351870315783
3756,0,0,0.46213850968987663,0.4416291258502281,0.09623236445989512
3757,0,0,0.8849134509645266,0.10883896706712677,0.006247581968346784
3758,1,1,0.09455405620586607,0.6093378434235746,0.2961081003705594
3759,2,2,0.016372513949071146,0.3001161309467508,0.683511355104178
3760,0,0,0.5158571540993012,0.4294862563028609,0.05465658959783789
3761,0,1,0.45216895335713414,0.48798148472603414,0.05984956191683165
3762,1,1,0.25782634822994643,0.4790805895014401,0.2630930622686135
3763,1,1,0.19215516184145076,0.5436707828037092,0.26417405535484006
3764,0,0,0.9621571604873482,0.03739152947885739,0.0004513100337943722
3765,1,0,0.836250132525425,0.15397729417150238,0.009772573303072641
3766,1,0,0.5162662577275594,0.46263371251642166,0.02110002975601898
3767,0,0,0.8511164177575892,0.12272044902725285,0.026163133215157907
3768,2,1,0.029887380081326312,0.49505738215113826,0.4750552377675355
3769,0,0,0.9409620602042159,0.055357356775814964,0.0036805830199690484
3770,1,1,0.43915214404757824,0.500087395390454,0.06076046056196776
3771,2,2,0.04483450475090481,0.42630417630514233,0.5288613189439528
3772,2,2,0.021088668623269132,0.3303571547515822,0.6485541766251486
3773,2,2,0.001743720260025373,0.07125655806839494,0.9269997216715797
3774,2,2,0.007911007989850387,0.18538489662940683,0.8067040953807427
3775,0,0,0.605014417537969,0.3498281580248592,0.0451574244371718
3776,2,1,0.3093380669964404,0.37902510069168605,0.3116368323118736
3777,2,1,0.10617065244289269,0.6159486578072639,0.27788068974984353
3778,0,0,0.9895338164251921,0.010082300746126194,0.0003838828286815586
3779,2,2,0.0008477661551050406,0.138026821795738,0.8611254120491569
3780,1,1,0.42408875771978605,0.5374700645938472,0.03844117768636684
3781,1,0,0.5540157271120381,0.3429009830380499,0.10308328984991211
3782,0,0,0.7721232227685552,0.21594586470262883,0.011930912528815944
3783,0,0,0.6398780172048774,0.33400838772381813,0.026113595071304473
3784,2,1,0.17111940531639325,0.5253097196458709,0.3035708750377359
3785,0,0,0.8942341396898551,0.10188385023566018,0.0038820100744847656
3786,1,1,0.05921228625725454,0.5257371864452828,0.41505052729746267
3787,0,0,0.6911063254317446,0.2942631949996106,0.014630479568644744
3788,0,0,0.6188388671420942,0.3599043525358304,0.021256780322075366
3789,2,2,0.017334500806959773,0.16499374289581595,0.8176717562972243
3790,2,2,0.012512756362567344,0.25620639099660397,0.7312808526408286
3791,0,1,0.34567242493870454,0.5919743210300844,0.06235325403121108
3792,2,2,0.007689966452140198,0.1353791821013421,0.8569308514465177
3793,2,2,0.014292794198014835,0.281696201439966,0.7040110043620191
3794,1,2,0.026027599080242967,0.43780299551682195,0.5361694054029351
3795,0,0,0.8838936476208953,0.10879141655573968,0.007314935823365003
3796,0,0,0.6734854574370531,0.2796318884210312,0.04688265414191569
3797,0,0,0.5016989582330238,0.4391792308844951,0.059121810882481196
3798,1,1,0.12455000204695373,0.6282689532365543,0.24718104471649194
3799,1,1,0.15380496112857137,0.5641013455306303,0.28209369334079837
3800,2,1,0.2421939520516499,0.524303140549828,0.2335029073985221
3801,0,0,0.9399485618232429,0.05812947611777007,0.0019219620589868273
3802,1,1,0.3818116126921606,0.4504344925920601,0.16775389471577942
3803,1,1,0.09391682365130005,0.7610431653312963,0.1450400110174036
3804,2,2,0.058878160041358735,0.3182464730296243,0.6228753669290169
3805,0,0,0.9338873570153383,0.06439522271851632,0.0017174202661452823
3806,1,0,0.5256727133767517,0.3470250329113119,0.12730225371193626
3807,2,2,0.00038143056245130866,0.03249062578871068,0.9671279436488381
3808,0,0,0.9731832696246784,0.02650012589041835,0.00031660448490335353
3809,1,1,0.29871352356092,0.5827188581458677,0.11856761829321236
3810,0,0,0.7816362390636761,0.20910134376398673,0.009262417172337327
3811,0,0,0.9971094958008508,0.0028635270832426444,2.6977115906471947e-05
3812,2,2,0.009979866067320937,0.34134117101681044,0.6486789629158686
3813,1,0,0.6719244257753767,0.3111477629562998,0.016927811268323538
3814,0,0,0.8882928173365013,0.10758549878238334,0.004121683881115351
3815,0,0,0.9331593907078116,0.06446533532980493,0.002375273962383319
3816,1,1,0.34956318267996356,0.501990023034957,0.14844679428507954
3817,1,1,0.10648700177960436,0.5096134815249066,0.38389951669548905
3818,0,1,0.3070736515954344,0.6196541779775943,0.07327217042697126
3819,1,0,0.6172106461009883,0.3288162400668005,0.05397311383221116
3820,0,0,0.919213360015376,0.0782196970902193,0.0025669428944046463
3821,2,2,0.09787957581945399,0.4178693494356209,0.48425107474492524
3822,1,1,0.094753004146682,0.730825450443109,0.17442154541020896
3823,2,2,0.07741133589277856,0.42835912388315756,0.4942295402240639
3824,0,0,0.9396555645125327,0.05825044079619139,0.002093994691275916
3825,0,0,0.8982020173210641,0.0993737208988653,0.002424261780070554
3826,1,2,0.04618018678331336,0.46818754275284286,0.4856322704638437
3827,1,1,0.2038669676339256,0.6339987739684151,0.16213425839765946
3828,2,1,0.08638308198164167,0.6590358007808325,0.2545811172375259
3829,2,2,0.16400893737089917,0.31407138034920484,0.5219196822798959
3830,1,1,0.1771903086340037,0.723045767131465,0.09976392423453133
3831,0,0,0.8848955470149628,0.10432064990575218,0.010783803079285142
3832,0,1,0.23230115382842834,0.5810850460357366,0.186613800135835
3833,0,0,0.5287650497768828,0.4312569482792351,0.03997800194388209
3834,0,0,0.6809609454479323,0.28352450277534813,0.03551455177671958
3835,2,1,0.07188352595636409,0.5777241291869833,0.3503923448566526
3836,0,1,0.4661702897273582,0.4903748125859255,0.043454897686716384
3837,0,0,0.8577022783922259,0.1354669163541028,0.006830805253671437
3838,0,1,0.24633239368239968,0.5806573734197105,0.17301023289788983
3839,1,0,0.4772443947866376,0.4308338221699141,0.09192178304344842
3840,1,1,0.17348212823892678,0.5722927071979388,0.25422516456313443
3841,0,0,0.749297557842849,0.22391399983441646,0.026788442322734533
3842,2,1,0.0793297711351132,0.49959680151333713,0.42107342735154973
3843,0,0,0.9431371591312542,0.05556597154420072,0.0012968693245451622
3844,2,2,0.22232083009828266,0.34066118921363664,0.4370179806880808
3845,1,0,0.7350587694828824,0.24601113014457862,0.01893010037253905
3846,0,0,0.5394643136156939,0.43238538522169884,0.02815030116260732
3847,0,1,0.4475312447212987,0.5124178403149499,0.040050914963751544
3848,0,0,0.4893562490592035,0.48929214486819755,0.021351606072598932
3849,2,2,0.0592817363961235,0.394243280115282,0.5464749834885946
3850,0,0,0.8987311967950562,0.0933215469909674,0.007947256213976323
3851,2,1,0.28179918997436054,0.5860563565321805,0.13214445349345902
3852,1,1,0.3297687177792902,0.6330722849588176,0.0371589972618922
3853,0,0,0.8874387654668938,0.11017014963789713,0.002391084895209127
3854,0,0,0.9850428398915201,0.014726965792521427,0.0002301943159584971
3855,0,0,0.4996737475580308,0.4658327076248754,0.03449354481709369
3856,1,1,0.29977932889623915,0.5607590387196305,0.13946163238413026
3857,1,0,0.6688416349316874,0.30859905447658953,0.022559310591723097
3858,0,0,0.8191689639414218,0.1729050230400369,0.007926013018541274
3859,2,2,0.09336134455310373,0.361137387017451,0.5455012684294452
3860,2,1,0.07649911667068916,0.4857934638180162,0.4377074195112946
3861,0,0,0.6476397038492016,0.3366435373954004,0.01571675875539807
3862,2,2,0.04872706579068218,0.19327485843661757,0.7579980757727003
3863,0,0,0.9553147247426713,0.04367018097470548,0.0010150942826232083
3864,0,0,0.6650022949091976,0.3220684372449861,0.012929267845816207
3865,0,0,0.7828946020193936,0.21098362634030426,0.006121771640302175
3866,1,1,0.3590018733076642,0.5366756695410183,0.1043224571513175
3867,1,0,0.8159390720584063,0.17993735966996843,0.004123568271625352
3868,0,0,0.7034240588388471,0.27343710634331314,0.023138834817839852
3869,2,2,0.0033559688847557903,0.12812292529500835,0.8685211058202358
3870,2,2,0.023572655012843537,0.26413237439388976,0.7122949705932667
3871,0,0,0.9398957153260439,0.05872269011007613,0.0013815945638799647
3872,0,0,0.9827097665105085,0.01682409004826805,0.0004661434412234859
3873,2,2,0.05880741708287472,0.45770301110350775,0.4834895718136175
3874,1,0,0.8186206532581785,0.17668441072526075,0.004694936016560844
3875,0,0,0.9790959733329301,0.02046299351987594,0.0004410331471939495
3876,1,0,0.8844775142847149,0.10948091176053823,0.00604157395474698
3877,2,2,0.0038085890602320843,0.07530577964059391,0.9208856312991741
3878,0,0,0.46556958723551045,0.41733188673828403,0.1170985260262055
3879,0,0,0.8542293222289703,0.13898840222877623,0.006782275542253564
3880,1,1,0.2141428935017997,0.6364128763072319,0.14944423019096828
3881,0,0,0.7652392746146769,0.22533276688527745,0.009427958500045752
3882,1,1,0.04435858064992261,0.6620358766631823,0.29360554268689504
3883,2,2,0.003448762774321064,0.13112196207749152,0.8654292751481873
3884,2,1,0.12839493217209047,0.7650311821867165,0.10657388564119298
3885,0,0,0.8706808198565912,0.12601915407242012,0.003300026070988819
3886,0,0,0.9697874822186859,0.029612818848007465,0.0005996989333065502
3887,0,1,0.12682890487411488,0.6996737580557967,0.1734973370700885
3888,0,0,0.9668513513305445,0.03285308005902353,0.00029556861043199116
3889,0,0,0.6295487778260932,0.312791209427415,0.05766001274649173
3890,2,2,0.039697593092827575,0.4272991782845508,0.5330032286226216
3891,1,0,0.658351224995971,0.2955729314843004,0.04607584351972851
3892,0,0,0.5467217249315575,0.42465445801896884,0.02862381704947373
3893,0,0,0.5013873692941858,0.45528809855227487,0.04332453215353935
3894,1,1,0.055424970480493205,0.7330872962885818,0.21148773323092493
3895,1,1,0.13266594373900042,0.665329676090195,0.2020043801708047
3896,0,0,0.9662639319872229,0.032523466479960336,0.001212601532816621
3897,1,1,0.18620923825744695,0.6189364371466246,0.19485432459592844
3898,0,0,0.7348939418758338,0.23976069546685838,0.02534536265730788
3899,2,2,0.021353077506302394,0.31292317792524194,0.6657237445684557
3900,1,1,0.3504770441148664,0.5595634663421771,0.08995948954295645
3901,2,2,0.0005825246522685013,0.037323104059178346,0.962094371288553
3902,0,0,0.895199217048848,0.10194183620060362,0.002858946750548537
3903,0,1,0.23934087895556877,0.5955826966870345,0.16507642435739686
3904,1,1,0.10760312170937056,0.6452493930990919,0.24714748519153742
3905,1,0,0.6578274044578675,0.3229839497466772,0.01918864579545536
3906,0,0,0.8475107185413517,0.149418660284924,0.003070621173724074
3907,0,1,0.470048153531115,0.49509173287923336,0.03486011358965159
3908,1,1,0.35591413754795864,0.5781321122539698,0.06595375019807174
3909,0,0,0.9692870577297746,0.029704769560685986,0.0010081727095393833
3910,0,0,0.7961356177285043,0.18076413605000563,0.0231002462214901
3911,0,0,0.818552585918918,0.1645391401673241,0.016908273913757776
3912,1,1,0.21585129540784925,0.5664047821431429,0.21774392244900778
3913,2,2,0.03755702842935354,0.37254309457478274,0.5898998769958638
3914,2,1,0.10201211091979345,0.6017329963614282,0.2962548927187784
3915,0,0,0.9879618985146802,0.011910537891442214,0.00012756359387751463
3916,2,2,0.03230823653434143,0.23680661935759534,0.7308851441080632
3917,1,1,0.1742682494306934,0.6990517630695995,0.12667998749970716
3918,2,1,0.11685139196651172,0.5801400099001777,0.3030085981333106
3919,1,1,0.3651910615059205,0.4955265619807241,0.13928237651335543
3920,0,0,0.8802597337598367,0.10530818578769803,0.014432080452465166
3921,2,2,0.05308169444751874,0.4472057871374754,0.4997125184150059
3922,1,1,0.32232903682535713,0.5792728165752767,0.09839814659936609
3923,1,2,0.0139258825733087,0.2807621790235753,0.7053119384031159
3924,1,1,0.39277963811568006,0.5467187508990702,0.060501610985249574
3925,0,0,0.9853297038762081,0.01451512197755366,0.00015517414623812467
3926,0,0,0.7358009096257958,0.24730538337267738,0.016893707001526707
3927,1,0,0.8041341825567597,0.18831555929503532,0.00755025814820496
3928,0,0,0.9691024922053366,0.029771947020387525,0.0011255607742758896
3929,2,1,0.062494775980286,0.47401318829307076,0.4634920357266432
3930,1,0,0.555407459812824,0.4053127850079791,0.03927975517919676
3931,1,2,0.10026311808513315,0.3764864566280847,0.5232504252867822
3932,0,0,0.9091211325345944,0.08873293698616096,0.002145930479244505
3933,0,0,0.7738659024673629,0.20480798313880458,0.02132611439383255
3934,1,0,0.7496261250998872,0.2279221043399518,0.02245177056016091
3935,0,0,0.9601542099767731,0.038776317595038474,0.00106947242818829
3936,1,1,0.13905077260626153,0.704293436659548,0.1566557907341906
3937,1,1,0.10751514655823567,0.44945768702308503,0.4430271664186793
3938,1,2,0.020054602340762458,0.26906185221127615,0.7108835454479614
3939,2,2,0.0002210734086274233,0.026221246079277092,0.9735576805120953
3940,0,0,0.5028252434237082,0.4492688185072344,0.047905938069057546
3941,0,0,0.6767966048505316,0.296404391628607,0.02679900352086153
3942,0,1,0.3037707945855794,0.6285087573263357,0.06772044808808494
3943,2,2,0.010044038578894226,0.21436372339787105,0.7755922380232347
3944,2,1,0.2125798338892596,0.6261073461393931,0.16131281997134722
3945,1,1,0.09249189897421792,0.6621326024581434,0.24537549856763866
3946,1,1,0.4261980805094695,0.5198855870565963,0.05391633243393425
3947,2,2,0.019104536509624778,0.38673157018518434,0.5941638933051909
3948,0,0,0.9615266279316931,0.03581999560362801,0.002653376464678925
3949,2,2,0.018117451614499167,0.20131913433648238,0.7805634140490184
3950,0,0,0.9943375234770628,0.005579642817841662,8.283370509547315e-05
3951,1,1,0.4313013532269191,0.4812040411442075,0.08749460562887337
3952,0,0,0.9106658831955016,0.0858440849629994,0.0034900318414991935
3953,2,2,0.0014094797643671925,0.13398594308003003,0.8646045771556027
3954,0,1,0.13225667735397528,0.4370362987488193,0.43070702389720544
3955,0,0,0.9194858696833681,0.07580148729166881,0.004712643024963103
3956,2,2,0.007078696303563463,0.14293432030122477,0.8499869833952116
3957,0,1,0.373188632969579,0.5605437753912073,0.06626759163921381
3958,0,0,0.975608880847374,0.02412088653412773,0.00027023261849827774
3959,0,0,0.9107958266260552,0.08638682563479176,0.0028173477391530513
3960,0,1,0.3743724493669789,0.5288169091029453,0.0968106415300758
3961,0,0,0.7326115236229346,0.246041505082536,0.021346971294529345
3962,1,1,0.08123162901720625,0.5611522770286903,0.3576160939541033
3963,0,0,0.7612187839127463,0.230251049030286,0.008530167056967545
3964,0,0,0.4621434965708149,0.3855861692577744,0.15227033417141064
3965,0,0,0.8708457292313525,0.12433588466073735,0.00481838610791009
3966,0,0,0.987700189962065,0.012028838885291403,0.0002709711526435318
3967,1,0,0.5044765936889031,0.44483230612307983,0.05069110018801705
3968,1,1,0.3181813482249094,0.5077062341342046,0.17411241764088595
3969,1,1,0.35342039047722545,0.5612949125118684,0.08528469701090621
3970,1,1,0.4144176458147038,0.4822630432756061,0.10331931090969008
3971,2,2,0.0069654703668178075,0.2771836062129004,0.7158509234202818
3972,0,0,0.9916668939164872,0.008216481916412804,0.00011662416709977118
3973,1,0,0.4783011556446972,0.37133345517035815,0.15036538918494458
3974,2,1,0.05524684772836109,0.5606916543097815,0.3840614979618573
3975,2,2,0.032180452931742015,0.3564753764937228,0.6113441705745352
3976,2,2,0.002273619781054522,0.1106663342095287,0.8870600460094168
3977,0,0,0.9322343716397291,0.06269388929392483,0.005071739066346005
3978,1,2,0.0585909455525892,0.370640460481488,0.5707685939659227
3979,1,1,0.2602708313609503,0.3874518636029885,0.35227730503606125
3980,0,0,0.9881432333054605,0.011741047566219225,0.00011571912832030147
3981,1,1,0.06419817090200065,0.6017220961632839,0.3340797329347156
3982,0,0,0.9232137889167482,0.07372259960790235,0.0030636114753492868
3983,1,1,0.3288915847482793,0.5687860563982989,0.10232235885342174
3984,2,2,0.015340867772385226,0.4185765888614931,0.5660825433661216
3985,0,0,0.7627565272776111,0.22179146051212434,0.015452012210264505
3986,0,0,0.9576254352525194,0.04090873616611622,0.001465828581364294
3987,2,2,0.0008774824051349525,0.06358119385273198,0.9355413237421331
3988,0,1,0.3048724662186511,0.629191580197872,0.06593595358347691
3989,2,1,0.15614443877692227,0.5812742442664038,0.26258131695667386
3990,1,1,0.21375267711962345,0.6113518703208672,0.17489545255950922
3991,2,2,0.04452941563182184,0.3401346721207451,0.615335912247433
3992,1,0,0.7448313836152793,0.22918742092610073,0.025981195458619984
3993,1,1,0.2371416071280433,0.5084828923358339,0.25437550053612284
3994,2,2,0.02623489124219311,0.4609714959192343,0.5127936128385726
3995,0,0,0.8044743410664299,0.1854043535782394,0.010121305355330772
3996,2,1,0.06161047544260766,0.5156472725631845,0.42274225199420784
3997,1,1,0.20904070104418912,0.6790899539101922,0.11186934504561862
3998,0,0,0.7857513364864189,0.20859966117598538,0.005649002337595714
3999,1,1,0.19569168884583393,0.6943929880252935,0.10991532312887257
4000,1,0,0.5416155560902739,0.42781350112464744,0.030570942785078686
4001,1,1,0.12957429405270512,0.5556933825000024,0.3147323234472925
4002,0,0,0.9566033828706991,0.04174043310871067,0.0016561840205901808
4003,2,2,0.014420688378190745,0.4180970807637478,0.5674822308580615
4004,1,1,0.08505394645151389,0.5760805209748454,0.3388655325736405
4005,2,2,0.0030914828194333914,0.10294752574431487,0.8939609914362516
4006,0,0,0.8226170967580719,0.16857070933314722,0.00881219390878077
4007,1,1,0.15885236991780893,0.6533442495025299,0.1878033805796611
4008,1,1,0.24031799909347126,0.5534274883766738,0.20625451252985505
4009,0,0,0.9930027902271268,0.006874444116931137,0.00012276565594214047
4010,0,0,0.9031009483027223,0.0914536532923773,0.005445398404900615
4011,2,2,0.0008606963966129319,0.064229815979985,0.9349094876234021
4012,1,0,0.7255534464825598,0.24933322238430913,0.025113331133131047
4013,1,1,0.0846873617549201,0.7753957263543961,0.13991691189068375
4014,2,2,0.03526671081676902,0.4223515042226875,0.5423817849605435
4015,1,1,0.17340288195111553,0.5271811605830432,0.2994159574658412
4016,0,0,0.9855098809714764,0.014248053674891879,0.00024206535363168017
4017,0,0,0.909040609953415,0.08872010020707732,0.002239289839507612
4018,0,0,0.9394424020856808,0.058108761957747904,0.002448835956571321
4019,0,1,0.26048583381921203,0.6490131309259091,0.09050103525487894
4020,1,1,0.028751855271652336,0.7072585955577467,0.26398954917060086
4021,1,0,0.5119193938486507,0.45692764986411116,0.031152956287238163
4022,0,0,0.9359917540443464,0.06288566994625584,0.0011225760093976952
4023,1,1,0.09169174639051796,0.6772277346001321,0.23108051900935012
4024,0,0,0.888634196381042,0.10488965708704136,0.006476146531916664
4025,1,1,0.15235321898508522,0.6659516474913069,0.18169513352360792
4026,2,2,0.0017732797321400743,0.1411381958464819,0.857088524421378
4027,0,0,0.9849592260754481,0.014921107213590704,0.0001196667109611436
4028,2,2,0.0032500054087062492,0.08138632050879728,0.9153636740824964
4029,0,0,0.9646780908840417,0.034252466771794145,0.0010694423441642165
4030,0,0,0.6360481686021683,0.3156727478409743,0.048279083556857436
4031,1,2,0.02212305800010808,0.3884464287669015,0.5894305132329903
4032,2,2,0.008855309617380463,0.2609371040814546,0.730207586301165
4033,2,1,0.04344883837352151,0.4802818673337219,0.4762692942927566
4034,0,0,0.6661436251468008,0.3183185939350319,0.015537780918167312
4035,2,1,0.07771603374791476,0.46646189911515096,0.45582206713693413
4036,0,0,0.9836573611535125,0.016174406796857832,0.00016823204962960675
4037,1,1,0.38435943315326604,0.5415715122322723,0.07406905461446167
4038,2,2,0.007734021845626302,0.12495956790020228,0.8673064102541714
4039,1,0,0.760858138479119,0.21326090035193102,0.02588096116895014
4040,1,1,0.0434310848701748,0.6100219899828663,0.34654692514695884
4041,1,1,0.028366446690656317,0.5084102661304456,0.4632232871788981
4042,1,1,0.36572872342148033,0.5651640282508605,0.06910724832765919
4043,2,2,0.025834254010191002,0.3307332703134854,0.6434324756763237
4044,0,0,0.4844509308388456,0.48334093844379,0.0322081307173645
4045,2,1,0.07029893034966395,0.6119671628144125,0.31773390683592345
4046,1,0,0.612006631058301,0.3260399132868775,0.06195345565482162
4047,2,2,0.014637616023783002,0.3748443254332866,0.6105180585429305
4048,1,1,0.21812432314299407,0.5927522858871236,0.1891233909698824
4049,2,2,0.006037940149408717,0.12218189376589574,0.8717801660846954
4050,2,1,0.12713667599796327,0.5123341252344858,0.36052919876755096
4051,0,0,0.886327447949933,0.10612390342261976,0.007548648627447259
4052,1,1,0.23265206286594803,0.5514878989032955,0.2158600382307565
4053,0,0,0.9084678260269136,0.08576005640993077,0.00577211756315551
4054,0,0,0.8287752499705264,0.14345207505711652,0.02777267497235696
4055,0,0,0.8611040773433181,0.13406400202530477,0.004831920631377142
4056,1,0,0.6805872120902925,0.22523594288651116,0.09417684502319633
4057,1,0,0.5804904690124537,0.38074941317235556,0.03876011781519069
4058,2,2,0.0020462021695456024,0.13859659133384603,0.8593572064966084
4059,0,0,0.7941122665699161,0.18922032317756202,0.016667410252521907
4060,0,1,0.42323454518441417,0.53980263731096,0.03696281750462575
4061,1,0,0.5941134742442362,0.3529646284765042,0.05292189727925959
4062,0,0,0.7335384869773147,0.25682624100300866,0.009635272019676512
4063,0,0,0.9970330394150161,0.0029323392805140893,3.462130446981922e-05
4064,0,1,0.41295879676097924,0.47321252202235037,0.11382868121667045
4065,2,1,0.061389368471953754,0.5862407834630672,0.352369848064979
4066,1,0,0.5680691563259019,0.38553638444085864,0.046394459233239406
4067,1,2,0.02988862291992735,0.3258580587789556,0.6442533183011171
4068,1,0,0.49703067940412765,0.36175555695504974,0.14121376364082266
4069,2,2,0.009138477468222534,0.44269417446993464,0.5481673480618428
4070,2,1,0.018246542871795845,0.5114924628968173,0.47026099423138684
4071,0,0,0.9845766594992236,0.01518306558658719,0.00024027491418930483
4072,0,0,0.9946541192754682,0.0052968278766155905,4.9052847916233826e-05
4073,1,1,0.2905960708156058,0.5803236430532589,0.12908028613113523
4074,1,2,0.01857671504322138,0.3072534765934588,0.6741698083633197
4075,0,0,0.8186016111625766,0.17473862033614376,0.006659768501279671
4076,0,0,0.6197632439068185,0.35179555736859247,0.028441198724589008
4077,1,1,0.4782726290428655,0.4830651755841379,0.0386621953729965
4078,2,2,0.00325134710331797,0.11285412397122543,0.8838945289254566
4079,0,0,0.9461769569038718,0.053060314028608765,0.0007627290675194451
4080,2,2,0.0025816967270222623,0.08404525577466629,0.9133730474983114
4081,2,2,0.01811895967352072,0.37095453834103903,0.6109265019854402
4082,1,0,0.5462203978433007,0.4219471252931115,0.031832476863587776
4083,2,1,0.08628602030206661,0.5566704079886893,0.3570435717092441
4084,0,0,0.9870142902052339,0.012696608218607817,0.00028910157615816127
4085,0,0,0.9605959168218406,0.038532482338454334,0.0008716008397049242
4086,1,1,0.3584031438892685,0.5614834780030713,0.08011337810766021
4087,0,0,0.5172110169913882,0.45814722352868564,0.02464175947992626
4088,1,1,0.1308295140692621,0.712959933859307,0.1562105520714308
4089,2,2,0.0058894316052759705,0.14556466080055055,0.8485459075941735
4090,0,0,0.7436876692945379,0.2153202091561079,0.040992121549354145
4091,1,0,0.6141672799098787,0.3641298173652606,0.02170290272486062
4092,1,1,0.09481776868664055,0.7114095910649304,0.19377264024842894
4093,2,2,0.060533576707429315,0.45355061033335176,0.4859158129592189
4094,1,0,0.7853486852490076,0.20791840663438171,0.0067329081166106345
4095,1,1,0.2672172265316886,0.6533750664935659,0.07940770697474545
4096,2,2,0.004845092181960816,0.15592646951913036,0.8392284382989089
4097,1,1,0.14951126224687772,0.7691963895403271,0.08129234821279524
4098,0,1,0.44086061568010293,0.48772875221373296,0.07141063210616404
4099,2,1,0.09951245631988805,0.5830642879308653,0.31742325574924657
4100,1,1,0.2914682232036411,0.6028603679568155,0.10567140883954335
4101,1,1,0.12163502241499179,0.6334051023191025,0.2449598752659056
4102,0,1,0.056473173913597255,0.5669786617024483,0.37654816438395455
4103,0,0,0.8204178428170394,0.16896196848734696,0.010620188695613722
4104,1,1,0.09007024630547275,0.502507115016169,0.4074226386783583
4105,0,0,0.9526825580870306,0.04676050190613143,0.0005569400068379228
4106,0,0,0.9490090791055128,0.04948440798953329,0.0015065129049539993
4107,0,0,0.5480380205563463,0.4301955954551339,0.021766383988519742
4108,1,1,0.24212735921301862,0.5831565321146808,0.17471610867230053
4109,0,0,0.7582610347099025,0.23001899384564287,0.01171997144445465
4110,2,1,0.12259110497411783,0.6482205415417228,0.22918835348415928
4111,2,2,0.021911340554196166,0.37112796763695916,0.6069606918088447
4112,0,0,0.9851611446732785,0.014500062634062602,0.00033879269265880697
4113,1,1,0.251805637879704,0.605870495377617,0.14232386674267894
4114,2,1,0.04562434673445591,0.5968543689616344,0.3575212843039098
4115,0,0,0.5645498008208436,0.3025379856640587,0.13291221351509763
4116,0,0,0.9851835718515342,0.014477964807163495,0.0003384633413023291
4117,0,0,0.7741655982236599,0.20295648953986226,0.022877912236477928
4118,0,0,0.8178276185484491,0.16690982032553242,0.015262561126018457
4119,1,2,0.11315055917166882,0.42489984780202394,0.4619495930263072
4120,1,1,0.24667439076077782,0.645082917128889,0.10824269211033322
4121,0,0,0.48602809684602744,0.47872287873312264,0.03524902442084999
4122,1,1,0.2440227420109041,0.5331501784287316,0.2228270795603644
4123,0,0,0.8908516495699376,0.10385968849744641,0.00528866193261615
4124,2,1,0.2650229000571818,0.5710416118592597,0.16393548808355835
4125,0,1,0.317437264863243,0.5876767873642719,0.09488594777248509
4126,0,0,0.6619276410487924,0.271317754115646,0.06675460483556155
4127,0,0,0.9629497041377777,0.03648199714313313,0.0005682987190891366
4128,1,1,0.4290330376565909,0.539336930816407,0.03163003152700219
4129,1,2,0.050660210048562596,0.41490688253006686,0.5344329074213706
4130,0,0,0.8214134853024938,0.1674512541778116,0.011135260519694611
4131,0,0,0.5875462129562334,0.38050889429297424,0.03194489275079237
4132,2,2,0.0019129673429203054,0.083539831242282,0.9145472014147978
4133,0,0,0.7216283777569378,0.25427572062274295,0.024095901620319177
4134,1,0,0.5415681100018331,0.39546384529557577,0.06296804470259118
4135,0,1,0.24281569559026983,0.5815862307461339,0.17559807366359617
4136,2,0,0.4519248302936782,0.4365545279329918,0.11152064177332997
4137,0,0,0.6303536165084456,0.3439978628754339,0.025648520616120586
4138,1,1,0.2927643159969146,0.6628357094960581,0.04439997450702732
4139,0,1,0.28989101465686695,0.47772285082686916,0.23238613451626383
4140,0,1,0.4701689421433677,0.49578188952581753,0.03404916833081477
4141,2,2,0.058163583560731695,0.33256340624158476,0.6092730101976835
4142,0,0,0.9726564460881627,0.02634534035225515,0.000998213559582095
4143,0,0,0.8496813877452053,0.1454341085917962,0.0048845036629984245
4144,0,0,0.8173748665815956,0.17790288862444678,0.0047222447939574775
4145,0,1,0.4099049738295276,0.5164453733418751,0.07364965282859716
4146,0,0,0.9944915299518483,0.005438719529464059,6.975051868750701e-05
4147,1,1,0.23362885913086606,0.5918795078156931,0.17449163305344084
4148,1,1,0.08867033036166798,0.6636263476485657,0.24770332198976638
4149,1,0,0.6857313870187206,0.2654864151820613,0.04878219779921811
4150,2,2,0.014317254419077195,0.3311011903184917,0.6545815552624311
4151,0,0,0.9952028354512693,0.004749639606533894,4.752494219678468e-05
4152,0,1,0.3101071275928069,0.5655205646665772,0.12437230774061588
4153,1,1,0.15027028206777726,0.7391504484330657,0.110579269499157
4154,0,1,0.33571816792288406,0.643997749166856,0.020284082910259862
4155,1,1,0.3369235651140163,0.5583703389193283,0.10470609596665542
4156,1,1,0.18219916949696305,0.6383902408114405,0.17941058969159648
4157,0,0,0.6464926018796338,0.32617312889551886,0.027334269224847354
4158,2,2,0.06473936133396234,0.45875963087876026,0.4765010077872775
4159,1,2,0.08529025457822585,0.42454663106290974,0.49016311435886434
4160,1,1,0.4420253777766529,0.4572942832492379,0.10068033897410919
4161,1,1,0.06915671369010641,0.557443348647862,0.37339993766203167
4162,0,0,0.8085581570094336,0.18309741205445526,0.00834443093611111
4163,0,0,0.9723572581842963,0.027198627362782352,0.000444114452921292
4164,0,0,0.8789101918567993,0.11720194254129775,0.003887865601903086
4165,0,0,0.5382585101228826,0.41555665807145187,0.04618483180566552
4166,1,0,0.5907862649211532,0.37889625581414965,0.030317479264697206
4167,0,0,0.9980455764716152,0.0019372152901067806,1.7208238277981176e-05
4168,1,1,0.39276908551770123,0.5349378692201127,0.07229304526218623
4169,0,1,0.1868807847689445,0.7620138679717517,0.05110534725930384
4170,2,2,0.02064215215578846,0.4886883399307526,0.49066950791345904
4171,0,0,0.8737055677892577,0.12053426040908707,0.005760171801655211
4172,1,1,0.15829911787303427,0.5443048598340209,0.29739602229294476
4173,1,2,0.0826696519800022,0.4352952872559709,0.48203506076402697
4174,0,0,0.9245614708391682,0.07411241320753652,0.0013261159532952885
4175,0,0,0.9904057374437134,0.009466529416781708,0.00012773313950475136
4176,1,1,0.036101894898530856,0.5895375049006029,0.3743606002008662
4177,2,1,0.11273399131235606,0.4572803334873626,0.42998567520028147
4178,1,0,0.4877812554102261,0.44132496841658,0.07089377617319399
4179,0,0,0.4447019976962274,0.4099534456998093,0.14534455660396323
4180,0,0,0.8265045688280552,0.1666621027610752,0.006833328410869491
4181,0,0,0.9639126459790588,0.035543298855352005,0.0005440551655890507
4182,0,0,0.8239911043373715,0.1640043377488486,0.012004557913779842
4183,0,0,0.8248371955421808,0.16741894176564315,0.00774386269217615
4184,1,1,0.3966238000720928,0.43734364554967164,0.16603255437823541
4185,2,1,0.20534307415826494,0.6546895220195257,0.1399674038222093
4186,2,1,0.044281279335718855,0.4982345965611427,0.45748412410313843
4187,1,1,0.2488883721425668,0.4046923661322534,0.3464192617251798
4188,0,0,0.9632603723864492,0.03621421260478863,0.000525415008761997
4189,1,1,0.21731668798422804,0.6437740173551738,0.13890929466059823
4190,1,1,0.2571575727579329,0.6389271402226175,0.10391528701944953
4191,0,0,0.7260191210436812,0.26605123575450595,0.007929643201812992
4192,1,1,0.1481194040876053,0.5067680219896672,0.34511257392272754
4193,1,1,0.1418804935893754,0.5203388549261565,0.3377806514844682
4194,2,2,0.01413962464771791,0.3696387502750793,0.6162216250772027
4195,0,0,0.572726584039243,0.3932187870415031,0.03405462891925388
4196,0,0,0.8043305584093514,0.1879408577128405,0.007728583877807995
4197,2,2,0.012824511951615039,0.31783613007908174,0.6693393579693033
4198,2,2,0.07501740979205852,0.43694546857915495,0.48803712162878654
4199,0,0,0.7003304475604232,0.2793324888179661,0.02033706362161077
4200,0,0,0.98986101823653,0.009984214718890671,0.00015476704457923038
4201,1,2,0.023742662947717968,0.3848264610662704,0.5914308759860117
4202,0,0,0.9954604562293476,0.004484138847663702,5.54049229886607e-05
4203,0,0,0.7994747186413146,0.18178529100830781,0.0187399903503775
4204,2,2,0.0035284064042381915,0.1232232090002929,0.8732483845954688
4205,0,0,0.8694797617256484,0.1265628951015707,0.003957343172780836
4206,0,0,0.9302996362717191,0.06529652089936078,0.004403842828920209
4207,1,0,0.7541885010967644,0.22944553105242976,0.016365967850805723
4208,0,0,0.776397142065596,0.2122842341975621,0.011318623736841942
4209,2,2,0.00019457887114147687,0.033838324191277726,0.9659670969375809
4210,0,0,0.9750374198190072,0.0243560893852245,0.0006064907957683015
4211,2,2,0.0006219981598629806,0.06492667452434629,0.9344513273157906
4212,0,0,0.724519768059293,0.26689489089423146,0.008585341046475486
4213,0,0,0.8271035942950322,0.1688198103476027,0.004076595357365072
4214,1,0,0.4777470797213588,0.352272648191417,0.16998027208722413
4215,0,0,0.8834961666696453,0.11260649529926652,0.0038973380310882077
4216,0,0,0.6420768417111544,0.29396944414702536,0.0639537141418203
4217,0,0,0.5851242879167945,0.40060843472135893,0.014267277361846626
4218,1,2,0.03347484993182541,0.21118561577632522,0.7553395342918494
4219,0,0,0.9564301387259766,0.042376031841208694,0.0011938294328146036
4220,2,2,0.044190981346687364,0.4353622658794858,0.5204467527738268
4221,0,0,0.9490228588604024,0.05024590159139165,0.0007312395482058472
4222,2,2,0.026277786240217545,0.4317896648167672,0.5419325489430152
4223,2,1,0.44024577789337066,0.502701727538269,0.05705249456836027
4224,1,1,0.44170674985661973,0.49084296770256236,0.06745028244081792
4225,2,2,0.006032398714033811,0.3438377699421425,0.6501298313438236
4226,1,1,0.06354464027137861,0.5994845635308792,0.3369707961977421
4227,1,1,0.11131226592986274,0.5881435175739691,0.3005442164961682
4228,0,0,0.4864451870108528,0.4654939050700736,0.04806090791907347
4229,1,2,0.07435387056885273,0.45541201488571365,0.4702341145454335
4230,0,0,0.8901212686676696,0.10586569785491994,0.004013033477410341
4231,2,2,0.004308275438870565,0.17110583945383365,0.8245858851072959
4232,0,0,0.7606832226299891,0.2314281525801823,0.007888624789828533
4233,0,1,0.33594451696251143,0.5433018433323588,0.1207536397051298
4234,1,1,0.23927119321459253,0.6235553102047512,0.13717349658065628
4235,1,0,0.5600818329416342,0.3869441424242412,0.052974024634124685
4236,1,1,0.25101465148382013,0.5861666968835548,0.16281865163262504
4237,2,2,0.06970952401436481,0.33362308066731877,0.5966673953183165
4238,2,2,0.033692400505566586,0.4176708320158582,0.5486367674785753
4239,1,0,0.8530768464010065,0.13547017418159304,0.011452979417400614
4240,0,0,0.8702154030309924,0.12649475433720828,0.0032898426317993297
4241,2,2,0.03307642173594854,0.47889476889493066,0.4880288093691208
4242,1,1,0.04807302851325797,0.6695084285072364,0.2824185429795057
4243,1,1,0.053279538995458085,0.5214893904487383,0.4252310705558036
4244,0,0,0.8825043779096838,0.11004101176708622,0.007454610323229895
4245,0,0,0.7637951551559596,0.22033705387282576,0.015867790971214546
4246,1,0,0.6265121677695482,0.31701482021369004,0.05647301201676181
4247,0,0,0.732466569440721,0.23514098608724276,0.03239244447203624
4248,2,2,0.13643003985983287,0.31436185816494405,0.5492081019752231
4249,1,1,0.1718372855122158,0.6746473820849023,0.15351533240288182
4250,2,2,0.02122387016181196,0.2412215049209687,0.7375546249172193
4251,1,1,0.2329137175608145,0.6712436344961608,0.09584264794302487
4252,1,0,0.9034388519340646,0.09065218071981758,0.0059089673461178655
4253,1,0,0.735556707636383,0.2441119082515989,0.02033138411201789
4254,1,1,0.09560371807247542,0.5630581181135006,0.341338163814024
4255,0,0,0.9522921737470487,0.046552310535735955,0.0011555157172152438
4256,1,1,0.3768761335297842,0.46338682969057504,0.1597370367796407
4257,0,0,0.6743886622577022,0.306706527158337,0.018904810583960686
4258,2,2,0.006112893344874102,0.14990164326337482,0.8439854633917512
4259,1,0,0.5836706113383869,0.3880359194961276,0.028293469165485495
4260,2,2,0.010244975758367388,0.3533945407748423,0.6363604834667902
4261,2,2,0.00045142467085669416,0.04197395214442407,0.9575746231847191
4262,0,0,0.9928588529527066,0.007053920403799825,8.722664349357007e-05
4263,2,2,0.026733617644054422,0.21362354510847714,0.7596428372474684
4264,2,2,0.07549487636549874,0.4455353924763668,0.4789697311581344
4265,2,1,0.15624568151710533,0.615261197255361,0.22849312122753357
4266,0,0,0.7273273205622925,0.25962043216371306,0.013052247273994384
4267,2,1,0.09479377432988377,0.6504605088314951,0.25474571683862124
4268,1,1,0.10185092188138667,0.54302855159406,0.3551205265245532
4269,1,1,0.3174848723183796,0.5655661369762498,0.11694899070537063
4270,0,0,0.8967215593756291,0.10022114814624077,0.00305729247813009
4271,1,1,0.11794975535032975,0.5229716039896019,0.35907864066006845
4272,2,2,4.9973874050042254e-05,0.011044580970030004,0.9889054451559199
4273,1,1,0.15424533378063676,0.754664386870812,0.09109027934855124
4274,0,0,0.5868447625816358,0.3968272472288981,0.0163279901894661
4275,0,1,0.4172033806087904,0.43220677543957053,0.15058984395163896
4276,2,2,0.01873356969839769,0.3915808502292932,0.5896855800723092
4277,2,1,0.3181238871030462,0.43910400889463386,0.24277210400231997
4278,2,1,0.043023499573006864,0.5121265323228676,0.44484996810412547
4279,1,0,0.5655457297388646,0.38917183095567937,0.04528243930545593
4280,0,0,0.6444924782098078,0.3104502045215208,0.04505731726867148
4281,0,0,0.6569573075110312,0.3240970671031881,0.01894562538578073
4282,2,2,0.004696132258565314,0.22489584861242043,0.7704080191290142
4283,0,0,0.9613405295406345,0.03795172959022817,0.000707740869137283
4284,0,0,0.5475023749891986,0.4316535698352419,0.020844055175559456
4285,1,1,0.19246120697768115,0.58858594183133,0.21895285119098906
4286,0,0,0.6271330355030631,0.3548020595032011,0.01806490499373579
4287,1,0,0.5310819591161429,0.40969538325071836,0.05922265763313885
4288,2,1,0.01961067113964804,0.6404158353019268,0.33997349355842527
4289,1,0,0.8349051284935872,0.15590334066319514,0.009191530843217652
4290,2,2,0.0011646837651284033,0.0704950124863892,0.9283403037484823
4291,2,1,0.014456075609077964,0.525540331530079,0.46000359286084297
4292,2,1,0.08680479048158327,0.5448241804512869,0.3683710290671299
4293,0,0,0.6086895215974407,0.3787653446344334,0.012545133768125882
4294,0,0,0.7294509324276754,0.2538526148445003,0.016696452727824385
4295,0,0,0.7356156652566458,0.2509119929300135,0.013472341813340692
4296,2,2,0.005730290193327253,0.2216313373802566,0.7726383724264161
4297,0,0,0.7782347957517971,0.20025039139851772,0.021514812849685306
4298,0,0,0.8321198816189679,0.15812518274300344,0.00975493563802857
4299,0,1,0.09402463270042592,0.709042769307571,0.19693259799200302
4300,1,1,0.062384975852685993,0.5328288916270245,0.4047861325202894
4301,0,0,0.8212065330465195,0.17283635628307517,0.005957110670405495
4302,0,0,0.7048921110798095,0.2878129521977866,0.007294936722403841
4303,0,0,0.8903771850738311,0.1050946909536052,0.004528123972563752
4304,0,0,0.48758056459056026,0.4615502085788465,0.050869226830593306
4305,0,0,0.9634661043711764,0.03567618204665131,0.0008577135821723663
4306,1,1,0.30672165769438836,0.560560197519259,0.13271814478635263
4307,0,0,0.9712316927847735,0.02780495207656678,0.0009633551386597385
4308,1,1,0.3923747645983811,0.40503824108406067,0.20258699431755822
4309,0,0,0.7940382001746126,0.19213478273128667,0.013827017094100768
4310,1,1,0.05401776981780875,0.474795657808803,0.4711865723733882
4311,2,1,0.03438311494997121,0.5765076663333613,0.3891092187166676
4312,0,0,0.9428764053000414,0.05319818097967683,0.0039254137202818515
4313,1,1,0.2492867920459277,0.4234404828208249,0.3272727251332475
4314,0,0,0.626170766171739,0.3345396600690772,0.03928957375918385
4315,2,2,0.09367054495088849,0.30468989291376025,0.6016395621353513
4316,0,1,0.24863853255278326,0.6728113315787928,0.07855013586842399
4317,1,1,0.3463423328110403,0.5920185351030185,0.061639132085941274
4318,1,1,0.10775449625512495,0.6355343489614832,0.25671115478339185
4319,0,0,0.7642037615987226,0.22811671882942713,0.007679519571850273
4320,0,1,0.18743410486385753,0.6165661247586006,0.19599977037754182
4321,0,0,0.8026660638507112,0.18882643759233508,0.008507498556953813
