row,y_true,y_pred,p_Low,p_Moderate,p_High
0,0,0,0.7065331056288267,0.2872689703421244,0.0061979240290490735
1,0,0,0.9244767641932293,0.0750390654909421,0.0004841703158285988
2,0,1,0.31669985590328237,0.6283349918302307,0.05496515226648696
3,0,0,0.9932741762656114,0.0067192798642984105,6.543870090076291e-06
4,0,0,0.9998319846311357,0.0001679687321530182,4.6636711173201456e-08
5,1,1,0.05552392000669589,0.6971560718848074,0.24732000810849677
6,0,0,0.8618306334269726,0.13708433573991313,0.0010850308331143298
7,2,2,1.0841512066568266e-07,0.000613945969458166,0.9993859456154213
8,2,2,9.598236252701303e-06,0.008612026663041582,0.9913783751007056
9,0,0,0.8972041617973295,0.1024674599035281,0.00032837829914228776
10,1,1,0.027333044680370542,0.6369058558936297,0.3357610994259997
11,0,0,0.9377358602191275,0.06200162378718664,0.0002625159936859134
12,2,2,5.62909851974324e-05,0.026916405870326017,0.9730273031444765
13,0,0,0.9813876045923516,0.01856260190795671,4.9793499691832e-05
14,2,1,0.007822999759246819,0.5030905795326766,0.4890864207080768
15,0,1,0.31735527317033185,0.608013556039438,0.07463117079023018
16,2,2,0.006329575877854054,0.32157587002111987,0.6720945541010261
17,0,1,0.27722320419321805,0.6859232158849731,0.03685357992180881
18,1,1,0.027098749555205214,0.5158335654204973,0.45706768502429745
19,1,1,0.07325981316130317,0.7193724357931756,0.20736775104552135
20,2,2,0.0018726243736639095,0.15044476538230067,0.8476826102440356
21,0,0,0.999848219692098,0.0001517669163612429,1.339154075722059e-08
22,0,0,0.9997092981888955,0.00029061967654508183,8.213455923890805e-08
23,0,0,0.9447455750903413,0.05508769190534522,0.00016673300431349782
24,0,1,0.14720932200260695,0.7589394791635372,0.09385119883385579
25,2,2,0.0008189059983623276,0.13610140548961971,0.863079688512018
26,1,1,0.011183881787269017,0.6104913769845199,0.3783247412282109
27,2,2,0.005777523904646228,0.22811922900648776,0.766103247088866
28,0,0,0.9792567066035605,0.020674221340333608,6.907205610587676e-05
29,2,2,0.006072062134954391,0.21226493588525244,0.7816630019797932
30,0,0,0.8470748485723967,0.15138100942546306,0.0015441420021402045
31,0,0,0.9500659451181694,0.04972447271337051,0.00020958216846004156
32,0,0,0.984551645423641,0.015424934541755144,2.3420034603878386e-05
33,0,0,0.6135313139105933,0.37927708075250427,0.0071916053369024315
34,2,2,0.0007696995983016252,0.1662610037408583,0.8329692966608402
35,0,0,0.9849713648580162,0.014994272587959923,3.436255402388306e-05
36,0,0,0.8428726886424673,0.15632440893939625,0.0008029024181364445
37,2,1,0.033011633924547874,0.527405387472197,0.4395829786032552
38,2,1,0.02643454241621033,0.4919954401378499,0.48157001744593975
39,1,0,0.5648511305283478,0.42778803480950955,0.007360834662142552
40,1,0,0.5777157444344064,0.41445826401314917,0.007825991552444502
41,1,1,0.04781267403766601,0.6632291071807089,0.288958218781625
42,0,1,0.4604126792776064,0.5278940908230784,0.011693229899315254
43,0,0,0.5542358046395311,0.4288272129777682,0.01693698238270057
44,0,0,0.679802404501335,0.3136059135298984,0.006591681968766581
45,2,2,0.006019426856971713,0.32837981248936393,0.6656007606536645
46,0,0,0.9838823469666385,0.016075779814183625,4.187321917778753e-05
47,1,1,0.07039597267334868,0.8201390733557526,0.10946495397089874
48,0,0,0.9893713138224131,0.010616660492121352,1.2025685465500029e-05
49,0,0,0.6812090174688815,0.31526366212304646,0.0035273204080720575
50,2,2,0.0004135642739717604,0.08274249079160485,0.9168439449344234
51,1,0,0.905609249195564,0.09391334624342947,0.0004774045610065876
52,0,0,0.9997310962985418,0.0002688041338362397,9.956762178061631e-08
53,0,0,0.8716414366793077,0.12755479746401643,0.000803765856675836
54,0,0,0.9663984732079965,0.03354096127717728,6.0565514826255866e-05
55,1,0,0.6339389761111447,0.35935856900190094,0.006702454886954348
56,1,1,0.17812620142056407,0.753137881320237,0.06873591725919896
57,0,0,0.7520107960517785,0.24377725581262366,0.004211948135597769
58,0,0,0.5822489840170076,0.40991703976596766,0.007833976217024623
59,0,0,0.7031019012735207,0.2927057802016729,0.0041923185248063126
60,0,0,0.9585777822619447,0.04127177618637603,0.00015044155167923638
61,1,1,0.3263044651291934,0.6498020591113775,0.02389347575942911
62,2,2,0.00895514650867243,0.4434382690987055,0.5476065843926221
63,1,1,0.4456141098002852,0.5417598252627343,0.012626064936980576
64,0,0,0.6747212669480801,0.31874365153971135,0.006535081512208675
65,1,1,0.08424662267194692,0.8017640174590885,0.11398935986896465
66,0,1,0.27065411847960325,0.69574585287194,0.033600028648456924
67,1,1,0.01910268028744431,0.690458459736726,0.29043885997582963
68,1,1,0.18908855387185927,0.7206159968312874,0.09029544929685329
69,0,0,0.8608293719607777,0.13788151557395897,0.00128911246526337
70,2,1,0.00914576688894389,0.5694118306912087,0.4214424024198474
71,2,1,0.11173130181693458,0.7569956827539218,0.13127301542914363
72,1,1,0.1580099365367716,0.6956990417988429,0.14629102166438562
73,1,1,0.19921464690830107,0.7147427012742575,0.08604265181744139
74,1,1,0.3822650490238953,0.5799912479560888,0.03774370302001589
75,2,2,0.00011912265840159284,0.03044701587196141,0.9694338614696371
76,1,1,0.15885344221013353,0.692510414271212,0.1486361435186545
77,0,0,0.9786281798411516,0.021310335575901534,6.14845829468389e-05
78,0,1,0.1870131844318683,0.7319369054860587,0.08104991008207292
79,0,1,0.3308520928481992,0.6473389690086703,0.02180893814313054
80,2,2,0.0023830080035136558,0.21839241571001883,0.7792245762864675
81,0,1,0.23607542505047238,0.6999883521311104,0.06393622281841732
82,1,0,0.8947890727712638,0.10400650675433334,0.0012044204744029608
83,0,0,0.7560326396449558,0.23520202926665118,0.008765331088392902
84,2,2,3.3913510987082544e-08,0.0003825390110443721,0.9996174270754447
85,1,1,0.07814465648093263,0.7713306062372415,0.15052473728182594
86,1,1,0.4555145906214312,0.516715820031379,0.027769589347189847
87,0,0,0.977403536737468,0.022548389906264715,4.807335626708031e-05
88,2,2,0.0020933328646937153,0.26026433887426786,0.7376423282610384
89,0,1,0.11663071665660202,0.7910952538290191,0.09227402951437874
90,0,0,0.9595572989179956,0.040036016310603245,0.00040668477140122034
91,2,2,0.00022130292562457543,0.14642842286753108,0.8533502742068444
92,0,1,0.2592424061981552,0.5950303200726833,0.14572727372916155
93,0,0,0.7543952044358082,0.24385651208349587,0.0017482834806959782
94,0,0,0.7467584791848987,0.24654232606761614,0.006699194747485146
95,0,0,0.9977973078862505,0.00220143438246228,1.2577312873908385e-06
96,1,1,0.45093181030429375,0.5250235576091282,0.024044632086578064
97,1,1,0.40363727889359297,0.5784200721262431,0.01794264898016394
98,0,0,0.9728050415264092,0.027144499695491826,5.045877809900292e-05
99,2,2,0.0003663085309659152,0.09960585900435949,0.9000278324646745
100,1,1,0.37240654960372277,0.5851155616195615,0.042477888776715815
101,0,0,0.9877241140299515,0.012258530558680512,1.735541136799351e-05
102,1,2,0.010129759351664313,0.460183927102031,0.5296863135463047
103,2,2,0.0007266428971304284,0.1306360015944764,0.8686373555083932
104,0,1,0.29166949227623173,0.6393090131600555,0.06902149456371273
105,1,1,0.343392286033219,0.534718561653585,0.12188915231319603
106,1,1,0.034947716793120656,0.5678923556594422,0.3971599275474371
107,1,1,0.04955047891625958,0.6238602552453156,0.3265892658384248
108,0,0,0.967811659732325,0.03204184482200168,0.00014649544567328047
109,0,0,0.9776801833673444,0.022250649938778216,6.916669387729454e-05
110,1,1,0.10339745526378581,0.7719451956238924,0.12465734911232176
111,0,0,0.8885621465192286,0.11078934117294685,0.0006485123078244863
112,2,2,0.0031525841466592025,0.26054212993492465,0.7363052859184162
113,1,2,0.00576155587437168,0.29433039766861424,0.6999080464570141
114,0,0,0.9949107840975883,0.005086038811199169,3.1770912127366725e-06
115,1,2,0.0011548477081578983,0.1671855915718873,0.8316595607199548
116,1,1,0.39148351525554437,0.5827596955937775,0.025756789150678125
117,0,0,0.7768847803797566,0.2200779343198069,0.003037285300436469
118,0,1,0.3813136263219284,0.6056926494497095,0.012993724228362242
119,0,0,0.99904213163099,0.0009576267033246526,2.41665685432659e-07
120,0,0,0.958915068237053,0.04079132813678892,0.000293603626158195
121,1,0,0.4977167920813814,0.4587013048089417,0.04358190310967684
122,0,0,0.9938838419943301,0.006110807483743831,5.3505219260359845e-06
123,2,1,0.039699766946528166,0.7231216782439028,0.23717855480956898
124,1,0,0.8388908909031549,0.1597737032808441,0.0013354058160010664
125,0,0,0.802293016642422,0.19498306946342664,0.0027239138941511304
126,1,0,0.6115145025689108,0.37442932506197135,0.014056172369117706
127,0,1,0.16968228028821866,0.7690662498071105,0.06125146990467094
128,0,0,0.9995151717104168,0.00048460887570882206,2.194138744134198e-07
129,2,1,0.02273426438465194,0.6249637821198984,0.3523019534954497
130,1,1,0.22580867421903028,0.711260519844488,0.06293080593648163
131,1,0,0.6089576064284435,0.3719043140780984,0.019138079493458006
132,1,1,0.355299020564677,0.6217568009668535,0.022944178468469575
133,1,1,0.2778492059728937,0.61616755191446,0.10598324211264629
134,1,2,0.007112048290100065,0.3931228734513722,0.5997650782585278
135,2,2,3.0484082807824044e-07,0.0011026827809470627,0.9988970123782249
136,0,0,0.8834063713329634,0.11574061763590365,0.0008530110311330235
137,1,1,0.04779906243611988,0.6832552520173293,0.2689456855465508
138,0,0,0.9998359493533824,0.00016401331797784465,3.7328639713589236e-08
139,0,0,0.702294581608233,0.29529524949079083,0.002410168900976133
140,0,0,0.7460159792414625,0.24928822535731018,0.004695795401227358
141,0,0,0.8116793362582934,0.1876626951468034,0.0006579685949033011
142,0,0,0.911654619471244,0.08790028884370357,0.00044509168505224556
143,0,0,0.997984233994032,0.002014504303614475,1.2617023534584046e-06
144,2,1,0.07325524134689156,0.7367932369292686,0.1899515217238399
145,0,1,0.47505511147621665,0.5115601578808856,0.01338473064289784
146,1,1,0.31667457078666117,0.6595087690430024,0.023816660170336502
147,2,2,0.0008852405442339673,0.09087186412724262,0.9082428953285233
148,0,0,0.9917294446303443,0.008259859671698129,1.069569795747634e-05
149,0,1,0.4446543392112677,0.5307486030549082,0.024597057733824177
150,2,1,0.08364890661587623,0.6967291336682574,0.21962195971586623
151,2,1,0.02390289615248774,0.5344344241374965,0.44166267971001577
152,1,1,0.030225747777008496,0.5175313411816783,0.4522429110413132
153,1,1,0.08272582407547367,0.5440596873815597,0.3732144885429667
154,2,2,0.0018940852428370218,0.1640095416359917,0.8340963731211712
155,2,1,0.15190898256361932,0.6813622265403427,0.16672879089603787
156,1,1,0.0787041346075712,0.5452715525969056,0.3760243127955233
157,1,1,0.3752959205185217,0.6079452938717766,0.016758785609701687
158,1,0,0.7246406465628514,0.27247342216634346,0.00288593127080519
159,2,2,0.00033218682643609696,0.10162472346850882,0.898043089705055
160,1,1,0.15384799337720212,0.7552426862949775,0.09090932032782038
161,0,1,0.39257685025970873,0.5809571417989502,0.026466007941341012
162,1,1,0.46823286284445564,0.5084286815937169,0.02333845556182744
163,0,0,0.968694054087325,0.031266108579112134,3.983733356286544e-05
164,0,0,0.735053291763477,0.2619398348272534,0.0030068734092695724
165,1,1,0.2393677097704759,0.7040879528544807,0.05654433737504339
166,1,1,0.13481631552366546,0.6459509802200856,0.21923270425624908
167,0,0,0.7352497015041501,0.26255804690977763,0.002192251586072294
168,2,1,0.14012523765758808,0.7241213275036069,0.13575343483880495
169,0,0,0.9777367948597963,0.02212723396512544,0.0001359711750783873
170,0,0,0.7350781952484212,0.25940799056982455,0.005513814181754203
171,1,0,0.5652265704059161,0.42131746915430357,0.01345596043978042
172,0,0,0.932649765707772,0.06711561230206219,0.0002346219901659233
173,1,0,0.6465399797341858,0.34392622622431335,0.009533794041500912
174,2,2,0.0012071614222836358,0.19449799330156117,0.8042948452761552
175,0,0,0.9148011699614325,0.0841328399671334,0.001065990071434074
176,1,1,0.030418841138654364,0.7013578470216488,0.26822331183969694
177,0,0,0.5748055163165128,0.4163891038446315,0.008805379838855551
178,1,0,0.5332537527224628,0.4434419562493134,0.023304291028223907
179,0,0,0.6948533298638815,0.3026909954346728,0.0024556747014456803
180,1,1,0.23584508761839126,0.7077728713475707,0.056382041034038065
181,2,2,0.005577344068064733,0.19716961898181834,0.797253036950117
182,0,0,0.9974660364010317,0.0025318030093441422,2.1605896241931673e-06
183,2,1,0.10090307216239118,0.7935653659258882,0.1055315619117207
184,0,0,0.9985910799374501,0.0014076698659302258,1.2501966195921362e-06
185,0,0,0.950713691946592,0.04914154702288649,0.00014476103052145435
186,1,1,0.08836395412756468,0.7464024407642792,0.16523360510815624
187,2,2,0.00016589618457717883,0.05146327433239825,0.9483708294830246
188,2,1,0.022658965516073635,0.7070948943461259,0.2702461401378004
189,0,0,0.9786143250383081,0.021353756476192937,3.1918485498877e-05
190,2,1,0.055987178916481785,0.6947560014800063,0.24925681960351195
191,2,2,4.536192762365232e-05,0.010855174378979976,0.9890994636933964
192,0,0,0.7541363176059196,0.2438565107962529,0.002007171597827457
193,2,1,0.02332709570487961,0.5353345719004637,0.44133833239465653
194,1,1,0.1629233618987118,0.7503379988357369,0.0867386392655513
195,0,0,0.9067251111841325,0.09273228917509713,0.000542599640770436
196,1,1,0.23401667155358244,0.6858426442317539,0.08014068421466375
197,0,1,0.46178290157315927,0.4804022233503831,0.057814875076457675
198,0,0,0.9254889721679938,0.0739892008381789,0.0005218269938273365
199,2,2,0.00010295152481045551,0.03092035487572221,0.9689766935994673
200,1,2,0.006181697802562545,0.3958746898930076,0.5979436123044299
201,2,2,3.357436556027833e-05,0.011803698293069846,0.9881627273413699
202,0,0,0.5622549857038622,0.4292697202245345,0.008475294071603098
203,0,0,0.6586386194921654,0.32501486187118106,0.01634651863665352
204,1,1,0.029861039826413912,0.7172765210615737,0.2528624391120125
205,1,1,0.06413981340473317,0.6364398662807532,0.2994203203145136
206,2,2,0.009288411642082363,0.34177024616898066,0.6489413421889371
207,0,0,0.5922760047260478,0.39598663656283,0.011737358711122267
208,1,1,0.32685411767304223,0.6631094386670122,0.010036443659945627
209,0,0,0.9981838849474745,0.0018153401194136148,7.749331120380082e-07
210,1,1,0.04321248345679908,0.784411671872521,0.1723758446706799
211,1,2,0.01201129241709081,0.47772788056572824,0.510260827017181
212,0,0,0.9983739937675868,0.0016237096295580217,2.296602855237725e-06
213,1,1,0.10289006127785301,0.7687703643600621,0.12833957436208493
214,1,1,0.1140661750915905,0.7367365267830234,0.14919729812538615
215,1,2,0.02168665543317144,0.462603578091901,0.5157097664749276
216,0,1,0.42554539429297106,0.5657111816612523,0.008743424045776634
217,0,0,0.9987089451538897,0.0012903194537574397,7.353923528023687e-07
218,1,1,0.0615665329591107,0.7146952349594787,0.22373823208141067
219,0,0,0.9382337610302811,0.061348743886211664,0.0004174950835072101
220,2,2,0.002461431692180302,0.16684358606132568,0.830694982246494
221,0,0,0.9881387819265157,0.01183101122063587,3.020685284852335e-05
222,0,0,0.9702885472838172,0.029547169184959133,0.00016428353122358743
223,1,1,0.21416861876716878,0.6829444721578134,0.10288690907501784
224,1,0,0.6505725649772406,0.3328871172524507,0.01654031777030872
225,0,0,0.9613156641875817,0.038605625362466436,7.871044995186412e-05
226,1,1,0.30796063970818827,0.6203824047952334,0.07165695549657823
227,2,2,4.443129563313422e-05,0.01917570407710693,0.98077986462726
228,0,0,0.9961884806179798,0.003807531049624035,3.9883323963085315e-06
229,1,1,0.02531212859003136,0.6074649132823041,0.3672229581276646
230,2,2,0.0003745462017474225,0.05519205668365228,0.9444333971146003
231,1,0,0.7479794417502127,0.24872599624265468,0.003294562007132633
232,0,1,0.29549469012662216,0.6634690994782979,0.04103621039507992
233,1,1,0.1590397118621171,0.7621736687338682,0.07878661940401473
234,0,1,0.35475517958330954,0.6104890860163198,0.034755734400370664
235,2,2,1.6181207163509447e-05,0.012315392553240873,0.9876684262395957
236,2,2,0.0004300536565038265,0.09300720222747227,0.9065627441160239
237,1,2,0.0018444511659926326,0.18523748719894692,0.8129180616350604
238,0,0,0.5139821776084554,0.4778057055665238,0.008212116825020878
239,1,1,0.09584307818326727,0.7874359690794487,0.11672095273728406
240,0,0,0.6840914466746558,0.3086400820829994,0.007268471242344853
241,0,0,0.9722809462511027,0.027632704874303863,8.634887459349251e-05
242,0,0,0.9709649458313725,0.028944255998512247,9.079817011523266e-05
243,1,0,0.7018686266679527,0.2929641511596804,0.005167222172366934
244,1,1,0.18144897290324094,0.7390652865462477,0.0794857405505115
245,0,0,0.9321585133341346,0.06725682919045378,0.0005846574754115103
246,0,0,0.936374356258536,0.0629405320865981,0.0006851116548657874
247,0,0,0.8801331500459263,0.11880729761884613,0.0010595523352276005
248,2,1,0.021505894648516873,0.7195263200450607,0.2589677853064224
249,0,0,0.5458114111911725,0.44252208841012974,0.011666500398697755
250,1,0,0.7204077334337645,0.27492744434026367,0.004664822225971848
251,1,0,0.5003995253144805,0.48649189894968836,0.013108575735831149
252,2,2,0.0007601247129541493,0.11051084547758486,0.8887290298094609
253,0,0,0.7972833849618117,0.20161018493571903,0.0011064301024691194
254,2,2,0.0018219035109251708,0.19118957350106988,0.806988522988005
255,0,0,0.9997167345982865,0.0002832157346600883,4.966705329161258e-08
256,1,1,0.20498531608619752,0.7193141883925066,0.07570049552129586
257,0,0,0.9789171617523181,0.0209791834299008,0.00010365481778114695
258,0,1,0.44208426420556,0.5218511511686424,0.03606458462579751
259,2,2,0.004689074219205087,0.2123258278468887,0.7829850979339061
260,2,2,0.000176009700719137,0.051238089714030544,0.9485859005852503
261,0,0,0.8665764867731404,0.13259118669100917,0.0008323265358505799
262,0,0,0.9996517280717159,0.0003482142857999045,5.764248427072354e-08
263,2,2,0.00011460174867138087,0.04908258836602223,0.9508028098853064
264,0,0,0.8456346595022447,0.15301345135309805,0.0013518891446572655
265,0,0,0.6682698644215298,0.3274815417681048,0.004248593810365411
266,1,1,0.21990852262213825,0.6906177838613464,0.08947369351651527
267,2,2,0.0006839976709064054,0.10377847185437485,0.8955375304747188
268,2,2,2.1010293723679631e-07,0.00042929771151731916,0.9995704921855454
269,0,0,0.9662536276121008,0.03363968518532136,0.00010668720257791881
270,2,2,0.010898640267407781,0.39624448274852586,0.5928568769840664
271,1,1,0.020207001181389694,0.533868032507541,0.4459249663110693
272,0,1,0.16957863404050671,0.7229774506817841,0.10744391527770916
273,0,0,0.9463269582180995,0.0533240711012869,0.00034897068061377296
274,2,2,0.00012278709622702967,0.02695826695640659,0.9729189459473664
275,0,0,0.9903750344468667,0.00961393115926767,1.10343938655393e-05
276,1,1,0.02270425277961285,0.5374130703931449,0.43988267682724225
277,0,0,0.9989625130648094,0.0010368131562804828,6.737789101132969e-07
278,0,0,0.9054011841365669,0.09426752147006895,0.000331294393363968
279,2,2,0.00010734848755232699,0.04394774613919608,0.9559449053732516
280,0,1,0.22078409236533011,0.7396359872529248,0.03957992038174517
281,2,2,5.172930777270374e-05,0.043839291052958966,0.9561089796392683
282,0,0,0.6884813916970003,0.3048455494554014,0.006673058847598276
283,1,1,0.46112089217376884,0.5114940414788753,0.02738506634735575
284,0,0,0.8614851974927362,0.13765969283039348,0.0008551096768702976
285,0,0,0.9539923143161849,0.04588591717956531,0.00012176850424978187
286,1,0,0.9187731494026509,0.08091748614587548,0.0003093644514736976
287,0,1,0.4188027262434503,0.56065893960867,0.020538334147879898
288,0,0,0.9235761737788358,0.07601658632110297,0.0004072399000611927
289,1,0,0.5175241096572591,0.4618853064597573,0.020590583882983533
290,0,0,0.630159028192558,0.3638416317671311,0.005999340040310897
291,1,2,0.010272080712389534,0.45147162887721337,0.5382562904103971
292,1,1,0.2266926376080616,0.6957704074062877,0.07753695498565075
293,1,1,0.027933633054634362,0.5556124670238408,0.4164538999215248
294,1,1,0.11798215432361449,0.672237760161551,0.20978008551483454
295,2,2,0.020147809924360334,0.4583188160246378,0.5215333740510019
296,0,0,0.9682962090970182,0.03160173637251667,0.00010205453046532818
297,1,1,0.06666666174549103,0.7964628440090503,0.13687049424545877
298,1,2,0.02725637175654391,0.47985215891367594,0.4928914693297802
299,1,0,0.7523426719945033,0.245190070969024,0.0024672570364727394
300,0,0,0.9604810806100313,0.03944247315876281,7.644623120597419e-05
301,1,1,0.028504158561261636,0.6142830230897904,0.3572128183489479
302,1,1,0.09725133411273815,0.8163067006628167,0.08644196522444512
303,2,1,0.011314427515182949,0.507364313342583,0.48132125914223395
304,0,0,0.9667198316990183,0.03320596287043678,7.420543054505691e-05
305,0,0,0.9905358352445611,0.009441336700464934,2.2828054973891388e-05
306,0,0,0.9674174462433386,0.03250077447702444,8.177927963695117e-05
307,0,0,0.990601494112154,0.009387524666960627,1.0981220885202179e-05
308,0,0,0.7374919819841064,0.25798118181222884,0.004526836203664845
309,1,1,0.15329433369731493,0.7098557369820139,0.13684992932067122
310,1,1,0.16967184399673083,0.7474795371893489,0.08284861881392025
311,2,2,5.5926268800158875e-05,0.030350288549950494,0.9695937851812494
312,1,2,0.002267722926169899,0.13152609601950171,0.8662061810543283
313,2,2,0.011374228273517225,0.4152139525838383,0.5734118191426445
314,0,0,0.9836988013739675,0.016250035498751904,5.116312728061086e-05
315,1,1,0.09748619729212497,0.7887345329263546,0.11377926978152021
316,0,0,0.9175479909420426,0.08186899113052395,0.0005830179274335464
317,1,0,0.8641135737337454,0.1341795940145545,0.0017068322517000904
318,0,0,0.8278236386505823,0.17085069208671197,0.0013256692627057643
319,2,2,0.0010848644765743473,0.19281228460407557,0.80610285091935
320,1,2,0.0012543442785226556,0.2330467230936777,0.7656989326277996
321,0,0,0.6235040002710934,0.3681531056349548,0.008342894093951862
322,0,0,0.6682791232342803,0.32494886726472705,0.006772009500992686
323,2,2,0.00034058448859448513,0.0445078047076226,0.9551516108037829
324,1,1,0.24954319857255888,0.6373846946438358,0.11307210678360537
325,1,1,0.32393723684920894,0.6570879615062054,0.01897480164458553
326,0,0,0.9994217449173015,0.0005781493521246876,1.0573057379449425e-07
327,1,1,0.09727983396909815,0.6010286146262953,0.30169155140460663
328,0,0,0.8867548072437285,0.11128742809169648,0.0019577646645751764
329,0,0,0.999851865811129,0.00014810519933011572,2.898954092705756e-08
330,1,1,0.07695003488940676,0.771583299510054,0.15146666560053929
331,0,0,0.7026815274871974,0.2955520638765505,0.0017664086362520585
332,2,1,0.06703116907353626,0.6852259665113656,0.2477428644150982
333,0,0,0.5641094975821781,0.426063135641894,0.009827366775927918
334,2,1,0.034688068021462924,0.5790518096045566,0.3862601223739806
335,0,0,0.6364142601881356,0.35907010123085575,0.004515638581008601
336,0,1,0.4499172829795209,0.5406864893870932,0.009396227633385925
337,1,2,0.008819791927462075,0.4224933973695212,0.5686868107030166
338,0,0,0.7078559654295293,0.28776710043963055,0.004376934130840137
339,2,2,0.0012385511017849438,0.10642824066020093,0.8923332082380142
340,0,0,0.9227766444088594,0.07691270234654428,0.00031065324459634837
341,2,2,0.0003503050878171635,0.07667294704586661,0.9229767478663161
342,2,1,0.05332762225760762,0.7931663905260417,0.1535059872163508
343,1,0,0.6089460354379695,0.3781282269767763,0.012925737585254213
344,0,0,0.9811991781120548,0.018768857027797344,3.196486014774891e-05
345,2,1,0.05143600735278812,0.6545386721187425,0.2940253205284693
346,2,2,2.9283058304934422e-05,0.007393987869085812,0.9925767290726092
347,1,1,0.25637003031127537,0.6556670177887696,0.08796295189995507
348,2,1,0.01291200228107258,0.6488261501850446,0.33826184753388294
349,2,2,0.0002010316905018165,0.06258979559437665,0.9372091727151215
350,0,0,0.7908118845943413,0.19976631247049612,0.00942180293516264
351,1,1,0.09085166808961397,0.7751579153226733,0.13399041658771274
352,0,0,0.622111777740895,0.37049146604415645,0.007396756214948733
353,0,0,0.9483065284391121,0.05153756247507686,0.0001559090858108558
354,0,0,0.981082349607439,0.018856153264946534,6.149712761449545e-05
355,1,0,0.49572990104283593,0.4676311555143219,0.03663894344284211
356,2,2,4.312260725133973e-05,0.025921004510083372,0.9740358728826652
357,0,0,0.5056851055150491,0.42705893331224537,0.0672559611727056
358,0,0,0.9110281580509466,0.088201800270368,0.0007700416786853629
359,1,1,0.26710036309086704,0.6789178781886527,0.05398175872048031
360,1,1,0.0937118266261309,0.6985303793688289,0.20775779400504035
361,1,1,0.1044011029699228,0.7965360943956681,0.09906280263440918
362,1,1,0.1301275809874236,0.7878749085742165,0.08199751043835976
363,1,1,0.18510015903293464,0.7098630698400309,0.10503677112703452
364,2,2,0.009619345612357742,0.4481770467195477,0.5422036076680944
365,1,1,0.1667405869981688,0.7733375874164621,0.05992182558536915
366,1,1,0.2958031434669031,0.6599390381241063,0.04425781840899063
367,0,0,0.9565591855301885,0.043271174025539504,0.00016964044427194408
368,2,2,0.0015114491198692244,0.1209413238763245,0.8775472270038063
369,1,1,0.2733773501411259,0.6634675317147538,0.06315511814412036
370,1,1,0.15536713408259764,0.7714474963482191,0.07318536956918324
371,1,1,0.2100289883523649,0.6472298077085764,0.14274120393905862
372,2,2,0.00010295837875686556,0.05668232955551908,0.943214712065724
373,0,0,0.9936010749697562,0.006391519485305556,7.405544938178613e-06
374,2,2,0.022251378733957546,0.4051562766375342,0.5725923446285083
375,1,1,0.2606076300603502,0.679137603073374,0.06025476686627576
376,1,1,0.07450134828015548,0.680904418878032,0.24459423284181253
377,1,1,0.08649067653678202,0.7152451693151608,0.1982641541480573
378,1,1,0.30605796435655663,0.653247803176217,0.040694232467226296
379,1,1,0.06094424780693124,0.6757666059080359,0.26328914628503286
380,1,1,0.03721808365395167,0.6013557651278805,0.36142615121816785
381,0,0,0.7835209262384646,0.2118885911096226,0.004590482651912995
382,0,0,0.9130409869891214,0.08634320319967896,0.000615809811199721
383,0,0,0.7434884804351927,0.25474491934500043,0.0017666002198068636
384,0,0,0.8812868591793569,0.11769282845363993,0.001020312367003348
385,0,1,0.34887283930570007,0.6001367443882762,0.050990416306023675
386,1,1,0.061058799351178576,0.668223961301116,0.2707172393477055
387,0,0,0.7934691187024778,0.20333264973834272,0.003198231559179395
388,1,2,0.00441101531255808,0.4624950601090847,0.5330939245783572
389,0,0,0.9962401869935998,0.003757215191175752,2.5978152244773663e-06
390,1,0,0.5044386290470918,0.470230563785328,0.025330807167580124
391,1,1,0.015620902880115117,0.6765302864708629,0.3078488106490221
392,1,1,0.16357296335410113,0.7215506446851049,0.11487639196079397
393,0,0,0.966244291308461,0.03367161650831508,8.409218322400415e-05
394,0,0,0.9635319368586169,0.0363993757931426,6.868734824037348e-05
395,0,1,0.16635003067302645,0.7303064014123881,0.1033435679145854
396,1,1,0.3507239944320909,0.5750510944702938,0.07422491109761536
397,1,0,0.61724491984878,0.3750828995268426,0.007672180624377302
398,2,2,0.0013618798408395194,0.21800870326612795,0.7806294168930326
399,0,0,0.6141825341500678,0.3779837252058785,0.007833740644053637
400,0,0,0.9932579208190214,0.006737749825149352,4.329355829167851e-06
401,1,1,0.273385396063356,0.6492968636875383,0.07731774024910558
402,1,1,0.18712711693827502,0.7740468633685169,0.03882601969320799
403,0,0,0.54791746787028,0.4314582389372904,0.020624293192429602
404,0,0,0.9930457130491174,0.0069408919972910495,1.3394953591442193e-05
405,1,1,0.06256379372128144,0.5211786981136981,0.41625750816502044
406,0,0,0.9059180893304875,0.09343186255845569,0.0006500481110568821
407,0,1,0.2590089676164676,0.6997588596819329,0.041232172701599595
408,0,0,0.9520364718970367,0.04766000108430968,0.0003035270186537334
409,0,0,0.49932245371168626,0.48301265762402756,0.017664888664286258
410,0,0,0.9513332654296106,0.04843112728443748,0.00023560728595200124
411,2,2,0.0018067531140013293,0.12801283273605868,0.87018041414994
412,2,2,0.0004829279368425105,0.17583951995375902,0.8236775521093985
413,1,1,0.2095142554800228,0.7594657559263008,0.031019988593676287
414,1,1,0.490290656319898,0.49446368418315334,0.015245659496948687
415,1,2,0.004221744280324811,0.28504552816171236,0.7107327275579628
416,1,1,0.12849430397114575,0.7427457017335714,0.12875999429528298
417,0,0,0.9990181082491572,0.0009813792374047414,5.125134382032577e-07
418,2,2,0.01383003133954106,0.36905788979256704,0.6171120788678919
419,0,0,0.9978887313264656,0.0021098243827528326,1.4442907815802578e-06
420,0,1,0.18361243463788546,0.7712655832252054,0.04512198213690917
421,2,1,0.013605301450033358,0.5872352334329178,0.3991594651170488
422,0,0,0.8296997889425081,0.16598163843757877,0.004318572619913274
423,1,1,0.13014119244916975,0.6037760977767446,0.2660827097740856
424,2,2,0.00022020777723224006,0.07128621682945269,0.928493575393315
425,1,1,0.45874836599016444,0.5121544505290021,0.02909718348083344
426,0,0,0.861860973758314,0.13652134561138765,0.0016176806302982817
427,2,1,0.024416132594866607,0.5366038939081531,0.43897997349698026
428,0,0,0.9660429229718732,0.03384180456960192,0.00011527245852475181
429,0,0,0.8908563575184554,0.10817586164583018,0.0009677808357144986
430,2,2,3.0165396537054786e-05,0.01550842506389635,0.9844614095395665
431,0,0,0.9991026388146912,0.000896906309917739,4.548753910696138e-07
432,2,2,0.004525046822359895,0.2223750545651559,0.7730998986124842
433,0,0,0.9933069404017774,0.006689961731458839,3.097866763830988e-06
434,0,0,0.8296888153021195,0.16688384351322666,0.0034273411846537827
435,1,2,0.02570872616540806,0.4114859558305707,0.5628053180040212
436,0,1,0.2557275034594118,0.6817800169489547,0.062492479591633475
437,2,2,0.000978789266983429,0.10072296621056996,0.8982982445224467
438,1,1,0.0918377782460637,0.5819822090558215,0.3261800126981147
439,2,2,0.005978288915200685,0.32186825243243394,0.6721534586523653
440,1,1,0.04831343191291141,0.6891081679133757,0.2625784001737128
441,0,0,0.6778383563465209,0.3152520368821041,0.006909606771374993
442,0,0,0.9187963133699895,0.08068042953254037,0.00052325709747013
443,1,1,0.46393296506254983,0.5205747144600332,0.015492320477416891
444,0,0,0.9927663788718281,0.00723014202793774,3.479100234098063e-06
445,0,0,0.9274155840905077,0.07182044620374843,0.0007639697057436965
446,0,0,0.9577951324761218,0.04203789968850144,0.00016696783537685655
447,0,0,0.9060820791220767,0.0933916315982073,0.0005262892797160715
448,0,0,0.9504845694477363,0.049408335389256715,0.00010709516300706849
449,0,0,0.9894830718445123,0.010476458167600197,4.046998788739656e-05
450,1,1,0.4541214603181657,0.530623214044874,0.015255325636960367
451,2,1,0.14430706093275958,0.7731047156781986,0.08258822338904193
452,0,1,0.3795492378094031,0.5444558334896208,0.07599492870097609
453,1,1,0.43094140781420165,0.5479327159167875,0.0211258762690109
454,0,0,0.9910276883897868,0.008969415050195474,2.896560017738247e-06
455,1,2,0.02444930462258529,0.4090225147130619,0.5665281806643528
456,0,1,0.40704525553968635,0.5437337689124391,0.04922097554787457
457,1,1,0.39013753123149614,0.5728821130565056,0.036980355711998245
458,2,2,0.004603754408700612,0.2640773772637125,0.7313188683275869
459,1,1,0.10131103308539943,0.7962689169453996,0.10242004996920112
460,1,0,0.5900970597867263,0.3992801193947395,0.010622820818534046
461,1,1,0.3808686965224344,0.57150090783493,0.04763039564263567
462,0,0,0.9925406119193364,0.0074399198984912256,1.9468182172366043e-05
463,1,1,0.11182209249760885,0.7741681124143488,0.11400979508804245
464,0,1,0.07673603074845856,0.7449812578239993,0.17828271142754218
465,1,1,0.08775054863275898,0.771782549843942,0.14046690152329896
466,1,1,0.41249057620790547,0.5581636785499623,0.029345745242132248
467,1,1,0.030149259128130438,0.7676365255154219,0.20221421535644776
468,1,1,0.044987703778581134,0.6550006832211521,0.30001161300026674
469,1,0,0.6287183703790307,0.3549130115742297,0.016368618046739593
470,2,1,0.08570300704139457,0.6762613837832264,0.23803560917537905
471,1,0,0.6034085681705934,0.387674197933416,0.008917233895990567
472,2,2,0.0012025008008926632,0.14048408388986586,0.8583134153092414
473,0,0,0.988332936175855,0.01163818322593092,2.888059821392729e-05
474,0,0,0.7099952119469646,0.2863810053192959,0.0036237827337395425
475,1,1,0.2983155900577115,0.65311865254841,0.04856575739387851
476,0,0,0.9927918361227878,0.0071970873612758135,1.1076515936407997e-05
477,1,1,0.01694687634217844,0.5783235845987358,0.40472953905908565
478,1,1,0.03817741463520562,0.6989251579912207,0.26289742737357363
479,1,1,0.09634477973281648,0.7021122126904839,0.20154300757669985
480,0,0,0.9982942463373723,0.0017049921605504878,7.615020771538049e-07
481,0,0,0.6441989856556571,0.334499640774631,0.021301373569711797
482,1,0,0.5139117273074353,0.44742346842290176,0.03866480426966297
483,2,2,0.0015516162423570463,0.28883996873654216,0.7096084150211007
484,1,0,0.7693818006834051,0.2280645240751887,0.002553675241406213
485,0,1,0.41227220098835643,0.5548280491843149,0.032899749827328524
486,0,2,0.002320375913210476,0.22800426357127218,0.7696753605155173
487,2,2,0.006806708599913038,0.3300084845854362,0.6631848068146508
488,2,2,0.0015379737598641653,0.288415505997335,0.7100465202428009
489,0,1,0.4570609572217415,0.5202563522844176,0.02268269049384102
490,1,1,0.0239864487141303,0.6598458880377893,0.3161676632480803
491,1,1,0.3319395122859278,0.6393693325562907,0.028691155157781582
492,0,0,0.5955443374141429,0.4013505300858084,0.0031051325000487733
493,2,2,0.0003562465071310925,0.07251484181457465,0.9271289116782943
494,0,0,0.5574592577191683,0.42913926714320166,0.013401475137630075
495,0,0,0.7797406068315501,0.21760740926219224,0.002651983906257611
496,2,2,0.0009765097660511946,0.22419504270541377,0.7748284475285351
497,1,2,0.014245689812749315,0.37152639440279145,0.6142279157844592
498,1,1,0.026111107624068958,0.5331490805589592,0.4407398118169719
499,0,1,0.3898295207722426,0.5718036163401167,0.03836686288764076
500,1,0,0.8201822824843296,0.1779151428790079,0.0019025746366624567
501,0,0,0.6577833007963508,0.33933732644947584,0.0028793727541733373
502,2,2,3.928162625411853e-05,0.018094122644580258,0.9818665957291657
503,0,0,0.9547753567105824,0.04507788173190092,0.000146761557516558
504,0,0,0.9138948272192117,0.08563863235379648,0.00046654042699187164
505,1,1,0.17335268860016492,0.7198003944337341,0.10684691696610096
506,0,0,0.821716384864864,0.17543802563423444,0.0028455895009015246
507,1,2,0.0032602612405224283,0.23848587957290926,0.7582538591865683
508,1,0,0.7095484610993859,0.28690291984782984,0.003548619052784311
509,1,1,0.05130154466987157,0.7488454752825126,0.19985298004761587
510,1,1,0.026122832480172577,0.5284311210065091,0.4454460465133184
511,2,2,0.0005317338951906515,0.1543343189735525,0.8451339471312569
512,2,2,0.0033996912789578527,0.18285461416628757,0.8137456945547545
513,0,0,0.9849306439102012,0.015006624486820802,6.273160297818497e-05
514,0,0,0.9872066397489019,0.0127686916867468,2.4668564351253858e-05
515,1,1,0.37425822509287393,0.56527072161095,0.060471053296176046
516,2,2,0.0026114208008281158,0.23804588991810904,0.7593426892810627
517,0,0,0.6386839770654261,0.35167599728904864,0.009640025645525359
518,0,0,0.6595123704742601,0.33469307539131665,0.005794554134423096
519,1,1,0.20794223008230317,0.7101943875562277,0.08186338236146909
520,0,0,0.8782188625646188,0.12072610912308375,0.001055028312297553
521,1,1,0.07118155102576804,0.7519659182599335,0.17685253071429843
522,0,0,0.998706227245093,0.0012923026929863128,1.470061920753795e-06
523,0,0,0.927530547716345,0.07217858821773884,0.0002908640659162081
524,0,0,0.9227757373616299,0.07658722713461869,0.000637035503751329
525,1,1,0.20585159781252474,0.713227934567479,0.0809204676199962
526,2,2,0.0007761100421523388,0.25342011220907595,0.7458037777487716
527,0,0,0.9663596145567329,0.03353336114554839,0.0001070242977187651
528,0,1,0.07874278952577288,0.6394801391651586,0.28177707130906854
529,0,0,0.9862039754985595,0.013781788276284944,1.4236225155544447e-05
530,1,1,0.19574989464880968,0.7202001455887849,0.08404995976240544
531,0,0,0.7400219269051389,0.25688496715193926,0.00309310594292187
532,2,1,0.10752185291920738,0.6251506944862298,0.26732745259456286
533,1,1,0.31655057606461035,0.6350293844462935,0.048420039489096164
534,0,0,0.9990315594229342,0.0009677416385312765,6.989385344107333e-07
535,1,1,0.012954330259419994,0.5060675536376749,0.4809781161029052
536,0,1,0.26801681983720216,0.6801988221854164,0.05178435797738133
537,0,1,0.34297051860295824,0.639350477215722,0.017679004181319742
538,1,1,0.07957895487496386,0.7927486941157738,0.12767235100926239
539,2,2,5.2960241613754944e-06,0.008908201606186491,0.9910865023696522
540,2,2,0.0019166731758264303,0.14822691835342713,0.8498564084707465
541,2,2,0.0028349313910439235,0.1181484131829784,0.8790166554259776
542,2,1,0.02716908228362246,0.4926712038317518,0.48015971388462564
543,1,1,0.20896466291038185,0.70872241910615,0.08231291798346811
544,0,0,0.925943845417094,0.07363316837275433,0.00042298621015160264
545,1,1,0.1867339379229822,0.6567857097180941,0.15648035235892374
546,1,1,0.35612703776745763,0.623113927198997,0.020759035033545366
547,0,0,0.6467135556217871,0.3478319856547785,0.005454458723434372
548,1,2,0.011781245444482218,0.3873979100830473,0.6008208444724705
549,0,1,0.04056150879389218,0.7045974739552812,0.2548410172508266
550,0,0,0.8417899235364011,0.1557073888906859,0.002502687572912847
551,0,0,0.9921335603525034,0.007853359203322344,1.308044417420745e-05
552,2,2,0.0001922262876583131,0.06849818320482597,0.9313095905075157
553,2,2,0.0020833877685616817,0.338448074127168,0.6594685381042703
554,0,0,0.9939251665137107,0.006068147829419004,6.685656870160723e-06
555,1,1,0.02399836061607116,0.4965821470718043,0.4794194923121245
556,0,0,0.9955067581993517,0.00448892444218979,4.3173584583132085e-06
557,1,1,0.09585459390985587,0.8174079155499844,0.08673749054015964
558,1,0,0.8920662497662336,0.10719882306776618,0.0007349271660001414
559,1,1,0.061241688140022316,0.6796119864481903,0.25914632541178734
560,0,0,0.8900607219918941,0.10944301878077295,0.0004962592273328601
561,1,2,0.14554179215215896,0.3974734064740971,0.4569848013737439
562,2,2,0.0014876116762279417,0.07162495332946484,0.9268874349943071
563,2,1,0.14204361598028048,0.7323313853193998,0.12562499870031982
564,2,2,0.0005295779224626923,0.08672995711471711,0.9127404649628201
565,0,1,0.37737584224267445,0.5885634882396911,0.03406066951763441
566,1,1,0.32963748094242407,0.6197517798952606,0.05061073916231535
567,0,0,0.98439561257204,0.015579060147144549,2.53272808152335e-05
568,0,0,0.5763652427995413,0.41418377775576937,0.009450979444689436
569,2,2,0.0038023332160179,0.28147188606906914,0.7147257807149129
570,0,1,0.27885831802499744,0.6766000582111447,0.044541623763857924
571,1,1,0.48563580165594666,0.49492707556968263,0.019437122774370735
572,1,1,0.22864575596936745,0.712082037529666,0.05927220650096641
573,0,0,0.9875825765767067,0.01238672203115081,3.070139214246916e-05
574,2,1,0.046004960000610204,0.7808077109221823,0.1731873290772075
575,0,0,0.5260740498915382,0.4471571146120003,0.026768835496461557
576,1,2,0.016364102287217464,0.4013826788892271,0.5822532188235555
577,1,0,0.5023528973403965,0.4828528442324056,0.01479425842719782
578,0,0,0.6861258877694977,0.31060419977538345,0.0032699124551188504
579,0,0,0.8128705128666107,0.18482681950864996,0.0023026676247392716
580,1,0,0.7183582852947601,0.27717881729599025,0.004462897409249647
581,1,1,0.3119129768470159,0.6644308006861336,0.023656222466850497
582,1,1,0.09386585708007583,0.748289144758009,0.1578449981619152
583,2,2,0.006064913993979061,0.19572333071710224,0.7982117552889189
584,2,2,0.008171655263726126,0.36187548713142437,0.6299528576048495
585,0,0,0.9065155439813282,0.09242548825149903,0.0010589677671726404
586,1,1,0.07859363539893656,0.7825137091270274,0.13889265547403595
587,0,0,0.9869043918819459,0.013069406420753178,2.6201697301062295e-05
588,2,2,0.007047394003080956,0.3583046983127385,0.6346479076841806
589,0,0,0.9216970864865746,0.07796249366796974,0.0003404198454557153
590,2,2,0.0022343289775804904,0.18204375508700923,0.8157219159354102
591,1,1,0.07062921197039641,0.7753928822874426,0.15397790574216086
592,1,1,0.08229207288933091,0.7998165454456525,0.1178913816650165
593,1,1,0.036717981447593834,0.7779091074731469,0.18537291107925927
594,1,2,0.007742085205850113,0.28972515813583005,0.7025327566583198
595,2,1,0.08805476497883266,0.6987907988709078,0.2131544361502594
596,0,1,0.4429257864634799,0.5317147483256593,0.02535946521086074
597,0,0,0.5574417737544124,0.43642992142795484,0.0061283048176328766
598,0,0,0.7765716535757484,0.2197944078660802,0.0036339385581714745
599,0,0,0.8953542763341984,0.10323304138811494,0.0014126822776866538
600,1,1,0.43820659803671164,0.5401064055342857,0.021686996429002774
601,0,0,0.9994295103212991,0.0005703735768787233,1.1610182212177386e-07
602,0,0,0.9734507719183179,0.02648627601833035,6.295206335179415e-05
603,2,2,0.0014760172986604699,0.1522442582735889,0.8462797244277507
604,1,1,0.4574753922912488,0.4798998116174975,0.0626247960912537
605,0,0,0.9784119961173715,0.021507457733666947,8.054614896157898e-05
606,0,0,0.7637686676275196,0.23414130319931692,0.0020900291731635744
607,0,0,0.9644763255919578,0.03542639552434095,9.72788837012385e-05
608,0,0,0.9161830195162304,0.08301578862038966,0.0008011918633799192
609,0,0,0.7761799373467552,0.2209558640443476,0.002864198608897268
610,2,2,0.005896731979065726,0.39469495593657766,0.5994083120843566
611,0,0,0.9943653495299652,0.0056227793483582394,1.1871121676591241e-05
612,2,2,3.09539842776031e-06,0.0033396689627060963,0.9966572356388661
613,1,1,0.15951751835568462,0.757067714184447,0.08341476745986848
614,0,0,0.8535794646143234,0.14530252997816137,0.0011180054075151877
615,0,1,0.06165760780196995,0.7020769403430133,0.23626545185501685
616,0,0,0.9940983912715132,0.00589030829197318,1.1300436513625004e-05
617,0,0,0.9463461751998975,0.05350693604697263,0.00014688875312987302
618,1,1,0.0205131960066828,0.5430086731657412,0.436478130827576
619,0,0,0.5703377159229649,0.4216803101895013,0.007981973887533878
620,1,1,0.31377018031259263,0.5745543705569619,0.11167544913044554
621,2,2,0.0022737069074189103,0.17561005414475755,0.8221162389478235
622,0,0,0.9356531311344379,0.06422665281575592,0.00012021604980609755
623,2,2,3.825385677176694e-05,0.02322712908929119,0.9767346170539369
624,1,1,0.011813085021988846,0.6311988079027303,0.35698810707528084
625,0,0,0.9742351297775135,0.025659598532986532,0.00010527168949986785
626,1,1,0.18248752068469784,0.7759059471636784,0.04160653215162384
627,0,1,0.4482565656046777,0.529508705101361,0.02223472929396123
628,2,2,2.8109799580836232e-05,0.02467120570030835,0.9753006845001108
629,0,0,0.988450674058781,0.011536274374324064,1.3051566894923308e-05
630,0,0,0.7028905333607587,0.2930319633710833,0.004077503268157963
631,2,2,3.713693513203212e-06,0.0029913248301310087,0.9970049614763556
632,2,2,0.04649246654087601,0.4744686129064796,0.47903892055264435
633,0,1,0.475278138814427,0.5127533626781227,0.011968498507450279
634,1,2,0.017150701906724408,0.4284872183660563,0.5543620797272192
635,0,0,0.4973580448745245,0.48807704772959304,0.014564907395882369
636,0,0,0.7936896649261667,0.2042865198080502,0.002023815265783168
637,0,0,0.920704837999682,0.07909896047253889,0.00019620152777914392
638,2,1,0.10272486919798532,0.6764475941222916,0.22082753667972313
639,1,2,0.006772990333294848,0.26382076852438624,0.7294062411423189
640,0,0,0.755260324893638,0.24292465732690383,0.0018150177794582386
641,0,0,0.6749116663631752,0.32208499616527264,0.003003337471552123
642,1,0,0.48772245151717686,0.48353680186705544,0.028740746615767636
643,1,1,0.4282077192789624,0.533569239051655,0.03822304166938277
644,0,1,0.3984345446655451,0.5640508450066885,0.03751461032776635
645,1,1,0.1283629475125208,0.6476447217228856,0.22399233076459363
646,2,2,0.0010926719095815769,0.11781317161478568,0.8810941564756328
647,0,1,0.32939715352793775,0.6281982307197892,0.04240461575227303
648,0,0,0.6710541749574822,0.3198375551759332,0.009108269866584627
649,0,0,0.8716697769337968,0.12672470362983537,0.0016055194363678736
650,2,2,1.224066938785433e-08,0.0002005800953493425,0.9997994076639813
651,0,0,0.9881710793679773,0.011816835574625827,1.2085057396980979e-05
652,2,2,0.009323134661304786,0.48409169420569276,0.5065851711330025
653,1,2,0.0019793293650735575,0.17106573890130974,0.8269549317336168
654,2,2,0.0010061055114450573,0.16161426028118067,0.8373796342073743
655,1,1,0.27773811192313946,0.6701091978263076,0.052152690250552955
656,0,0,0.9200806389951415,0.07915304713308415,0.0007663138717743384
657,1,1,0.06097360837545849,0.6450763830002624,0.29395000862427906
658,0,0,0.5561547070411603,0.4360966414498019,0.007748651509037747
659,1,1,0.04749143200175364,0.7566481749121025,0.19586039308614384
660,1,1,0.3460357997496416,0.6165906204428884,0.03737357980747008
661,2,2,0.0002339872308788963,0.11918875896748006,0.880577253801641
662,1,0,0.589366154731214,0.3979604711088966,0.012673374159889334
663,0,0,0.5142273194792593,0.47226196394801023,0.013510716572730494
664,1,1,0.4230073447588567,0.5566769638498014,0.02031569139134199
665,2,2,9.29328798583448e-06,0.0035453023058772746,0.9964454044061368
666,1,1,0.15173611859657574,0.8000528415921629,0.0482110398112613
667,2,2,0.00019568484791643152,0.10794224856382614,0.8918620665882575
668,1,1,0.16121085012373357,0.6993476967951238,0.13944145308114264
669,0,0,0.6449064780160247,0.3492333272505497,0.005860194733425669
670,1,1,0.32230301868257705,0.6449383549218083,0.03275862639561457
671,0,0,0.8549707864320562,0.14202020812389404,0.0030090054440498983
672,1,1,0.23480318965782204,0.7086461105385989,0.05655069980357891
673,0,0,0.9802425810807937,0.019727898668835436,2.952025037094299e-05
674,0,0,0.8517638323111456,0.14765556947777542,0.0005805982110790259
675,0,0,0.8781638873552793,0.12056732051125056,0.0012687921334701001
676,2,2,6.770601164018874e-05,0.04075032753938378,0.959181966448976
677,0,1,0.39461082409987325,0.5782408960301636,0.027148279869963123
678,0,1,0.30074081718137413,0.6460976045760461,0.05316157824257978
679,0,0,0.9502013615974071,0.04960576978707685,0.00019286861551604082
680,0,0,0.8265153257543641,0.1722376852258805,0.0012469890197554082
681,0,0,0.9394724665781972,0.060399847851728056,0.00012768557007475877
682,1,1,0.11824972779428705,0.7967908204179999,0.08495945178771297
683,2,2,0.0003126262184599049,0.051435544751638716,0.9482518290299013
684,1,1,0.2595318489150703,0.697202505786566,0.04326564529836373
685,0,0,0.9855792635608117,0.014403758112424819,1.6978326763406452e-05
686,1,1,0.04803396160021513,0.6898418778005855,0.2621241605991995
687,1,0,0.8017044465697274,0.1946854242704785,0.0036101291597941004
688,0,0,0.9111984712113926,0.08819110697871164,0.0006104218098954996
689,2,2,7.367717989377256e-05,0.03276424920809002,0.9671620736120162
690,1,1,0.21654924152886212,0.6968477003371077,0.08660305813403016
691,0,0,0.86984065024476,0.12880466272922758,0.0013546870260125183
692,0,0,0.9966129965249463,0.003382469413673721,4.534061379822682e-06
693,0,0,0.8644289582960285,0.13204452878713718,0.003526512916834246
694,0,0,0.6861952831906817,0.3092423505552634,0.004562366254054918
695,1,1,0.10181178304071939,0.7569580507082652,0.14123016625101553
696,0,0,0.6758833342308207,0.3180190857561448,0.00609758001303443
697,1,0,0.5567347595541009,0.43925112926168336,0.004014111184215775
698,0,1,0.10640706378764772,0.6705811311211348,0.22301180509121743
699,1,1,0.1936946418276973,0.5672050141900473,0.23910034398225533
700,0,0,0.938224432084373,0.061670107013382255,0.00010546090224485666
701,0,0,0.998064297444917,0.0019350727489863587,6.298060967164521e-07
702,0,0,0.8878537870868105,0.11165338687801178,0.0004928260351776564
703,0,0,0.9566214928976344,0.04325661603394683,0.00012189106841872467
704,0,0,0.8798154611952426,0.11926728865379145,0.0009172501509660976
705,1,1,0.02859754200443314,0.5439716027972422,0.42743085519832463
706,2,2,0.019801124833999994,0.46283988130591824,0.5173589938600817
707,1,1,0.0705403592412282,0.7155479700095172,0.21391167074925452
708,1,1,0.09443783542585851,0.7258432317808587,0.17971893279328274
709,1,1,0.24810609495173935,0.6966040483865135,0.05528985666174724
710,1,0,0.5714741630588559,0.4140432983874589,0.014482538553685267
711,0,0,0.9025016173682077,0.0969600090118831,0.0005383736199091922
712,1,1,0.0856710667931872,0.7319015023741637,0.18242743083264912
713,2,2,4.327087464287391e-06,0.005635640560479839,0.9943600323520558
714,2,2,0.0005460921251115771,0.09542187985985609,0.9040320280150322
715,1,1,0.45071006061188934,0.5282153938740265,0.021074545514084192
716,2,2,3.195322636451235e-05,0.010739532716518368,0.9892285140571172
717,1,1,0.2129004180180571,0.7340324465866978,0.05306713539524517
718,2,1,0.04602253181073188,0.7357637930339352,0.21821367515533283
719,0,0,0.916852563467574,0.08262907790140109,0.0005183586310249713
720,1,0,0.5781180399844614,0.40738335274658805,0.014498607268950454
721,2,2,0.00254680986253714,0.22875276913202922,0.7687004210054336
722,0,0,0.5612212936115832,0.42779084398038353,0.010987862408033188
723,0,1,0.4140849507238672,0.5527542559732949,0.03316079330283797
724,0,0,0.6411637215586422,0.3520609905672164,0.006775287874141302
725,1,1,0.32913404203326396,0.6458083942826132,0.025057563684122947
726,2,1,0.09096160291088308,0.7467326651264524,0.1623057319626644
727,2,2,0.002433845667882468,0.2050826768052126,0.792483477526905
728,1,1,0.05232869382107633,0.6224092810531416,0.3252620251257819
729,0,0,0.7948784525895067,0.20405414391729731,0.0010674034931960133
730,0,0,0.911834100378831,0.0874935926949241,0.000672306926245006
731,2,2,0.011787957728322218,0.3843769880656734,0.6038350542060045
732,2,2,5.357508372582767e-06,0.011547745795783633,0.9884468966958437
733,1,1,0.03238849150782182,0.5930938468367514,0.37451766165542677
734,0,0,0.9887769903259707,0.011207421940384654,1.558773364470702e-05
735,2,2,1.4302458033802137e-06,0.0016451303104312116,0.9983534394437654
736,1,1,0.13145395127935405,0.7667681534314812,0.10177789528916487
737,0,1,0.0674944678428764,0.7417518793368861,0.1907536528202375
738,1,1,0.26095437858669646,0.6745525923885415,0.06449302902476216
739,0,0,0.9995133194045414,0.0004865752566013382,1.053388572852917e-07
740,1,1,0.1431581835851107,0.7008109224224721,0.1560308939924173
741,0,0,0.9985549936311929,0.0014446249284179014,3.814403892738355e-07
742,2,2,0.003930337337336748,0.19085578180487647,0.8052138808577868
743,0,0,0.9924260962835317,0.0075627649531491495,1.1138763318950922e-05
744,2,2,4.3712298130959806e-07,0.002955438966089175,0.9970441239109294
745,0,0,0.6444865784426055,0.3467497617478566,0.008763659809537878
746,0,0,0.9871522984017035,0.012821746163950385,2.595543434593583e-05
747,1,1,0.3456061816018946,0.6397556293210511,0.014638189077054376
748,1,1,0.01955693106283884,0.6015038628121684,0.37893920612499277
749,1,2,0.011401011077386728,0.46560402371719645,0.5229949652054169
750,1,1,0.104632113093503,0.598124536217579,0.297243350688918
751,0,0,0.9306095064148543,0.06888623616025415,0.0005042574248914334
752,0,0,0.8760424262104324,0.12298855306761135,0.00096902072195638
753,0,1,0.4755636831658804,0.4957271865951425,0.028709130238977018
754,0,0,0.9970294119165681,0.0029682983674409157,2.2897159908014224e-06
755,0,0,0.5751447567570991,0.40280819640222393,0.022047046840677004
756,0,0,0.9970652136626905,0.0029331130571406696,1.6732801688848324e-06
757,2,2,0.0014159942952668952,0.09473356248655661,0.9038504432181764
758,1,1,0.30444608232593195,0.6515883240607289,0.043965593613339106
759,1,0,0.8839444843313594,0.11528234847163076,0.0007731671970098668
760,0,0,0.8601858301449037,0.13774054478360495,0.0020736250714913818
761,1,1,0.15874704886461605,0.750502360507008,0.09075059062837583
762,1,1,0.08760631181128432,0.8564037556071343,0.05598993258158135
763,1,1,0.17876719905712513,0.7492810496277033,0.07195175131517165
764,0,0,0.9644793639665137,0.035334285151327166,0.00018635088215929844
765,0,1,0.47312923788750955,0.5126171672851318,0.014253594827358544
766,0,0,0.8867365896607763,0.1124150977055029,0.0008483126337207956
767,1,2,0.0031324310866844654,0.2842138379091853,0.7126537310041301
768,1,2,0.002449296731084791,0.19075932382901967,0.8067913794398955
769,1,1,0.21728058085371882,0.7325648825702591,0.05015453657602217
770,2,2,0.01567868544859439,0.42439175299762144,0.5599295615537841
771,0,0,0.9509263289231203,0.04898995850024462,8.371257663507892e-05
772,1,1,0.10199270255438625,0.7055318349808036,0.19247546246481004
773,0,0,0.9991585702021362,0.0008411055824447201,3.242154191238188e-07
774,1,1,0.056486590364344086,0.648879744335855,0.2946336652998008
775,2,2,0.0010569691586846596,0.16758924112875323,0.831353789712562
776,0,0,0.8671595966288262,0.13191393211625158,0.000926471254922241
777,1,1,0.10253193233066303,0.8093294893805257,0.08813857828881125
778,2,1,0.11554939472061797,0.6897539160976761,0.19469668918170605
779,0,0,0.9117595981313258,0.0876350424690124,0.0006053593996618862
780,0,0,0.9455504264144566,0.054219514662587474,0.00023005892295587178
781,0,0,0.898020498183157,0.10002751302841646,0.0019519887884265172
782,1,1,0.10769325509069949,0.8555785450631961,0.03672819984610448
783,0,0,0.9974514824408683,0.0025442700687701757,4.2474903613953015e-06
784,1,1,0.16623077275094042,0.6716144576265183,0.16215476962254136
785,1,1,0.2869585795853448,0.6973382794555738,0.01570314095908131
786,0,0,0.9066661398175853,0.09291449524376917,0.0004193649386455393
787,0,0,0.9092849803252149,0.09019416683949862,0.000520852835286424
788,0,0,0.9089119292311657,0.08997424188003873,0.0011138288887955455
789,0,0,0.957039612913207,0.04273646723557274,0.00022391985122007608
790,1,0,0.8725114773609536,0.12613027099775645,0.0013582516412898595
791,1,1,0.3227553057404556,0.6412380914424497,0.03600660281709476
792,2,2,0.0005428428195250396,0.0635541401848649,0.9359030169956101
793,0,0,0.9979705315768342,0.0020284609329273267,1.0074902384802292e-06
794,2,2,1.4026158261669019e-06,0.0017665874103894572,0.9982320099737844
795,2,1,0.004578245967472609,0.536620988095771,0.4588007659367564
796,2,2,0.0016400689951346227,0.26881957531079564,0.7295403556940697
797,1,1,0.2068714713464796,0.670820393996273,0.12230813465724745
798,0,1,0.410438153636554,0.5593626882213916,0.030199158142054393
799,0,0,0.6370209511096654,0.3562857047966806,0.006693344093654028
800,1,1,0.3965081031874417,0.5695152916903952,0.03397660512216332
801,2,2,1.545063418406605e-05,0.01899719992136444,0.9809873494444515
802,0,1,0.2888833963673545,0.6879809338107321,0.023135669821913334
803,2,2,0.003163813692801506,0.2528554433279464,0.743980742979252
804,1,1,0.2813305652126941,0.6734963118957185,0.045173122891587376
805,0,0,0.9980395011037237,0.0019596622562712686,8.366400050795653e-07
806,1,1,0.27981753116582225,0.6930687753301804,0.0271136935039974
807,0,1,0.40429480941224105,0.5706020680297822,0.025103122557976695
808,1,1,0.4593648949285169,0.5187445991818138,0.021890505889669114
809,0,0,0.9104865357230298,0.08926060405665352,0.0002528602203167686
810,1,1,0.2945290507309187,0.6867037668648466,0.01876718240423463
811,0,0,0.9434540486657537,0.056407697973523234,0.00013825336072299075
812,0,0,0.8045720580935614,0.1936146887512867,0.0018132531551520463
813,1,2,0.028154757768137858,0.4671549471546827,0.5046902950771794
814,0,0,0.7794652776177111,0.21736104688619154,0.003173675496097322
815,0,0,0.7472434310162174,0.24369056759027688,0.009066001393505746
816,2,2,0.0008730966673467319,0.13422350796954324,0.86490339536311
817,0,0,0.8566875985226172,0.1411899227198286,0.0021224787575542196
818,0,0,0.9370827012348506,0.06260497388130686,0.0003123248838425668
819,0,1,0.3740693231321918,0.5821107135399027,0.04381996332790538
820,0,0,0.8289765504325695,0.16954627424945623,0.001477175317974314
821,0,0,0.5876818485268515,0.3996414069359054,0.01267674453724313
822,1,1,0.018135382373890785,0.5284698106567387,0.45339480696937046
823,0,0,0.9930304185297498,0.006964566332174094,5.015138076033296e-06
824,1,1,0.0821902788334815,0.6897930970147262,0.2280166241517923
825,2,1,0.20018650373993838,0.6945868776002317,0.10522661865982995
826,0,0,0.8260592913184592,0.17223204993327412,0.0017086587482666269
827,1,0,0.5749317992520157,0.41156622753178923,0.013501973216195054
828,2,2,0.00019496446104919817,0.08067335159353536,0.9191316839454156
829,2,2,2.874701420003523e-06,0.003261248660307173,0.9967358766382728
830,0,0,0.8258224929732594,0.17207253538564127,0.002104971641099304
831,1,1,0.42768633214915736,0.5454073063325918,0.026906361518250696
832,0,0,0.7527479238647623,0.2451541023562442,0.0020979737789933654
833,0,0,0.8773947131852736,0.1219001667191048,0.0007051200956215573
834,0,0,0.9710839878494931,0.028747601142842458,0.00016841100766422959
835,1,1,0.03628921763930896,0.8005181571351725,0.1631926252255185
836,0,1,0.3430161305163577,0.5979598349442576,0.05902403453938465
837,1,1,0.048894311079609745,0.7236457767231729,0.2274599121972173
838,0,0,0.9257988561868449,0.07378083626854523,0.0004203075446097233
839,1,1,0.06412101867749684,0.7572186290734588,0.17866035224904434
840,1,1,0.33700655645981764,0.607037135702496,0.05595630783768644
841,1,0,0.8515665007213863,0.14723983576106592,0.0011936635175477587
842,0,0,0.5451493978055795,0.4415110142178951,0.013339587976525343
843,1,1,0.06248456631081343,0.7689071269849248,0.16860830670426172
844,0,0,0.9858320383096694,0.014145286979057982,2.267471127268889e-05
845,0,0,0.7575623446250088,0.23938659933140363,0.0030510560435875744
846,1,1,0.07823439227231842,0.7626314735919609,0.15913413413572064
847,1,0,0.4984355120426781,0.48715435343490665,0.014410134522415177
848,2,2,6.868571453505776e-06,0.0064843495500975104,0.993508781878449
849,1,1,0.047223914624938,0.7432959734659104,0.20948011190915158
850,0,0,0.9492097702640974,0.0506804250489702,0.00010980468693230414
851,0,0,0.8712373764211153,0.12769956978989835,0.0010630537889863272
852,0,0,0.5419277241515874,0.41812938095455005,0.03994289489386247
853,2,2,0.0046898610376666155,0.324036929360274,0.6712732096020594
854,0,0,0.8767033700113739,0.12241590240353661,0.0008807275850894708
855,0,0,0.9860857297439197,0.013894163911974625,2.0106344105640866e-05
856,1,1,0.033098730453765005,0.6867605550648019,0.280140714481433
857,0,0,0.8921559942029126,0.106937345348407,0.0009066604486805588
858,1,1,0.17507849382055474,0.7494649511021176,0.0754565550773277
859,0,1,0.45241061880207606,0.5348612574293806,0.01272812376854332
860,1,1,0.14486704968668018,0.776092100303949,0.07904085000937061
861,0,0,0.8733997150966109,0.12554325308526354,0.001057031818125562
862,0,0,0.9023398214991913,0.09721738059960275,0.0004427979012058051
863,2,2,0.0008087995645063843,0.13786968286984147,0.861321517565652
864,0,0,0.9982622547417882,0.0017367992291463334,9.460290654313552e-07
865,2,2,0.00015397749557009407,0.06904167638487926,0.9308043461195505
866,0,0,0.6693530202120708,0.324631543765771,0.006015436022158234
867,0,0,0.7602951221042566,0.23728635801865955,0.0024185198770837867
868,1,1,0.13075435341892586,0.7710671250488622,0.0981785215322119
869,2,1,0.03323796212519664,0.6358703658290258,0.33089167204577763
870,1,1,0.38680398303916363,0.5972234158810054,0.015972601079831044
871,0,0,0.9876372643333183,0.012329970374639315,3.276529204243253e-05
872,0,0,0.7176921582060165,0.2804256490794884,0.0018821927144951362
873,1,0,0.7042784181059776,0.291441536627823,0.0042800452661994485
874,2,2,0.0014631372877095016,0.14639671852067979,0.8521401441916107
875,2,2,0.017281114666257442,0.4463885900109804,0.5363302953227622
876,0,0,0.7731479372176084,0.22497633853885377,0.001875724243537849
877,0,0,0.9319927702656378,0.06751107764512589,0.0004961520892363785
878,0,1,0.40256538939828646,0.5893940049460596,0.00804060565565386
879,1,1,0.2359249621968273,0.7331054745935214,0.030969563209651475
880,0,0,0.9901998768649705,0.009788017354394045,1.2105780635455332e-05
881,0,0,0.9996869303917597,0.00031300064561056107,6.896262978878867e-08
882,2,2,0.0013556167454630398,0.1679134295579061,0.8307309536966307
883,0,0,0.9987811293616771,0.001218239055730523,6.315825924629456e-07
884,0,0,0.6221410368521366,0.372105363641343,0.005753599506520433
885,0,0,0.959679128593632,0.04009748264829392,0.00022338875807411074
886,2,2,1.9115240843832704e-07,0.0006769050258042961,0.9993229038217872
887,1,1,0.141569748231564,0.7122826672132652,0.14614758455517096
888,2,1,0.016382885658800077,0.5788874315995584,0.4047296827416415
889,1,1,0.12298032549649712,0.7432613500975612,0.1337583244059418
890,1,1,0.08720347455718423,0.7194465587990203,0.19334996664379542
891,1,2,0.08497660564510115,0.45386390129948684,0.46115949305541193
892,1,0,0.5227935240476256,0.4718048716274915,0.00540160432488299
893,1,1,0.1391325037663763,0.767746336949283,0.09312115928434091
894,2,2,6.89335285189057e-05,0.05092700123250051,0.9490040652389807
895,1,1,0.30460486163072775,0.6210267214209404,0.07436841694833196
896,2,2,4.8522862324027824e-05,0.022596549527678585,0.9773549276099975
897,2,1,0.10641313534853174,0.7234307992815929,0.17015606536987526
898,2,2,0.0008703455239547469,0.11934168522528592,0.8797879692507593
899,1,1,0.027937529842348742,0.6610888247767709,0.3109736453808803
900,0,0,0.9332445171598588,0.06615748585964058,0.0005979969805005836
901,0,1,0.3374758759846327,0.6340271542978432,0.028496969717524107
902,1,0,0.7846338567176886,0.21233266074391516,0.0030334825383962157
903,1,1,0.041362662703798514,0.5895658142061532,0.3690715230900483
904,1,0,0.6358048068298695,0.35471174878680894,0.009483444383321573
905,1,1,0.02298223843073189,0.557334262962925,0.4196834986063432
906,0,0,0.8574090658398928,0.14161651983408796,0.0009744143260192189
907,1,1,0.17440052888739432,0.7426747847432018,0.08292468636940378
908,0,0,0.9583022844368645,0.04118419866915138,0.0005135168939843295
909,1,1,0.0417272397566206,0.7957231091837252,0.16254965105965424
910,2,2,0.002195914079135574,0.26479694562383005,0.7330071402970345
911,1,1,0.088673800172531,0.6130509586947713,0.29827524113269765
912,1,1,0.4086377932621623,0.5514705109731969,0.03989169576464078
913,0,0,0.9803323881677298,0.019620548088572647,4.7063743697422526e-05
914,1,1,0.26134389175950556,0.6674383541609867,0.07121775407950769
915,0,1,0.17049862271792654,0.7786089623780229,0.050892414904050484
916,0,0,0.9878001875532889,0.012166448157414196,3.3364289296695474e-05
917,0,0,0.9951757252366301,0.004821687755874889,2.587007495130994e-06
918,1,1,0.125548700414204,0.7390186595518559,0.13543264003394018
919,2,1,0.11459489484808028,0.7816971421881395,0.10370796296378022
920,2,1,0.04679934243181637,0.6986701621888947,0.25453049537928896
921,2,2,4.339171795417731e-05,0.03420236073610395,0.9657542475459419
922,2,2,2.24135145632103e-05,0.02553120076524123,0.9744463857201956
923,0,0,0.5273112164612094,0.4629910366005668,0.009697746938223834
924,0,0,0.9968432611823443,0.0031551163940373344,1.6224236182304663e-06
925,0,0,0.8997020142759746,0.09992750377641674,0.0003704819476085734
926,1,1,0.18148864172355164,0.7036321479517164,0.1148792103247322
927,0,0,0.8766736287284513,0.12257598401942861,0.0007503872521201088
928,0,0,0.9429207887886449,0.05673520450085747,0.00034400671049763685
929,1,1,0.4420325205758808,0.5334654599476537,0.02450201947646536
930,0,0,0.9269091153716824,0.07272025584607884,0.0003706287822386496
931,2,2,0.0035626277309152065,0.23571019443895277,0.760727177830132
932,2,1,0.07884931526419856,0.666259634487824,0.2548910502479774
933,0,0,0.9997698366950538,0.0002300656040154142,9.770093088575348e-08
934,1,2,0.051092560239922286,0.3905898076691407,0.558317632090937
935,0,0,0.9249299010604859,0.07482212360130606,0.00024797533820806474
936,0,0,0.49831986547006313,0.4788686904483254,0.022811444081611596
937,2,2,0.003866171885681474,0.2750770933593893,0.7210567347549293
938,0,0,0.9842553680379358,0.01568960211180623,5.502985025802663e-05
939,0,1,0.4033325336551937,0.5763012040193387,0.020366262325467607
940,0,0,0.997127478249046,0.0028697335352513716,2.7882157025852293e-06
941,0,0,0.49678088081833005,0.4837335218436182,0.019485597338051813
942,0,1,0.10861550618814438,0.6813821911574892,0.21000230265436637
943,2,1,0.010500661636820507,0.6353285422580665,0.3541707961051131
944,0,0,0.985607364725364,0.014350353561911262,4.228171272462427e-05
945,2,2,0.009825495702833966,0.4127128784586847,0.5774616258384814
946,2,2,0.0017495979846260622,0.1879233779771942,0.8103270240381797
947,0,0,0.9903143608326576,0.009664562367244514,2.107680009788149e-05
948,1,1,0.12315487391622222,0.8049951805139879,0.07184994556978996
949,0,0,0.9102427928878111,0.08918502295957376,0.0005721841526151256
950,0,0,0.9838063683392606,0.01616084201329176,3.278964744753178e-05
951,0,1,0.3894293892254693,0.5816837669662183,0.028886843808312444
952,1,1,0.210112784523146,0.6648381565451386,0.12504905893171542
953,1,1,0.013180069817337716,0.5088122748715842,0.47800765531107814
954,0,0,0.9754429056178996,0.024526344683457095,3.074969864316655e-05
955,2,1,0.028564615903509498,0.6273997767427921,0.34403560735369837
956,2,1,0.13730743078211916,0.7427742799136267,0.11991828930425416
957,0,0,0.9597402585776521,0.04019342137871186,6.632004363620472e-05
958,1,2,0.0057013661762263705,0.4452388733754691,0.5490597604483046
959,2,2,9.18098154116325e-06,0.00984019804113019,0.9901506209773285
960,2,1,0.026499615825613873,0.5923375261673185,0.3811628580070676
961,0,0,0.6740134377463536,0.3206028355726832,0.005383726680963188
962,0,0,0.7782638183229634,0.21547240443762405,0.006263777239412427
963,2,2,2.171118588535372e-05,0.018999271256780928,0.9809790175573336
964,0,0,0.9374242748048722,0.06246250479006085,0.00011322040506692083
965,0,0,0.6293442326220074,0.3660092178481953,0.004646549529797351
966,1,1,0.032443839282823406,0.6400531640405344,0.3275029966766423
967,1,0,0.5152293327629441,0.45269289226123366,0.03207777497582222
968,0,0,0.815910018033669,0.18186548790422785,0.0022244940621030922
969,1,1,0.3110431514663866,0.6621833440039222,0.02677350452969113
970,1,1,0.041607142971633836,0.7128033471139017,0.2455895099144644
971,0,0,0.9996887547091713,0.00031118353765446937,6.175317426907732e-08
972,0,0,0.9995863541387142,0.00041350896413533254,1.3689715039536883e-07
973,1,1,0.37289184703355144,0.5927950107433141,0.034313142223134585
974,2,1,0.015961727480285872,0.5482784650903513,0.43575980742936293
975,1,2,0.00802707891761473,0.3576872769424702,0.6342856441399151
976,1,1,0.27910001423734165,0.6886694496241839,0.03223053613847455
977,0,0,0.9945821208938381,0.005412230093016383,5.649013145398931e-06
978,0,0,0.9994377639194096,0.0005620747682954154,1.613122950077299e-07
979,2,2,0.000485415737488263,0.0889236112740299,0.9105909729884818
980,0,0,0.9929298522052714,0.007057503862815794,1.2643931912678218e-05
981,0,0,0.9048533650227889,0.0944477810958864,0.000698853881324745
982,0,0,0.9524577819386099,0.047265746260116044,0.0002764718012740922
983,2,1,0.038862856568238624,0.7348647547711659,0.2262723886605955
984,2,2,7.269529893217393e-06,0.0069765246950543956,0.9930162057750525
985,0,0,0.986150672345447,0.013821510863417647,2.781679113536773e-05
986,2,2,1.824470963087849e-05,0.007112833808907686,0.9928689214814613
987,0,0,0.9264370331450374,0.07262621892446249,0.0009367479305000581
988,1,1,0.2069330834461884,0.7385987332508505,0.0544681833029612
989,0,0,0.9973669744389352,0.0026302467058464574,2.7788552183695327e-06
990,0,0,0.6031984973424143,0.3879415573071012,0.008859945350484493
991,2,2,0.00010597474411478887,0.03134028468277481,0.9685537405731104
992,0,0,0.9993237872300208,0.0006760003285917292,2.1244138736695115e-07
993,1,1,0.0644378866145469,0.6976784403685137,0.23788367301693936
994,0,0,0.94359031438123,0.05612491178528306,0.000284773833486978
995,1,1,0.3857238469810784,0.5956752559194483,0.0186008970994732
996,0,0,0.8472261443205654,0.15039114982395316,0.002382705855481386
997,0,0,0.985966153844981,0.014009311333011617,2.453482200720719e-05
998,1,1,0.0897783628042866,0.7885346255669425,0.12168701162877085
999,1,1,0.061996500502308705,0.7462172638472335,0.19178623565045777
1000,1,1,0.30546879156517,0.6031756071121489,0.09135560132268103
1001,1,1,0.06310792480787616,0.609921706740604,0.3269703684515199
1002,0,0,0.9985361332065767,0.0014634959067889686,3.708866342433577e-07
1003,0,0,0.5824810053106145,0.399516887262918,0.018002107426467472
1004,0,0,0.9881985472365653,0.011794926279249763,6.526484184940669e-06
1005,1,1,0.06769544606819373,0.7182309424868729,0.21407361144493325
1006,0,0,0.6058532344684958,0.3841567028766591,0.009990062654845068
1007,2,2,0.00016635406378984316,0.05145571205086417,0.948377933885346
1008,2,2,1.8048902259907233e-05,0.01518378519315695,0.9847981659045831
1009,1,1,0.17888186670666217,0.7205038097837617,0.10061432350957605
1010,0,0,0.9942685384391705,0.005725616200426849,5.845360402682274e-06
1011,1,0,0.7767751263196186,0.21797375636967195,0.005251117310709352
1012,2,1,0.06635765265194445,0.7589529469855814,0.17468940036247418
1013,1,1,0.15665915150723278,0.7518844839731939,0.0914563645195734
1014,2,2,0.002963738510846236,0.2671812600811341,0.7298550014080197
1015,0,1,0.3608855373888655,0.6054570542316721,0.03365740837946238
1016,2,2,0.0028648247980425806,0.2907529566740463,0.706382218527911
1017,0,1,0.46409669579981,0.5160422994601755,0.019861004740014433
1018,0,0,0.778446274965018,0.21801309245713452,0.003540632577847419
1019,2,1,0.05607363254508772,0.6770698233416843,0.2668565441132279
1020,0,0,0.9938914396100037,0.006104159870367661,4.400519628584531e-06
1021,2,2,0.0006481004429110749,0.1483015864255946,0.8510503131314944
1022,1,1,0.036002538258224456,0.6138875516275012,0.3501099101142744
1023,1,1,0.05207497146909372,0.6837562082526629,0.26416882027824334
1024,1,1,0.42210648653065724,0.5406896541029956,0.03720385936634719
1025,2,1,0.0030630654092010786,0.6185435422617621,0.3783933923290368
1026,0,0,0.9380889743757079,0.06161769218581227,0.0002933334384797826
1027,0,1,0.05298844802698773,0.7735920787014188,0.17341947327159352
1028,1,1,0.026862278432766885,0.6036809486189442,0.3694567729482889
1029,2,1,0.035280335256717046,0.6420412387600875,0.3226784259831954
1030,0,0,0.8858002811679174,0.11271981829973204,0.0014799005323506275
1031,1,1,0.27063767313009474,0.6789680428575049,0.050394284012400495
1032,0,0,0.9981880584021816,0.0018102122987307418,1.7292990876746074e-06
1033,2,2,0.0006690345751847721,0.23491441301460603,0.7644165524102091
1034,1,1,0.23005084344814206,0.6936426270846078,0.0763065294672501
1035,0,0,0.6195828898905881,0.3746798188263471,0.005737291283064925
1036,1,0,0.6805149993008477,0.3135856216124144,0.005899379086737915
1037,1,1,0.029194017051434158,0.7712249432757213,0.19958103967284455
1038,2,2,0.02446509212224734,0.4687615036325718,0.5067734042451809
1039,0,0,0.9917988814955301,0.008191829371222707,9.289133247322605e-06
1040,0,0,0.8709023911846313,0.1276742798297705,0.0014233289855982616
1041,1,1,0.2802957243254501,0.6400783552507745,0.07962592042377539
1042,1,1,0.021402486824662708,0.6186738148856386,0.35992369828969883
1043,1,1,0.40215026154079925,0.5711004866816429,0.026749251777557687
1044,0,0,0.9999504578672718,4.953456151626015e-05,7.571212132376607e-09
1045,0,0,0.9354349246948475,0.06436253482439168,0.0002025404807609281
1046,1,1,0.33558841635071746,0.6451445690667773,0.019267014582505175
1047,2,1,0.020709901788269022,0.6347199452595376,0.34457015295219334
1048,1,1,0.04395975170151972,0.4870586670566857,0.46898158124179457
1049,0,1,0.2947923441712983,0.6686131212963661,0.03659453453233557
1050,0,0,0.8690090291666298,0.13065220417713813,0.0003387666562320954
1051,2,1,0.018713990278162018,0.5113361661515227,0.46994984357031533
1052,0,0,0.5661445969671682,0.4221144915847725,0.011740911448059404
1053,0,0,0.9930555806172447,0.006930179408899392,1.4239973855868697e-05
1054,2,1,0.047088716741368365,0.6846440823118086,0.2682672009468231
1055,0,0,0.7841958060612229,0.21342285540692166,0.0023813385318555303
1056,2,2,0.005872730496504598,0.4256385804234815,0.5684886890800138
1057,2,2,0.016579575858010676,0.36972796534474256,0.6136924587972468
1058,0,0,0.8496916826616324,0.14825198407583665,0.0020563332625308504
1059,0,1,0.2784504610834694,0.6839484261395431,0.03760111277698748
1060,0,0,0.9870083989495465,0.012976501399758806,1.5099650694577864e-05
1061,0,0,0.5056588000964137,0.479130545529262,0.015210654374324313
1062,0,0,0.9308919755346103,0.06858680575098279,0.0005212187144068772
1063,0,0,0.9980097344331609,0.0019894569331468785,8.086336921959392e-07
1064,1,1,0.04651929505138354,0.6580530322398772,0.29542767270873926
1065,0,0,0.9985871594609196,0.001410285927383724,2.554611696828942e-06
1066,1,1,0.05033141135848807,0.5906373998895683,0.35903118875194356
1067,2,2,0.002418573916184436,0.2666207150379358,0.7309607110458799
1068,0,0,0.9693052730449983,0.030537243471283258,0.00015748348371840353
1069,0,0,0.608967795521708,0.37837728110584073,0.012654923372451372
1070,0,0,0.8048800746568707,0.19211153288844723,0.0030083924546819383
1071,0,0,0.5931313591369389,0.3999340124852104,0.006934628377850827
1072,1,1,0.18661768573982915,0.7292379488088565,0.0841443654513144
1073,0,1,0.32958195453788636,0.6194505592836421,0.05096748617847136
1074,0,0,0.928445270383162,0.07118196202598764,0.00037276759085026366
1075,1,1,0.34616471399109117,0.48089292134140615,0.17294236466750276
1076,1,0,0.5589396414567859,0.4325887809498932,0.008471577593320947
1077,2,2,0.002314786151797894,0.14900819236077126,0.8486770214874308
1078,0,0,0.9885883379023241,0.011381378839102594,3.0283258573135157e-05
1079,1,1,0.24178868121937364,0.6898109851057947,0.06840033367483161
1080,0,0,0.8899086765852928,0.10885374977941747,0.0012375736352896087
1081,2,2,0.016943196923538836,0.4363698250129755,0.5466869780634857
1082,0,0,0.5108566068177323,0.4800941827317523,0.009049210450515526
1083,0,1,0.07169716722048988,0.6372733776387155,0.2910294551407945
1084,2,2,1.5413325314984915e-06,0.004409519553168098,0.9955889391143004
1085,2,2,0.010967510820491763,0.39165725081770336,0.597375238361805
1086,0,0,0.9711906369331784,0.02873921985660204,7.014321021962366e-05
1087,1,1,0.0471134256015595,0.7563537165220672,0.1965328578763732
1088,1,1,0.20919964574501065,0.7095375114130975,0.08126284284189182
1089,0,0,0.7380060078435873,0.2567004550022064,0.005293537154206494
1090,1,0,0.6970670006747501,0.29351345773918297,0.00941954158606681
1091,0,0,0.5137267733638988,0.44762361066119316,0.03864961597490803
1092,1,1,0.4224628332199384,0.5502957743509544,0.027241392429107177
1093,2,1,0.2538237156157018,0.6356974782168993,0.11047880616739889
1094,0,0,0.973602515196966,0.026273993761045063,0.00012349104198910044
1095,1,1,0.26362112332971915,0.6670169908286157,0.06936188584166521
1096,0,0,0.5862293353081361,0.40644485058660695,0.007325814105256907
1097,0,0,0.9888470575277911,0.011139747557719454,1.319491448951758e-05
1098,2,2,0.00018620934787351543,0.05903888989385584,0.9407749007582707
1099,2,2,0.0013029313617097505,0.12676626519627704,0.8719308034420132
1100,0,0,0.9641226645455407,0.03575509655008322,0.000122238904376036
1101,2,1,0.10211346805608644,0.7917079390137511,0.10617859293016242
1102,1,0,0.5877271114887885,0.4004827111493796,0.011790177361831845
1103,0,0,0.8259893297743397,0.17165037978268843,0.0023602904429718403
1104,1,1,0.2552816798776577,0.6887112287095508,0.05600709141279143
1105,0,0,0.999518651986369,0.0004811939828533017,1.5403077777858106e-07
1106,1,1,0.3088018825350638,0.6361020390527012,0.055096078412235024
1107,1,1,0.05803647423639223,0.7450090350980776,0.19695449066553014
1108,1,1,0.26359519296076034,0.6905015201890795,0.04590328685016026
1109,0,1,0.23555898693402155,0.7083971882587573,0.05604382480722103
1110,1,1,0.08919004254249782,0.73411137612919,0.1766985813283122
1111,2,1,0.17654404308315771,0.698318401730405,0.12513755518643718
1112,2,2,0.00026979181817288477,0.04101174080708646,0.9587184673747408
1113,1,1,0.30086388770042266,0.6675884688283139,0.031547643471263404
1114,1,1,0.01984672338544026,0.5000009818369736,0.4801522947775861
1115,1,1,0.15606804833985122,0.7660121293089839,0.07791982235116497
1116,0,0,0.9204963154603664,0.07926242452538038,0.00024126001425333888
1117,0,1,0.3853058102950423,0.5713545196745505,0.0433396700304071
1118,2,1,0.12917202979849635,0.7463841296007955,0.1244438406007082
1119,0,0,0.994369734163621,0.0056229255261053815,7.340310273745553e-06
1120,1,1,0.27488199888892756,0.6443318535500061,0.08078614756106642
1121,0,0,0.559559609909973,0.43491067257131866,0.005529717518708316
1122,1,0,0.7188563766044049,0.27672840785172287,0.004415215543872217
1123,0,0,0.9786856669918339,0.02129314661549171,2.1186392674541392e-05
1124,1,2,0.03432417039494912,0.4783906647025842,0.4872851649024667
1125,0,0,0.9746832486021856,0.025267108006068288,4.964339174618439e-05
1126,1,1,0.13086860000129255,0.6724529332161518,0.19667846678255566
1127,1,1,0.06134777042922,0.6465716719693904,0.2920805576013896
1128,1,0,0.9349811329204504,0.06402227148362642,0.0009965955959234025
1129,0,1,0.40083955476131355,0.5571681320817404,0.04199231315694595
1130,0,0,0.9986819043562031,0.001317778262782228,3.1738101476724247e-07
1131,0,0,0.9648668691918735,0.0350482992446261,8.483156350028226e-05
1132,0,0,0.6333857129338306,0.3570739756580758,0.009540311408093628
1133,0,0,0.8996859464358101,0.09948846902199476,0.0008255845421950667
1134,2,2,8.12207895950892e-06,0.008877375263403098,0.9911145026576373
1135,1,1,0.1479742105505129,0.7473242325745582,0.1047015568749291
1136,2,2,1.62232929445256e-07,0.0003593188696832917,0.9996405188973874
1137,1,1,0.02758433516913348,0.5900206899621124,0.3823949748687541
1138,2,2,0.006665622840028756,0.35449173282824203,0.6388426443317293
1139,0,0,0.9193702890539253,0.07978113694728496,0.000848573998789741
1140,1,2,0.0003079889527312549,0.07070183182440092,0.9289901792228678
1141,0,0,0.8243770026071207,0.17408833630327228,0.0015346610896071844
1142,0,0,0.7729064364924563,0.22367432171272947,0.003419241794814288
1143,2,2,0.0007978613238671104,0.09449971129134477,0.904702427384788
1144,0,0,0.9976502267887911,0.0023485541319749653,1.219079233858126e-06
1145,1,1,0.03812774397206555,0.6692535894067803,0.29261866662115416
1146,2,2,0.0008760286698577186,0.2516770136773219,0.7474469576528204
1147,0,0,0.5945746976924611,0.39487128382989595,0.010554018477643005
1148,1,1,0.021576173305079476,0.5438876738317533,0.4345361528631672
1149,2,2,0.007548255317205541,0.3470520503588585,0.645399694323936
1150,2,2,9.612694836989538e-06,0.011487498660622802,0.9885028886445403
1151,1,1,0.20391537301616447,0.6597619765040824,0.1363226504797531
1152,2,2,4.1802375028247255e-07,0.0019618159330309533,0.9980377660432188
1153,0,0,0.7604058742885669,0.23703562573819115,0.002558499973241912
1154,1,1,0.08222475484287015,0.5535600770658198,0.3642151680913101
1155,2,2,0.0003641159168949209,0.10907858550301291,0.8905572985800922
1156,0,0,0.9641053994942198,0.03581029575490725,8.430475087301349e-05
1157,2,2,9.588050169344663e-05,0.0487536150141049,0.9511505044842017
1158,2,2,0.02604332992369602,0.3980567816217719,0.5758998884545321
1159,1,0,0.5575270416679554,0.4366394294182392,0.005833528913805383
1160,0,1,0.12444698093480472,0.6532654693871964,0.2222875496779988
1161,0,0,0.9592240638860977,0.04072647380641177,4.9462307490579685e-05
1162,1,0,0.9419628829583689,0.05780614350484176,0.00023097353678924328
1163,1,1,0.16444204873260457,0.7622511882731082,0.07330676299428711
1164,2,1,0.050030635768813454,0.5169593571838451,0.4330100070473414
1165,0,0,0.8353023861111553,0.1620821123879708,0.00261550150087397
1166,1,0,0.7701985153807804,0.22797832352909672,0.0018231610901228215
1167,1,0,0.9697593661404622,0.030155317952203643,8.531590733423249e-05
1168,0,0,0.8805025304838993,0.11869297991719482,0.0008044895989059673
1169,0,0,0.9990717776371045,0.0009279533233624873,2.690395331256643e-07
1170,2,2,5.44029109807276e-06,0.005736123771002459,0.9942584359378995
1171,0,0,0.7914019492778208,0.20336469373654037,0.005233356985638785
1172,0,0,0.9875133496861251,0.012468342624243966,1.830768963086945e-05
1173,2,2,0.005947963964249575,0.28587024555695084,0.7081817904787996
1174,2,2,0.0008085418652198118,0.18004000956757382,0.8191514485672065
1175,1,1,0.4782201426418821,0.5069596288501,0.014820228508017837
1176,2,2,0.00022186845970760354,0.06548091980351721,0.934297211736775
1177,1,2,0.004855273373656123,0.3044005769359586,0.6907441496903853
1178,1,1,0.32638234901534985,0.6359306778681347,0.0376869731165155
1179,0,0,0.6564026293153984,0.33760248932457765,0.005994881360023844
1180,1,1,0.039619150398661686,0.6881335292562183,0.27224732034512017
1181,1,1,0.3146610651172317,0.6241692405880317,0.061169694294736676
1182,1,0,0.573925941949769,0.4102184782399638,0.01585557981026719
1183,0,0,0.9922196270052241,0.0077748088364423635,5.564158333594213e-06
1184,0,0,0.5309421622431764,0.45113635038299993,0.01792148737382377
1185,1,1,0.11828752833929343,0.7133697563407809,0.16834271531992562
1186,2,2,0.002922686176892083,0.23541637448741967,0.7616609393356883
1187,1,1,0.13576772696710418,0.8019381206585167,0.062294152374379186
1188,1,1,0.15632075264738135,0.6893492298339572,0.15433001751866157
1189,0,0,0.7370498301752261,0.2590229392485124,0.003927230576261628
1190,2,2,0.0017823185690516912,0.13533841965414647,0.8628792617768019
1191,1,1,0.0402692821406937,0.7991055903200279,0.16062512753927832
1192,0,0,0.7493449287358404,0.2473432820380164,0.0033117892261433058
1193,0,0,0.4958567782885543,0.49116748596526044,0.012975735746185288
1194,1,1,0.2653117101176687,0.6914245714098848,0.043263718472446526
1195,0,0,0.9926590748111493,0.007336727095434338,4.198093416195459e-06
1196,0,0,0.6705875392627987,0.3202765960344272,0.009135864702774036
1197,0,1,0.17321853599312162,0.660915277746763,0.16586618626011546
1198,0,0,0.9966882442979741,0.0033103430873328396,1.4126146930788925e-06
1199,1,0,0.5296593505741362,0.46256536646486995,0.007775282960993887
1200,1,2,0.002710027872430549,0.16569208370323293,0.8315978884243365
1201,0,0,0.9928939772097727,0.007077545466118327,2.847732410899163e-05
1202,0,0,0.7242973145107837,0.2743844761318042,0.0013182093574119651
1203,1,0,0.6702110218764725,0.3234332426364453,0.006355735487082121
1204,0,0,0.8758151372559116,0.12141979943891751,0.0027650633051708837
1205,0,0,0.987414433555002,0.012538085385346745,4.748105965130241e-05
1206,2,2,5.5828292376196506e-06,0.0095546660089352,0.9904397511618273
1207,2,2,0.0016769628319016452,0.16586009755332046,0.8324629396147779
1208,1,1,0.03590725581187133,0.6175058604731236,0.34658688371500507
1209,2,2,0.0075088220933349865,0.4366534186546771,0.5558377592519879
1210,1,1,0.11620674345749298,0.735737637046962,0.14805561949554502
1211,1,2,0.0034396331005361203,0.31282162278629105,0.6837387441131728
1212,1,2,0.005218665580100128,0.2390727116443254,0.7557086227755744
1213,1,2,0.005864879176157525,0.3461710459477011,0.6479640748761414
1214,0,0,0.9195232102081474,0.07969762512577327,0.0007791646660794153
1215,0,0,0.9735384971485855,0.02638222033387261,7.928251754185212e-05
1216,2,2,0.005623311814580588,0.34736810041798794,0.6470085877674314
1217,2,1,0.3125282584577164,0.581170175531755,0.10630156601052862
1218,1,0,0.966324018950674,0.033517634793865415,0.00015834625546057857
1219,0,0,0.9978667885972762,0.0021294954678441856,3.7159348795236284e-06
1220,0,0,0.9601467444125845,0.039712323410262845,0.00014093217715260102
1221,0,0,0.6472611147338533,0.3469836623398209,0.005755222926325623
1222,0,1,0.4848023047413186,0.4920923364937319,0.023105358764949565
1223,1,1,0.0688859991744187,0.7207119419306406,0.21040205889494074
1224,1,0,0.6566800404600239,0.3383230563654015,0.00499690317457461
1225,1,1,0.3873094146918946,0.5646698764885657,0.04802070881953964
1226,0,0,0.9816933904835621,0.018266408276425866,4.020124001204603e-05
1227,1,1,0.26479569706968725,0.6926380568368475,0.04256624609346527
1228,0,0,0.8901258324061744,0.1092853340199206,0.0005888335739050111
1229,2,2,0.0036883635147937632,0.25483988023572446,0.7414717562494819
1230,1,1,0.04361099220962685,0.5316772320452653,0.4247117757451078
1231,0,0,0.9094692657771384,0.09003859289560293,0.0004921413272587164
1232,1,1,0.3078330615403144,0.6114825348284247,0.08068440363126088
1233,1,1,0.34930049117531814,0.6196676194627625,0.03103188936191942
1234,1,1,0.10844709373595667,0.76460903531171,0.12694387095233328
1235,2,2,0.003323832279795955,0.3688137072488198,0.6278624604713842
1236,0,1,0.3520091825252193,0.6095267498134843,0.03846406766129642
1237,0,0,0.6874852639033129,0.30111075134203497,0.011403984754652144
1238,0,0,0.5593991602349643,0.39823832192958586,0.042362517835449975
1239,1,1,0.08953012761078254,0.7858726565685026,0.12459721582071476
1240,0,0,0.7015276997659068,0.2929881477685937,0.005484152465499453
1241,0,1,0.08452399903795131,0.8479739125781819,0.06750208838386694
1242,0,1,0.18375287310099522,0.7387007859477794,0.07754634095122521
1243,0,0,0.7745764319016143,0.2245394227649186,0.0008841453334671676
1244,0,0,0.9070711852435651,0.09229454652774412,0.0006342682286908295
1245,0,1,0.37083796915005895,0.6213142634426394,0.007847767407301713
1246,0,0,0.6080969401188485,0.38504418805123036,0.006858871829921135
1247,2,2,0.0002309195772980739,0.05035952080154771,0.9494095596211543
1248,2,2,0.0004895880461926186,0.13454043573224148,0.8649699762215659
1249,1,1,0.2562791287880447,0.7029562935252192,0.040764577686736095
1250,1,1,0.3260833546017667,0.6419030185655399,0.032013626832693313
1251,0,0,0.9255625577790745,0.07417944404348743,0.0002579981774381418
1252,1,0,0.6633262601492332,0.3159525536085759,0.020721186242190822
1253,0,0,0.7236772630429608,0.2732136797318659,0.0031090572251733515
1254,1,1,0.050115797480042606,0.6754766199724825,0.2744075825474748
1255,0,0,0.9958093865658522,0.004185903667937058,4.709766210724284e-06
1256,1,1,0.050501619548999406,0.5925714849931241,0.3569268954578766
1257,0,1,0.4580009657020656,0.5245728561074519,0.01742617819048262
1258,1,2,0.0631081013390006,0.41777462582502484,0.5191172728359745
1259,1,2,0.006548847629219481,0.4193607371340052,0.5740904152367754
1260,1,0,0.7280306146494671,0.26889807706773894,0.003071308282794078
1261,1,2,0.008488867116914827,0.3807403166467041,0.6107708162363811
1262,0,0,0.7021078007380107,0.29227625363396875,0.0056159456280204705
1263,0,0,0.8469451297391666,0.14805966717899488,0.0049952030818385925
1264,0,0,0.9566821443379656,0.04315079977093255,0.00016705589110178854
1265,0,0,0.9994455341773161,0.0005540657641189005,4.000585651051762e-07
1266,1,1,0.32370566726299715,0.5647028254704374,0.11159150726656555
1267,0,0,0.6265959289393745,0.3627518468494233,0.010652224211202262
1268,0,0,0.9850199566539095,0.014945074873059369,3.496847303118562e-05
1269,1,1,0.42966136980622904,0.5440428881905931,0.026295742003177882
1270,0,0,0.8706513346606418,0.12697616419143332,0.0023725011479249374
1271,0,0,0.952797835696044,0.046972807860631,0.0002293564433249809
1272,2,2,0.0023388261589910803,0.31964320013858677,0.6780179737024222
1273,1,1,0.49185460949197213,0.49290864267338536,0.015236747834642569
1274,0,0,0.7128585032791104,0.279968607795585,0.00717288892530452
1275,0,0,0.9900134439288957,0.009974635764174036,1.1920306930259414e-05
1276,0,0,0.9890030997599945,0.010984660450267622,1.2239789737854338e-05
1277,0,0,0.9817490125444794,0.018194253055217213,5.673440030335318e-05
1278,0,0,0.932584703281033,0.06726677847510684,0.00014851824386006982
1279,1,1,0.1632223343522409,0.7686744782953626,0.06810318735239634
1280,1,0,0.5894488819117174,0.3890171182898067,0.021533999798475777
1281,0,0,0.8997852008359785,0.09968447202687274,0.0005303271371488459
1282,0,0,0.7512661823842767,0.24259822605245143,0.006135591563271881
1283,0,0,0.9920097947511317,0.007972284884751803,1.7920364116573194e-05
1284,0,0,0.9991958667965319,0.0008035226344760058,6.105689921103871e-07
1285,2,1,0.020162378810488674,0.6274972898502499,0.3523403313392614
1286,1,1,0.05583126520575999,0.6577523986322946,0.2864163361619454
1287,1,1,0.0361161695505318,0.6212901404504164,0.3425936899990518
1288,0,0,0.9751902412792781,0.02469883816502593,0.0001109205556958997
1289,0,0,0.8898901414512573,0.10946607424219892,0.0006437843065436981
1290,0,0,0.9389130762283507,0.06083375532744057,0.00025316844420864937
1291,0,0,0.8231803592569659,0.17469467278744324,0.0021249679555909
1292,0,1,0.1520712445511009,0.7717822500610655,0.07614650538783364
1293,0,0,0.9950749868604364,0.004917775643782191,7.237495781326788e-06
1294,1,1,0.2587498895403086,0.7005594263332983,0.0406906841263932
1295,1,1,0.084551769025181,0.7048000220679708,0.21064820890684835
1296,1,2,0.014382379765619365,0.4534881670105085,0.5321294532238721
1297,0,0,0.6344509406836588,0.34894846991509654,0.016600589401244627
1298,1,0,0.574697557192007,0.42035465812542655,0.004947784682566575
1299,0,0,0.979572822545065,0.020370874067631238,5.630338730385435e-05
1300,2,2,7.658926899256277e-05,0.03709585616911291,0.9628275545618946
1301,1,1,0.17324413392469534,0.5886012168184063,0.23815464925689828
1302,0,0,0.9134541562781109,0.08574067302314768,0.000805170698741397
1303,1,1,0.3153259827512904,0.651548496091745,0.03312552115696444
1304,0,0,0.9668792235368944,0.03297300223037859,0.00014777423272712494
1305,0,0,0.9995723973165702,0.0004274829865119934,1.1969691765254368e-07
1306,0,0,0.6750262278923418,0.31844016229661554,0.006533609811042527
1307,0,0,0.9679945399649502,0.03187033744627377,0.00013512258877594136
1308,0,0,0.8490645492841575,0.14850181708705096,0.002433633628791442
1309,2,2,0.00048016351443712666,0.14216194447724417,0.8573578920083188
1310,2,1,0.13962297481039537,0.7497873057248673,0.11058971946473743
1311,0,0,0.9461462314364193,0.053646915135177546,0.00020685342840317056
1312,1,1,0.052038900779159465,0.5874557397178163,0.3605053595030242
1313,0,0,0.9443320297179761,0.0554630639570467,0.00020490632497721908
1314,0,0,0.9965273135822562,0.003470884025712238,1.8023920315227918e-06
1315,1,1,0.3344296546695731,0.6321133085941297,0.033457036736297234
1316,1,1,0.02741052504828907,0.49599367960469526,0.4765957953470157
1317,2,2,0.0007537918863811416,0.2815655536865597,0.7176806544270592
1318,1,1,0.048564905559809725,0.7256776109743782,0.2257574834658122
1319,2,2,0.004473204627809016,0.3412045708655976,0.6543222245065934
1320,0,0,0.9923708880212553,0.007624265616782111,4.8463619627368905e-06
1321,0,0,0.6253532402135511,0.36844730965307765,0.006199450133371342
1322,0,0,0.9277266975322689,0.07175665237616648,0.0005166500915645453
1323,1,2,0.012564288488930427,0.464716432480051,0.5227192790310186
1324,1,1,0.12589006054705215,0.7203388495278453,0.15377108992510247
1325,2,2,2.0818731927018688e-05,0.011476432695941821,0.9885027485721312
1326,1,1,0.13633312930657057,0.7629010003163255,0.10076587037710409
1327,2,1,0.03649689949824375,0.6269855842104505,0.33651751629130594
1328,0,0,0.9775298751117341,0.022431466253558175,3.865863470782411e-05
1329,1,1,0.4170266777260035,0.5590682537980409,0.023905068475955468
1330,0,0,0.9876498237864539,0.012336097760388739,1.40784531573576e-05
1331,0,1,0.39922068207636835,0.5639763138149698,0.03680300410866192
1332,1,1,0.012909201663323239,0.5082008577291001,0.4788899406075768
1333,1,1,0.08436444647217464,0.730267388341252,0.1853681651865732
1334,1,0,0.6688178293985914,0.3222054413946254,0.008976729206783279
1335,2,2,0.001728483023653951,0.08116688062542207,0.9171046363509241
1336,2,2,0.00022353978150825102,0.12164586378145686,0.878130596437035
1337,0,1,0.2516839050617378,0.6895502350810156,0.05876585985724653
1338,1,1,0.08461991188273062,0.6939232796975733,0.2214568084196963
1339,1,1,0.1454971003736167,0.7463186564378023,0.10818424318858093
1340,2,1,0.0564782460473099,0.5774735102391706,0.3660482437135195
1341,0,0,0.9941675883262552,0.005830075355134035,2.336318610729175e-06
1342,1,0,0.5995586901076501,0.38897065551025,0.011470654382099989
1343,1,0,0.4878216750098272,0.45193174205394543,0.060246582936227436
1344,1,1,0.47677702273699907,0.5133748729453967,0.009848104317604139
1345,0,0,0.9194861775865971,0.07925163420473715,0.0012621882086656748
1346,1,1,0.45053643798427345,0.5301523353522172,0.019311226663509377
1347,0,0,0.5251663877334468,0.46968549006376487,0.005148122202788243
1348,2,2,0.000738030851756245,0.16636192235502062,0.8329000467932232
1349,0,0,0.5346027028137299,0.45272724975580847,0.012670047430461653
1350,0,0,0.9840642159852355,0.015911807375944474,2.397663881999353e-05
1351,1,2,0.002157801472254928,0.19443535557821068,0.8034068429495345
1352,0,1,0.36602916708165484,0.6036459446181275,0.03032488830021756
1353,2,2,0.002664826700365555,0.274298636659817,0.7230365366398175
1354,0,1,0.23924558368833512,0.7124041155369406,0.04835030077472432
1355,2,1,0.028067188296382672,0.5325932520133213,0.43933955969029603
1356,1,1,0.026211477381337146,0.7905747370007192,0.18321378561794366
1357,0,0,0.9130516152460285,0.08625591048036102,0.0006924742736103991
1358,2,1,0.07955269240598756,0.6365555696100758,0.28389173798393674
1359,1,1,0.23881545068849366,0.7262756820439124,0.03490886726759404
1360,0,0,0.9971749347878341,0.0028239215461212048,1.1436660446633903e-06
1361,0,0,0.9979186321219985,0.0020789974679786736,2.370410022830799e-06
1362,0,0,0.9790729189525733,0.02087992771385786,4.7153333568770906e-05
1363,0,0,0.9979211384530997,0.0020778063623077578,1.0551845926481342e-06
1364,2,1,0.008749014914370596,0.5807126781841269,0.41053830690150256
1365,2,2,7.782535604796255e-05,0.03258510794730627,0.9673370666966459
1366,1,1,0.07114039241872681,0.5857432593817585,0.3431163481995147
1367,0,1,0.36484183704150125,0.6218147147190252,0.013343448239473598
1368,0,0,0.9665948447682254,0.03328944040275942,0.00011571482901519774
1369,0,0,0.5129948894994101,0.4742194636214696,0.012785646879120342
1370,0,0,0.7704954322881311,0.22656131743507307,0.00294325027679598
1371,2,1,0.048548844900479525,0.601387250177087,0.35006390492243333
1372,0,1,0.21131286503756952,0.6781041442053322,0.11058299075709839
1373,2,1,0.04274922723527431,0.7322537573132657,0.22499701545146006
1374,0,0,0.997344453025167,0.002653053064855043,2.4939099777540317e-06
1375,0,0,0.8105002970820094,0.18718598705336137,0.002313715864629163
1376,0,0,0.777400323172558,0.2205525639917663,0.0020471128356755876
1377,1,1,0.04227990509269194,0.6760312978963557,0.2816887970109524
1378,1,0,0.6498962283686818,0.34129335875178973,0.008810412879528417
1379,1,0,0.6770868924127919,0.3100667804947756,0.012846327092432606
1380,0,0,0.9423824300775274,0.05736629152946014,0.00025127839301226966
1381,0,1,0.48546787246689543,0.4966566553293271,0.017875472203777398
1382,1,2,0.017578868948438936,0.43245772867446114,0.5499634023771
1383,1,1,0.13699237542944065,0.6514467556405867,0.21156086892997275
1384,0,0,0.981585835816063,0.018372303586970534,4.186059696648041e-05
1385,2,2,0.003943541638619279,0.2885145983115589,0.7075418600498218
1386,0,0,0.9992955541339357,0.0007040108250765101,4.350409878132308e-07
1387,0,1,0.07337583481768896,0.8027485589358008,0.12387560624651027
1388,0,0,0.983422582288787,0.016552411638960502,2.5006072252612487e-05
1389,1,0,0.5682058104735855,0.4078176679163553,0.023976521610059205
1390,1,1,0.09694755781886466,0.7071645504178508,0.1958878917632846
1391,1,1,0.04326042874203547,0.7516119733565586,0.20512759790140606
1392,2,2,0.0013833879861632422,0.1499190182686311,0.8486975937452057
1393,2,2,1.8915285338000557e-06,0.004359874223286403,0.9956382342481799
1394,1,0,0.5552634263884023,0.43511815797073605,0.00961841564086163
1395,1,1,0.07132263199498814,0.6834355566068027,0.2452418113982092
1396,2,2,0.02643203379408083,0.38688506758326047,0.5866828986226588
1397,0,1,0.08952651086746588,0.8228387390929106,0.08763475003962344
1398,1,1,0.2777486931896642,0.6407061436814241,0.0815451631289117
1399,0,0,0.8306461937186744,0.1672128926491169,0.002140913632208621
1400,0,0,0.9891894995511082,0.010792168835661375,1.833161323053704e-05
1401,2,1,0.09577476988132615,0.6912765742593397,0.21294865585933398
1402,1,1,0.44544247308443796,0.5335894163131054,0.020968110602456704
1403,1,1,0.2689819184891579,0.709169446993959,0.021848634516883115
1404,0,1,0.08767143153974455,0.7552962245134139,0.15703234394684149
1405,0,0,0.8161609796200963,0.1814880234333242,0.0023509969465795666
1406,1,1,0.22458174694022076,0.5637144713891286,0.2117037816706507
1407,0,0,0.9947113004545327,0.005281163814077781,7.535731389680709e-06
1408,0,0,0.7951044190314077,0.20217302646211516,0.00272255450647714
1409,1,1,0.10193868525940802,0.7328135580518237,0.16524775668876834
1410,1,0,0.5782442940559352,0.41516173577253385,0.006593970171530862
1411,0,0,0.9615538242514154,0.038234630195909794,0.000211545552674668
1412,1,1,0.03615149999484242,0.5578900106116296,0.405958489393528
1413,2,1,0.03645690147182751,0.52966078850538,0.43388231002279254
1414,2,1,0.009854835686625898,0.505035254091908,0.4851099102214661
1415,0,0,0.9319811942273448,0.06759409793021855,0.0004247078424366007
1416,0,1,0.1417393797151336,0.7103147126414047,0.14794590764346172
1417,0,0,0.9475180066546873,0.052236673141404295,0.00024532020390845044
1418,0,0,0.9353930947438893,0.06408101575733247,0.0005258894987782137
1419,1,0,0.5956043015333838,0.3968027633928258,0.007592935073790377
1420,1,1,0.17723617191664792,0.7406794965545341,0.08208433152881803
1421,0,0,0.9867882468855297,0.013195834732465342,1.59183820051095e-05
1422,1,1,0.3533407407660532,0.5875198724750363,0.05913938675891036
1423,2,1,0.10261878166680367,0.7889132204471302,0.10846799788606615
1424,2,2,8.293704153617728e-05,0.050906392304560746,0.949010670653903
1425,0,0,0.5788548586227992,0.40990880658103407,0.011236334796166723
1426,1,1,0.3871682693964955,0.585715641602068,0.027116089001436437
1427,1,1,0.4093358675623584,0.5634128230327784,0.027251309404863262
1428,0,0,0.929854023802111,0.06996217742778407,0.0001837987701050836
1429,0,0,0.9965240012343799,0.0034727121186053644,3.2866470147945864e-06
1430,1,2,0.012088488747531318,0.4080891839768123,0.5798223272756563
1431,0,0,0.8901366235005645,0.10907310596865925,0.000790270530776432
1432,1,1,0.05371243098535103,0.7000016360271722,0.24628593298747656
1433,1,0,0.7564117127324083,0.2407832025510499,0.0028050847165419558
1434,2,2,1.2752842932186485e-05,0.0079550107139971,0.9920322364430708
1435,1,1,0.2671020229333536,0.6930389601201884,0.03985901694645796
1436,1,0,0.6218841544836686,0.3731232436391516,0.0049926018771796945
1437,2,1,0.025660655652431703,0.5277483856991105,0.4465909586484577
1438,0,0,0.8263561462936193,0.17190571481326367,0.0017381388931169783
1439,1,1,0.38331749414456395,0.5881954432507096,0.028487062604726412
1440,0,0,0.9559025767599277,0.04402084881372586,7.657442634645578e-05
1441,0,1,0.1812679621614884,0.7023857161633777,0.11634632167513387
1442,2,2,0.00022559065687728538,0.0369199511490988,0.9628544581940238
1443,0,0,0.8803335699846323,0.11864518227383278,0.0010212477415349661
1444,2,1,0.01646749933558231,0.5313434315011576,0.45218906916326007
1445,0,0,0.9873418136492259,0.0126303162369172,2.7870113856994293e-05
1446,1,0,0.5914394296971988,0.4039952054020099,0.004565364900791429
1447,2,2,0.000622618966196012,0.15063705605287206,0.8487403249809319
1448,1,1,0.13810670269052855,0.7698742223798729,0.09201907492959852
1449,0,1,0.44776528263972354,0.5379229677175082,0.014311749642768202
1450,0,1,0.3553745826157684,0.6128654247268894,0.03175999265734224
1451,1,1,0.06250206918069076,0.6211091851770291,0.3163887456422801
1452,1,1,0.050319180501371776,0.7776655287920504,0.17201529070657792
1453,0,0,0.9965967025641156,0.003399930637976588,3.3667979078941642e-06
1454,1,0,0.6651366158196425,0.3250600778204883,0.009803306359869179
1455,1,1,0.0847848128383182,0.7592220226697008,0.15599316449198092
1456,0,0,0.9942672502830928,0.005725312540707634,7.437176199725786e-06
1457,0,1,0.37808099279941504,0.6023208110353656,0.019598196165219385
1458,0,0,0.9503476589658764,0.04940197215334171,0.00025036888078187186
1459,0,0,0.8949943196183571,0.10401083210921737,0.0009948482724255305
1460,0,0,0.9929866069566178,0.006996524789236441,1.6868254145825206e-05
1461,0,0,0.8500273811244682,0.14853068946623674,0.0014419294092949855
1462,0,1,0.09235386966476967,0.7343313519064103,0.17331477842882007
1463,2,2,0.00012975974186387232,0.05142074976858415,0.9484494904895521
1464,2,2,0.0027599977962932225,0.2657596250887462,0.7314803771149605
1465,2,1,0.0323203815637237,0.6573207765916452,0.31035884184463103
1466,1,1,0.21149487723394927,0.6539745401384256,0.13453058262762518
1467,1,1,0.3633570388803365,0.5983230948533053,0.03831986626635828
1468,2,1,0.06753235686389779,0.4950657054548149,0.4374019376812873
1469,0,0,0.6578859012530349,0.33328860081672784,0.008825497930237293
1470,1,1,0.10784071448421462,0.5889036270504685,0.30325565846531677
1471,1,1,0.15582623598903905,0.7214873802199215,0.12268638379103944
1472,1,1,0.3576686373425851,0.5840029320333601,0.058328430624054836
1473,0,0,0.8645356736248215,0.13409641417559823,0.0013679121995801625
1474,1,1,0.1289887725447333,0.690085988648823,0.18092523880644362
1475,0,0,0.9993490008933955,0.000650816995148829,1.8211145560164307e-07
1476,0,0,0.9032394136860638,0.09626608551645517,0.0004945007974811367
1477,0,0,0.5429449372691645,0.4529926363092087,0.004062426421626799
1478,1,0,0.8179625847799717,0.17962686313186993,0.002410552088158304
1479,2,2,0.004479694108051536,0.19736381483285362,0.7981564910590948
1480,0,0,0.9957934518465006,0.00420404000657746,2.5081469218928617e-06
1481,0,0,0.707415709309874,0.2873435410441967,0.005240749645929484
1482,0,0,0.9819794257315094,0.017938865097500378,8.170917099014598e-05
1483,1,1,0.23299194048422542,0.7211332604792865,0.04587479903648803
1484,1,2,0.007907810209022169,0.243635885577202,0.7484563042137758
1485,0,0,0.9151871557104516,0.08435444816004518,0.0004583961295032264
1486,2,2,0.005069908183616159,0.28236696207303646,0.7125631297433473
1487,1,2,0.0007960818963289646,0.10891306156284108,0.89029085654083
1488,0,1,0.06753008980839381,0.7950304376690714,0.13743947252253466
1489,1,1,0.031721051204073425,0.5894544108647662,0.3788245379311604
1490,1,2,0.0038989806186971324,0.29941374077225724,0.6966872786090457
1491,1,1,0.34311161415880803,0.6327413765631065,0.02414700927808559
1492,0,0,0.797800064222738,0.20047850429646893,0.0017214314807931196
1493,0,0,0.8423624433058426,0.1566248417572631,0.0010127149368942602
1494,0,0,0.9509994665618,0.048842714143363754,0.00015781929483625653
1495,0,0,0.8235906315678444,0.1742881845429476,0.002121183889208011
1496,0,0,0.8322893173507286,0.1658002524236704,0.001910430225601041
1497,0,0,0.9342364788452301,0.065698496608496,6.502454627379532e-05
1498,0,0,0.8497162006500053,0.14958824760067724,0.0006955517493174324
1499,2,2,0.012008720401014542,0.48803119771596376,0.4999600818830217
1500,0,0,0.5568689864105161,0.4365752275337889,0.006555786055695023
1501,1,2,0.0008413457144709881,0.1947889990408985,0.8043696552446304
1502,1,1,0.3008255636174625,0.631836671068488,0.0673377653140496
1503,1,1,0.05225676816016036,0.6928183985820131,0.2549248332578264
1504,0,0,0.9596496027684862,0.040241955033765285,0.00010844219774849209
1505,1,0,0.520438104690956,0.46718803304030154,0.01237386226874243
1506,0,0,0.9354395959953947,0.06363584623094413,0.0009245577736611877
1507,1,1,0.17761185752409095,0.7013339087430954,0.12105423373281357
1508,1,1,0.27331402262778526,0.6293476372944964,0.09733834007771835
1509,1,2,0.0015910399514721728,0.18568611234617755,0.8127228477023503
1510,0,0,0.8956585354783156,0.10334479263722526,0.0009966718844591322
1511,0,0,0.9995852781073665,0.00041461294097671,1.0895165680590228e-07
1512,0,0,0.8686001938494137,0.1304784436995702,0.0009213624510161617
1513,0,0,0.7386644577138441,0.2575976757786288,0.003737866507526938
1514,0,0,0.9999553434910845,4.465031176232877e-05,6.197153095124105e-09
1515,0,1,0.28364178709157467,0.6823038670006298,0.03405434590779542
1516,1,2,0.0033101772440384454,0.17915180868804975,0.8175380140679117
1517,1,0,0.7390559214136843,0.2551591076967969,0.005784970889518857
1518,0,0,0.9634236242478814,0.0364529309704641,0.00012344478165448358
1519,1,1,0.02808949931260461,0.6779268801694528,0.2939836205179426
1520,1,1,0.19935481100219996,0.7371529131785509,0.06349227581924909
1521,0,0,0.991647359964074,0.008337359148219177,1.528088770676969e-05
1522,1,1,0.025628196677549078,0.7874189095888471,0.1869528937336038
1523,0,0,0.9168789510610779,0.08273700533896708,0.0003840435999549412
1524,2,1,0.06282917180605392,0.7936248629850503,0.14354596520889562
1525,1,1,0.27243536265197005,0.6923338992490075,0.035230738099022454
1526,0,0,0.9806177026886111,0.019357598515245416,2.469879614343737e-05
1527,2,1,0.024289469780386354,0.551235751423279,0.4244747787963346
1528,1,2,0.00800253403869428,0.34303353755121657,0.6489639284100892
1529,2,2,0.003520239092159973,0.21850823637251268,0.7779715245353274
1530,1,0,0.7339224516727012,0.24510431047491424,0.020973237852384453
1531,2,1,0.035998454334538084,0.7490362659903719,0.21496527967509
1532,0,0,0.7085444354392598,0.28235050341956625,0.009105061141173973
1533,1,1,0.18457093064163382,0.7892789006348845,0.026150168723481783
1534,2,2,0.009476360479952284,0.4799572962202518,0.5105663432997959
1535,1,0,0.8180362627268907,0.18021054590039126,0.001753191372718103
1536,0,0,0.9734244913910614,0.02652358579117039,5.192281776815748e-05
1537,0,0,0.9103510285115652,0.08896225275760883,0.0006867187308259019
1538,0,0,0.9782276905148549,0.02172862314429487,4.368634085007057e-05
1539,1,1,0.030525875335968816,0.7267060677025605,0.24276805696147052
1540,2,1,0.08037847698016122,0.7623061416635558,0.15731538135628287
1541,0,0,0.999853048099309,0.0001469252695647181,2.6631126218759953e-08
1542,1,1,0.046532826819052554,0.7146889664783368,0.23877820670261068
1543,1,0,0.7948066626720407,0.20207247039522247,0.0031208669327369076
1544,0,0,0.9213107160173928,0.07812136925540977,0.0005679147271973495
1545,0,1,0.4708013533155364,0.5117889995023102,0.017409647182153345
1546,0,0,0.6545154102649133,0.33859130518720176,0.006893284547885014
1547,0,0,0.6868311449482539,0.3066405641242819,0.006528290927464251
1548,0,0,0.5191968222972961,0.45364868665117075,0.027154491051533062
1549,1,1,0.0989785523352064,0.7213384101767522,0.17968303748804132
1550,2,1,0.10608414134299322,0.6601547395932921,0.2337611190637147
1551,0,0,0.7033176007222818,0.29407126030304953,0.0026111389746687435
1552,0,0,0.9886225101372947,0.011364087041850825,1.3402820854347376e-05
1553,2,2,0.002295830922101241,0.22120139301702316,0.7765027760608755
1554,0,0,0.905326769408367,0.09410307494776093,0.0005701556438721287
1555,2,2,0.0002639250780880325,0.08244083276227993,0.9172952421596321
1556,2,2,8.938966715303644e-05,0.035391843055487184,0.9645187672773599
1557,0,1,0.4884160714479461,0.48973917386075166,0.021844754691302315
1558,2,2,8.100437241532421e-08,0.0009292162691709341,0.9990707027264566
1559,0,0,0.9696288078399121,0.0303003762852766,7.081587481133153e-05
1560,0,0,0.9486918659346362,0.051132492411041494,0.0001756416543222674
1561,1,1,0.128185986848754,0.7818566293645186,0.08995738378672746
1562,2,2,0.00014141799784901697,0.05875023878700249,0.9411083432151486
1563,0,1,0.322664493837413,0.5804941717176006,0.09684133444498635
1564,0,0,0.9252219621195159,0.07432515671401688,0.00045288116646740613
1565,0,0,0.7633610659980653,0.23350691493732426,0.0031320190646104726
1566,0,0,0.9016647050294982,0.09771653551220529,0.0006187594582964869
1567,1,1,0.3392298120593246,0.6330533009186244,0.027716887022050968
1568,0,0,0.9667873310596311,0.03316880072912386,4.3868211245166326e-05
1569,1,0,0.5765807033548233,0.4201075286276119,0.003311768017565019
1570,2,1,0.3868964627179237,0.5840021480077027,0.029101389274373685
1571,1,1,0.09113833064658619,0.6908594644961947,0.218002204857219
1572,2,2,0.0006879390691167426,0.1294092368710779,0.8699028240598055
1573,1,0,0.5355518757755315,0.45441796485435476,0.010030159370113707
1574,2,2,0.006037485832046506,0.2450277664361544,0.748934747731799
1575,2,2,5.552725197280002e-05,0.028947344621053195,0.970997128126974
1576,1,1,0.11650716946127429,0.4998731282175051,0.38361970232122056
1577,0,1,0.20735126982489244,0.722729194015562,0.06991953615954548
1578,0,1,0.06618715749016692,0.824706355519638,0.10910648699019511
1579,1,1,0.06484736988532445,0.8183142144202321,0.11683841569444356
1580,1,0,0.6223106432464187,0.36679774098317197,0.010891615770409332
1581,0,0,0.9839510977947811,0.016012876668025658,3.602553719326367e-05
1582,1,1,0.0841487979881983,0.4958781988151156,0.4199730031966862
1583,0,0,0.9648764927261477,0.03486397798066813,0.00025952929318407884
1584,1,1,0.20560428664395164,0.7426647038996519,0.05173100945639639
1585,2,1,0.005071643072085119,0.5670856257404413,0.4278427311874736
1586,0,1,0.1773570426059193,0.77221537598642,0.05042758140766067
1587,2,1,0.03143142733955117,0.660596235640107,0.3079723370203418
1588,2,2,0.00038802139159152863,0.150382908542168,0.8492290700662406
1589,0,0,0.6953294019061066,0.29848572975049453,0.006184868343398868
1590,2,2,0.004565549513698622,0.22695102623468413,0.7684834242516172
1591,1,1,0.23525888258006145,0.7120533919077565,0.052687725512181975
1592,0,1,0.29158560441191184,0.6754548858994491,0.03295950968863909
1593,0,1,0.2597939789932174,0.6901368802520265,0.050069140754756256
1594,2,1,0.058628637537070635,0.6623432050015556,0.2790281574613737
1595,0,0,0.9899993820179195,0.009990341827841212,1.0276154239468223e-05
1596,0,0,0.9915565316177488,0.008438447937239834,5.020445011446571e-06
1597,0,1,0.3959791357980698,0.5601495288627397,0.04387133533919051
1598,0,0,0.8043977326016337,0.19294590635281356,0.0026563610455527407
1599,1,1,0.17197475430532863,0.7368658100662177,0.09115943562845379
1600,0,0,0.9636785468444681,0.0361297506383783,0.00019170251715361675
1601,1,1,0.047218884538959525,0.6963598271505635,0.2564212883104769
1602,0,0,0.9290071095630603,0.07061755963696587,0.00037533079997373125
1603,1,0,0.5839376594724449,0.4061887580546602,0.009873582472894804
1604,2,1,0.06297941957794473,0.8025936521040682,0.13442692831798697
1605,1,1,0.37686316726179625,0.5926696403363771,0.030467192401826517
1606,0,1,0.05479669085511588,0.6943497834480655,0.25085352569681857
1607,2,2,0.002123093488059248,0.17637717513155163,0.8214997313803891
1608,0,0,0.7742902094785287,0.22087775048926378,0.004832040032207628
1609,1,1,0.06625282651690945,0.7417010372080419,0.19204613627504855
1610,0,0,0.9415761417744243,0.05799356688377236,0.00043029134180337837
1611,1,1,0.3082101418907666,0.6677849692654867,0.024004888843746557
1612,0,0,0.8981771785645012,0.10139118318556113,0.0004316382499375652
1613,2,1,0.019341356343551868,0.5288597261981602,0.4517989174582878
1614,1,0,0.8474729385677934,0.15139400695647132,0.001133054475735274
1615,0,0,0.9806059001574814,0.019309276515829327,8.482332668923015e-05
1616,0,0,0.6820790684199983,0.3141763104105506,0.003744621169450988
1617,0,0,0.9701383000761066,0.02974099385347124,0.00012070607042212799
1618,0,1,0.23350567931322574,0.6372641611900158,0.12923015949675853
1619,1,1,0.02967480951973249,0.625771146677539,0.3445540438027284
1620,0,0,0.9415738570743888,0.05805312016578268,0.00037302275982865565
1621,1,1,0.4544440812773937,0.5270242728375013,0.018531645885105034
1622,0,1,0.4808222053939079,0.5034752750649931,0.015702519541098876
1623,1,1,0.1182062469572217,0.7353061272337911,0.14648762580898705
1624,0,1,0.30089509838880835,0.5996261783986913,0.09947872321250041
1625,2,1,0.15657338823512326,0.6510859922933679,0.19234061947150885
1626,0,0,0.9748165267697018,0.025132188359317457,5.1284870980761e-05
1627,1,1,0.2718055575287171,0.6233504801913298,0.10484396227995305
1628,1,0,0.9625325632640406,0.037354873712006194,0.00011256302395316023
1629,0,0,0.9137972182484809,0.0854021190861046,0.0008006626654145903
1630,2,1,0.024292987357245596,0.5478913430879595,0.42781566955479494
1631,0,0,0.6796642920040936,0.3135105709526338,0.006825137043272584
1632,1,1,0.12351070603863332,0.7718243159671797,0.10466497799418698
1633,2,1,0.039684593675466666,0.8428992419126391,0.1174161644118943
1634,2,2,0.00014336441635266704,0.031756612422706665,0.9681000231609406
1635,1,0,0.49171286982436585,0.4868377201793794,0.021449409996254866
1636,1,1,0.044692837232385804,0.7861269098187168,0.16918025294889744
1637,2,1,0.3335647163452195,0.5902097941347901,0.07622548951999035
1638,1,1,0.1512293796984913,0.5868004847765528,0.26197013552495585
1639,0,0,0.9869451212505569,0.012996033262173148,5.884548726994601e-05
1640,0,0,0.96417975736373,0.0357566237136803,6.361892258977271e-05
1641,0,0,0.9437193492764954,0.05600876968632412,0.00027188103718062427
1642,0,1,0.3110717519523643,0.6353102597039505,0.05361798834368517
1643,1,0,0.6546524927817735,0.3354129744843276,0.009934532733898858
1644,2,2,0.00937064972838709,0.35202182483545963,0.6386075254361533
1645,1,1,0.10838526693218173,0.6755896338194423,0.21602509924837604
1646,1,1,0.07531975028588116,0.6628899604095355,0.2617902893045832
1647,1,2,5.075107870656196e-05,0.02222440618729714,0.9777248427339964
1648,0,0,0.962218327561774,0.03764329945436956,0.0001383729838564495
1649,1,1,0.02371112514717187,0.5828121832719314,0.3934766915808967
1650,2,2,0.012968278892966981,0.4461860302601124,0.5408456908469206
1651,0,0,0.9845091561284668,0.015473356549151494,1.7487322381672177e-05
1652,1,1,0.44277674351069846,0.5247678245813011,0.03245543190800049
1653,1,1,0.13414871431292852,0.7526636631555969,0.11318762253147459
1654,1,1,0.03483111466136516,0.49127500934249946,0.4738938759961355
1655,0,0,0.7529786909000193,0.2448758524596392,0.0021454566403414036
1656,1,0,0.740047493121207,0.256349294594866,0.0036032122839270227
1657,0,0,0.512278449130365,0.4686964195691099,0.0190251313005251
1658,0,0,0.6306795189461387,0.3559252396902205,0.013395241363640738
1659,0,0,0.6086498831163107,0.38425782907003037,0.00709228781365899
1660,0,0,0.7111754717846608,0.28386955329645747,0.004954974918881619
1661,0,0,0.7735968021779185,0.22366627918150342,0.0027369186405780963
1662,1,2,0.0042254618147691755,0.2251561895284988,0.770618348656732
1663,0,0,0.9323958825894869,0.06720666367659553,0.00039745373391744687
1664,1,1,0.39915553118802655,0.5818747117409453,0.018969757071028222
1665,1,1,0.3010368723819468,0.5900953625531813,0.10886776506487197
1666,0,1,0.15447715245043708,0.6850032147459205,0.16051963280364237
1667,0,0,0.9948245725834081,0.0051672207809513775,8.206635640535323e-06
1668,2,1,0.017927876991479554,0.5157041959212816,0.4663679270872389
1669,2,2,6.898236249647793e-05,0.02752481138588338,0.9724062062516202
1670,0,0,0.8956238661095113,0.10301525383189021,0.0013608800585984781
1671,1,1,0.31690266120559396,0.6565009366291729,0.02659640216523302
1672,2,2,0.0013459397800524293,0.17930323130324685,0.8193508289167007
1673,2,1,0.14014189248532322,0.7741215728293999,0.08573653468527685
1674,0,0,0.726762656507153,0.2712561777753458,0.001981165717501285
1675,1,2,0.0016807269751462968,0.34350721708604015,0.6548120559388135
1676,1,1,0.07582172055570037,0.6765927576282105,0.24758552181608917
1677,1,1,0.14445703721211023,0.7021727710530544,0.15337019173483546
1678,0,1,0.29016341985586314,0.6797535381872596,0.030083041956877225
1679,1,0,0.5208151516329423,0.4689138440569729,0.010271004310084693
1680,2,1,0.14313169138910234,0.5226042113829338,0.3342640972279639
1681,0,0,0.9931361940395378,0.006856123598834196,7.682361628115574e-06
1682,1,2,0.022032691545887044,0.4398558522495501,0.5381114562045629
1683,1,0,0.5872511588159968,0.40133266536426687,0.011416175819736458
1684,1,1,0.4714368126160199,0.5210629772430476,0.00750021014093245
1685,1,1,0.1766203633438674,0.6990804014089282,0.12429923524720433
1686,0,0,0.9732795262158958,0.0266708774931461,4.9596290958235496e-05
1687,0,0,0.825873096903839,0.17225793393334468,0.0018689691628162772
1688,0,0,0.9805081802999596,0.01933964475136421,0.00015217494867631034
1689,1,1,0.23077986611216905,0.7152363131578069,0.053983820730024015
1690,0,0,0.8698356896715755,0.12931863160993795,0.0008456787184866416
1691,2,2,0.009715206245689108,0.4092997079261819,0.5809850858281289
1692,2,2,0.0016340490364726557,0.1048997854723681,0.8934661654911593
1693,2,1,0.03191515358606035,0.6534144941893179,0.31467035222462175
1694,2,1,0.02545796684100665,0.5942273051760253,0.380314727982968
1695,2,1,0.3558636597193234,0.531618040213922,0.11251830006675456
1696,2,1,0.033424568878294945,0.5161804126363777,0.4503950184853273
1697,0,0,0.9389724626434316,0.06084468850400872,0.0001828488525596028
1698,1,1,0.027353278819642612,0.5334685714129708,0.43917814976738656
1699,0,0,0.9920270498175452,0.007958478528953143,1.4471653501646763e-05
1700,1,1,0.3677741032926373,0.5882465830573991,0.043979313649963506
1701,2,1,0.026529050755326362,0.5881887739209876,0.3852821753236861
1702,2,2,5.8403966382533956e-05,0.046997995248302116,0.9529436007853154
1703,2,2,0.00013340555740473108,0.04117467672996921,0.9586919177126261
1704,2,1,0.08569420419133127,0.8353909007519658,0.07891489505670292
1705,0,0,0.9469032502056562,0.05291122010256461,0.0001855296917791488
1706,1,1,0.22565592858343875,0.6975457385557691,0.0767983328607923
1707,1,1,0.21770419333753152,0.6399969834503562,0.1422988232121124
1708,0,1,0.2779541157909796,0.680769666001821,0.04127621820719947
1709,1,1,0.26757322870226175,0.6438036770459016,0.08862309425183663
1710,1,1,0.04311592045762611,0.6116334745537164,0.34525060498865756
1711,0,0,0.7136854924392224,0.2806633123981335,0.005651195162644098
1712,0,0,0.8233036525946953,0.17427744624594158,0.0024189011593631652
1713,0,0,0.6218773638122175,0.3715632089096485,0.006559427278134054
1714,1,2,0.0024654546809265523,0.2878726214356576,0.7096619238834158
1715,0,0,0.9338648723495115,0.06579406768641728,0.00034105996407106165
1716,0,0,0.948911895968298,0.050774621362745645,0.00031348266895645763
1717,0,0,0.9638044174881206,0.03600983923740109,0.0001857432744782638
1718,1,1,0.39519774246702627,0.5853187719728263,0.019483485560147402
1719,0,0,0.8747875339309291,0.12396079359614211,0.0012516724729287822
1720,0,0,0.9967518197887826,0.0032466855393307147,1.494671886829286e-06
1721,2,1,0.10852735040363622,0.7693423453809715,0.12213030421539234
1722,1,0,0.640563599865203,0.3461446501142963,0.01329175002050086
1723,2,2,0.00039121560875871996,0.11009431912489479,0.8895144652663465
1724,0,0,0.9940180051670308,0.005971725399364736,1.0269433604522775e-05
1725,0,0,0.9988206994108455,0.0011786002919201913,7.002972343224443e-07
1726,0,0,0.9943849156830568,0.005611432713690866,3.6516032524359643e-06
1727,2,1,0.03124531227143293,0.7495832049590407,0.21917148276952644
1728,1,1,0.16772601899810555,0.789908539944275,0.042365441057619364
1729,0,0,0.8318493795535072,0.16753712769933635,0.0006134927471563352
1730,2,2,0.005021188023096084,0.3346427769988954,0.6603360349780086
1731,1,1,0.034616829864372256,0.67307470090531,0.2923084692303177
1732,1,1,0.3405920431996282,0.6246461288495355,0.034761827950836294
1733,1,1,0.0557206613923032,0.4780661454446732,0.46621319316302356
1734,1,1,0.01999049739553213,0.6680119019365715,0.3119976006678964
1735,0,0,0.8428703774237635,0.15340511036995697,0.0037245122062794663
1736,1,1,0.10854030585973068,0.6883746274370128,0.20308506670325635
1737,0,0,0.9839821736877151,0.01597482519724111,4.30011150438348e-05
1738,0,0,0.6664882758237887,0.3225804065603419,0.0109313176158695
1739,1,1,0.030286646823872533,0.6377330141186078,0.3319803390575197
1740,0,0,0.9868868298263841,0.013079013760453383,3.4156413162567096e-05
1741,0,0,0.9965392694071216,0.003458053512781844,2.6770800965128e-06
1742,0,0,0.8388619627034065,0.15887844701222392,0.002259590284369515
1743,1,1,0.27410116500638426,0.6658061792075575,0.06009265578605832
1744,1,2,0.007766786793633313,0.33223610887431526,0.6599971043320515
1745,0,1,0.3069890025572216,0.611157383282364,0.08185361416041444
1746,0,0,0.9528939277011553,0.046903501834065255,0.00020257046477953157
1747,2,2,3.251917497612221e-06,0.004300652664242264,0.9956960954182602
1748,1,1,0.2505862442062747,0.7060932865576639,0.04332046923606151
1749,2,1,0.05201588610773315,0.6580128849199322,0.2899712289723347
1750,1,0,0.7166701829188251,0.2794372175196092,0.0038925995615655697
1751,0,0,0.9040531128476311,0.09548449038733077,0.0004623967650382172
1752,1,1,0.4379013126175822,0.542748469143861,0.01935021823855678
1753,1,1,0.03867890853908153,0.5476803366358163,0.4136407548251021
1754,1,0,0.645277880625477,0.3506088762711037,0.004113243103419175
1755,0,0,0.997718151683075,0.002280451685973601,1.3966309513564468e-06
1756,0,0,0.7953503469506504,0.20146375664250132,0.0031858964068483147
1757,0,0,0.9929816800778399,0.007002434384476019,1.5885537684263498e-05
1758,1,0,0.6242224606398071,0.36919934638288165,0.006578192977311185
1759,0,0,0.7009068080375092,0.2933418231662835,0.00575136879620746
1760,1,0,0.5814953466097408,0.40214681723532875,0.016357836154930538
1761,0,0,0.7311706508596242,0.26411419182227774,0.004715157318098089
1762,0,0,0.9436803052751053,0.05571423461586306,0.0006054601090316627
1763,1,1,0.07628351155519514,0.6265918154583846,0.29712467298642026
1764,2,2,5.1153329745860604e-05,0.020251775585850475,0.9796970710844036
1765,0,0,0.9647944575048042,0.034972623921165194,0.0002329185740306812
1766,1,2,0.0037476924421303596,0.3986430546315824,0.5976092529262873
1767,0,1,0.25777330398712217,0.657361946631246,0.08486474938163174
1768,0,0,0.7959902047902124,0.20091983229320176,0.0030899629165858935
1769,2,2,3.8350551660615e-06,0.005292332694161404,0.9947038322506725
1770,0,1,0.2166613671877221,0.7440980220682041,0.039240610744073874
1771,0,0,0.7815484038065472,0.2140198738568071,0.004431722336645794
1772,2,2,9.551245536688026e-06,0.010552118317215923,0.9894383304372474
1773,1,0,0.5537643953552849,0.43791679234998365,0.008318812294731609
1774,1,2,0.0033794755679425544,0.30079174725423147,0.6958287771778261
1775,0,0,0.9862497280901144,0.013727969340227332,2.230256965822913e-05
1776,1,1,0.3249385280354478,0.6224921543809956,0.05256931758355655
1777,0,1,0.35451296580902086,0.620978329840127,0.024508704350852048
1778,2,1,0.028019355136414213,0.5888755426242919,0.3831051022392939
1779,1,1,0.06272998020523546,0.7130489938397092,0.22422102595505544
1780,2,1,0.0348714642546487,0.6113891961091469,0.35373933963620435
1781,0,1,0.17828890867954486,0.7710079137929153,0.05070317752753974
1782,0,0,0.9976157814878194,0.0023824563777987513,1.7621343820097396e-06
1783,1,1,0.4358608090166825,0.5444015267318465,0.01973766425147099
1784,2,1,0.10046277809400785,0.7523287007563694,0.14720852114962285
1785,0,0,0.9100712021060013,0.08913439866330912,0.0007943992306894973
1786,1,2,0.012831831264552897,0.41865623581657607,0.5685119329188711
1787,1,0,0.7731606625499997,0.22394154431512803,0.002897793134872407
1788,1,2,0.0026971126552929854,0.16814937033765132,0.8291535170070556
1789,0,0,0.7789843688758067,0.21627703233897325,0.0047385987852200705
1790,0,0,0.9539267748801908,0.04554055552109606,0.0005326695987132031
1791,0,0,0.5466134311354126,0.3974072544563742,0.05597931440821311
1792,0,0,0.9050104125324923,0.09419093587053683,0.0007986515969709676
1793,1,1,0.08191758589630299,0.7383207350764459,0.1797616790272511
1794,2,2,0.00013887252135516605,0.05684367824798635,0.9430174492306583
1795,2,2,0.00041992336397394923,0.11553735524808283,0.8840427213879432
1796,0,0,0.8888235295413295,0.11070460380161713,0.00047186665705340803
1797,0,0,0.7192971652849242,0.27791246924510854,0.0027903654699673003
1798,2,2,0.015225261018535824,0.4328484348916728,0.5519263040897914
1799,2,2,0.004168417932416637,0.23004621724082425,0.765785364826759
1800,1,0,0.8157979590401586,0.18175747440531426,0.002444566554527068
1801,0,0,0.9876496741395051,0.01233114930302091,1.9176557473760324e-05
1802,0,0,0.9967364543274468,0.0032614492120255577,2.0964605276397583e-06
1803,0,0,0.9905934931630126,0.009396154921089325,1.0351915898102306e-05
1804,1,1,0.07715745270486439,0.7939349209177542,0.12890762637738148
1805,0,0,0.6853636600837915,0.30911708681295397,0.0055192531032545785
1806,0,1,0.23195055164196163,0.6642413244454481,0.10380812391259023
1807,1,0,0.519100488659822,0.46999415204809686,0.010905359292081253
1808,2,2,0.0001534547536281113,0.0344597373302898,0.965386807916082
1809,0,0,0.804945593669789,0.19304460532772139,0.0020098010024894412
1810,0,0,0.9123735003029326,0.08686475937149442,0.0007617403255729033
1811,2,2,0.0008801137788253516,0.1671043885300355,0.8320154976911392
1812,2,2,0.003034902959001214,0.25474204425626507,0.7422230527847338
1813,0,0,0.8792963486350309,0.11979250551557698,0.0009111458493920113
1814,0,0,0.9736536098344429,0.02624871992172143,9.767024383570078e-05
1815,2,2,7.471567473325513e-06,0.009023904852992443,0.9909686235795342
1816,1,1,0.21500860085991627,0.702450521114354,0.08254087802572968
1817,1,1,0.08563711599346115,0.7097423141940724,0.20462056981246635
1818,2,2,0.00017501270865777105,0.14384911955639884,0.8559758677349434
1819,0,0,0.9657796202445519,0.03411451304206869,0.00010586671337947158
1820,1,1,0.2358375175786325,0.6143497623865872,0.14981272003478033
1821,1,1,0.0408097749078508,0.8889929744827827,0.07019725060936642
1822,2,1,0.03396249866712439,0.6707751371498619,0.2952623641830136
1823,2,2,3.9321405555445285e-06,0.0054923420095490776,0.9945037258498953
1824,0,0,0.9995263059662102,0.0004735935304343777,1.0050335534479352e-07
1825,2,2,0.0005711465038406563,0.11802771027263605,0.8814011432235233
1826,2,1,0.012207777833819914,0.5636159734600662,0.4241762487061138
1827,0,0,0.9894298077996181,0.010553892704468642,1.6299495913285098e-05
1828,0,0,0.6821454207733743,0.31389919310787273,0.003955386118753048
1829,1,1,0.04112217017235015,0.5730331907425124,0.3858446390851376
1830,0,0,0.999575559498369,0.0004243623076921049,7.819393892228725e-08
1831,0,0,0.9676472181960677,0.03232606100902145,2.6720794910749568e-05
1832,0,1,0.34290954020829423,0.6373098426761513,0.01978061711555443
1833,1,1,0.03634073952445092,0.685977634529689,0.27768162594585993
1834,1,1,0.018700383902119755,0.5828193854964945,0.3984802306013858
1835,0,0,0.9414214359550946,0.0583162304951742,0.0002623335497313087
1836,0,0,0.982245365812256,0.01773565603805975,1.8978149684263892e-05
1837,0,0,0.9504294105129397,0.04931556641073215,0.00025502307632829205
1838,1,1,0.3445129634935184,0.628790473204434,0.0266965633020477
1839,1,0,0.56324637993952,0.4238196970912135,0.012933922969266667
1840,1,1,0.10174137550441151,0.8129082959220418,0.08535032857354666
1841,2,2,0.011616944495825478,0.30153481940568055,0.686848236098494
1842,1,2,0.018124235688738985,0.4782351454490741,0.503640618862187
1843,1,1,0.032575748913580636,0.5136571819361968,0.4537670691502226
1844,0,0,0.8741420680522684,0.1251157986247363,0.0007421333229953361
1845,1,1,0.25034970248981303,0.6921473658485472,0.05750293166163976
1846,1,1,0.2034027343438723,0.7083247788162802,0.08827248683984755
1847,0,1,0.27106945255813564,0.6804436921791583,0.04848685526270606
1848,1,0,0.8112734422790011,0.18646668728665988,0.002259870434339149
1849,2,2,0.0004932139210659406,0.08259307469831537,0.9169137113806187
1850,0,0,0.8849391144674522,0.11416819555780267,0.000892689974744985
1851,1,0,0.9462766171792792,0.05350928362908376,0.00021409919163706297
1852,0,0,0.8552857924728897,0.14235875949619925,0.0023554480309110433
1853,0,0,0.9669792234278703,0.03290087296114232,0.00011990361098724466
1854,2,2,0.00520595233908688,0.12719731153646305,0.8675967361244501
1855,1,1,0.15258251278383994,0.695162213779186,0.15225527343697395
1856,0,0,0.8618058616859655,0.13593905692161476,0.00225508139241964
1857,0,0,0.9002851596254233,0.09899948764854963,0.0007153527260269777
1858,0,0,0.9990883138454477,0.0009112936199155713,3.9253463666536605e-07
1859,2,2,0.008290532278683734,0.35937416246685044,0.6323353052544657
1860,1,1,0.0982742489261615,0.7277653061635097,0.17396044491032883
1861,0,0,0.999273114414046,0.0007265079519845804,3.7763396942900967e-07
1862,1,1,0.18542074452359095,0.7226342900094672,0.09194496546694203
1863,1,0,0.5051825127406651,0.4858245361115678,0.008992951147767042
1864,1,1,0.03863182512243011,0.5528783962346693,0.4084897786429006
1865,0,0,0.9047959707039622,0.09470390555726722,0.0005001237387706245
1866,1,0,0.5612024624128072,0.4300731195411048,0.008724418046087968
1867,2,2,0.004290217781301972,0.4138730694723269,0.5818367127463712
1868,2,2,9.124775046378832e-05,0.020015893055594758,0.9798928591939415
1869,2,2,0.0002681466793495332,0.09324186624955558,0.9064899870710948
1870,2,2,0.004683346700404134,0.3283520432995495,0.6669646100000464
1871,2,2,0.00015052531436355294,0.060120236453543086,0.9397292382320933
1872,0,0,0.9576514566246396,0.04216245878166654,0.00018608459369377891
1873,1,0,0.879575912579736,0.11964370628257874,0.0007803811376853463
1874,0,0,0.5659019480497374,0.42766841464395444,0.0064296373063082325
1875,1,1,0.32286992014175026,0.627226193894398,0.049903885963851646
1876,2,2,0.00011482002223080968,0.02938197447396884,0.9705032055038004
1877,0,0,0.9119612613834095,0.08753856467176077,0.0005001739448297479
1878,0,1,0.2332008240671716,0.7107214047970964,0.056077771135731896
1879,0,0,0.982063953875104,0.017827995228404458,0.00010805089649154322
1880,1,1,0.1276846148508638,0.7157110945428874,0.15660429060624892
1881,1,0,0.7601781316693951,0.2338818117260326,0.005940056604572398
1882,0,0,0.9912210533123549,0.008773411773830054,5.5349138151546385e-06
1883,0,0,0.9139861583118896,0.08480540913579218,0.0012084325523182358
1884,1,1,0.052390809948235376,0.6772463770856079,0.2703628129661568
1885,2,1,0.05142926005559442,0.7377135895026073,0.21085715044179837
1886,1,1,0.03257326291879289,0.555075149638844,0.4123515874423631
1887,0,0,0.9699806222033325,0.029923900395268575,9.547740139893336e-05
1888,1,0,0.8308710811327964,0.1675877330927838,0.0015411857744199078
1889,0,0,0.6408783119678891,0.32347151717129385,0.03565017086081698
1890,1,1,0.37016749741276633,0.6095562570313995,0.02027624555583424
1891,1,1,0.3580417280459638,0.595480854347704,0.04647741760633217
1892,0,0,0.9349301775974876,0.0648596869144103,0.00021013548810197964
1893,0,0,0.9051177058091517,0.09398673215207307,0.0008955620387750801
1894,0,0,0.7262046353978148,0.268473222625232,0.005322141976953258
1895,2,2,0.00036323004164723777,0.056075691930579,0.9435610780277738
1896,1,0,0.6460003987612791,0.34538501737755406,0.00861458386116674
1897,0,0,0.9925938833987039,0.007397549087720153,8.567513576021274e-06
1898,1,0,0.8434483090134305,0.15525305324067573,0.0012986377458937893
1899,0,0,0.8617778587762697,0.13607203334672655,0.0021501078770036954
1900,0,0,0.8258560454978969,0.17329191131116137,0.000852043190941663
1901,0,1,0.44574267724612276,0.5421768742441659,0.012080448509711272
1902,1,1,0.23134580902516716,0.666528703143018,0.10212548783181478
1903,0,0,0.9921862708227305,0.007805958546201712,7.77063106780821e-06
1904,1,1,0.03035744868220551,0.6636218353275665,0.306020715990228
1905,1,1,0.1918590465749412,0.7247614594159939,0.08337949400906486
1906,0,0,0.9907488773127537,0.009238554604695193,1.2568082551085636e-05
1907,1,0,0.7106244929458729,0.2863606843669804,0.003014822687146632
1908,0,0,0.85462303474351,0.1443440268956879,0.0010329383608022383
1909,0,0,0.9277009029751022,0.07160650055604569,0.0006925964688519256
1910,0,0,0.8621255278087028,0.13646633802419122,0.0014081341671061836
1911,2,2,0.005620963678867611,0.23458330276200115,0.7597957335591312
1912,1,1,0.05842025963588376,0.7913631516004719,0.15021658876364435
1913,1,2,0.014384720199641638,0.4251855261299433,0.560429753670415
1914,1,1,0.05281067571804435,0.5703499424306048,0.37683938185135085
1915,2,2,3.712363126744092e-05,0.023566838018419845,0.9763960383503126
1916,2,2,0.0030705601717141455,0.1865536203617131,0.8103758194665727
1917,1,0,0.8426567681151231,0.15278572519366587,0.00455750669121098
1918,1,1,0.029642745509430243,0.6897344936066561,0.28062276088391375
1919,1,0,0.8967245253061091,0.10270872347374829,0.0005667512201424982
1920,2,2,0.0025543890795116414,0.2960421289780373,0.7014034819424511
1921,0,0,0.9542774122440929,0.04517452914408336,0.0005480586118236326
1922,0,0,0.5148470870776615,0.47568701198314106,0.009465900939197382
1923,1,1,0.252953158591281,0.6780049719852284,0.06904186942349066
1924,0,0,0.9577631986407897,0.042113609154210765,0.00012319220499938042
1925,2,1,0.09950260290552147,0.8027081829978963,0.09778921409658237
1926,0,0,0.8817031489437421,0.1176529802745153,0.0006438707817425505
1927,2,2,0.0004095769345697723,0.05036338650137423,0.949227036564056
1928,1,1,0.02870753857967988,0.7175071286683984,0.2537853327519218
1929,1,1,0.3215296569839572,0.6458380834403671,0.03263225957567573
1930,0,0,0.8910031191409493,0.10796327126220542,0.0010336095968451063
1931,2,2,0.007261498883857917,0.39951571686987414,0.593222784246268
1932,0,0,0.7997240240735976,0.1980057342358574,0.002270241690545059
1933,0,1,0.15668832319372053,0.7294574773439595,0.11385419946231994
1934,0,1,0.3893015293099065,0.57489502355887,0.035803447131223444
1935,0,0,0.9999577060433107,4.229056932202341e-05,3.387367151941105e-09
1936,2,2,0.0006200520041261861,0.08430745883288569,0.9150724891629881
1937,0,1,0.09866943093940356,0.7409727797413977,0.16035778931919875
1938,1,1,0.14691882214350502,0.7797702206703822,0.07331095718611295
1939,1,1,0.4255094491630271,0.551733533538946,0.02275701729802689
1940,1,1,0.035474512784723404,0.7390537297088612,0.2254717575064155
1941,2,2,0.00551219668324479,0.39537885896960384,0.5991089443471515
1942,1,1,0.01714096943550733,0.4915844122408313,0.4912746183236614
1943,1,1,0.15455669243882902,0.7187926050785602,0.12665070248261068
1944,0,1,0.24123027889113735,0.7134948261801547,0.04527489492870792
1945,2,1,0.058293766919657035,0.6612964278892156,0.28040980519112735
1946,1,1,0.18436185757762175,0.7392037534410332,0.07643438898134507
1947,1,1,0.023512158154501184,0.7226638047079157,0.2538240371375832
1948,0,0,0.9711644008882636,0.02865647899191338,0.00017912011982312568
1949,1,1,0.2266131535106994,0.6614315028193728,0.11195534366992775
1950,0,0,0.9775330067722395,0.022392779441674202,7.421378608620796e-05
1951,1,1,0.0725602088063951,0.78842189048083,0.1390179007127748
1952,0,0,0.9997137040060289,0.00028623882482658704,5.716914445665794e-08
1953,1,1,0.18796599825977478,0.6812811834295853,0.13075281831063998
1954,1,1,0.21892774997705475,0.6900143103326368,0.09105793969030838
1955,0,0,0.5918053569908549,0.3950870859371023,0.01310755707204291
1956,0,0,0.9978459173854289,0.002152098780966636,1.983833604578314e-06
1957,1,1,0.26234513371931545,0.6956134739871556,0.04204139229352889
1958,0,0,0.735071312579511,0.26106978798214386,0.00385889943834518
1959,1,2,0.019481306637499887,0.23043675843505257,0.7500819349274476
1960,2,2,0.003539253602560972,0.21490736183420156,0.7815533845632374
1961,1,1,0.26534877893214276,0.690966926038118,0.04368429502973908
1962,0,0,0.7831049518359182,0.21405686541705413,0.002838182747027629
1963,0,1,0.4695391765371479,0.5091555585643166,0.021305264898535462
1964,0,1,0.2820802484035609,0.6708817623189238,0.04703798927751526
1965,1,0,0.6603814627747777,0.3323241034831644,0.0072944337420579345
1966,0,0,0.6242903637418169,0.36704855346643056,0.008661082791752544
1967,0,0,0.9980478403942574,0.0019512908914882199,8.687142544791484e-07
1968,2,2,4.990053305671943e-08,0.0004893120223313824,0.9995106380771356
1969,1,1,0.09235067591568365,0.6719188968016876,0.23573042728262883
1970,0,0,0.9362131040903295,0.06347287718495911,0.00031401872471140786
1971,0,1,0.36731943179756343,0.5886804725944788,0.044000095607957715
1972,2,2,5.238822393722862e-05,0.02064639303096518,0.9793012187450976
1973,0,1,0.19763920579266442,0.7275955702417384,0.07476522396559719
1974,0,0,0.9907890010924129,0.009194835260710217,1.6163646876790016e-05
1975,0,1,0.30356731089748396,0.6628387979940396,0.03359389110847644
1976,0,0,0.9993874297610867,0.0006121099630930936,4.6027582005388286e-07
1977,0,0,0.9431110872283047,0.05658323386079417,0.00030567891090092905
1978,1,1,0.05218984173471541,0.7268274695238204,0.22098268874146418
1979,0,0,0.9923193615869141,0.007669962506593478,1.0675906492403148e-05
1980,1,0,0.590912807838733,0.37596645672589085,0.03312073543537615
1981,1,1,0.3235123658815974,0.6248840315385619,0.05160360257984072
1982,0,0,0.8761489923206082,0.12332612914797415,0.0005248785314176685
1983,0,0,0.9982039079148407,0.0017952356111344179,8.564740248064379e-07
1984,0,0,0.9319669008625586,0.0676605478549137,0.00037255128252776723
1985,2,1,0.02330813452492504,0.5930705415052158,0.3836213239698592
1986,1,0,0.8818401437890719,0.11676164904307462,0.0013982071678534617
1987,0,0,0.6309468635644782,0.3504818533365061,0.01857128309901557
1988,1,1,0.03795446242765825,0.7180699721741208,0.24397556539822088
1989,0,0,0.4984665802799016,0.48971747556584466,0.01181594415425372
1990,2,2,0.00020352112390003532,0.050471389417996164,0.9493250894581038
1991,2,2,0.009745874371254697,0.48780782398689554,0.5024463016418497
1992,2,2,0.00583303391977765,0.17913133541499981,0.8150356306652226
1993,0,0,0.9808198576917928,0.01914068219231491,3.94601158921937e-05
1994,0,0,0.9848267872661425,0.015157908754640514,1.530397921701194e-05
1995,2,1,0.1503871037933659,0.6966772178762334,0.15293567833040067
1996,0,0,0.7270660372413833,0.26920294702760594,0.0037310157310106486
1997,0,0,0.9180929184100537,0.08136949078719366,0.0005375908027525523
1998,1,0,0.9147803427261261,0.0849047021966387,0.0003149550772351
1999,0,0,0.7522589299617282,0.2424761321340357,0.00526493790423606
2000,0,0,0.9587186283557946,0.04113627223723714,0.00014509940696825913
2001,0,0,0.9988440118253981,0.001155075404527057,9.127700748685941e-07
2002,2,2,0.00010128642759595487,0.04340753551901363,0.9564911780533906
2003,1,1,0.10259598041635798,0.7040830285106316,0.19332099107301048
2004,0,0,0.6902051660633258,0.30511528882946115,0.004679545107213042
2005,1,1,0.056358248701665246,0.78525129946961,0.1583904518287247
2006,1,1,0.030354691778693498,0.6394981263479711,0.3301471818733354
2007,0,0,0.9738089579964646,0.026139533153408993,5.150885012634469e-05
2008,1,0,0.7763491883499075,0.22004751865278108,0.003603292997311483
2009,1,1,0.1803463027241745,0.7259845734088828,0.09366912386694265
2010,2,2,0.001383131354318272,0.13973142951841652,0.8588854391272652
2011,1,1,0.042421485990854095,0.577602881600879,0.379975632408267
2012,0,0,0.944517059131602,0.055335326502951976,0.00014761436544594088
2013,0,0,0.6261419426817667,0.37149952777342093,0.002358529544812423
2014,0,1,0.46654191898309216,0.5139583846410173,0.019499696375890517
2015,0,0,0.5662048194921913,0.42315504173792234,0.010640138769886395
2016,0,0,0.8605076876966796,0.13684760282786754,0.002644709475452977
2017,0,0,0.9389684040413799,0.06085097435463969,0.0001806216039804211
2018,0,0,0.8882785412461593,0.11137378577460083,0.00034767297923981764
2019,1,1,0.3912795005801951,0.5888872814970533,0.019833217922751636
2020,0,0,0.543547187910242,0.439971820374329,0.01648099171542881
2021,0,0,0.5025713611987829,0.48727167488321993,0.010156963917997234
2022,1,1,0.04152450203199224,0.5936301859948795,0.3648453119731282
2023,1,2,0.004519660492943772,0.28760413524027006,0.7078762042667861
2024,2,1,0.05170102102667933,0.6954072554811996,0.252891723492121
2025,1,1,0.09197480273689539,0.7752324154118233,0.1327927818512813
2026,1,1,0.010079639589219772,0.5095901854215653,0.48033017498921493
2027,1,0,0.4935136638747805,0.48469327504055715,0.02179306108466241
2028,1,1,0.3105763876438556,0.6030658478567749,0.0863577644993696
2029,1,1,0.18016315714462705,0.7220674219046265,0.09776942095074655
2030,0,0,0.7579430870135361,0.23976360502418828,0.002293307962275578
2031,1,2,0.0005343414994892929,0.04335600693869265,0.9561096515618182
2032,0,0,0.8519430133684651,0.14628285570054836,0.0017741309309867212
2033,0,0,0.9919279190191106,0.008062201763559368,9.87921732999041e-06
2034,1,1,0.39540411416799515,0.5886339100062479,0.01596197582575686
2035,0,0,0.8617008501854478,0.13426492364895154,0.004034226165600682
2036,0,0,0.9994428032038182,0.0005569380181664132,2.5877801545793766e-07
2037,1,1,0.07353716698018001,0.6884161235950896,0.23804670942473044
2038,2,2,0.0006546981236988285,0.10687546523994067,0.8924698366363606
2039,0,0,0.7856845427908885,0.21284409618767478,0.0014713610214367012
2040,0,0,0.6601331167005594,0.33674883746253625,0.003118045836904313
2041,1,1,0.061325609923650055,0.6641612030998051,0.2745131869765448
2042,1,0,0.5635580692788377,0.42862582760806134,0.007816103113100999
2043,0,0,0.7678471399718926,0.23041620703991966,0.0017366529881876751
2044,0,0,0.9794706580337503,0.02048612242702947,4.321953922022259e-05
2045,1,1,0.256919203909622,0.6891847322754359,0.053896063814942136
2046,0,1,0.3898498850064149,0.5840876753690065,0.02606243962457854
2047,0,0,0.8080867195368016,0.1879487394475326,0.0039645410156660685
2048,1,1,0.07434525497110454,0.7263843214533401,0.19927042357555527
2049,1,2,0.021967624512774824,0.4160848536811671,0.5619475218060581
2050,2,2,0.002718897546605667,0.23728676954675326,0.7599943329066411
2051,0,0,0.9205967039551999,0.07885027134380325,0.0005530247009969652
2052,1,1,0.10862603936017345,0.6912313641180974,0.2001425965217291
2053,2,2,0.00033425781723976856,0.1322184661122077,0.8674472760705526
2054,1,1,0.1310232317850292,0.7824947789045877,0.08648198931038302
2055,0,0,0.9997851374171228,0.00021481964392582926,4.293895156957546e-08
2056,0,0,0.9695037321982423,0.030373825605146617,0.0001224421966113168
2057,2,2,0.00021719093777366306,0.059921165332796913,0.9398616437294295
2058,0,0,0.9923593694521263,0.007625524925213619,1.5105622660030634e-05
2059,2,2,0.00014344748046909222,0.05318064380741104,0.9466759087121199
2060,0,1,0.02825987599414812,0.6150647367618146,0.35667538724403736
2061,0,0,0.9732525440617225,0.026669539824591176,7.791611368641222e-05
2062,2,1,0.20094007337725997,0.6943343679887256,0.1047255586340143
2063,1,1,0.12619402068317706,0.7616542235120166,0.11215175580480626
2064,0,0,0.996779346440276,0.003217745029604417,2.908530119520922e-06
2065,1,1,0.02296057039242387,0.7618415899768816,0.21519783963069455
2066,0,0,0.989387593585036,0.01059326066468691,1.9145750277162386e-05
2067,0,0,0.9611465830452621,0.03869859529876463,0.00015482165597321558
2068,0,1,0.3301180177712063,0.6563743135077774,0.013507668721016343
2069,0,0,0.9476027601394444,0.05207205532412363,0.00032518453643192087
2070,0,0,0.9762408350173404,0.023704262334311325,5.490264834841492e-05
2071,0,0,0.993811206856527,0.006180127256668766,8.665886804471903e-06
2072,1,2,0.017241785997835192,0.36426836583880445,0.6184898481633603
2073,1,2,0.021713908337972737,0.3691217849370932,0.609164306724934
2074,0,0,0.5740399706638555,0.4161489784454867,0.0098110508906578
2075,0,1,0.20334393129947076,0.7530882663131142,0.04356780238741488
2076,0,0,0.9948732576437549,0.005121879132300561,4.863223944557448e-06
2077,0,0,0.999060471593288,0.0009393081118284907,2.2029488360584124e-07
2078,2,2,2.6312993050768428e-08,0.00043983249251861224,0.9995601411944884
2079,0,0,0.9614900378266618,0.03842935157658301,8.061059675517509e-05
2080,0,0,0.603834704867657,0.39393932877129817,0.002225966361044877
2081,0,0,0.687269610607178,0.3082290648967236,0.004501324496098394
2082,2,2,0.00024286717211529396,0.09783421357034944,0.9019229192575353
2083,0,0,0.7140725753716383,0.27984048684161594,0.006086937786745895
2084,1,1,0.041877848896902464,0.7437248519142542,0.21439729918884334
2085,0,0,0.7651622975000303,0.23229142110005732,0.0025462813999124314
2086,1,1,0.04959022224279001,0.626760878782636,0.32364889897457405
2087,0,0,0.8503004163895784,0.14849513488746885,0.001204448722952715
2088,0,0,0.936059738037032,0.06372969225378836,0.0002105697091796476
2089,0,0,0.9897661081327386,0.010212788731638875,2.110313562235562e-05
2090,2,2,0.0024515341467842558,0.2402993925116717,0.7572490733415439
2091,1,1,0.1124125685930971,0.7426445971581903,0.14494283424871254
2092,1,1,0.19220651798810623,0.7432595391821996,0.0645339428296942
2093,2,2,0.0011548949323117702,0.155373981960843,0.8434711231068452
2094,2,1,0.0069307469920241215,0.5734627347533067,0.41960651825466916
2095,0,1,0.3470388117802099,0.6307916663313652,0.022169521888424984
2096,2,2,0.004955485998577055,0.2988658231989351,0.6961786908024878
2097,0,0,0.9931033927169926,0.006887410210904044,9.19707210334329e-06
2098,1,1,0.4313753299113194,0.528253572348497,0.04037109774018367
2099,1,0,0.5490860966103015,0.4312423491051599,0.019671554284538536
2100,1,1,0.3794596271085746,0.54561235954716,0.07492801334426547
2101,1,1,0.2744663344323402,0.6102891466061373,0.11524451896152248
2102,0,0,0.7411312846435436,0.2542043273628726,0.004664387993583844
2103,1,1,0.22523625102501643,0.717498570993725,0.05726517798125846
2104,1,1,0.029013686458016368,0.565141237184695,0.4058450763572887
2105,0,0,0.917487362536186,0.08191708220734491,0.0005955552564692088
2106,0,0,0.6671214317287011,0.32810818684647725,0.0047703814248217695
2107,0,0,0.9973474936344464,0.0026503272777641616,2.1790877895109346e-06
2108,2,1,0.05321638719649697,0.6139806612156024,0.33280295158790074
2109,1,0,0.569851456378136,0.3718656434955219,0.05828290012634216
2110,1,1,0.07978525596213595,0.6531960715901219,0.2670186724477422
2111,2,1,0.05306693238839002,0.5691283710661063,0.3778046965455036
2112,1,1,0.0930261076713373,0.7869769775141425,0.11999691481452004
2113,0,1,0.3379271169460044,0.6186846820848299,0.043388200969165805
2114,1,2,0.0075900807736456145,0.384343602843892,0.6080663163824624
2115,0,0,0.997919045621624,0.0020796905629736832,1.2638154023114469e-06
2116,1,1,0.09947719364143177,0.740551971970213,0.15997083438835516
2117,2,2,6.986895928783418e-07,0.0027113496389654587,0.9972879516714417
2118,0,0,0.9521292238236944,0.047183164476571914,0.0006876116997337108
2119,1,1,0.11885436942558125,0.7582880645580323,0.12285756601638642
2120,1,1,0.4137343499139628,0.5592163415430799,0.027049308542957395
2121,0,0,0.9517363427919902,0.04803449356811598,0.00022916363989390832
2122,1,1,0.13517256448971157,0.713524373666675,0.1513030618436134
2123,1,1,0.07804008333165553,0.7857899041888332,0.13617001247951122
2124,2,2,0.0003103376452120704,0.07673411038592287,0.9229555519688651
2125,0,0,0.9802617366534877,0.019698197147512305,4.006619900001115e-05
2126,0,0,0.6486333429123355,0.34674379610024453,0.004622860987419987
2127,0,0,0.8705250692003886,0.1276868486441002,0.001788082155511255
2128,0,0,0.8165870355346362,0.18219019268864226,0.0012227717767214193
2129,0,0,0.9706379467257764,0.029310254013954422,5.179926026904528e-05
2130,2,2,0.00150509981373959,0.2621416074153137,0.7363532927709466
2131,2,2,0.0017514109375337964,0.14124618003624803,0.8570024090262182
2132,2,2,0.0010847045209969898,0.1760015105592774,0.8229137849197257
2133,1,1,0.3043321727671049,0.5991409289091306,0.09652689832376458
2134,0,0,0.9196016152083567,0.07981700475069793,0.0005813800409453034
2135,0,0,0.5756972303669038,0.4137779354698063,0.010524834163289896
2136,1,1,0.05137827584767608,0.6549878294599575,0.2936338946923664
2137,1,1,0.0996403602478955,0.7137915711837358,0.1865680685683687
2138,0,1,0.37003152812595935,0.5980732656049162,0.03189520626912437
2139,1,0,0.6777007883148577,0.3139249199987854,0.008374291686356944
2140,1,1,0.06447014534127875,0.7591064664223266,0.17642338823639467
2141,1,1,0.28897704574775307,0.6939983539030992,0.017024600349147843
2142,0,0,0.962303348105945,0.03760398632402073,9.266557003438502e-05
2143,1,1,0.3652241197600981,0.604744571809605,0.03003130843029702
2144,1,1,0.3086722531000074,0.6189548043886219,0.07237294251137072
2145,2,2,0.003911507712057407,0.22829135381208096,0.7677971384758616
2146,1,0,0.5660025895576636,0.42574458870025117,0.008252821742085158
2147,1,1,0.019495189186616274,0.5841803843914524,0.39632442642193144
2148,1,1,0.05090327486620753,0.8289732409877761,0.12012348414601633
2149,0,0,0.8182550828659001,0.17883288196151878,0.002912035172580991
2150,1,1,0.16159502046264423,0.7939918328355168,0.04441314670183906
2151,1,1,0.18483252751879944,0.719620713846097,0.09554675863510344
2152,0,0,0.995752861963023,0.004241214431507356,5.923605469644736e-06
2153,0,1,0.15941444770056715,0.7007891326197434,0.13979641967968948
2154,1,1,0.12235517647505272,0.723119732714525,0.15452509081042226
2155,0,0,0.8032393319256914,0.19508885280789345,0.001671815266415052
2156,2,1,0.011178685118096308,0.49599097353419636,0.49283034134770726
2157,1,1,0.09348259878485708,0.7126135337053148,0.19390386750982816
2158,0,0,0.736185283291645,0.25542784932061635,0.008386867387738667
2159,0,0,0.9277949346029702,0.07166587003830832,0.0005391953587212972
2160,1,1,0.143620382504586,0.7582668937400872,0.09811272375532686
2161,2,2,0.0006099118342477688,0.06866369953661211,0.9307263886291401
2162,1,1,0.08392340161492194,0.7040330184368951,0.21204357994818296
2163,2,2,0.0016525872213735873,0.20848398627268855,0.789863426505938
2164,2,1,0.03808023637286769,0.6248704540197432,0.33704930960738905
2165,0,0,0.9061016948979137,0.09362860584025583,0.00026969926183042695
2166,1,1,0.030088846743694168,0.5048290053242879,0.4650821479320179
2167,0,0,0.7848486851558807,0.21363136572306796,0.0015199491210514335
2168,2,2,0.01552087689498068,0.33724892720369865,0.6472301959013207
2169,2,2,0.012352975014898532,0.3730366948136725,0.6146103301714291
2170,2,1,0.05854503899214112,0.5512827619823794,0.39017219902547956
2171,2,2,0.000296900226558823,0.058619962657851236,0.94108313711559
2172,1,0,0.505886488669295,0.48830927385020356,0.005804237480501308
2173,2,2,0.0003753303693206605,0.12475211064074872,0.8748725589899307
2174,1,1,0.1101238507500127,0.7869915147174166,0.10288463453257081
2175,0,1,0.33290905143543864,0.6455909858269806,0.021499962737580938
2176,1,1,0.08485529129600328,0.7332807526550914,0.1818639560489054
2177,1,1,0.08081157026846032,0.630570166727197,0.28861826300434273
2178,0,0,0.682040486048605,0.3105539460978046,0.0074055678535903955
2179,0,0,0.7363738921108228,0.25969269104530934,0.0039334168438676965
2180,0,0,0.7804864771622124,0.21690427073715396,0.002609252100633551
2181,1,1,0.3129677764682916,0.5759400244349738,0.11109219909673451
2182,0,0,0.9630603064063007,0.036605950565851066,0.00033374302784823864
2183,1,1,0.013262461592248495,0.5614275035367763,0.4253100348709752
2184,0,0,0.9996954811181586,0.0003044461666181459,7.271522320967767e-08
2185,0,0,0.9917676371449349,0.008207620139588827,2.4742715476191166e-05
2186,0,1,0.4201336026034143,0.5681149547424829,0.011751442654102896
2187,1,1,0.23424210023533268,0.6948477068124681,0.0709101929521992
2188,2,2,0.0011388116631181006,0.15226660789475877,0.8465945804421232
2189,1,1,0.1660676758419726,0.6329049057027268,0.20102741845530053
2190,0,0,0.8097628545064773,0.18595939429743055,0.004277751196092116
2191,2,1,0.06075256825686267,0.6928003851903881,0.2464470465527493
2192,1,1,0.2123541111672047,0.7242605119456317,0.06338537688716371
2193,0,0,0.9724518118642044,0.02748775873641207,6.0429399383647424e-05
2194,2,2,0.0033144527758955673,0.22337788104839593,0.7733076661757085
2195,0,0,0.9787250253732362,0.02120300438992393,7.197023683978642e-05
2196,1,0,0.5874377833480255,0.40605294704239847,0.0065092696095760075
2197,1,1,0.13720471623595148,0.7373184878250264,0.1254767959390222
2198,1,1,0.3257460546495127,0.6302390699446012,0.044014875405886195
2199,0,0,0.5602342074254555,0.42778219527939376,0.01198359729515085
2200,2,2,0.012320369148839737,0.3548529503588323,0.6328266804923279
2201,2,2,0.0002006263485676865,0.04021216000167403,0.9595872136497583
2202,0,0,0.8309014171871786,0.16521211659479385,0.003886466218027638
2203,1,1,0.052153507603097345,0.6895227056093707,0.25832378678753204
2204,1,0,0.6067858658655442,0.3896465389015585,0.003567595232897388
2205,0,1,0.3459731163233839,0.6314028602500416,0.022624023426574498
2206,0,1,0.061722163755406186,0.6975043965418984,0.2407734397026955
2207,2,2,0.014568322378441924,0.47080773203508935,0.5146239455864687
2208,1,1,0.05081221436545794,0.5217867234994795,0.4274010621350625
2209,0,0,0.5183745799476276,0.46872343345420436,0.012901986598168096
2210,0,0,0.9412406609079301,0.05843607247354582,0.0003232666185239737
2211,0,0,0.9746185217875052,0.025281468551996738,0.00010000966049813219
2212,0,0,0.9998236288227172,0.00017633186483597413,3.931244666168939e-08
2213,2,1,0.019620063682737967,0.6278923691050594,0.3524875672122025
2214,0,0,0.989637006134193,0.010354108346624839,8.885519182198668e-06
2215,1,1,0.20092780131505275,0.7128483990667913,0.08622379961815597
2216,0,0,0.947514530127909,0.052248858929898626,0.00023661094219234384
2217,0,0,0.9090509212553639,0.09053307049809373,0.0004160082465423426
2218,0,0,0.9885717783460535,0.011389311570756767,3.8910083189813475e-05
2219,1,1,0.32103474636617685,0.6283136524626282,0.05065160117119495
2220,2,2,0.000267816369782946,0.03332488666889469,0.9664072969613222
2221,2,2,2.105967775544069e-05,0.014621452753051736,0.9853574875691928
2222,1,1,0.1567165817506553,0.7555873528969623,0.08769606535238238
2223,0,0,0.9801501215521916,0.01976922515134866,8.065329645962616e-05
2224,0,1,0.4315934588682656,0.5488718484026417,0.019534692729092695
2225,2,2,0.00022121547792458224,0.03744568270757914,0.9623331018144963
2226,0,1,0.3668230862475306,0.5903118680560352,0.04286504569643437
2227,1,1,0.026833440628195544,0.49274198956991366,0.48042456980189086
2228,1,1,0.03243827678236327,0.6670347555927617,0.30052696762487513
2229,0,0,0.9856946295530106,0.01427914616862182,2.622427836748215e-05
2230,1,0,0.5813887738543548,0.4092552034671959,0.009356022678449254
2231,2,2,3.06230096748504e-05,0.024490003737863843,0.9754793732524614
2232,2,2,1.290113893087468e-05,0.005488426603820397,0.9944986722572486
2233,2,2,0.0014173925301384797,0.19696592839373236,0.8016166790761291
2234,0,0,0.9932368268837691,0.006754340102135538,8.833014095153064e-06
2235,1,0,0.5160491959283484,0.47324969885934476,0.010701105212306746
2236,0,0,0.9546570904045766,0.045221863404591764,0.0001210461908316969
2237,1,1,0.06513423836419416,0.6929981702240681,0.24186759141173775
2238,0,0,0.9411107080490759,0.05819213100940754,0.0006971609415166013
2239,0,0,0.9423109566602842,0.05743717734772708,0.0002518659919885555
2240,0,1,0.19771228330503401,0.6593734870127882,0.1429142296821777
2241,0,0,0.9709010343190435,0.028969599271153022,0.00012936640980349548
2242,0,1,0.10562611322496629,0.6417953238202103,0.25257856295482334
2243,2,1,0.04147605948643161,0.6952872735628769,0.26323666695069153
2244,2,1,0.021316714924198395,0.49452829330415493,0.4841549917716468
2245,2,1,0.030855269591214672,0.5623195544705785,0.40682517593820683
2246,0,0,0.9972437829489667,0.002754524066833805,1.692984199510059e-06
2247,1,1,0.011649872346159058,0.4954882699358205,0.4928618577180204
2248,0,0,0.9955428536112321,0.004452927282209503,4.219106558474492e-06
2249,0,1,0.14180460814407,0.6791306439149682,0.17906474794096183
2250,2,2,0.00427172261878749,0.35465376872464793,0.6410745086565646
2251,1,0,0.6704359247456428,0.32148113536249984,0.00808293989185746
2252,0,0,0.6610218028999464,0.32995891189820253,0.009019285201851017
2253,1,0,0.5091063963632142,0.4612306089928179,0.02966299464396796
2254,1,1,0.02327694545680394,0.617066176951625,0.359656877591571
2255,0,0,0.8531902823242588,0.14365326477511342,0.003156452900627912
2256,0,0,0.7636264942149529,0.23435584666524917,0.0020176591197979994
2257,2,2,0.012730406128056305,0.44415139156554,0.5431182023064037
2258,1,1,0.08367597873662111,0.7263587794554268,0.1899652418079521
2259,2,2,1.3005335624287302e-06,0.005316197544395824,0.9946825019220418
2260,1,1,0.2830519596314554,0.6599580384490438,0.05699000191950085
2261,0,0,0.9666436640461576,0.03328903741485931,6.729853898294383e-05
2262,0,0,0.9442903566229722,0.0555103124137738,0.00019933096325394642
2263,2,2,0.0009860649436518837,0.21168815389560647,0.7873257811607416
2264,0,1,0.2652701308193285,0.6886362478511822,0.0460936213294893
2265,0,0,0.9996511239701822,0.00034882295121299334,5.307860492047565e-08
2266,0,0,0.995395221420468,0.004600806530470192,3.972049061833512e-06
2267,0,0,0.9184142526202999,0.08142908923771494,0.00015665814198506642
2268,0,0,0.8260237336709116,0.17246744619379117,0.0015088201352970979
2269,0,0,0.9771479493935294,0.022820920043282355,3.113056318817552e-05
2270,0,0,0.9991907514258763,0.0008085904342729294,6.581398507514701e-07
2271,0,0,0.6889335727535767,0.3085113578172828,0.002555069429140527
2272,0,0,0.9764987277050706,0.02340853642646259,9.273586846690146e-05
2273,2,2,5.743593079860492e-05,0.026694930441544366,0.973247633627657
2274,0,0,0.9778733445899538,0.022099512025789893,2.7143384256493236e-05
2275,0,1,0.38216770975832043,0.6015836934252825,0.016248596816397134
2276,0,0,0.9896902641568702,0.010300818149038611,8.917694091173056e-06
2277,1,1,0.26383046670256544,0.664993712188095,0.07117582110933965
2278,1,0,0.6439840222939148,0.34852196818746134,0.00749400951862385
2279,0,0,0.9969097356958273,0.0030879809554172966,2.2833487555017456e-06
2280,0,0,0.7507375729904519,0.2271844936953982,0.022077933314150058
2281,0,0,0.9763995090964309,0.023545878175288734,5.461272828055044e-05
2282,0,0,0.9982422462304228,0.0017563407068716126,1.4130627057312848e-06
2283,0,0,0.9991263725567424,0.0008730513316728864,5.761115847978895e-07
2284,0,0,0.850134124937874,0.14671372797484344,0.0031521470872825225
2285,0,1,0.44591824367250577,0.5112476414596758,0.04283411486781841
2286,0,0,0.7300686949720524,0.26464850581340127,0.005282799214546256
2287,1,0,0.5071385547628308,0.47525748775389687,0.017603957483272318
2288,2,2,0.01068243815564037,0.3604524243644641,0.6288651374798956
2289,0,1,0.14809997993064802,0.7939084675894548,0.05799155247989721
2290,0,0,0.9182588252848126,0.08129804988251962,0.000443124832667682
2291,0,0,0.9156500691167505,0.08331258605068544,0.0010373448325639925
2292,2,2,7.152943283473554e-05,0.026076615894766744,0.9738518546723984
2293,0,0,0.9998928137806992,0.00010716099986674044,2.521943395853062e-08
2294,2,2,5.1939740510581096e-05,0.021236712450017143,0.9787113478094723
2295,1,1,0.05386288362345721,0.7317857773258024,0.21435133905074033
2296,2,1,0.15984829690489508,0.7811807147532976,0.05897098834180723
2297,1,2,0.010770916017817286,0.470767634808616,0.5184614491735666
2298,0,0,0.8930289442438536,0.10530576331073213,0.0016652924454142312
2299,0,0,0.7179956118134123,0.27913993364764933,0.002864454538938301
2300,2,2,0.01123959888498157,0.43662957107422146,0.5521308300407971
2301,0,0,0.696000429458746,0.2999460943675309,0.004053476173723126
2302,0,0,0.9227294107433416,0.07650222611417767,0.0007683631424807219
2303,1,1,0.2883898767140024,0.6644298022759414,0.047180321010056064
2304,1,1,0.2517370904028001,0.608291315749061,0.13997159384813893
2305,1,2,0.004812574670368736,0.3196220295409337,0.6755653957886976
2306,1,1,0.03825804274975612,0.7408987352814942,0.2208432219687496
2307,1,1,0.05284201504748642,0.7339341845014336,0.2132238004510799
2308,0,0,0.49643233192812386,0.48983666874658405,0.013730999325292046
2309,0,0,0.9552291663198037,0.04465803258286832,0.00011280109732809456
2310,0,0,0.9198215693327397,0.07995609683903769,0.00022233382822273658
2311,0,0,0.9964233431050515,0.0035701237782167594,6.5331167318921264e-06
2312,0,1,0.09876485334760288,0.5570397584741814,0.34419538817821566
2313,0,0,0.5722390116589507,0.4197937241104422,0.00796726423060698
2314,1,1,0.20519934932479444,0.7198197148572542,0.0749809358179514
2315,0,0,0.939432987609205,0.060386059791155876,0.00018095259963916
2316,0,1,0.19623667820827037,0.7604253317611551,0.04333799003057462
2317,1,1,0.27120988270008073,0.7103555869978151,0.018434530302104197
2318,1,1,0.08928932386052008,0.8207004323260588,0.0900102438134212
2319,0,0,0.7648610620162599,0.23276734214660105,0.0023715958371390337
2320,0,0,0.9653067564686105,0.03444517897303225,0.000248064558357113
2321,2,2,8.34888439856696e-06,0.009750808914075896,0.9902408422015255
2322,2,2,0.01314444716026752,0.46531586348846465,0.5215396893512678
2323,1,0,0.8488084423745417,0.14807548914121313,0.0031160684842451965
2324,0,0,0.9613875770549337,0.038436610018600985,0.00017581292646528547
2325,1,1,0.4903737743646567,0.49902528644103455,0.010600939194308727
2326,0,0,0.8921828481285232,0.10705902755587303,0.0007581243156036288
2327,0,0,0.9521805291827357,0.04761467610140833,0.00020479471585594343
2328,0,0,0.716177962744865,0.27960207024360684,0.004219967011528194
2329,2,2,0.0002108792735373074,0.054559380379283144,0.9452297403471797
2330,0,0,0.9737317595952079,0.026111510660721204,0.00015672974407081257
2331,0,0,0.9207449535440739,0.07854540333656483,0.0007096431193611409
2332,0,0,0.8453868833551434,0.1525018124081515,0.002111304236704975
2333,1,1,0.033325088242632375,0.5803613223765011,0.3863135893808666
2334,0,0,0.9998368297865379,0.00016313650466539813,3.3708796616247825e-08
2335,1,1,0.2788333227135192,0.6773916594732058,0.043775017813275134
2336,2,2,1.6212163232307638e-06,0.0018860900889495372,0.9981122886947273
2337,0,0,0.8368018162318421,0.16237875607595598,0.0008194276922019163
2338,2,2,8.440026125584495e-05,0.03376407568066162,0.9661515240580825
2339,0,1,0.3441105378746236,0.5814764585800068,0.07441300354536948
2340,1,1,0.2654576851227891,0.6838662006735325,0.05067611420367815
2341,0,0,0.8582117666440285,0.14099914501020838,0.0007890883457630396
2342,1,0,0.7867043786779001,0.2050818076514668,0.008213813670633117
2343,1,0,0.6518259559971424,0.33825964989468404,0.00991439410817359
2344,1,0,0.6859374721751837,0.308217243536717,0.005845284288099308
2345,0,1,0.20570294604806083,0.7609795874581365,0.03331746649380263
2346,0,0,0.972617060181411,0.02732212244096406,6.081737762496653e-05
2347,1,2,0.003846518003633173,0.2165107368554673,0.7796427451408995
2348,2,2,0.00216692793991214,0.24556468985129928,0.7522683822087887
2349,2,2,0.0011459716943559692,0.18682549913168675,0.8120285291739572
2350,1,0,0.6943947658495025,0.3024277481131099,0.0031774860373875525
2351,0,0,0.983413423607956,0.016517729376107047,6.884701593693835e-05
2352,1,1,0.3413004360598093,0.6287961778804085,0.02990338605978204
2353,1,1,0.023135919072752874,0.6845396688543862,0.2923244120728609
2354,0,1,0.13296605793515665,0.7438336235685828,0.12320031849626042
2355,1,1,0.031577388468460914,0.5793442610577995,0.3890783504737396
2356,1,1,0.19501820423918378,0.6331785445918325,0.17180325116898373
2357,0,0,0.8302811112261589,0.1683361611250241,0.0013827276488171476
2358,1,1,0.13510975614580442,0.717459647225826,0.14743059662836955
2359,1,1,0.3243348255109356,0.6177307275098657,0.05793444697919866
2360,0,0,0.9798004003298333,0.0200508895352514,0.000148710134915297
2361,2,2,0.005623007340124071,0.24865292389698826,0.7457240687628877
2362,1,1,0.028866333919652105,0.6187708780466522,0.35236278803369564
2363,1,1,0.3900078336835889,0.5791760846552843,0.030816081661126912
2364,0,1,0.17039517446081567,0.7708520786623791,0.0587527468768052
2365,0,0,0.9990552226827036,0.000943305040950258,1.4722763460095033e-06
2366,0,0,0.7278418829427266,0.2663245703615847,0.0058335466956887004
2367,0,0,0.7148102259622965,0.2385768838559026,0.046612890181800835
2368,1,1,0.156696812076292,0.6921924421146659,0.15111074580904205
2369,0,0,0.8412711776674147,0.15581169158248614,0.002917130750099331
2370,0,0,0.7447857448929465,0.2450489018726542,0.010165353234399212
2371,1,1,0.018566017335732807,0.7942239704564706,0.18721001220779657
2372,0,0,0.8069420894892728,0.19222255552160933,0.0008353549891178712
2373,2,2,0.0007004216958896415,0.09583820254536005,0.9034613757587504
2374,1,0,0.5436895173381864,0.4451069135708619,0.01120356909095171
2375,1,2,0.0014051566002503493,0.13740271304664253,0.8611921303531072
2376,1,1,0.18735502735485896,0.6886920814855214,0.1239528911596196
2377,0,0,0.9978013212015606,0.0021978025839473093,8.762144920234867e-07
2378,2,1,0.03981216141273351,0.7261113475773288,0.23407649100993774
2379,0,0,0.8753216354134069,0.12334672745552973,0.0013316371310633907
2380,0,1,0.13883059741070522,0.7509350835659809,0.11023431902331372
2381,1,1,0.07129136449386929,0.7871468034946907,0.14156183201144007
2382,1,1,0.06335745537781196,0.6194102381301749,0.31723230649201306
2383,1,1,0.03073573482702735,0.5829750461244162,0.3862892190485565
2384,0,1,0.1099780296171051,0.8245805913701304,0.06544137901276455
2385,0,1,0.18242192676541805,0.7808380171620786,0.036740056072503434
2386,1,1,0.03388093530907209,0.6468310256809191,0.3192880390100088
2387,0,0,0.9622061221423004,0.037673177568987255,0.00012070028871232472
2388,1,1,0.17317207304457344,0.718915500950181,0.10791242600524557
2389,1,1,0.1055937835807088,0.7809806271729228,0.11342558924636832
2390,2,1,0.024917920822003874,0.5622775873375072,0.41280449184048895
2391,1,1,0.13947778178988973,0.7408884627257003,0.11963375548440992
2392,0,0,0.9972810669045952,0.002715646487801026,3.2866076039694146e-06
2393,0,0,0.9900043706218064,0.009987739061012942,7.8903171806166e-06
2394,0,0,0.9423291890702107,0.05729211790081252,0.0003786930289769755
2395,0,0,0.8578354533613592,0.1412193749097161,0.0009451717289247037
2396,1,2,0.007754853398502659,0.46878698495258625,0.5234581616489111
2397,2,2,0.00037847001188669736,0.11201499468471544,0.887606535303398
2398,0,0,0.8217609357051726,0.17635989264273166,0.0018791716520957969
2399,0,0,0.9860440966941307,0.01390908378385424,4.681952201511061e-05
2400,1,1,0.31623646147095846,0.6355668020897324,0.04819673643930905
2401,1,1,0.07326031700394381,0.6741003289430756,0.2526393540529806
2402,0,0,0.9976961501748092,0.002302718362269644,1.131462921073555e-06
2403,0,0,0.9967516938824181,0.0032454415471295573,2.8645704522729196e-06
2404,0,0,0.8297926365384624,0.16880260857060236,0.0014047548909354212
2405,1,0,0.7242408021585917,0.27195760420601256,0.003801593635395875
2406,0,0,0.8567135918602007,0.1388225231817617,0.0044638849580376635
2407,1,1,0.31512147528947465,0.6424705076819609,0.042408017028564435
2408,0,0,0.616589657311013,0.374725962643875,0.008684380045111937
2409,2,1,0.023939095208893754,0.4980313173437762,0.47802958744732993
2410,0,0,0.7412389225978153,0.24508261129151496,0.013678466110669592
2411,0,0,0.8961677694702426,0.10279716264590091,0.00103506788385643
2412,0,0,0.8298479041058422,0.16905083743113247,0.0011012584630253064
2413,0,0,0.9942490810311555,0.005744029697740173,6.889271104365462e-06
2414,0,0,0.8290112448222837,0.16936831217167495,0.0016204430060413684
2415,1,2,0.0074652705461011395,0.39076751983446995,0.6017672096194289
2416,0,0,0.8241297666490364,0.17365439358280796,0.0022158397681556782
2417,0,0,0.9997354443656217,0.0002645133897368089,4.224464152164596e-08
2418,1,2,0.011426409900890128,0.4271565439504579,0.561417046148652
2419,0,0,0.6398528132127423,0.35490776030035337,0.005239426486904289
2420,0,0,0.640049296972992,0.3331404241314086,0.02681027889559952
2421,2,2,0.018001099301844854,0.37399719267089315,0.608001708027262
2422,1,0,0.8215528910900354,0.17736841481882254,0.0010786940911420666
2423,0,0,0.9904832825600796,0.009494564020539423,2.2153419381024428e-05
2424,1,1,0.04629062781208166,0.7294057941927135,0.22430357799520484
2425,1,1,0.08970671074788486,0.783226934418161,0.1270663548339542
2426,1,1,0.0319962904771775,0.5374594110856372,0.4305442984371854
2427,0,1,0.3486845370563102,0.5809533136712318,0.07036214927245797
2428,0,0,0.8041439653919745,0.19389969213689406,0.0019563424711313893
2429,0,0,0.9667222230369907,0.03322420892642016,5.35680365890442e-05
2430,1,1,0.03802448856740735,0.4943116794985705,0.46766383193402217
2431,0,0,0.7602796365411953,0.23525863865382185,0.004461724804982792
2432,1,1,0.1691138695959761,0.67438323948988,0.156502890914144
2433,1,1,0.20340395531810584,0.7485380746924316,0.04805796998946263
2434,0,0,0.991765520318629,0.008226733657277207,7.74602409391983e-06
2435,0,0,0.9388081631446334,0.06095136202784943,0.00024047482751702245
2436,0,0,0.9472078706494599,0.05262984388074446,0.00016228546979573226
2437,0,0,0.9463360472274404,0.05349501111114034,0.00016894166141922146
2438,0,0,0.6716768706509543,0.31494094959738506,0.013382179751660672
2439,1,2,0.05717508839416644,0.46998482410543513,0.4728400875003983
2440,2,2,0.00021703667133599096,0.05517433454387994,0.944608628784784
2441,0,0,0.8411092122452153,0.15788483690249547,0.0010059508522892986
2442,2,1,0.11055959143714586,0.7729134565129858,0.11652695204986825
2443,0,0,0.9810785059528846,0.01889223951436227,2.925453275293571e-05
2444,0,1,0.4059684142243402,0.5733869893671986,0.020644596408461197
2445,0,0,0.9547757698881629,0.04495387211787695,0.0002703579939600836
2446,2,2,0.005189676181319125,0.3287099079245293,0.6661004158941515
2447,1,0,0.9868080093752235,0.013159320062558275,3.26705622181287e-05
2448,1,1,0.058551846044571455,0.6896705831321263,0.2517775708233023
2449,1,0,0.9220364478188472,0.07738412239102957,0.0005794297901232453
2450,1,1,0.17219035058473217,0.7807339134867433,0.047075735928524536
2451,1,1,0.2526379643786563,0.6777546494029514,0.06960738621839219
2452,1,1,0.0686866238447143,0.6127792306006752,0.3185341455546105
2453,2,1,0.10658880124728895,0.5522955799192281,0.34111561883348307
2454,2,2,0.01729380596392658,0.28140912363438264,0.7012970704016908
2455,1,1,0.17044055896782306,0.7429758999802373,0.08658354105193976
2456,0,0,0.6217505302759626,0.365733625581144,0.01251584414289349
2457,2,1,0.04096708124538801,0.798596651332814,0.16043626742179817
2458,0,1,0.18645161557308143,0.6269168269019012,0.18663155752501734
2459,1,1,0.2489350344530001,0.7061406215266666,0.04492434402033328
2460,1,0,0.8773704509735356,0.11949809737892561,0.0031314516475387973
2461,2,2,0.00015595382605493663,0.058386299297280606,0.9414577468766645
2462,0,0,0.5007222641596678,0.49136352890239177,0.007914206937940451
2463,0,0,0.5217660844670636,0.46766041787163415,0.010573497661302335
2464,1,1,0.06209038572210344,0.7486618626059698,0.1892477516719269
2465,1,0,0.559117240846854,0.43256946298274,0.008313296170405965
2466,1,1,0.11823000293792939,0.6262998200088585,0.25547017705321207
2467,0,0,0.9109196134043375,0.08861395165560003,0.00046643494006245464
2468,2,2,2.8702225993266028e-06,0.0027872857600404768,0.9972098440173601
2469,0,1,0.2669200020336861,0.6856347354904994,0.047445262475814654
2470,0,0,0.7269941896715565,0.26978696741710284,0.0032188429113408023
2471,1,1,0.19653624888554402,0.6923013297548267,0.11116242135962934
2472,0,0,0.9848804896533102,0.015076180360177749,4.3329986512047986e-05
2473,0,0,0.6892063879699941,0.3049010716839042,0.005892540346101703
2474,0,0,0.9246058164935148,0.07505449542988762,0.00033968807659764553
2475,0,0,0.7970777617376762,0.20026745578864713,0.0026547824736765564
2476,0,0,0.9048671458924402,0.09390398818888682,0.0012288659186731874
2477,1,2,0.007256733249338126,0.4712799976851194,0.5214632690655424
2478,1,1,0.03225925976510685,0.8222235660386453,0.14551717419624782
2479,0,0,0.8044950685225266,0.19342422544943935,0.0020807060280339244
2480,0,0,0.9151568439060037,0.08462645371560999,0.00021670237838640398
2481,0,0,0.9123322578519435,0.0865335224855259,0.001134219662530548
2482,1,0,0.7678082602244951,0.2288666507016537,0.0033250890738511832
2483,2,2,0.0025621561957529025,0.24440582718017848,0.7530320166240687
2484,1,1,0.10659089843981866,0.7172133827914791,0.17619571876870227
2485,0,0,0.9880479087848569,0.011924765802912544,2.7325412230494423e-05
2486,1,1,0.13238114081613933,0.7348559985187825,0.13276286066507817
2487,1,1,0.02565603044285797,0.5522815169690747,0.42206245258806746
2488,2,1,0.025755570965584566,0.5461349416349658,0.42810948739944976
2489,2,2,0.002814356779079735,0.22406576219029808,0.7731198810306221
2490,2,1,0.06270281058566736,0.8130332347420937,0.12426395467223898
2491,1,1,0.07737539330089949,0.8193771805678044,0.10324742613129614
2492,0,0,0.999149532980888,0.0008503686881326522,9.83309792715067e-08
2493,1,1,0.44301569654427253,0.5486101473339788,0.008374156121748605
2494,0,0,0.921813498792223,0.07772623045068651,0.00046027075709044614
2495,1,0,0.7194317851952879,0.27678582260637563,0.0037823921983365406
2496,0,0,0.8164956668350236,0.18178002400400212,0.00172430916097433
2497,0,0,0.7544191217154025,0.24386530485018365,0.0017155734344138662
2498,0,0,0.8784408163332637,0.12076463726763953,0.0007945463990967393
2499,0,0,0.9839265986511511,0.01601655155313719,5.6849795711705636e-05
2500,0,0,0.8122557669274115,0.18600518014871795,0.0017390529238706393
2501,1,1,0.37206507311291526,0.6061732155416887,0.02176171134539617
2502,0,0,0.9862646010894216,0.013725039381521965,1.0359529056477611e-05
2503,2,2,0.0056050787382933825,0.3218397549040123,0.6725551663576943
2504,0,1,0.4340918106451948,0.5471496078943302,0.01875858146047509
2505,1,0,0.49554660326495376,0.47053332535392595,0.03392007138112023
2506,1,0,0.5962381629743204,0.3931803115715123,0.010581525454167214
2507,0,0,0.9780221108084238,0.02189069613117959,8.719306039647359e-05
2508,0,0,0.7889650666055019,0.2093746522624172,0.0016602811320810126
2509,0,0,0.6553401031678695,0.3376266444320723,0.007033252400058278
2510,1,1,0.16726469383962064,0.7707964016572766,0.06193890450310279
2511,0,1,0.4267070927082796,0.5465051206372336,0.02678778665448679
2512,1,0,0.4930239799942269,0.48322297289231103,0.02375304711346199
2513,0,0,0.7451650822125236,0.24728485286808644,0.00755006491938989
2514,1,0,0.6692452932115739,0.31844738564074043,0.012307321147685695
2515,1,0,0.6137171784781715,0.37982393119895563,0.006458890322872819
2516,1,1,0.205106055980255,0.75157662092349,0.04331732309625502
2517,1,1,0.37488414349143734,0.5973232793610722,0.027792577147490474
2518,1,1,0.03842739523173347,0.7355976678798438,0.22597493688842268
2519,0,1,0.4431605845327076,0.5027095117034909,0.0541299037638015
2520,0,0,0.9390453227511689,0.060694161373124514,0.0002605158757064785
2521,0,0,0.9536687939249194,0.04614195987025972,0.00018924620482074195
2522,1,0,0.5271086860257129,0.4662630389724142,0.006628275001872904
2523,1,1,0.03981180258877059,0.6845255026001101,0.2756626948111194
2524,0,0,0.8731306570808753,0.12539447023316486,0.0014748726859597975
2525,1,0,0.5026869964997228,0.4749396051885124,0.02237339831176472
2526,1,1,0.24318283893081966,0.7340920950215898,0.02272506604759054
2527,1,1,0.02125037649321365,0.5634344622345806,0.41531516127220575
2528,0,0,0.9817008933463024,0.01827645135534545,2.2655298352116988e-05
2529,1,2,0.007583856979892198,0.4231749097124654,0.5692412333076423
2530,0,0,0.7328099253156826,0.2597019561499295,0.007488118534387928
2531,2,2,0.0009088121326371305,0.1422061332838154,0.8568850545835475
2532,0,1,0.24197306737643004,0.7198593902495892,0.038167542373980845
2533,2,1,0.09940047210400677,0.7431593787467415,0.15744014914925175
2534,2,1,0.07917123798606346,0.849091679113021,0.07173708290091553
2535,0,0,0.9793790063328747,0.02055690725799479,6.40864091306969e-05
2536,0,0,0.6193165131326107,0.37031667659942896,0.01036681026796035
2537,0,0,0.9947341599791201,0.005258459942370054,7.3800785097661995e-06
2538,0,0,0.943400920401047,0.05634085605761985,0.0002582235413331476
2539,0,0,0.9272894971936511,0.07240507102020062,0.00030543178614824226
2540,1,0,0.5938023871725332,0.3977983476686707,0.008399265158796061
2541,2,2,3.7303868242866755e-05,0.023395199637686354,0.9765674964940707
2542,2,2,0.004947537593498066,0.2929696484037595,0.7020828140027424
2543,1,1,0.04980617372948869,0.7007948242813127,0.24939900198919857
2544,0,0,0.9970694268182432,0.0029287535382236853,1.8196435332369996e-06
2545,0,0,0.4939370777047723,0.48935567202928515,0.016707250265942653
2546,1,2,0.010267736879928747,0.3755118769502143,0.614220386169857
2547,0,0,0.9284794485588315,0.07099158370006423,0.0005289677411042613
2548,0,0,0.9983497555392474,0.0016494828290451273,7.616317073610275e-07
2549,1,1,0.31223678254035875,0.6670796625278136,0.020683554931827677
2550,1,0,0.6905191963522116,0.3022306765630167,0.007250127084771706
2551,1,0,0.8020207377654065,0.19542767778599845,0.0025515844485951124
2552,2,2,1.2487823467990378e-05,0.014016476679930688,0.9859710354966014
2553,1,1,0.01579647991804259,0.5460681604668708,0.4381353596150866
2554,0,0,0.9304574751550467,0.06850161673734423,0.001040908107609143
2555,2,1,0.016497699018355853,0.5970068407013787,0.3864954602802654
2556,2,2,0.013657336058883326,0.4448953097648692,0.5414473541762475
2557,1,1,0.09239813718613489,0.5986460680916956,0.30895579472216944
2558,2,1,0.20288343979667225,0.7321938949402248,0.06492266526310284
2559,0,0,0.8312725930911717,0.1671812531523584,0.0015461537564700118
2560,1,1,0.18237867982441486,0.6627462719748967,0.1548750482006885
2561,0,0,0.9901226218736865,0.009871083675591289,6.294450722274048e-06
2562,1,1,0.19589653853711939,0.5918996182823751,0.2122038431805055
2563,2,2,8.302709284009782e-06,0.007369573303137641,0.9926221239875784
2564,0,0,0.9567638865272133,0.04299172103845678,0.0002443924343300112
2565,1,1,0.02811360331258434,0.6923621410371812,0.2795242556502344
2566,2,1,0.025131821336685744,0.7088245463568225,0.26604363230649175
2567,0,0,0.987353362389482,0.012625433213319074,2.120439719887144e-05
2568,1,0,0.9093678862636959,0.09007742872219773,0.0005546850141064006
2569,0,0,0.7536888714204307,0.24321632965993653,0.003094798919632801
2570,1,1,0.05508982575529103,0.8243808904144089,0.12052928383029998
2571,2,1,0.02229177331091138,0.5776725916666264,0.4000356350224622
2572,0,1,0.2947675969466465,0.6623770829198484,0.04285532013350507
2573,0,0,0.8302522188193111,0.16861591116355074,0.0011318700171381584
2574,1,0,0.6753402573844147,0.31953944356772745,0.00512029904785773
2575,0,0,0.9958576632649193,0.00413627933611464,6.0573989662433395e-06
2576,0,0,0.7136543717810475,0.28279130525993346,0.003554322959019098
2577,1,1,0.1461880069987903,0.7158042741606565,0.13800771884055318
2578,0,1,0.3659101921778303,0.5942350668214308,0.03985474100073897
2579,2,2,6.752155251658653e-05,0.031534087224207766,0.9683983912232756
2580,2,2,1.2571418337601388e-06,0.0034055509730144904,0.9965931918851517
2581,1,1,0.10328081475646397,0.8061733599248884,0.09054582531864774
2582,1,1,0.09470159631119786,0.8099611572724587,0.09533724641634346
2583,2,1,0.0679860009379752,0.7807387672040647,0.15127523185796019
2584,1,0,0.848439126082965,0.150947185109361,0.0006136888076739724
2585,0,0,0.6474371994991511,0.338409856695917,0.014152943804931763
2586,0,1,0.1572631537521776,0.6817091761652221,0.16102767008260033
2587,0,0,0.947739607851907,0.05187996367887854,0.0003804284692144642
2588,2,1,0.02737551688947858,0.678000509876859,0.29462397323366224
2589,0,0,0.9153961303868712,0.0839529919397893,0.0006508776733395138
2590,2,2,9.367423558295525e-05,0.025118669591041295,0.9747876561733757
2591,0,0,0.9973827474471216,0.002613498762450994,3.7537904273011825e-06
2592,0,0,0.6167145816822474,0.37039797200508495,0.01288744631266762
2593,1,1,0.049668230054947124,0.6857745021725564,0.2645572677724965
2594,1,1,0.01710772601974506,0.5764775331042139,0.40641474087604107
2595,2,2,9.458167913241383e-05,0.050626916481720234,0.9492785018391473
2596,0,0,0.8304985570782977,0.16730402654564416,0.002197416376058115
2597,1,1,0.2405076791025298,0.695437722470252,0.06405459842721815
2598,1,1,0.14890779627789769,0.7168286042427042,0.13426359947939795
2599,1,1,0.43317730896355033,0.5420921779712834,0.02473051306516631
2600,1,1,0.30167058776834765,0.6354893684230516,0.06284004380860071
2601,0,0,0.7465515005050729,0.25181394190544926,0.0016345575894777494
2602,0,0,0.968268203083557,0.031606296371377435,0.00012550054506567124
2603,1,1,0.19756823077161573,0.75619785492791,0.04623391430047418
2604,1,2,0.0005966486457417442,0.17927116328747142,0.8201321880667869
2605,0,0,0.9356535006517044,0.06409244492637675,0.0002540544219189858
2606,0,0,0.9739499257047185,0.026020884662858387,2.918963242322577e-05
2607,1,1,0.31579023138706364,0.6612045468002916,0.023005221812644736
2608,0,0,0.9909972652151551,0.008992262824280093,1.0471960564755461e-05
2609,1,1,0.1633811180362985,0.7777703494334675,0.058848532530234046
2610,0,0,0.9977324889282007,0.0022661111714519545,1.3999003474155646e-06
2611,0,0,0.7590001292417803,0.23796262234579282,0.0030372484124270125
2612,2,1,0.03356421626919135,0.5375098364086012,0.4289259473222074
2613,0,0,0.9930583232954076,0.006932580662007988,9.096042584608436e-06
2614,2,2,1.6141610145957315e-05,0.007625999552395096,0.9923578588374589
2615,0,0,0.9606261422565902,0.03921539788313594,0.00015845986027402114
2616,0,0,0.834650326296107,0.16350151661658535,0.0018481570873075425
2617,1,1,0.43300587635330967,0.5359990188090025,0.03099510483768786
2618,2,1,0.33669477971472106,0.6112354851547923,0.05206973513048658
2619,0,0,0.9955128267660606,0.004481061098166396,6.112135773017238e-06
2620,0,0,0.7252348931636172,0.26867159945328273,0.006093507383100044
2621,0,0,0.9042411131365822,0.09465866697082853,0.0011002198925893453
2622,1,1,0.2112301766876057,0.7073636168557123,0.0814062064566821
2623,2,2,0.006380995529636019,0.46324386681371055,0.5303751376566535
2624,0,1,0.38339330202557875,0.582539205253691,0.03406749272073039
2625,1,1,0.06862482805905804,0.6814169618114357,0.24995821012950625
2626,0,0,0.7010014705882418,0.29201577754812413,0.006982751863634163
2627,2,1,0.01889076464670736,0.5286740397190541,0.45243519563423845
2628,0,0,0.97614977188411,0.023755484269574384,9.474384631552624e-05
2629,1,1,0.1974426244743721,0.6351081304481364,0.16744924507749143
2630,0,0,0.7937567307691635,0.2047915748533671,0.0014516943774692571
2631,1,1,0.2171019143023374,0.6968559298522025,0.08604215584546007
2632,0,0,0.9595297380526263,0.04022692727752645,0.0002433346698472825
2633,0,0,0.9958421316993864,0.004149531992976796,8.336307636773397e-06
2634,0,1,0.3960727887927574,0.5833927740995993,0.020534437107643168
2635,0,0,0.9994651114162387,0.0005347051288180669,1.8345494322276294e-07
2636,0,0,0.7766507169333083,0.22233487581653,0.0010144072501615162
2637,0,0,0.5606065776771815,0.430690029641397,0.008703392681421536
2638,0,0,0.5599564434457178,0.42659099701280173,0.01345255954148041
2639,2,2,0.004833450183291112,0.4265691212081437,0.5685974286085652
2640,0,0,0.7296336448486315,0.268531158888007,0.001835196263361509
2641,1,1,0.23947555924442027,0.727954603986433,0.03256983676914669
2642,1,1,0.14797972377382007,0.7489338880690888,0.10308638815709116
2643,1,2,0.008117788379323277,0.4142354834258012,0.5776467281948755
2644,0,0,0.9837082446673774,0.01626739141579972,2.4363916823004285e-05
2645,1,2,0.0024571477769578893,0.19864482191353625,0.7988980303095058
2646,0,1,0.14537010478296467,0.6134033281364367,0.24122656708059864
2647,0,0,0.992248447067749,0.007743746462553586,7.806469697543808e-06
2648,2,2,0.0002608632291642252,0.10536114095340623,0.8943779958174296
2649,1,1,0.10643827434170319,0.6953356348907336,0.19822609076756328
2650,1,0,0.8151235688074295,0.1842414271591386,0.0006350040334317255
2651,2,2,0.003369885840942444,0.26761705289271337,0.7290130612663442
2652,1,1,0.3387145312688839,0.6366068567389426,0.02467861199217354
2653,1,2,0.015517723079585327,0.4824035612321555,0.5020787156882591
2654,0,0,0.9773636053204338,0.02256322217385336,7.317250571290967e-05
2655,1,1,0.03748704174799816,0.5072020168032283,0.4553109414487736
2656,1,1,0.1726061481616059,0.7561290903064732,0.0712647615319209
2657,0,0,0.8764301824858743,0.12218070088516084,0.001389116628964847
2658,0,0,0.9374411838557465,0.062236450895504225,0.0003223652487493173
2659,1,2,0.01299118370860478,0.3320304670366923,0.654978349254703
2660,0,1,0.2914340514775833,0.6856174726406721,0.02294847588174471
2661,1,1,0.23895990376731513,0.6904042079060773,0.07063588832660764
2662,1,0,0.6920614025129295,0.3025488886040203,0.0053897088830502276
2663,0,0,0.9521598152271962,0.04774619050200081,9.399427080308237e-05
2664,1,1,0.47886695841887766,0.5089569734044644,0.012176068176657985
2665,0,0,0.5757461011207394,0.4162200177708889,0.00803388110837179
2666,2,2,0.006429249180187723,0.31433211941596845,0.6792386314038438
2667,1,0,0.7303395648553233,0.25766814106201325,0.011992294082663441
2668,0,0,0.8238438990369017,0.17473832713638265,0.0014177738267156903
2669,1,0,0.5534866884725166,0.42786627196994137,0.018647039557542197
2670,0,0,0.9710649933731308,0.028823154512397614,0.00011185211447141883
2671,0,0,0.9718930593652376,0.027989853530604774,0.0001170871041577083
2672,0,0,0.9531014089479171,0.04676025494271484,0.0001383361093681342
2673,0,0,0.9623286957779162,0.037580295536158666,9.100868592507442e-05
2674,0,0,0.9607287394505323,0.03916994900767734,0.00010131154179029671
2675,1,1,0.13196837986080404,0.8094050643726988,0.05862655576649705
2676,1,1,0.3168009956224931,0.5981027136112461,0.08509629076626075
2677,0,0,0.7594206997843564,0.23528001860257086,0.005299281613072635
2678,1,1,0.3103350242264572,0.6650805944249806,0.024584381348562064
2679,1,1,0.285396879306196,0.6340981164850432,0.08050500420876083
2680,1,1,0.3879060752619197,0.5497835507338222,0.06231037400425804
2681,2,2,0.008956384735537688,0.4418326125958956,0.5492110026685667
2682,1,0,0.5507464162018209,0.42914562994659183,0.02010795385158738
2683,1,1,0.04106611573526379,0.7667837287266388,0.19215015553809733
2684,0,0,0.7699459372196749,0.22745074216283095,0.002603320617494167
2685,0,0,0.984331312216583,0.01565027807436572,1.8409709051367797e-05
2686,1,1,0.09719384686997622,0.711087763746827,0.19171838938319674
2687,0,1,0.19409054936963602,0.7382458459454476,0.06766360468491651
2688,1,1,0.09492607780526963,0.7140251226464339,0.1910487995482964
2689,0,0,0.6810525969974518,0.31061811275987977,0.008329290242668453
2690,0,0,0.9274256801554374,0.07205609544338801,0.0005182244011746343
2691,0,0,0.8873747306529189,0.11162950895352881,0.0009957603935521623
2692,0,0,0.9759719689583252,0.023968888302404255,5.914273927060398e-05
2693,0,0,0.9963571515173391,0.0036394533859351787,3.395096725753007e-06
2694,0,0,0.983334407564833,0.016644165739977457,2.142669518950042e-05
2695,2,2,0.0035320772061207943,0.3346897881668047,0.6617781346270745
2696,1,1,0.035450802619436825,0.7399005889498337,0.22464860843072937
2697,0,0,0.9481246069853344,0.05172468604302851,0.00015070697163712996
2698,1,2,0.003297200372967532,0.32313095252850293,0.6735718470985296
2699,2,1,0.0272770492075732,0.5216614594903152,0.4510614913021116
2700,1,1,0.04757099074434529,0.7143529493668941,0.2380760598887606
2701,0,0,0.9441031250114393,0.05571083025542269,0.00018604473313794565
2702,1,1,0.17825564592226137,0.6745766445898022,0.1471677094879364
2703,1,1,0.027520833925651675,0.6353879364829045,0.3370912295914439
2704,2,2,0.0014713326568030205,0.17521810995254858,0.8233105573906485
2705,1,1,0.036030544787368855,0.6168086931202214,0.34716076209240976
2706,1,1,0.03204708669868931,0.6656748795730498,0.3022780337282609
2707,1,1,0.081504010196928,0.662094229098478,0.25640176070459403
2708,1,1,0.09451481694072447,0.6235547088579766,0.281930474201299
2709,2,2,0.003444382078224071,0.2725731438973916,0.7239824740243843
2710,0,0,0.9693847553722149,0.030459023343548504,0.00015622128423664535
2711,1,0,0.8919349640918249,0.10746344173146226,0.0006015941767127825
2712,1,1,0.05284200629506474,0.6534717880972882,0.2936862056076472
2713,0,0,0.8936128553886737,0.1049065386679536,0.0014806059433726813
2714,0,0,0.998290301117012,0.001708609186130792,1.0896968571711661e-06
2715,0,0,0.9122745883384135,0.08740631588966735,0.00031909577191913314
2716,0,0,0.5386728928228516,0.4421679721865171,0.019159134990631328
2717,0,0,0.9483174389783295,0.051587918533145705,9.464248852477737e-05
2718,1,1,0.09002151046517387,0.7143121342387756,0.19566635529605053
2719,0,0,0.9100452450282936,0.08971819661256811,0.00023655835913816552
2720,1,1,0.021983541640871265,0.7541204143677731,0.22389604399135546
2721,1,0,0.531923288723525,0.44963019859983727,0.01844651267663755
2722,1,1,0.09467673990280318,0.8281896412349707,0.07713361886222612
2723,2,2,0.00017631136084355137,0.07872303179191235,0.9211006568472442
2724,0,0,0.9344021994047835,0.06528536413637528,0.00031243645884124357
2725,2,2,0.00023094692134370271,0.03878646489441267,0.9609825881842435
2726,0,0,0.5696985437976968,0.42354721405747975,0.006754242144823529
2727,0,0,0.9208643401298893,0.07864356521159237,0.0004920946585185121
2728,0,0,0.5315118222817999,0.451913050101373,0.01657512761682706
2729,1,1,0.03479071608009859,0.6088033749555092,0.3564059089643922
2730,1,1,0.1013496458755746,0.7127603002833979,0.1858900538410274
2731,1,1,0.1823497543533192,0.7360594196062391,0.08159082604044164
2732,1,2,0.004353355143703877,0.39486531509279216,0.600781329763504
2733,1,1,0.2954094706540338,0.6575518995997072,0.047038629746259025
2734,0,0,0.6386342420043872,0.347414865122407,0.013950892873205731
2735,0,0,0.9067116644002119,0.09247580584369809,0.0008125297560899357
2736,0,0,0.8678632619136006,0.13106548590254838,0.0010712521838508288
2737,1,2,0.006168112808087498,0.38598499801324215,0.6078468891786704
2738,2,2,0.00014073395622206153,0.03137126763925457,0.9684879984045234
2739,0,0,0.9964546816952846,0.003542656817799487,2.6614869158272004e-06
2740,0,0,0.9886930957628103,0.011276660146446236,3.0244090743443718e-05
2741,0,0,0.8688758975421456,0.13016292141105115,0.0009611810468033684
2742,0,0,0.6191598547154737,0.3711441045997363,0.009696040684789815
2743,2,1,0.04649269602534967,0.5424484990911507,0.4110588048834996
2744,0,0,0.9815836575993974,0.018389172238748357,2.7170161854403983e-05
2745,1,1,0.029758067831323908,0.6649246150823919,0.3053173170862843
2746,2,1,0.01884113276351808,0.5664991611591929,0.41465970607728897
2747,0,0,0.9880674485360816,0.011920263293397442,1.2288170521035563e-05
2748,0,0,0.9709909583143361,0.028876759379588807,0.00013228230607500595
2749,0,0,0.9664475113123309,0.03329420903967242,0.00025827964799669155
2750,1,1,0.13410837747339271,0.7628710970711727,0.10302052545543461
2751,1,1,0.08366901108131031,0.6345245257387646,0.28180646317992497
2752,0,0,0.9197596896221224,0.07981727901087982,0.0004230313669977562
2753,1,1,0.031386673122453385,0.5985823454088495,0.3700309814686971
2754,0,0,0.8623987111558541,0.13651967106996613,0.001081617774179927
2755,2,1,0.011588496050329234,0.6003400095349298,0.388071494414741
2756,0,0,0.998722365094078,0.0012751016741314662,2.53323179059527e-06
2757,2,2,3.351281727773182e-06,0.005766350894291447,0.9942302978239808
2758,0,0,0.9811420763583834,0.01884198802653493,1.5935615081726192e-05
2759,1,1,0.07216453213347322,0.7281084042150804,0.19972706365144619
2760,1,1,0.10327245370583152,0.656547694073486,0.24017985222068258
2761,0,0,0.9155072015353346,0.0836702460968415,0.0008225523678239671
2762,1,1,0.030822114133988616,0.6396837397840065,0.3294941460820049
2763,0,0,0.6245211812280463,0.367941968620079,0.007536850151874643
2764,1,0,0.7683340653281936,0.22617875668494825,0.00548717798685823
2765,0,1,0.16099070314601796,0.7440581494315172,0.09495114742246487
2766,1,0,0.9160738712244669,0.08269264077204068,0.0012334880034924446
2767,0,0,0.6490772950350692,0.3471803673634906,0.0037423376014402345
2768,0,1,0.3972328072642856,0.5746623602698565,0.02810483246585782
2769,1,1,0.03701679347981675,0.6393819184270476,0.3236012880931356
2770,0,0,0.9190826508591143,0.08027583386212922,0.0006415152787562922
2771,1,1,0.13178777594802135,0.7573673274420444,0.11084489660993425
2772,1,1,0.06966907353020452,0.8040793483586336,0.12625157811116192
2773,0,0,0.7103210602671192,0.2826303341904599,0.007048605542420885
2774,1,1,0.09339611586570457,0.6710256884287479,0.23557819570554756
2775,0,0,0.9917423401642264,0.008250086953130679,7.5728826429656916e-06
2776,0,0,0.6704690133494506,0.32382574679867404,0.005705239851875446
2777,2,2,0.004798041928917332,0.19663615131644713,0.7985658067546354
2778,1,1,0.4758586542653468,0.5069488337710247,0.017192511963628417
2779,0,0,0.49437708343885556,0.49224306608537644,0.013379850475767957
2780,1,1,0.21447195054894047,0.6747546910290585,0.1107733584220011
2781,1,1,0.01636213163111443,0.5696141323002228,0.4140237360686628
2782,1,1,0.4194934044097232,0.5530341470105313,0.027472448579745415
2783,1,1,0.46624008535879835,0.5054095885478395,0.028350326093362098
2784,2,1,0.2687537339495489,0.6780755184033616,0.0531707476470895
2785,0,1,0.049256107823735656,0.7903163660303963,0.16042752614586794
2786,1,2,0.005176548280943298,0.19572355657953355,0.7990998951395232
2787,0,0,0.9871344322731213,0.012848626652671006,1.694107420774057e-05
2788,0,0,0.7572741240442717,0.23914434351383773,0.003581532441890463
2789,0,1,0.43176124279080946,0.5490157300292356,0.019223027179954808
2790,1,1,0.27804851963273414,0.6822104052650183,0.03974107510224744
2791,0,0,0.9961863437511366,0.0038091316289450127,4.52461991829236e-06
2792,0,0,0.6922193970526945,0.3012236125418916,0.0065569904054138765
2793,2,2,0.0032750224892838502,0.3046135340027877,0.6921114435079284
2794,2,2,0.0037797907304831743,0.31237427949864627,0.6838459297708706
2795,0,1,0.30607971290642716,0.6637801240340129,0.030140163059559945
2796,2,2,0.01664230402061178,0.4026910857703768,0.5806666102090114
2797,0,0,0.9792716849965781,0.020671409827212817,5.690517620923035e-05
2798,0,0,0.5373786613564917,0.4450383969753211,0.017582941668187222
2799,1,1,0.4796670931702898,0.5110066214631263,0.009326285366583888
2800,0,0,0.9652861760891075,0.034573593013144874,0.00014023089774766007
2801,0,0,0.9987702090987068,0.0012290468079580565,7.44093335238074e-07
2802,0,0,0.9731032328832575,0.026864321373830095,3.244574291247428e-05
2803,2,2,0.008829066208606191,0.33064957083635027,0.6605213629550435
2804,0,0,0.629160794243192,0.3667113670559145,0.004127838700893538
2805,0,0,0.8207016038488073,0.17584108463090653,0.0034573115202862306
2806,1,1,0.06404771093681394,0.8097935279462042,0.12615876111698174
2807,0,2,0.022697908562939767,0.35593097503247617,0.621371116404584
2808,0,0,0.994021014461307,0.0059735010747235156,5.484463969388573e-06
2809,1,1,0.24582451577780678,0.656260590103848,0.09791489411834525
2810,1,1,0.09097599602283593,0.759612561329876,0.14941144264728817
2811,0,1,0.4611224279443769,0.52318936896251,0.015688203093113022
2812,1,1,0.037250891805484555,0.572350536322908,0.39039857187160737
2813,0,0,0.8774094949433183,0.12124357200950216,0.0013469330471796398
2814,1,2,0.00480706013788395,0.30822455268740123,0.6869683871747149
2815,1,1,0.2847383939396296,0.6272752878159811,0.08798631824438928
2816,1,0,0.722096989637853,0.2751939084937105,0.002709101868436571
2817,1,1,0.03601417221279316,0.5336299019152455,0.43035592587196125
2818,2,1,0.02594991075512781,0.7953382196191991,0.17871186962567306
2819,2,1,0.02914012070382824,0.6895689646861968,0.281290914609975
2820,1,0,0.6124347822095378,0.37971926633042163,0.007845951460040643
2821,1,1,0.04822722170369501,0.6386970531200734,0.3130757251762316
2822,2,2,0.013766902600490268,0.4831559260596286,0.5030771713398812
2823,0,0,0.563286009835303,0.4187787086858257,0.01793528147887142
2824,0,1,0.4245270581100467,0.5680657498479734,0.00740719204197985
2825,1,1,0.05385904491592716,0.5805445506525249,0.365596404431548
2826,2,1,0.07275170109571118,0.5505248553969917,0.376723443507297
2827,0,0,0.9956541802868376,0.004343240865719952,2.5788474424608276e-06
2828,0,0,0.9149009313378854,0.08483368947063365,0.0002653791914808545
2829,0,0,0.952008884232721,0.04776567318029316,0.00022544258698588553
2830,0,0,0.7864000793275067,0.21147649057526366,0.002123430097229745
2831,2,2,4.2504878884544886e-05,0.016061585830963773,0.9838959092901517
2832,0,1,0.4541649600382335,0.5266149471966293,0.01922009276513717
2833,0,1,0.21479161959050516,0.7137909122377039,0.07141746817179087
2834,0,1,0.08908729051915469,0.7733347142902312,0.13757799519061414
2835,0,0,0.9721561556234096,0.027790475921150564,5.336845543971449e-05
2836,2,1,0.0607611889063656,0.5741444636590807,0.36509434743455377
2837,0,0,0.7354887989329681,0.25426925752597784,0.010241943541053943
2838,0,0,0.983556308019134,0.016406378401068743,3.731357979748174e-05
2839,0,0,0.8440552403302661,0.1532769817429693,0.0026677779267645684
2840,0,0,0.9991524186557686,0.0008471697377523363,4.116064789796778e-07
2841,0,0,0.9994972820309764,0.0005026444410152712,7.352800829890826e-08
2842,2,2,0.005701512747768185,0.4763042281434849,0.5179942591087469
2843,0,0,0.8390906212230176,0.15985303848617902,0.0010563402908034625
2844,2,2,0.004015098656134993,0.29128667743818004,0.7046982239056849
2845,0,0,0.9093164477152531,0.09013637882109904,0.0005471734636478807
2846,1,1,0.44278471959932225,0.5076162939363429,0.04959898646433495
2847,1,2,0.010761248755346795,0.3264158932432307,0.6628228580014225
2848,2,1,0.11964745247473021,0.6468424014143374,0.23351014611093238
2849,1,1,0.31332053508690116,0.6379963293047801,0.04868313560831867
2850,1,1,0.23895887625358997,0.6817683368859137,0.07927278686049638
2851,1,2,0.010095369565585842,0.4556981087999771,0.534206521634437
2852,1,1,0.14100940447809593,0.777579568224612,0.08141102729729205
2853,0,0,0.8886612496447347,0.11078788606484995,0.0005508642904154171
2854,1,1,0.2123068947622821,0.6812290470167695,0.10646405822094848
2855,2,2,0.008765042854093352,0.37318282441056433,0.6180521327353424
2856,1,0,0.5252717083578903,0.44912136507022565,0.02560692657188414
2857,1,0,0.6881504591037949,0.29902355078616116,0.012825990110043895
2858,0,0,0.9642308792872318,0.03569615756195009,7.296315081798237e-05
2859,0,0,0.9404716182035394,0.059275207404095795,0.00025317439236489687
2860,0,1,0.447272260496479,0.5334307975937134,0.019296941909807717
2861,2,2,0.0014447485070801659,0.09384313443857704,0.9047121170543428
2862,2,2,0.010664381480670233,0.3210432485107755,0.6682923700085543
2863,0,0,0.9910654970219045,0.00892279072428011,1.1712253815361231e-05
2864,0,0,0.9465716019980643,0.0531616573429935,0.0002667406589421194
2865,2,2,0.004753582432498083,0.24948323409249887,0.745763183475003
2866,1,1,0.09768387551157741,0.7274234542874716,0.17489267020095092
2867,2,2,0.007679008297420997,0.3889961203895276,0.6033248713130515
2868,0,1,0.495928142852292,0.4999506633687828,0.0041211937789252685
2869,1,0,0.6047424180225875,0.38688466116223785,0.0083729208151746
2870,0,0,0.9033328244014059,0.09588382660576142,0.0007833489928326808
2871,2,2,4.155553219381371e-06,0.0052081514538544,0.9947876929929262
2872,0,0,0.6157567320373342,0.3803802542485254,0.0038630137141403374
2873,0,0,0.9416401648772977,0.05817949077934636,0.0001803443433558797
2874,0,0,0.9221006220380075,0.07747755888788381,0.00042181907410887836
2875,2,2,0.004019022279867875,0.3568449229588655,0.6391360547612666
2876,0,0,0.8787710053451626,0.11888232601558256,0.00234666863925496
2877,1,0,0.534522569284225,0.44236151216509806,0.02311591855067684
2878,2,1,0.028789122355497514,0.5349806468952681,0.4362302307492343
2879,1,2,0.025324364167844816,0.4838231105929439,0.49085252523921136
2880,2,1,0.14476977734139188,0.5587256710075539,0.2965045516510542
2881,0,0,0.8123240044450568,0.1831801872774209,0.0044958082775223545
2882,0,0,0.7557489396603728,0.2404334926677962,0.0038175676718309893
2883,1,1,0.37601449001748827,0.5665474502638904,0.057438059718621204
2884,0,0,0.996247049383883,0.00374882574289369,4.124873223385684e-06
2885,0,0,0.764376565452526,0.23336938156539733,0.002254052982076833
2886,2,1,0.14665496076010537,0.7100786751135537,0.1432663641263409
2887,2,2,4.0867878940580284e-06,0.007723251290275508,0.9922726619218305
2888,0,0,0.8354251690654914,0.16300976635544284,0.0015650645790656961
2889,1,2,0.06235162363243773,0.44815015163698707,0.4894982247305751
2890,0,0,0.9507835558492691,0.04907525620061444,0.00014118795011654311
2891,1,1,0.34771411377328626,0.6152139175524886,0.03707196867422511
2892,1,1,0.2815877832946219,0.667257697288456,0.051154519416922103
2893,0,0,0.9536828603449906,0.046198269844867516,0.0001188698101416826
2894,2,2,0.00031912160753927665,0.08723372989405502,0.9124471484984058
2895,1,2,0.009330627623760574,0.412514661728506,0.5781547106477335
2896,0,0,0.9720694543494903,0.027861230924217096,6.931472629260922e-05
2897,0,1,0.44052870670659117,0.5521004015587857,0.007370891734623077
2898,1,1,0.41575368571492793,0.5616753436055579,0.02257097067951422
2899,0,0,0.6366959882553369,0.35392368143784525,0.009380330306817715
2900,2,2,0.010043343296081563,0.46651940826625565,0.5234372484376628
2901,1,1,0.053856303566984357,0.719056431918425,0.2270872645145906
2902,2,1,0.019134486267207346,0.5575425793313683,0.4233229344014244
2903,1,0,0.8449602548355737,0.15328821822773928,0.0017515269366871367
2904,1,2,0.009776018405919315,0.4911435122656269,0.49908046932845385
2905,1,1,0.1910421044324813,0.7113484205196906,0.09760947504782808
2906,0,0,0.9867059151935864,0.013272104224429728,2.1980581983753967e-05
2907,1,2,0.010051188657177272,0.3479396423682526,0.64200916897457
2908,0,0,0.9944111834101634,0.005580232960332793,8.583629503861633e-06
2909,0,0,0.9989924478267996,0.0010072235024715863,3.2867072875998103e-07
2910,2,2,0.010049061425361288,0.49071830778674796,0.4992326307878907
2911,0,1,0.4305868585703401,0.5315251421796603,0.03788799924999953
2912,2,1,0.09916618844318094,0.6927511736111343,0.20808263794568477
2913,1,1,0.4023617260296323,0.5604938024314202,0.037144471538947524
2914,2,2,0.0010111288312643276,0.2305067750452464,0.7684820961234893
2915,1,1,0.17282990793743624,0.7401906104267676,0.0869794816357961
2916,2,1,0.1609740536890515,0.7541720586652596,0.0848538876456889
2917,1,1,0.13228334186095084,0.7284610097058534,0.13925564843319582
2918,2,1,0.205200859352608,0.6835155064535235,0.11128363419386836
2919,0,1,0.1987102385251675,0.7789106176351923,0.02237914383964015
2920,1,1,0.09848271276353737,0.6820103083594895,0.21950697887697312
2921,2,2,2.4136339111770298e-05,0.02084623682315726,0.9791296268377309
2922,0,0,0.8092481897279008,0.18735163764572005,0.003400172626379106
2923,0,1,0.11493825614783106,0.7539773943716521,0.13108434948051692
2924,1,1,0.1680688103856299,0.6626380500649508,0.16929313954941938
2925,2,2,0.009749718051218242,0.3594884392339226,0.6307618427148591
2926,0,0,0.8448336377870874,0.15331436688440572,0.0018519953285069293
2927,0,0,0.7254959813703308,0.2715691342253536,0.0029348844043156452
2928,1,1,0.4258612854770766,0.5459490188122192,0.028189695710704135
2929,1,1,0.07680554276929757,0.5915688736738262,0.33162558355687644
2930,0,0,0.8834694470415618,0.11585653302238506,0.0006740199360530152
2931,0,1,0.28794606841505394,0.702705615389933,0.009348316195012984
2932,0,1,0.24224604587561915,0.7008077941285443,0.05694615999583659
2933,1,1,0.3884366388634352,0.5776760430349112,0.03388731810165368
2934,0,0,0.9908067603951872,0.009181395307411709,1.1844297400893926e-05
2935,1,1,0.06613724452460921,0.7430461951674225,0.19081656030796823
2936,1,1,0.2470044735252019,0.6698242926745976,0.0831712338002005
2937,1,0,0.9504411731113862,0.04927407860405639,0.00028474828455734734
2938,0,0,0.9937097721339332,0.006279600089071453,1.0627776995178235e-05
2939,0,0,0.7592716052416348,0.23830242685771588,0.002425967900649285
2940,0,0,0.9094954459458247,0.0896867825951666,0.0008177714590088441
2941,2,2,6.65660324606625e-06,0.007155691669153867,0.9928376517276001
2942,1,2,0.01262249962407447,0.48312858675430753,0.504248913621618
2943,0,0,0.84338041387312,0.15502139351549427,0.0015981926113857031
2944,0,0,0.9943107431860064,0.005684819576418829,4.437237574685989e-06
2945,0,0,0.8260572557144823,0.17249941620604972,0.0014433280794681064
2946,2,2,0.001454191942744991,0.20188926852819492,0.7966565395290601
2947,1,1,0.03853179291890579,0.5164479628562267,0.44502024422486747
2948,2,2,0.0037978228555133157,0.25495305662296736,0.7412491205215193
2949,1,1,0.16820474283901096,0.8046662158407433,0.027129041320245753
2950,1,2,0.03186938280166309,0.35258067543344984,0.6155499417648871
2951,1,1,0.04481463113945597,0.7906559433218351,0.16452942553870892
2952,1,1,0.07640435233619401,0.7857902334513095,0.1378054142124965
2953,0,0,0.9275041416891211,0.07203887655756692,0.00045698175331217227
2954,0,0,0.791179635044604,0.20817453682813436,0.0006458281272615808
2955,0,0,0.7785253978247867,0.2190441711502432,0.0024304310249700714
2956,0,1,0.04651838095424217,0.6836089824019355,0.26987263664382244
2957,1,1,0.1956735844250646,0.7549022555737205,0.049424160001214995
2958,2,2,0.003505207734971791,0.22157177562302768,0.7749230166420005
2959,1,1,0.13030721471510404,0.6851647879130888,0.1845279973718071
2960,2,2,0.009656543344796124,0.2994110653709857,0.6909323912842181
2961,1,1,0.17330860656193395,0.6097855949595317,0.21690579847853433
2962,0,0,0.9731305717751665,0.02682433753287485,4.5090691958433705e-05
2963,1,1,0.0989592068066297,0.7741354934643825,0.12690529972898792
2964,1,1,0.2808547788215222,0.682327842022114,0.03681737915636373
2965,1,1,0.21865331916859557,0.6966821130808688,0.08466456775053566
2966,1,2,0.003221900103931401,0.2471370932079377,0.7496410066881308
2967,0,0,0.7829091932776225,0.21440599785358427,0.0026848088687931567
2968,2,1,0.017511649197242136,0.5402815606894497,0.44220679011330816
2969,0,0,0.8416658849820986,0.15714303829732276,0.001191076720578713
2970,0,0,0.9082967301786588,0.09071760954042242,0.0009856602809188376
2971,2,1,0.2822572998873156,0.6621491315140703,0.05559356859861408
2972,0,0,0.8919338466327148,0.10577345842024717,0.0022926949470380383
2973,0,0,0.7686269674105988,0.23038698713719918,0.0009860454522019738
2974,1,0,0.5848746853454537,0.38586131017347564,0.02926400448107067
2975,1,1,0.383666891733625,0.5786135789733126,0.03771952929306238
2976,0,0,0.8603417100167333,0.13777754543246842,0.0018807445507981215
2977,2,2,4.107997385686833e-05,0.04386150390141659,0.9560974161247267
2978,0,0,0.9992895851488591,0.0007101601541707199,2.546969701739877e-07
2979,1,1,0.2971740685815985,0.6465427748274439,0.05628315659095757
2980,0,1,0.24383189336619082,0.6631137638786916,0.09305434275511767
2981,1,1,0.2881142592906554,0.6309312600592575,0.0809544806500871
2982,1,0,0.49253542736628053,0.48086367357098725,0.02660089906273226
2983,0,0,0.9212566457625107,0.07846041443439822,0.0002829398030910537
2984,2,2,0.014818255666919319,0.3807824131591174,0.6043993311739632
2985,0,1,0.34860779524838326,0.6353407226412552,0.016051482110361434
2986,1,1,0.026701720522978572,0.6476584005645584,0.32563987891246304
2987,0,0,0.931107050225463,0.06821490687287275,0.0006780429016641441
2988,1,1,0.16848772271554682,0.67269646858935,0.15881580869510317
2989,1,1,0.026155165114047002,0.5196238583765292,0.4542209765094238
2990,0,1,0.3907031073791581,0.577239974225553,0.03205691839528896
2991,0,0,0.9994981317149613,0.0005016980379646791,1.702470739528217e-07
2992,0,0,0.929341015648016,0.07019857961923072,0.00046040473275344395
2993,2,2,0.0011960289373300534,0.16297034157384843,0.8358336294888215
2994,0,0,0.9928440693604231,0.007146977888055697,8.952751521197397e-06
2995,0,0,0.9899392838294938,0.010052673047740759,8.043122765282104e-06
2996,0,0,0.997386504989219,0.002611395088380123,2.099922400925622e-06
2997,1,1,0.052785200078513256,0.7013292269103415,0.2458855730111452
2998,2,2,4.896004939001317e-05,0.03328186560468116,0.9666691743459288
2999,1,2,0.008330377116124013,0.37860019698404357,0.6130694258998324
3000,1,1,0.22909517647842864,0.7289418257422322,0.041962997779339116
3001,1,2,0.013043589500500346,0.4219477946215638,0.5650086158779358
3002,1,1,0.029579822675603926,0.6081929313009241,0.3622272460234719
3003,0,0,0.9985798685843165,0.001418800714221492,1.3307014620083738e-06
3004,1,1,0.3201911420779671,0.6185116216241143,0.06129723629791864
3005,1,1,0.05960480319909991,0.650823187207921,0.289572009592979
3006,2,2,1.8929339713619463e-05,0.026229313237930138,0.9737517574223563
3007,1,1,0.28277412411357067,0.6498470675441885,0.06737880834224085
3008,0,1,0.20164870252390815,0.6912270757400428,0.10712422173604914
3009,2,2,0.004214088380154251,0.20035309753261873,0.7954328140872269
3010,0,0,0.5623644063603497,0.4272657897319444,0.01036980390770594
3011,1,0,0.5369490825763369,0.4549418598140695,0.008109057609593474
3012,1,0,0.7083063173426358,0.28557215333123764,0.006121529326126511
3013,1,1,0.27231141008017506,0.6745204596334969,0.05316813028632795
3014,1,1,0.039190938633129835,0.7159380976266185,0.24487096374025163
3015,0,1,0.4883334809986788,0.4895968014292595,0.022069717572061696
3016,0,0,0.6367840567893096,0.3544774702000076,0.008738473010682797
3017,0,1,0.11702816173259635,0.6958347785636134,0.1871370597037902
3018,0,0,0.6457132681333673,0.34911565383370247,0.005171078032930201
3019,0,0,0.5284605640031882,0.4577362746931154,0.01380316130369648
3020,0,0,0.6136716323892323,0.3646301923854385,0.0216981752253291
3021,0,0,0.8381787120805719,0.16095408798096802,0.0008671999384601331
3022,1,1,0.07966129726129711,0.6777389660322415,0.24259973670646134
3023,0,0,0.9875837537188298,0.012398006608621705,1.8239672548423487e-05
3024,0,0,0.9375956692516345,0.0622368322218397,0.00016749852652570493
3025,0,0,0.5812677814958119,0.41417254919609575,0.004559669308092195
3026,1,1,0.08993273939257854,0.7634445589238417,0.14662270168357974
3027,1,1,0.04387836688496951,0.6765938518960976,0.27952778121893296
3028,1,1,0.0736147238122223,0.7457428176660302,0.18064245852174737
3029,0,0,0.9598236609328121,0.04006829535350332,0.00010804371368457862
3030,1,1,0.08138470070218252,0.7926845204121947,0.1259307788856228
3031,0,0,0.9987811932600229,0.0012175521763163706,1.2545636606047198e-06
3032,1,0,0.5402302926116557,0.4469788140701242,0.012790893318220172
3033,2,1,0.02429214053078966,0.6427591822495712,0.33294867721963906
3034,0,0,0.78351885385738,0.21498484110129537,0.0014963050413245652
3035,1,1,0.20100990100491684,0.712307680425703,0.0866824185693802
3036,0,0,0.9669512771834049,0.0329330090633358,0.00011571375325930566
3037,0,0,0.8569066305887196,0.14238797138839998,0.000705398022880385
3038,0,1,0.07052957755087007,0.6437359052753213,0.28573451717380854
3039,0,0,0.6697593470182336,0.322597734951791,0.0076429180299753974
3040,0,0,0.9688963066420727,0.030977324141709974,0.00012636921621731807
3041,1,1,0.3288386148149001,0.5875965710118182,0.08356481417328168
3042,1,0,0.5737118708453143,0.4093755001043917,0.016912629050294063
3043,0,0,0.9126548433025631,0.08646948242078394,0.0008756742766530794
3044,0,0,0.8525349501905385,0.14630609789387533,0.0011589519155860077
3045,0,0,0.9950789509171258,0.004916109418783395,4.939664090724983e-06
3046,0,0,0.999648218670408,0.00035174414789605865,3.718169600205039e-08
3047,2,2,0.0025438797993676174,0.21274548061844978,0.7847106395821827
3048,2,2,0.009553495636652688,0.4835894702520957,0.5068570341112517
3049,0,0,0.9962817986550833,0.003713803176542869,4.39816837394517e-06
3050,1,1,0.026873047009120275,0.6256398019958347,0.347487150995045
3051,2,2,0.0005641509524603505,0.06475713940335398,0.9346787096441856
3052,2,2,0.0002265812687596945,0.05360272175791283,0.9461706969733275
3053,0,0,0.989407495722467,0.010577000483300202,1.5503794232788624e-05
3054,2,2,0.00017362352275203727,0.0659361812039461,0.933890195273302
3055,1,1,0.11957532323018351,0.6371303189968637,0.2432943577729528
3056,0,0,0.9972332828892568,0.0027648117766671415,1.9053340758832758e-06
3057,1,1,0.08602386059625994,0.7279768835237101,0.18599925588002986
3058,2,2,0.00449693223839449,0.36965788813056943,0.6258451796310361
3059,0,0,0.9431924887574015,0.0566086659159182,0.0001988453266803924
3060,1,1,0.04538199793566738,0.7213812642070805,0.23323673785725219
3061,1,1,0.256733258345914,0.610837541761381,0.13242919989270505
3062,0,0,0.9420545239079985,0.05784778941075706,9.768668124440037e-05
3063,2,2,0.0036956818277554416,0.30154254238590694,0.6947617757863376
3064,2,2,2.0217606566892e-05,0.011469680668954917,0.9885101017244781
3065,1,1,0.24769764227003144,0.7131513177116486,0.03915104001832012
3066,0,1,0.44550862530206725,0.5304508464662142,0.02404052823171861
3067,1,1,0.04691816992079078,0.5717532148734017,0.3813286152058076
3068,1,1,0.07628114101264083,0.6676888432092812,0.256030015778078
3069,1,1,0.1266047437801059,0.7151286609657164,0.15826659525417774
3070,0,0,0.5866239420328794,0.40635356309041754,0.007022494876703122
3071,0,0,0.8362120666692296,0.16299048401546729,0.0007974493153029315
3072,0,0,0.9280412610996539,0.07172721508919205,0.00023152381115404408
3073,0,1,0.12326759061465366,0.8343121029952129,0.04242030639013351
3074,2,2,0.000599676017405154,0.06435766204130791,0.9350426619412868
3075,0,0,0.9337533624789587,0.06562177130909372,0.0006248662119477198
3076,1,1,0.022548681880786688,0.6777188115699517,0.29973250654926153
3077,1,1,0.03636695322155435,0.6654920453283374,0.29814100145010813
3078,1,2,0.00347035144494246,0.33421420375616373,0.6623154447988937
3079,1,1,0.2163317526856291,0.689182153888024,0.09448609342634705
3080,2,2,0.00017805944107532277,0.04352723486445786,0.9562947056944667
3081,0,0,0.7005181043793482,0.29615255007007024,0.0033293455505815127
3082,1,1,0.0354752520335562,0.5486027303431298,0.41592201762331404
3083,0,1,0.4238640217587502,0.5581787127194733,0.01795726552177655
3084,1,1,0.17729495390401448,0.7739203426210207,0.04878470347496482
3085,2,2,0.0013177494996823294,0.1505824931881869,0.8480997573121308
3086,1,1,0.07890472807752252,0.7459421656189055,0.17515310630357184
3087,1,1,0.3647646700970063,0.5938730276009029,0.04136230230209071
3088,2,2,0.0050611229920528135,0.37313224130907013,0.6218066356988771
3089,1,1,0.3748490997726037,0.5736031980362963,0.051547702191099894
3090,0,0,0.6913972643410459,0.30255932167740224,0.006043413981551941
3091,1,1,0.31134328597100863,0.6354104267517292,0.053246287277262175
3092,0,0,0.8699200294857944,0.12837990041462274,0.001700070099582961
3093,1,1,0.026702784284285155,0.5447284254697208,0.428568790245994
3094,0,1,0.38613942472428814,0.5872017447785775,0.02665883049713439
3095,0,1,0.3004776712335856,0.6419925881054477,0.057529740660966604
3096,1,1,0.0967200631156657,0.7272046106737937,0.1760753262105405
3097,1,1,0.14454935155378043,0.7202603559463423,0.13519029249987724
3098,0,0,0.8202024873638064,0.17703740172838828,0.0027601109078053245
3099,0,0,0.9653893036001414,0.03448494871666093,0.00012574768319751717
3100,1,2,0.0067483515187359115,0.29732971113993006,0.695921937341334
3101,0,1,0.358044101148604,0.6152915559929308,0.02666434285846518
3102,0,0,0.6710411301300456,0.30371013379524947,0.025248736074704906
3103,2,1,0.06888441817805051,0.6379448973924768,0.29317068442947253
3104,2,2,0.0009350302184828491,0.08824344999089308,0.9108215197906241
3105,2,2,0.0020798153385562924,0.21573961520295165,0.7821805694584921
3106,0,0,0.9773029224117398,0.02265549697610052,4.158061215959939e-05
3107,2,2,0.0011995269189680944,0.14082327780599255,0.8579771952750394
3108,0,0,0.9982731440238937,0.0017259090977661366,9.468783402958065e-07
3109,0,1,0.3739444651460608,0.5722471140917615,0.053808420762177636
3110,1,1,0.15146299186472198,0.7392063121347854,0.10933069600049254
3111,1,1,0.02602256549427952,0.5644085887819023,0.4095688457238182
3112,0,0,0.8375202119885913,0.16056435370401517,0.0019154343073937649
3113,2,1,0.06653356168324136,0.7346686270648102,0.19879781125194845
3114,0,0,0.9805265002458234,0.019446599689640978,2.6900064535613483e-05
3115,1,0,0.6900226992894356,0.30742795650437266,0.002549344206191743
3116,0,0,0.9546188849684273,0.04516011881342477,0.00022099621814791786
3117,1,1,0.09526212170675762,0.7183618402799683,0.18637603801327407
3118,0,0,0.9571872723896829,0.04269639126996953,0.00011633634034748927
3119,0,1,0.07587424602589549,0.7285544878391721,0.19557126613493236
3120,1,0,0.6703475300155892,0.32017529539905715,0.009477174585353694
3121,1,1,0.2552804038497799,0.6795111645411218,0.06520843160909831
3122,0,0,0.9767027964226098,0.023244988668682395,5.2214908707749725e-05
3123,0,0,0.9148494115445606,0.08448913163039434,0.0006614568250451463
3124,1,1,0.18860587617521196,0.5920054335161044,0.2193886903086837
3125,0,0,0.9096996327510214,0.08973066044926328,0.000569706799715411
3126,0,0,0.9417248618161969,0.058029211785580084,0.0002459263982232179
3127,2,2,7.722953676440086e-05,0.052928004260386956,0.9469947662028486
3128,0,0,0.8724559220680063,0.1265202192959636,0.001023858636030221
3129,1,1,0.08030942607998795,0.6507976049923866,0.2688929689276255
3130,1,1,0.4416993553759331,0.5370444829576413,0.02125616166642562
3131,0,0,0.8956802640448556,0.10328098514342227,0.0010387508117221233
3132,1,0,0.8246676751647651,0.1730184571625622,0.002313867672672538
3133,0,0,0.9406978346361161,0.058916339607277206,0.00038582575660660887
3134,0,0,0.9760096431665526,0.023922792510782574,6.756432266486499e-05
3135,1,1,0.30249456730206836,0.6675146106507757,0.02999082204715583
3136,1,1,0.019025969207295743,0.5166807017186855,0.4642933290740188
3137,1,1,0.3322396882287147,0.6496728203415136,0.01808749142977155
3138,0,1,0.22993379065855293,0.659056702181057,0.11100950716039007
3139,2,2,0.0007096151889659274,0.11887143888828193,0.880418945922752
3140,1,1,0.1985513942995577,0.7476411576127187,0.05380744808772374
3141,0,0,0.8961596898455263,0.10298895448544627,0.0008513556690274915
3142,1,1,0.062497148155250634,0.7745886688731747,0.16291418297157453
3143,2,2,0.0014215514731985488,0.2065651737367329,0.7920132747900686
3144,1,2,0.003347007158248303,0.16930178374073349,0.8273512091010182
3145,0,0,0.7028175517649787,0.29426828600977073,0.002914162225250525
3146,2,2,9.7506870042588e-06,0.011160423665593873,0.9888298256474018
3147,1,1,0.019737850359601402,0.597313066571118,0.3829490830692805
3148,0,0,0.8406934123957626,0.15801400539343152,0.0012925822108058001
3149,1,1,0.18662939801903378,0.6716704282013726,0.14170017377959368
3150,1,1,0.14705652553710807,0.7347600793625418,0.11818339510035013
3151,1,1,0.04301735342760219,0.7403517904703504,0.21663085610204733
3152,0,1,0.0867931867712547,0.7282040516669444,0.18500276156180098
3153,0,0,0.8033888921165673,0.1947111543540507,0.0018999535293819825
3154,2,2,0.008989878189431899,0.4051139597372289,0.5858961620733392
3155,1,2,0.0008177135331157269,0.10668183651725101,0.8925004499496332
3156,2,2,0.001896492444133391,0.24844157531064165,0.749661932245225
3157,0,0,0.5963843081578266,0.3898117994718356,0.013803892370337833
3158,1,0,0.6123560964460504,0.3756054349690154,0.012038468584934164
3159,2,2,0.0006846853741088385,0.1267638230345599,0.8725514915913312
3160,0,0,0.9458127852015614,0.053962551697062516,0.00022466310137609708
3161,2,2,7.10529509187943e-07,0.001784991734383895,0.9982142977361069
3162,1,1,0.4546886730109001,0.5247894843055257,0.020521842683574185
3163,1,2,0.005399636527993946,0.20624467408032857,0.7883556893916774
3164,2,1,0.1576103517668901,0.7968066386449781,0.04558300958813177
3165,1,2,0.008545738276082628,0.26651594471400597,0.7249383170099114
3166,0,0,0.9907815554554067,0.009211217694274418,7.226850318990431e-06
3167,0,0,0.999600880760168,0.0003990187609155871,1.0047891647062677e-07
3168,0,0,0.976063021316306,0.02386241073305419,7.456795063986116e-05
3169,1,1,0.0638422752919495,0.5869130163131995,0.34924470839485106
3170,1,1,0.12372696112063501,0.7571898229348782,0.11908321594448681
3171,0,0,0.9031252382936733,0.0965897841307678,0.00028497757555886647
3172,1,2,0.012951855726943856,0.43221367312128967,0.5548344711517664
3173,0,0,0.9510175519603693,0.04885451382383516,0.00012793421579537632
3174,0,0,0.9972168886682083,0.0027811676364375387,1.9436953541052256e-06
3175,2,2,0.0037364127111641663,0.1600184514344073,0.8362451358544286
3176,2,1,0.010003593541777767,0.5020740625129874,0.4879223439452348
3177,0,0,0.9949729965898951,0.005015065208602734,1.1938201502137072e-05
3178,0,0,0.9074233314263664,0.09195252932488476,0.0006241392487488326
3179,0,0,0.9069955753984511,0.09237114116871038,0.0006332834328384435
3180,1,0,0.7691184163508233,0.2269342795581835,0.003947304090993139
3181,1,1,0.08016365981661387,0.7057577188947379,0.2140786212886481
3182,2,2,0.013180037951034522,0.39325378161172686,0.5935661804372385
3183,0,1,0.4216515375933483,0.5670360455185325,0.011312416888119393
3184,1,1,0.19233903657072923,0.7771770269458427,0.030483936483428075
3185,1,2,0.017927664760914185,0.2046448383601431,0.7774274968789426
3186,2,1,0.10074815343578351,0.8083534685550251,0.09089837800919141
3187,2,1,0.02396143441606166,0.6125019686733554,0.36353659691058304
3188,2,1,0.012495578712767996,0.5231661192172414,0.46433830206999066
3189,1,1,0.05295996855067432,0.7204419194772107,0.226598111972115
3190,0,0,0.9883681503607318,0.011620437323593052,1.141231567512546e-05
3191,1,1,0.1438954691239487,0.7308621756625171,0.12524235521353427
3192,0,0,0.7662369170253489,0.23055312970317596,0.0032099532714752873
3193,0,0,0.951841133697744,0.04798900066374099,0.00016986563851501156
3194,1,1,0.26566937986135314,0.6892348874221566,0.04509573271649028
3195,2,2,1.4811557872991222e-06,0.005495219345695571,0.994503299498517
3196,1,1,0.03217053550690592,0.5383254662479963,0.42950399824509794
3197,1,1,0.03565874413494889,0.6314831618042434,0.33285809406080785
3198,1,1,0.027552369491399265,0.5207185535804281,0.4517290769281727
3199,1,1,0.05246960758881032,0.502776217012835,0.4447541753983547
3200,1,1,0.16504493518246582,0.8018751048101331,0.03307996000740096
3201,1,1,0.11009533104512571,0.652471804905954,0.23743286404892025
3202,0,0,0.8611521269909509,0.1381631426616136,0.0006847303474356291
3203,0,1,0.06984499932399374,0.799507570247268,0.13064743042873828
3204,0,0,0.7398969899257457,0.2548782419258138,0.005224768148440593
3205,0,0,0.8649839016231617,0.13384169576256918,0.0011744026142691294
3206,1,1,0.18171823035691376,0.7700058065140238,0.048275963129062474
3207,2,2,0.0046047934868540166,0.3508492344526756,0.6445459720604704
3208,1,2,0.002497417307234886,0.23801768467592685,0.7594848980168383
3209,0,0,0.6640480591809259,0.32876224311901897,0.007189697700054978
3210,2,2,0.00029803938650782834,0.10655024096505969,0.8931517196484325
3211,0,0,0.9654529973943302,0.034161121517916976,0.0003858810877528028
3212,1,1,0.11926147164142195,0.7587874853325486,0.12195104302602941
3213,0,0,0.4997585137271648,0.4812898474041103,0.018951638868725012
3214,0,0,0.8401253103750593,0.1585212307282707,0.0013534588966699007
3215,0,0,0.776708349407444,0.22111286936615498,0.0021787812264010254
3216,2,2,0.0036341936556741157,0.327162097994963,0.6692037083493629
3217,0,0,0.9891666199218168,0.010810450764989198,2.2929313194095197e-05
3218,0,0,0.8911070762874675,0.1078617174303359,0.0010312062821966085
3219,1,1,0.39767610660606967,0.5871065116418045,0.015217381752125793
3220,2,2,0.00024327944137532393,0.047576778776552524,0.9521799417820722
3221,1,1,0.26773330977374765,0.6801947208925864,0.05207196933366595
3222,0,0,0.9974273505847069,0.002571717811313344,9.316039797422891e-07
3223,0,0,0.8090495438715362,0.18788092313842789,0.0030695329900360343
3224,0,0,0.8007553282946672,0.19545169064633483,0.003792981058997948
3225,1,1,0.2382959494090516,0.7032392152388985,0.058464835352049896
3226,2,2,0.0003856174798635706,0.10786138432984022,0.8917529981902963
3227,0,0,0.9087455552925363,0.0906889426094964,0.0005655020979673437
3228,2,2,1.2853908645364219e-05,0.01139369065738935,0.9885934554339654
3229,0,0,0.9899916330998777,0.009999438280913929,8.928619208232411e-06
3230,0,0,0.7438149556984487,0.253469405512482,0.002715638789069337
3231,1,1,0.017638660240247336,0.7828038557515412,0.19955748400821144
3232,0,1,0.09133801394196409,0.7628862486605795,0.14577573739745645
3233,2,2,3.9259038326272756e-05,0.011766513616344024,0.9881942273453298
3234,0,0,0.7428530855901149,0.25319344156692686,0.0039534728429582435
3235,0,0,0.9900997256171984,0.009889446902498242,1.0827480303554253e-05
3236,0,1,0.4731533443381862,0.5068017414044053,0.020044914257408553
3237,1,1,0.3457532630277708,0.6041656683601454,0.05008106861208374
3238,1,1,0.11462512187169142,0.670848610538234,0.2145262675900746
3239,2,1,0.019913474685124145,0.559462540711802,0.4206239846030739
3240,0,0,0.9830204456463911,0.016933964930104753,4.558942350414928e-05
3241,0,0,0.8744506124521785,0.12418807604283644,0.001361311504985141
3242,2,1,0.01971528374212926,0.645536718934652,0.33474799732321864
3243,0,0,0.7572901872035731,0.23226998944667654,0.010439823349750446
3244,0,0,0.9996500512949137,0.0003498902920277727,5.841305861114159e-08
3245,0,0,0.8863067274297474,0.1127724001502234,0.0009208724200291541
3246,1,1,0.4043490560038223,0.5625514080338926,0.033099535962285105
3247,0,0,0.989984800197295,0.0100121297343487,3.0700683563109073e-06
3248,0,1,0.2520532704451452,0.676554219431318,0.07139251012353683
3249,0,0,0.5540353977526761,0.4161843702294741,0.029780232017849816
3250,1,2,0.001440916857186525,0.21016647041581205,0.7883926127270015
3251,1,0,0.7638440444325598,0.23312120315124163,0.003034752416198543
3252,0,0,0.9937506174178788,0.00623885913624104,1.0523445880190602e-05
3253,0,0,0.9886243968923327,0.011360165936767547,1.5437170899695184e-05
3254,0,0,0.7951619792983885,0.20135068589438376,0.0034873348072276666
3255,1,1,0.4251568474296813,0.5197743272558077,0.05506882531451101
3256,2,1,0.013379587985749819,0.5091473089047597,0.4774731031094905
3257,0,0,0.9787454920511431,0.021189442350830687,6.506559802637e-05
3258,0,0,0.8669159046741785,0.1319662620385385,0.0011178332872829055
3259,1,1,0.12939148866847025,0.6529221187923414,0.21768639253918828
3260,1,1,0.47884377257919586,0.5089558437355566,0.012200383685247512
3261,1,2,0.007876436024155055,0.40532220415987846,0.5868013598159664
3262,0,0,0.9891257229972737,0.010861332273746844,1.2944728979391081e-05
3263,1,1,0.072596865211375,0.7339176353451883,0.19348549944343688
3264,0,0,0.9991110206958643,0.0008883321512181098,6.471529176426023e-07
3265,1,1,0.04310178220886033,0.7385401938755395,0.2183580239156001
3266,2,2,0.00015904009387387143,0.08177811452336772,0.9180628453827585
3267,1,1,0.4736428113120864,0.5041350553989989,0.02222213328891463
3268,0,1,0.07851993722672045,0.674567491444892,0.2469125713283875
3269,1,1,0.43432228121092115,0.5382060972240608,0.027471621565018124
3270,2,2,9.515735008613114e-06,0.009606431411853609,0.9903840528531378
3271,1,1,0.13874509197015003,0.8062979818651077,0.05495692616474221
3272,0,0,0.8994742638360045,0.09921850200063377,0.0013072341633616205
3273,1,1,0.10313305989518752,0.7054318342312532,0.19143510587355922
3274,0,1,0.2502003890090974,0.6916997108621399,0.05809990012876262
3275,1,1,0.34291253227635315,0.5924429122616112,0.06464455546203579
3276,0,0,0.999339763399259,0.000660117826974902,1.1877376607237273e-07
3277,2,2,0.0010430767315552983,0.16606555169568965,0.8328913715727552
3278,2,2,0.005300235642863263,0.3324900542970524,0.6622097100600842
3279,0,0,0.8250249416688629,0.17291355517467713,0.002061503156459977
3280,1,1,0.45070608872193263,0.5036017153529787,0.045692195925088684
3281,2,2,0.0021518098008898898,0.15686949688879703,0.8409786933103132
3282,0,0,0.5447599692867555,0.4449043348006453,0.01033569591259927
3283,1,0,0.6219878088459325,0.36359612288336157,0.01441606827070576
3284,0,0,0.9194560557089192,0.07990648590205836,0.000637458389022398
3285,0,0,0.9634490023992869,0.03609208086335521,0.00045891673735804454
3286,0,0,0.9914699684207157,0.008524178331910194,5.85324737408045e-06
3287,0,0,0.9407891555706535,0.058950646671784165,0.000260197757562335
3288,1,1,0.4845104659695712,0.48629594753018,0.029193586500248718
3289,0,0,0.8397657999220555,0.15770570119370356,0.0025284988842409276
3290,2,2,0.0009177291040354365,0.23446203057071177,0.7646202403252529
3291,2,2,7.501680455492194e-05,0.025009393883356355,0.9749155893120888
3292,0,0,0.9777037761713795,0.02224786195790864,4.836187071188918e-05
3293,2,0,0.505689048334538,0.4651808387547598,0.029130112910702225
3294,2,2,0.012019294850401986,0.38075861473303896,0.6072220904165591
3295,0,0,0.9559026867043436,0.04402768065233077,6.963264332570118e-05
3296,0,0,0.9880197509034238,0.011942983671067373,3.72654255088764e-05
3297,0,0,0.990883039035075,0.009106225613398442,1.0735351526560092e-05
3298,2,2,3.425880393825946e-05,0.020398707541775356,0.9795670336542864
3299,0,0,0.5619418362439763,0.4242288847844893,0.013829278971534527
3300,1,1,0.466674795328893,0.5070989404780064,0.0262262641931005
3301,1,0,0.941350834190656,0.05838829052109433,0.00026087528824961866
3302,0,0,0.9975082376681977,0.0024900325253612863,1.7298064410445803e-06
3303,1,2,0.020793696563399425,0.48608594072872374,0.4931203627078768
3304,2,2,0.0018748600662081617,0.40617759388486074,0.5919475460489312
3305,0,0,0.6790129446976759,0.31421181425882494,0.006775241043499125
3306,0,1,0.48346682303541005,0.4930324400302045,0.023500736934385393
3307,2,2,1.641236337412911e-05,0.02026999641685387,0.979713591219772
3308,0,0,0.950507634901419,0.04927705603995331,0.00021530905862775424
3309,1,1,0.2898032719744617,0.6322210482451986,0.07797567978033966
3310,0,0,0.9717029145792696,0.028232112890559678,6.497253017066101e-05
3311,1,1,0.0806051263706838,0.7641188107088618,0.15527606292045437
3312,0,0,0.7912071780530151,0.20765496891496418,0.0011378530320208984
3313,0,0,0.7800956479354475,0.21597942836677228,0.003924923697780214
3314,2,1,0.03222298766582362,0.4892619141442221,0.4785150981899542
3315,2,2,0.010417590202467589,0.37099917688824935,0.618583232909283
3316,1,1,0.23442773019439325,0.6711796799748425,0.09439258983076425
3317,1,1,0.0184133554249879,0.5575782442981264,0.4240084002768857
3318,0,0,0.9858762027257236,0.01408357676062866,4.022051364772358e-05
3319,1,1,0.14841161645963816,0.7809282951571457,0.07066008838321627
3320,1,1,0.43188196119552524,0.5432296203261848,0.024888418478289934
3321,0,0,0.6095547917077807,0.3642341058786077,0.02621110241361166
3322,0,0,0.9311427261637051,0.06859432023613701,0.0002629536001578813
3323,0,0,0.7427712900205126,0.25211166236047194,0.0051170476190153975
3324,1,1,0.04838570060853583,0.7682778211048278,0.18333647828663638
3325,0,0,0.980377882751802,0.019608874794259774,1.3242453938147323e-05
3326,0,0,0.8955630933450898,0.10346563951075285,0.0009712671441573828
3327,2,2,0.0047358962649078394,0.3528252673418762,0.642438836393216
3328,2,2,0.003483654735469025,0.27580129390905395,0.720715051355477
3329,2,2,6.72464668735365e-08,0.0003228148092944347,0.9996771179442386
3330,0,0,0.9943130273906894,0.005680215940852156,6.756668458325763e-06
3331,1,1,0.0642110969171665,0.6983522123434006,0.23743669073943285
3332,2,2,3.195011866187845e-05,0.017611201034931787,0.9823568488464064
3333,0,0,0.9709586974790768,0.02901152843321957,2.977408770360472e-05
3334,1,1,0.2488727628696068,0.6775008168564459,0.07362642027394728
3335,0,0,0.9929882909557084,0.007005633069511613,6.075974780079366e-06
3336,2,2,0.00033410374862997375,0.07716854700876069,0.9224973492426094
3337,1,1,0.14461704538564393,0.7684069900548256,0.0869759645595304
3338,2,2,1.5383109545684765e-08,0.000396915388581853,0.9996030692283087
3339,0,0,0.9961191953315828,0.0038779883791576508,2.8162892595709935e-06
3340,0,0,0.991495301011906,0.008487276713517925,1.742227457608136e-05
3341,2,2,3.903745885917165e-05,0.017933745716092155,0.9820272168250488
3342,1,0,0.65801778989158,0.33137139254350995,0.010610817564910042
3343,0,1,0.4564096921627592,0.5197342086688235,0.02385609916841729
3344,2,2,0.038100844468548736,0.45469787756594576,0.5072012779655055
3345,0,0,0.9785908960964915,0.021376629322467935,3.247458104062096e-05
3346,0,0,0.9196108869310732,0.08006166188861683,0.0003274511803100981
3347,0,0,0.7551597069796131,0.24024506998233058,0.004595223038056216
3348,0,0,0.7646360581215226,0.23128416377294567,0.004079778105531738
3349,2,1,0.1289621524484559,0.7266414575280807,0.1443963900234634
3350,1,0,0.6081533660569906,0.3838711084003285,0.007975525542680995
3351,2,1,0.08718810753702322,0.7115500205992416,0.2012618718637352
3352,0,1,0.3619615396305174,0.6113121698599512,0.026726290509531417
3353,1,0,0.5405105257118958,0.4318126999342792,0.02767677435382493
3354,0,0,0.9624345862342184,0.03749907288260837,6.634088317317857e-05
3355,1,0,0.6368812772415283,0.35750060756840984,0.0056181151900617865
3356,0,0,0.8061051463660007,0.19197548845207912,0.001919365181920188
3357,1,1,0.17270008008804993,0.674142504477146,0.15315741543480416
3358,1,2,0.0060930196564182955,0.2850492009286376,0.7088577794149441
3359,2,1,0.0199083256142175,0.6023132792463718,0.37777839513941064
3360,0,0,0.9998843251259955,0.00011565609903877451,1.8774965775711e-08
3361,1,1,0.39781136247592813,0.541410299882986,0.06077833764108599
3362,0,0,0.998464957870621,0.0015343412236195086,7.009057595507817e-07
3363,1,1,0.4735072765909334,0.5041224230730333,0.022370300336033242
3364,1,1,0.10560594810476462,0.7393372545194458,0.15505679737578956
3365,2,1,0.3280104543798173,0.6405597102640932,0.031429835356089425
3366,0,0,0.7167857611785123,0.279430789605742,0.003783449215745665
3367,1,1,0.3960938233823516,0.5729230857023554,0.030983090915293034
3368,1,1,0.17218850118452395,0.6985204485019628,0.12929105031351323
3369,1,2,0.007960793503276675,0.49036516763336313,0.5016740388633603
3370,1,1,0.20333680650264369,0.7052105881150249,0.09145260538233145
3371,1,1,0.27039357517945983,0.538358596531086,0.19124782828945425
3372,0,0,0.875344498022719,0.12412092346812349,0.0005345785091577164
3373,1,1,0.05087183913775321,0.601297410317083,0.34783075054516394
3374,1,1,0.07598473582113545,0.7659910784016638,0.15802418577720076
3375,0,0,0.7812498605078015,0.21598309717987804,0.002767042312320565
3376,2,2,0.002401205686580523,0.3551127113398607,0.6424860829735587
3377,1,2,0.012671539123079502,0.455785175075399,0.5315432858015214
3378,1,0,0.6767610401471357,0.31712432257739864,0.00611463727546567
3379,2,2,0.0016048436546730745,0.16865901823322976,0.8297361381120972
3380,0,0,0.9330218015921409,0.06665919601667672,0.00031900239118236117
3381,1,0,0.5120599542609628,0.48009068268008226,0.007849363058954886
3382,1,0,0.5772796700112512,0.4090344253386359,0.013685904650112816
3383,0,0,0.9924855422392044,0.007506575246269952,7.882514525748247e-06
3384,2,1,0.07308884641996229,0.5581217231829646,0.368789430397073
3385,1,1,0.37484905277338754,0.5908909749811622,0.034259972245450285
3386,1,0,0.7719879756638164,0.22061321725496255,0.007398807081221065
3387,0,1,0.4562744515984563,0.536650274227275,0.007075274174268771
3388,2,2,0.0007608468428638809,0.14058392594399358,0.8586552272131425
3389,0,0,0.9269317636422434,0.07275571661528492,0.0003125197424716705
3390,0,0,0.9902327531760506,0.009750099409686281,1.714741426305723e-05
3391,0,1,0.177619618626942,0.7093493930968395,0.11303098827621831
3392,2,2,0.0005359642441650142,0.18888084746457023,0.8105831882912647
3393,0,0,0.9952963590901528,0.004698837724548993,4.8031852983075744e-06
3394,2,2,0.00012892590954521142,0.061092839372320705,0.9387782347181342
3395,2,1,0.049529124512976794,0.6431175995815417,0.3073532759054815
3396,0,0,0.7349021382360196,0.2624171351243311,0.0026807266396494155
3397,2,2,0.0010993534405135854,0.13927487114111456,0.8596257754183719
3398,2,2,0.004695935889964636,0.27714919457077275,0.7181548695392626
3399,1,1,0.09361182190759265,0.7492962870196576,0.15709189107274987
3400,0,0,0.8802166727866338,0.11834271166885495,0.001440615544511252
3401,1,0,0.5055181175675652,0.4745375829304204,0.019944299502014422
3402,1,1,0.016064432591108638,0.7271590939622591,0.2567764734466324
3403,0,0,0.9108555828952262,0.08856506064991812,0.0005793564548557145
3404,1,1,0.4092292598763337,0.5588375116559415,0.03193322846772487
3405,2,2,0.00021679820909259397,0.05489610543767681,0.9448870963532306
3406,2,1,0.03560823162305394,0.7300984957200678,0.23429327265687822
3407,2,1,0.09682912122004705,0.771641129637019,0.13152974914293397
3408,0,0,0.682141164048306,0.3116813289232884,0.0061775070284055735
3409,2,2,0.01613355641689809,0.4058592565122573,0.5780071870708445
3410,1,1,0.09360415715916351,0.8157985480762886,0.09059729476454788
3411,0,0,0.9505456958261794,0.04932205429673286,0.00013224987708761171
3412,1,1,0.13283420784824737,0.7666237104604492,0.10054208169130334
3413,1,1,0.16985923647897336,0.760881087182373,0.06925967633865374
3414,1,1,0.1528205211192642,0.7946077687039548,0.05257171017678102
3415,0,0,0.9911066286233788,0.0088699242120894,2.3447164531906136e-05
3416,0,0,0.606433057949556,0.3876677117229079,0.005899230327536122
3417,0,0,0.7544825511433007,0.2436540325470643,0.001863416309634875
3418,0,0,0.6235318332944241,0.36917436776356666,0.007293798942009234
3419,0,0,0.5841628626171688,0.4070262116015796,0.008810925781251595
3420,1,1,0.04225322243217909,0.5868369657885077,0.37090981177931315
3421,0,0,0.6924373173332099,0.3034125326158802,0.004150150050909919
3422,0,0,0.6534847082911438,0.3300343647258414,0.016480926983014857
3423,1,1,0.25140174182904307,0.7032221617836755,0.04537609638728154
3424,1,1,0.12622827821917812,0.7480015905435067,0.1257701312373152
3425,1,1,0.31624084945599423,0.6614388761287499,0.022320274415255924
3426,0,1,0.3650889293354589,0.6080663275426541,0.026844743121886866
3427,0,1,0.08172487090578985,0.7190271787628177,0.19924795033139245
3428,0,0,0.9551769205452639,0.044564677305360186,0.0002584021493759295
3429,0,0,0.7637505136855959,0.23271892773215613,0.0035305585822479665
3430,0,1,0.39569246407379577,0.5711778371552348,0.03312969877096938
3431,2,2,0.0034505423755690793,0.19634383375792813,0.8002056238665027
3432,1,1,0.07385788124491113,0.6824618524053481,0.2436802663497409
3433,0,0,0.8912398294752039,0.10761877259594342,0.0011413979288528288
3434,0,0,0.9002578531566673,0.09890004062989642,0.0008421062134362424
3435,1,1,0.37048675672008263,0.5610923381131183,0.06842090516679894
3436,0,0,0.6765804494369548,0.3182651033260146,0.005154447237030626
3437,0,0,0.9998958928782603,0.00010409139073343243,1.573100624006542e-08
3438,1,1,0.02631983265554511,0.6822218411548399,0.29145832618961504
3439,0,0,0.7745234664062819,0.22271781445402508,0.0027587191396928725
3440,1,1,0.04843363679242288,0.6996605619018885,0.25190580130568846
3441,1,1,0.07347653853518142,0.7474704791288055,0.17905298233601297
3442,2,2,0.00017494891035242503,0.06183080961083016,0.9379942414788173
3443,2,1,0.3505064467660698,0.6158652864235158,0.03362826681041445
3444,1,1,0.11823054733465246,0.7534915594941735,0.12827789317117422
3445,2,2,0.056744318852008716,0.4469255703520175,0.49633011079597367
3446,0,0,0.967045078235236,0.032860143754195846,9.47780105681574e-05
3447,1,0,0.8885246099778901,0.11076887766536403,0.0007065123567458968
3448,1,1,0.06788222987610044,0.6845539342483064,0.24756383587559308
3449,0,0,0.9263379481584458,0.07333073558228193,0.0003313162592723543
3450,1,1,0.44556352656930237,0.5380675817675856,0.01636889166311191
3451,1,1,0.1186680345796633,0.7362698516116846,0.1450621138086523
3452,1,1,0.04173298088651271,0.7839551832956502,0.17431183581783702
3453,1,1,0.04499073758444801,0.7387911308358204,0.2162181315797316
3454,2,2,0.006475269198140349,0.19312886978128502,0.8003958610205746
3455,1,1,0.13365382878013812,0.758886573033417,0.10745959818644486
3456,1,1,0.03828789264954504,0.7648311619911412,0.19688094535931377
3457,0,1,0.46685364436709,0.5173866015216539,0.015759754111255995
3458,2,2,0.004796434042545144,0.22866557451450853,0.7665379914429463
3459,0,0,0.9560106640824798,0.043864968455509745,0.00012436746201039217
3460,1,1,0.2688137707895791,0.6672457726848019,0.06394045652561901
3461,2,2,0.0030293396610406044,0.20559894063168943,0.7913717197072698
3462,1,1,0.11040496314410302,0.8125303450253544,0.07706469183054249
3463,0,1,0.33946415719825135,0.642067882690367,0.018467960111381673
3464,0,0,0.7972330588699886,0.20020408577900017,0.002562855351011255
3465,1,1,0.02398511388800886,0.5730341181964905,0.4029807679155006
3466,1,0,0.8534312725871258,0.14450562899043928,0.0020630984224349162
3467,2,1,0.01187520488677136,0.5941524401845893,0.39397235492863925
3468,1,0,0.5458632699910827,0.4376901060933972,0.016446623915520073
3469,0,0,0.9068669731432005,0.0927230754426133,0.0004099514141861269
3470,1,1,0.15261282604230905,0.7897847270507385,0.05760244690695242
3471,0,0,0.9998085285241094,0.00019143755436062585,3.3921529817016895e-08
3472,0,0,0.9441653371040131,0.05561532892899613,0.00021933396699081644
3473,0,0,0.8729333756040297,0.12630081385025058,0.0007658105457197499
3474,0,0,0.9935209121448648,0.006473198517343157,5.889337792017983e-06
3475,1,1,0.014745268958938181,0.5998724821220225,0.3853822489190393
3476,1,2,0.020941754652070568,0.451909500648233,0.5271487446996964
3477,0,0,0.9726628111738255,0.027258756308542464,7.843251763217436e-05
3478,0,0,0.9274832360926355,0.07226467791137059,0.0002520859959937998
3479,0,0,0.9731166608016046,0.026843283369696127,4.0055828699200484e-05
3480,1,1,0.15362019593241785,0.7895227127536076,0.056857091313974414
3481,0,0,0.6840780802448453,0.3107652897774119,0.005156629977742762
3482,1,1,0.16621353974623138,0.7543260209337554,0.07946043932001327
3483,0,0,0.9141435082729529,0.08494012964907256,0.0009163620779744692
3484,1,1,0.03344478799316734,0.507402535723469,0.45915267628336354
3485,2,2,0.0003850096223088331,0.07214035715144096,0.9274746332262502
3486,0,0,0.9636665937272056,0.03620459940893062,0.00012880686386364183
3487,0,1,0.12934720690405094,0.6962049960760461,0.17444779701990296
3488,1,1,0.3632805772606026,0.5825179187878581,0.054201503951539436
3489,1,2,0.00442638034978286,0.36276009145481114,0.6328135281954059
3490,2,2,0.0062676249467590464,0.37702304433598727,0.6167093307172535
3491,1,1,0.01430675197634709,0.6279969668593026,0.3576962811643502
3492,0,0,0.5785801129015099,0.4065708671624721,0.014849019936017996
3493,0,0,0.9751459172230342,0.024790736646626,6.334613033975521e-05
3494,1,1,0.4906555671789193,0.49869902936577815,0.010645403455302585
3495,1,1,0.43086599831731265,0.5506389755447942,0.018495026137893094
3496,1,2,0.008855718562609853,0.2754589970852793,0.7156852843521109
3497,0,0,0.9997105387507549,0.0002893877061109363,7.354313424225958e-08
3498,1,1,0.29292833177028765,0.686359793685044,0.0207118745446682
3499,1,0,0.6437125900318296,0.34376353175606444,0.012523878212105892
3500,0,0,0.4915178598721776,0.476401387653121,0.03208075247470146
3501,2,1,0.0318854700670857,0.6781011187467639,0.2900134111861503
3502,0,0,0.725704617948629,0.2704383729500628,0.0038570091013083287
3503,0,1,0.3254808087821628,0.5977932372773648,0.07672595394047237
3504,1,1,0.04528013855975636,0.7512616877342394,0.20345817370600416
3505,0,0,0.869476545751074,0.12967976041059837,0.0008436938383275554
3506,1,1,0.1128936656231022,0.720381999051748,0.1667243353251498
3507,2,1,0.027281154464270905,0.6433239578950041,0.329394887640725
3508,1,1,0.4576483377553848,0.5200878641219494,0.022263798122665785
3509,0,0,0.8939545440529142,0.10571535059616334,0.0003301053509225486
3510,1,1,0.0703637072156001,0.7380496331001015,0.19158665968429833
3511,0,0,0.9233851358467936,0.07603484362585712,0.0005800205273492626
3512,2,2,2.3368954084175537e-06,0.004402801503528103,0.9955948616010634
3513,1,1,0.02603295628880441,0.6714332762041133,0.3025337675070822
3514,0,0,0.9142544128868625,0.0854204944774318,0.00032509263570570983
3515,0,0,0.9246759957232245,0.07499858518808612,0.0003254190886892884
3516,0,0,0.6112767390157242,0.3846065924662867,0.004116668517989251
3517,0,0,0.9135008267365191,0.08580602228374393,0.0006931509797370721
3518,0,0,0.9747880913485681,0.025156196124137418,5.571252729457366e-05
3519,0,1,0.40896181576006563,0.5431203603199206,0.047917823920013654
3520,0,0,0.7993053756614205,0.19797926046068337,0.0027153638778962597
3521,0,0,0.8543804934332121,0.1413893699344272,0.004230136632360663
3522,1,2,0.020373196242522696,0.47357901101589855,0.5060477927415787
3523,1,1,0.1323276829825192,0.7389151224082324,0.1287571946092484
3524,2,2,0.006787862189413814,0.37204054608825,0.6211715917223362
3525,1,1,0.13000946569918037,0.7531553327532416,0.11683520154757802
3526,0,0,0.981020126060781,0.018967743475370398,1.2130463848660462e-05
3527,1,1,0.3512730823747085,0.6182397622430591,0.03048715538223239
3528,1,1,0.19776900309861428,0.7167168702365327,0.08551412666485311
3529,1,1,0.02407372067540446,0.6321674397606873,0.34375883956390824
3530,0,0,0.9614936899487284,0.03838321192198919,0.00012309812928228467
3531,0,0,0.7190344787905492,0.27438354356242656,0.006581977647024298
3532,1,1,0.056012879748397464,0.6498035058237596,0.294183614427843
3533,2,2,0.0024938864748365523,0.15315747927047674,0.8443486342546868
3534,1,1,0.027059494913204016,0.6403769973325253,0.33256350775427074
3535,2,2,0.0050200658942860564,0.41502517099954817,0.5799547631061658
3536,1,1,0.25953506428365025,0.7242205280312531,0.016244407685096707
3537,0,0,0.8764134217455921,0.12233846483412833,0.0012481134202795927
3538,0,0,0.8205772996410086,0.1767106389718326,0.0027120613871587707
3539,2,2,6.035622542508864e-06,0.003952958799623822,0.9960410055778336
3540,2,2,0.017513839505981357,0.40948798284148835,0.5729981776525302
3541,1,0,0.6744713656332372,0.3196299119928375,0.005898722373925411
3542,0,0,0.8910477996429536,0.10834439335788515,0.000607806999161328
3543,0,0,0.9906236037796798,0.009368765974758674,7.630245561461566e-06
3544,2,2,0.0005507442457511516,0.10255559146124528,0.8968936642930035
3545,1,1,0.3441109891546011,0.6128065799207401,0.043082430924658896
3546,1,1,0.07161112383907013,0.6983307925103439,0.230058083650586
3547,1,1,0.07567195814093096,0.6066855251459092,0.31764251671315974
3548,1,1,0.0639615466459141,0.8506225273707612,0.0854159259833248
3549,2,2,0.026395750036537297,0.4835818371895153,0.4900224127739475
3550,2,2,0.004888685408950457,0.29529565826377696,0.6998156563272726
3551,1,1,0.0911256325809286,0.7253145731564816,0.18355979426258984
3552,1,1,0.019039998842766432,0.6958309708388909,0.28512903031834275
3553,2,2,0.022535620417078628,0.3907970165514412,0.5866673630314801
3554,1,2,0.006651023318217768,0.261081861199235,0.7322671154825473
3555,1,0,0.8317947556159466,0.16684627490357873,0.0013589694804745365
3556,1,1,0.11660703270768866,0.711565036122603,0.1718279311697082
3557,1,1,0.22762253811606648,0.7202401048929112,0.052137356991022246
3558,1,1,0.31734558899502924,0.6323962048956333,0.05025820610933746
3559,1,1,0.41314354283741,0.4751761061493462,0.11168035101324386
3560,1,1,0.25135313804376064,0.7126472586549747,0.035999603301264706
3561,0,1,0.15341120179662118,0.7286430502538027,0.11794574794957606
3562,1,0,0.6212121721943369,0.36851075448076065,0.010277073324902408
3563,1,1,0.01653172376938776,0.6173984743045805,0.36606980192603183
3564,0,0,0.917314030508334,0.08221424532669039,0.00047172416497563106
3565,0,1,0.2191238500196218,0.7209485379486898,0.05992761203168841
3566,2,1,0.03522032511798832,0.6362159573089577,0.328563717573054
3567,0,0,0.6866425730107141,0.3076802701784655,0.005677156810820401
3568,0,0,0.5360648161890952,0.452397311410039,0.011537872400865809
3569,1,1,0.0960174785330131,0.6360764822221113,0.26790603924487555
3570,0,0,0.998528040562133,0.0014708654144302267,1.0940234369989292e-06
3571,2,1,0.11081183965537174,0.7665312187232443,0.12265694162138384
3572,0,0,0.6469033089885624,0.3505588772021147,0.0025378138093228968
3573,0,0,0.9569158655638378,0.042894028002606624,0.00019010643355577448
3574,1,1,0.3963146243531547,0.5736821425826625,0.030003233064182906
3575,2,2,0.003385417422804892,0.24580879749215812,0.750805785085037
3576,0,0,0.9968918423751664,0.0031043719854530858,3.785639380736546e-06
3577,2,2,0.010932945199958646,0.2903510832248891,0.6987159715751523
3578,1,1,0.12402244832985954,0.8155724456426338,0.0604051060275068
3579,2,1,0.028160603711262437,0.7302349544448988,0.2416044418438386
3580,1,1,0.06835699159298572,0.7496798069783875,0.1819632014286268
3581,2,2,0.011397350153617347,0.4458516867630741,0.5427509630833086
3582,0,0,0.6691409761954679,0.32297595459258055,0.007883069211951532
3583,0,0,0.9648257182449415,0.03489441851137425,0.00027986324368423944
3584,0,0,0.8972794281376624,0.101503068262754,0.0012175035995837628
3585,1,0,0.6130918482894026,0.377909813456818,0.008998338253779492
3586,0,0,0.8861801406771409,0.11276177347010354,0.0010580858527555722
3587,1,1,0.04971206880824009,0.6661303152808564,0.28415761591090344
3588,2,2,0.0002143699090906523,0.05844294975143953,0.9413426803394698
3589,1,0,0.6283835257441783,0.3613883352347894,0.01022813902103222
3590,0,0,0.9882348706222215,0.011705018953731808,6.011042404668943e-05
3591,0,0,0.9305662091529562,0.0690320994731972,0.00040169137384662214
3592,2,2,0.0003430720244382811,0.07057441584515699,0.9290825121304048
3593,0,0,0.97213530032941,0.027820507457543203,4.419221304701494e-05
3594,1,1,0.1347246237213304,0.7693478591214126,0.09592751715725702
3595,2,2,2.7817503414784415e-05,0.02911956300647292,0.9708526194901123
3596,0,0,0.9912409239456886,0.008745078628200923,1.399742611032151e-05
3597,2,2,0.000980289013602214,0.0666924577163174,0.9323272532700804
3598,1,1,0.1665538348149475,0.7437622775111266,0.08968388767392597
3599,0,0,0.9933703304041225,0.006616987235568734,1.2682360308883185e-05
3600,0,0,0.9955207314277247,0.0044762001057623785,3.0684665128021017e-06
3601,0,0,0.6966707659496262,0.29657276862202114,0.0067564654283527965
3602,0,0,0.5993651016882052,0.38990005934557714,0.010734838966217554
3603,1,1,0.04288925062901395,0.6414085251760224,0.31570222419496363
3604,0,0,0.5850151534024324,0.3879595033512203,0.027025343246347398
3605,1,0,0.7072515227236615,0.2891992937349688,0.003549183541369676
3606,1,1,0.14848273872037568,0.6557964696899823,0.1957207915896421
3607,2,2,1.2395082340430836e-05,0.014665078880061952,0.9853225260375975
3608,1,1,0.14247695454164236,0.8390338027631888,0.01848924269516878
3609,0,0,0.8428087405553061,0.15655919521303582,0.0006320642316581
3610,1,1,0.1315991283532869,0.73658714736219,0.13181372428452312
3611,1,0,0.5089943028074913,0.4848123353888561,0.006193361803652756
3612,2,1,0.06168761522342178,0.7872238952069663,0.1510884895696119
3613,0,0,0.7075872991982964,0.289069405648417,0.0033432951532866057
3614,0,0,0.7678206033255784,0.22836683008140207,0.0038125665930194706
3615,2,2,0.0026951460033645016,0.20127646432319296,0.7960283896734425
3616,1,1,0.4125293463713156,0.5717624634850703,0.015708190143614076
3617,0,0,0.9936380361306265,0.006349823922851249,1.2139946522115013e-05
3618,0,0,0.9921071526864478,0.007879876292368486,1.2971021183755803e-05
3619,0,0,0.9176080919325319,0.08209595060610309,0.00029595746136506124
3620,0,0,0.999694750764236,0.0003051756151731346,7.362059084588787e-08
3621,1,1,0.19773174773088986,0.7069914284011627,0.0952768238679474
3622,2,1,0.2708210235417568,0.6937979110629646,0.035381065395278646
3623,0,0,0.8344793686654951,0.16372491052666702,0.0017957208078377947
3624,2,2,0.0036881534290156667,0.3289787624975612,0.6673330840734232
3625,2,1,0.011765557232678159,0.5351078126474826,0.4531266301198392
3626,2,1,0.04813515405366558,0.556091662063095,0.3957731838832394
3627,0,0,0.7112377941089851,0.2823906746058456,0.006371531285169336
3628,1,1,0.14520620543410592,0.7257836318321116,0.12901016273378244
3629,2,2,1.0590108433942572e-05,0.010161394157178646,0.9898280157343874
3630,0,0,0.992941720395379,0.007053242569938191,5.0370346827934035e-06
3631,2,2,0.001720460082773339,0.2217967951660974,0.7764827447511293
3632,1,0,0.7527059506607802,0.24359859430367206,0.0036954550355478987
3633,1,1,0.03079584402350039,0.4974422541671637,0.4717619018093359
3634,0,0,0.965504626637069,0.034374108598629445,0.00012126476430149766
3635,0,0,0.6893583763077111,0.30716405096091876,0.003477572731370055
3636,0,0,0.6876821894506028,0.30549469174177984,0.006823118807617308
3637,0,0,0.8790018502364311,0.11956030599258424,0.0014378437709847073
3638,0,0,0.6271770844627429,0.36311912643116934,0.00970378910608762
3639,1,0,0.6760846327085249,0.31497068684718116,0.008944680444294003
3640,0,1,0.4890597563576004,0.49510884839895686,0.01583139524344269
3641,2,1,0.0689251263057654,0.7669126499391956,0.16416222375503892
3642,0,0,0.6214074232909216,0.36033479750013675,0.018257779208941685
3643,0,0,0.9639802208734197,0.035890482007102584,0.0001292971194777882
3644,1,1,0.13945081689530447,0.7610753799740515,0.09947380313064394
3645,1,1,0.4000738377316825,0.5819265088489343,0.01799965341938326
3646,2,1,0.17000960925467282,0.6924078636855281,0.13758252705979893
3647,1,0,0.5090842789544974,0.4652613747073795,0.02565434633812318
3648,2,1,0.10045445726737015,0.8489672765533904,0.05057826617923932
3649,0,1,0.37437130191238055,0.6001335932253179,0.025495104862301582
3650,2,2,4.064894819902714e-05,0.025585677084652675,0.9743736739671482
3651,1,0,0.9658807205853163,0.03384800618216411,0.0002712732325197184
3652,0,1,0.4908703016591755,0.4919790794628435,0.017150618877980844
3653,2,2,0.020279380790895307,0.4652096665206872,0.5145109526884175
3654,1,1,0.314830301874141,0.6507965884807928,0.03437310964506625
3655,2,2,0.003953387561229481,0.2574565428457164,0.7385900695930541
3656,1,1,0.04961802884204299,0.6872999275713153,0.2630820435866416
3657,1,1,0.03791725723192214,0.7327006339021334,0.22938210886594457
3658,0,0,0.6064573584796461,0.38447109897811227,0.009071542542241587
3659,0,0,0.974072146494633,0.0258759000062154,5.195349915137691e-05
3660,0,0,0.8728987939013144,0.12514854626171376,0.0019526598369718423
3661,1,0,0.7335884456708188,0.2577397573924978,0.008671796936683298
3662,0,0,0.8925191220142928,0.10649132482783893,0.0009895531578682404
3663,0,0,0.8576930417055519,0.13992076477034113,0.0023861935241070702
3664,0,0,0.9014199080223878,0.0974275008119861,0.0011525911656260776
3665,2,2,0.0015289378430705443,0.14450265752229893,0.8539684046346306
3666,2,2,0.00025566521610594014,0.0523811627617661,0.9473631720221279
3667,1,2,0.00041554584363296586,0.18679166366150596,0.8127927904948612
3668,0,0,0.7704646618936956,0.22712154625791178,0.0024137918483926463
3669,2,1,0.029429942090876345,0.6064747609735706,0.3640952969355531
3670,0,1,0.2572964776414342,0.7189910460639213,0.023712476294644458
3671,1,2,0.015527442099946482,0.2209816097656621,0.7634909481343913
3672,1,0,0.5224197144799502,0.462719316879886,0.014860968640163784
3673,1,1,0.03949335626264016,0.6290404740586573,0.3314661696787026
3674,0,0,0.9367867287961198,0.0621233320984264,0.00108993910545396
3675,2,2,0.0004986422538491352,0.06662027815275849,0.9328810795933925
3676,0,0,0.9547671645253415,0.04444840169179956,0.000784433782859082
3677,0,0,0.8680370046513715,0.1285221227707709,0.0034408725778577514
3678,0,0,0.9489766849496607,0.0507476794968103,0.00027563555352896885
3679,0,0,0.993812674136744,0.006176220438114551,1.1105425141462799e-05
3680,0,0,0.8693968368962748,0.1271901995140342,0.0034129635896911915
3681,0,0,0.8110084517257946,0.18667257153543035,0.0023189767387750155
3682,1,0,0.637509008782504,0.357087060299853,0.005403930917642888
3683,0,0,0.9571782614875634,0.04276721592231578,5.452259012093936e-05
3684,0,0,0.9106631550980963,0.08856178006305045,0.0007750648388531135
3685,2,2,5.167601001071913e-05,0.025964076374451278,0.9739842476155379
3686,0,0,0.7215829643759031,0.2732329955491195,0.005184040074977243
3687,1,1,0.0838452723835668,0.801849551236975,0.11430517637945826
3688,1,1,0.3899375784513435,0.5528163698878017,0.05724605166085475
3689,1,1,0.49424893751959753,0.49521800649667397,0.010533055983728456
3690,1,0,0.8548852093945983,0.14429961176909295,0.0008151788363085506
3691,1,1,0.016976425919646185,0.5996755783229164,0.38334799575743744
3692,1,1,0.3772598330861415,0.6008065981095646,0.021933568804293837
3693,0,0,0.990106973717629,0.009879340272953705,1.368600941743354e-05
3694,0,1,0.40194437226815355,0.5712741742163528,0.02678145351549366
3695,0,0,0.857742246070063,0.14127872496505023,0.0009790289648867168
3696,1,1,0.13362627746505903,0.6892413551053216,0.1771323674296194
3697,1,2,0.005252581467334698,0.2630908749087772,0.7316565436238881
3698,0,0,0.9735786430970507,0.026334187552894243,8.716935005510599e-05
3699,1,1,0.06840072584218902,0.7960291913896733,0.1355700827681377
3700,0,0,0.9483004303317047,0.05156500008825115,0.00013456958004402599
3701,2,2,0.00491609474751076,0.26917940792145373,0.7259044973310355
3702,2,2,4.29554768783048e-05,0.014340290251573774,0.9856167542715479
3703,1,1,0.03594701657431317,0.7759942148480592,0.18805876857762763
3704,1,2,0.004544599366855946,0.294477347886616,0.700978052746528
3705,1,1,0.04851160180565431,0.6228256870476275,0.3286627111467183
3706,0,0,0.9986244659155809,0.0013745560371817417,9.780472374348393e-07
3707,1,1,0.25932224990755043,0.6882177853025325,0.05245996478991697
3708,0,0,0.999551550092579,0.00044835715471578074,9.275270528544653e-08
3709,1,1,0.08800877612982318,0.8185770477462729,0.09341417612390393
3710,1,1,0.36327711851438144,0.6088966729949644,0.02782620849065412
3711,1,1,0.3610240063469731,0.5892374599068764,0.04973853374615041
3712,0,1,0.2775549800478782,0.6549031797613664,0.06754184019075533
3713,0,0,0.9518853225772357,0.0478887001046469,0.00022597731811752834
3714,0,1,0.06134689266320987,0.5872017481996322,0.3514513591371579
3715,1,1,0.44963856902622845,0.5079355918154933,0.0424258391582783
3716,2,2,0.0004974981547260222,0.11085855179338593,0.888643950051888
3717,2,2,0.0018188815423204993,0.27755645601225937,0.7206246624454201
3718,2,2,0.0021875837899174495,0.1472026426067167,0.8506097736033658
3719,2,1,0.016005059267162083,0.5543440021856039,0.42965093854723396
3720,2,2,0.002933206302327026,0.2753988269905091,0.7216679667071638
3721,0,0,0.9753711891878514,0.024548839774617734,7.997103753070628e-05
3722,0,0,0.9767391083295093,0.023189866383320858,7.102528716997888e-05
3723,2,1,0.06988507587631977,0.6367953718862056,0.2933195522374746
3724,1,1,0.09216988303966643,0.7653839670728154,0.1424461498875181
3725,1,1,0.11201773942907478,0.7444288502105214,0.143553410360404
3726,0,0,0.9952615805017186,0.004734932159026705,3.4873392547991925e-06
3727,2,2,0.006239364029484024,0.2812413874200677,0.7125192485504482
3728,0,0,0.9977199313584924,0.0022791290198045,9.396217030735608e-07
3729,2,2,0.00014477572387571163,0.052120986903083664,0.9477342373730406
3730,0,0,0.9977646623609108,0.002233614457856598,1.7231812325382562e-06
3731,0,0,0.988005223909859,0.011981934959319408,1.2841130821493246e-05
3732,0,0,0.9776666917199285,0.02228225962645358,5.1048653618050474e-05
3733,0,1,0.3360805540826608,0.6211539715128073,0.042765474404532024
3734,0,0,0.9194318817585111,0.08014319939098469,0.00042491885050425636
3735,2,2,4.261467100394653e-05,0.0357004145580692,0.9642569707709268
3736,1,1,0.4759645616152641,0.4978812987706409,0.026154139614094882
3737,0,0,0.8872649635209298,0.111689692047976,0.0010453444310942132
3738,2,2,0.003102238841135078,0.21781522315373064,0.7790825380051342
3739,0,1,0.29319689601938653,0.6859679558060361,0.020835148174577246
3740,1,0,0.623614155310248,0.3683566300942563,0.00802921459549562
3741,0,0,0.597854135232077,0.3446872141281451,0.05745865063977793
3742,0,1,0.21172390023751925,0.7471605673158862,0.041115532446594584
3743,0,0,0.7341404025169967,0.26289944363870393,0.0029601538442993575
3744,2,2,0.0010114465681449086,0.33598349760447616,0.6630050558273788
3745,0,0,0.965627971258848,0.034275642618725455,9.638612242648198e-05
3746,1,1,0.16345011984709537,0.7068502206482011,0.12969965950470355
3747,2,2,0.00047367663230502385,0.08188302274313916,0.9176433006245559
3748,0,0,0.7138982035141613,0.27967439706306235,0.006427399422776207
3749,0,1,0.437677492931717,0.5456543588935201,0.016668148174762892
3750,1,1,0.316252395370332,0.6067294878374664,0.0770181167922017
3751,1,1,0.1542465516084282,0.7679029950611778,0.0778504533303941
3752,0,0,0.9785407220520831,0.02144046975988425,1.880818803262641e-05
3753,0,0,0.8901587128854838,0.10907608607597133,0.000765201038544822
3754,0,0,0.682192507225211,0.3033377653563962,0.014469727418392796
3755,0,1,0.4375877348725046,0.5445061547688806,0.017906110358614825
3756,0,1,0.35099321095381547,0.6034060373963548,0.04560075164982962
3757,0,0,0.9260914826735185,0.07362092067866476,0.00028759664781688194
3758,1,1,0.026503984044602445,0.603413097839652,0.37008291811574545
3759,2,2,0.000392831635758661,0.08456431279148825,0.9150428555727531
3760,0,0,0.6201452302585565,0.36656786625327553,0.013286903488168083
3761,0,0,0.7491130372764562,0.23834708843796262,0.012539874285581178
3762,1,1,0.21536600797383068,0.6562079954305422,0.12842599659562703
3763,1,1,0.028126438219527414,0.7220741340377559,0.24979942774271657
3764,0,0,0.9929280519877837,0.007062860323135199,9.087689081205183e-06
3765,1,0,0.7449930971968141,0.24983991914123838,0.0051669836619475246
3766,1,0,0.6266746398892793,0.36414814895487246,0.009177211155848266
3767,0,0,0.8159601092601942,0.1813921504663756,0.0026477402734300594
3768,2,2,0.0013045090638193202,0.28273439790890514,0.7159610930272756
3769,0,0,0.932457965291957,0.06723194104294482,0.0003100936650983228
3770,1,1,0.47968127645450676,0.49325673907364326,0.027061984471849893
3771,2,2,0.008635603579274665,0.3706512212374837,0.6207131751832416
3772,2,2,0.006414300757152197,0.37556175865006036,0.6180239405927874
3773,2,2,6.34714082026347e-05,0.02855745758783913,0.9713790710039581
3774,2,2,0.0001458636476688115,0.03398043326683063,0.9658737030855007
3775,0,0,0.8135320667379012,0.1825544598349166,0.003913473427182179
3776,2,1,0.07653145429038709,0.7881214099172745,0.13534713579233842
3777,2,2,0.051491308325842935,0.4257726844801226,0.5227360071940345
3778,0,0,0.9950784625715211,0.004908301415705201,1.3236012773569967e-05
3779,2,2,2.940093212808648e-06,0.00929747801783208,0.9906995818889551
3780,1,0,0.4961807229424202,0.4829607268373282,0.020858550220251546
3781,1,0,0.6729992393464381,0.3184624132142383,0.00853834743932357
3782,0,0,0.9124747656489883,0.08694681087952258,0.0005784234714891539
3783,0,0,0.9080685954113796,0.09115565662993325,0.0007757479586871665
3784,2,1,0.07477061215100216,0.7732390520897537,0.1519903357592442
3785,0,0,0.871005716264669,0.1267700209277523,0.0022242628075786687
3786,1,2,0.006379104516794458,0.2827442118143776,0.710876683668828
3787,0,0,0.9115456528425698,0.08774232855203146,0.0007120186053987543
3788,0,0,0.7421363035421672,0.25407963656367616,0.003784059894156659
3789,2,2,0.0028301194931904345,0.25313790821647586,0.7440319722903337
3790,2,2,0.00018724397105288247,0.06220399830381348,0.9376087577251336
3791,0,1,0.27867878369280047,0.6669385640105389,0.054382652296660706
3792,2,2,0.0009408234558127949,0.15495490678922758,0.8441042697549596
3793,2,2,0.00035414383722797316,0.06148682888557132,0.9381590272772006
3794,1,2,0.00417090608585397,0.3341442109410971,0.6616848829730491
3795,0,0,0.8848358512880493,0.11432058054505581,0.000843568166894758
3796,0,0,0.6976181263725473,0.29280496609324264,0.00957690753421004
3797,0,1,0.27128632828512494,0.6903062746197376,0.038407397095137505
3798,1,1,0.19177949593568266,0.7323065407622018,0.07591396330211546
3799,1,1,0.01655847556158438,0.5206464092834644,0.46279511515495125
3800,2,1,0.27410951730383554,0.611964361699374,0.11392612099679056
3801,0,0,0.9636969497996656,0.03618541676266492,0.0001176334376696358
3802,1,1,0.3117539566579119,0.591708093005981,0.09653795033610707
3803,1,1,0.07187145746327707,0.8284860287231296,0.09964251381359324
3804,2,2,0.008482743284518571,0.31684958781037176,0.6746676689051097
3805,0,0,0.9706963929578148,0.029205775579290202,9.783146289502417e-05
3806,1,1,0.2549553295838609,0.5732199715348303,0.17182469888130877
3807,2,2,4.477377865392387e-07,0.0027527217435469793,0.9972468305186665
3808,0,0,0.9951085114774341,0.004885308847907857,6.179674658148251e-06
3809,1,1,0.22510745176362354,0.7411777848731591,0.033714763363217416
3810,0,0,0.8543862195065866,0.14438621291396028,0.0012275675794531735
3811,0,0,0.9999023790014963,9.760076488093107e-05,2.0233622593252684e-08
3812,2,2,0.0007461383244846817,0.11289184283118295,0.8863620188443323
3813,1,0,0.7963626239633351,0.19804674070811895,0.00559063532854607
3814,0,0,0.9788445721051847,0.021070731347579783,8.469654723552354e-05
3815,0,0,0.9735215868979258,0.02641330626960343,6.510683247078592e-05
3816,1,1,0.23988109096719532,0.7301377650650964,0.029981143967708315
3817,1,1,0.10751204543717091,0.7517447713147045,0.1407431832481246
3818,0,1,0.35049352074912504,0.6045763193962782,0.04493015985459683
3819,1,0,0.6684736570489037,0.3271236573225327,0.0044026856285634885
3820,0,0,0.9755569174510241,0.02440310067951051,3.9981869465470794e-05
3821,2,2,0.007211052385152383,0.379446193789746,0.6133427538251016
3822,1,1,0.06718081414779882,0.8304379632822685,0.10238122256993254
3823,2,2,0.003851663222726489,0.26851459625594176,0.7276337405213318
3824,0,0,0.9718538936020744,0.028074790037857598,7.131636006796039e-05
3825,0,0,0.9562137539685939,0.043656205848417555,0.00013004018298852567
3826,1,1,0.02113767090866309,0.6607655246943135,0.3180968043970234
3827,1,1,0.21613282774160872,0.7054499168764149,0.07841725538197653
3828,2,2,0.008880525634611688,0.4456456464945496,0.5454738278708388
3829,2,1,0.04865932434426583,0.5661048031718683,0.385235872483866
3830,1,1,0.11623981422140794,0.7753822445378875,0.10837794124070452
3831,0,0,0.5966668054766897,0.39681403494587136,0.006519159577438935
3832,0,1,0.1333759975634357,0.807654759161129,0.05896924327543513
3833,0,0,0.6051199786062567,0.38375943688861336,0.011120584505129986
3834,0,0,0.6494860800193322,0.3391181953483565,0.01139572463231126
3835,2,2,0.01239593263161539,0.4894540369971996,0.49815003037118494
3836,0,0,0.5746090788408104,0.4129022662810923,0.012488654878097312
3837,0,0,0.8837078499230504,0.11568610311147987,0.000606046965469563
3838,0,1,0.42967067320947394,0.5275166886733322,0.042812638117193824
3839,1,0,0.515053516280554,0.46552137088502366,0.01942511283442233
3840,1,1,0.047715361715715686,0.700954255971111,0.2513303823131732
3841,0,0,0.8136647575906768,0.18461797662389373,0.001717265785429646
3842,2,1,0.03604842396394788,0.5825677222984382,0.38138385373761385
3843,0,0,0.989795985449657,0.010184417101236107,1.9597449106928437e-05
3844,2,1,0.015869130202612977,0.6479076591540315,0.3362232106433556
3845,1,0,0.7740877301171982,0.22270805246809242,0.0032042174147093143
3846,0,0,0.5852646783701823,0.4075610178912543,0.007174303738563542
3847,0,1,0.4500310359360912,0.5180520501209405,0.03191691394296838
3848,0,0,0.5192646525903925,0.4715860531147251,0.009149294294882553
3849,2,2,0.006402469042875323,0.4569643741655844,0.5366331567915403
3850,0,0,0.9562830109932347,0.04354220376959651,0.0001747852371687457
3851,2,1,0.10188862657300542,0.7160386098085296,0.182072763618465
3852,1,1,0.3056702784459757,0.6725418965461307,0.021787825007893606
3853,0,0,0.9763762491608567,0.023567757268842766,5.599357030038578e-05
3854,0,0,0.9966394730319575,0.0033538074281399153,6.719539902344729e-06
3855,0,0,0.6585431822151762,0.3337689202191449,0.0076878975656790235
3856,1,1,0.4589487147544216,0.5114194119519279,0.02963187329365059
3857,1,0,0.7574342335243079,0.23888086403174877,0.003684902443943306
3858,0,0,0.8519870775880136,0.14722202811055157,0.0007908943014348535
3859,2,2,0.0032235107535980813,0.44854878960552,0.5482276996408818
3860,2,1,0.011245220614501953,0.5648004172791553,0.42395436210634263
3861,0,0,0.7959763574981366,0.2015058797615307,0.002517762740332672
3862,2,2,0.0038601435739326903,0.2785182272717558,0.7176216291543115
3863,0,0,0.9902506047594737,0.009733072935360326,1.6322305165900766e-05
3864,0,0,0.8849168771263413,0.11464744862581806,0.00043567424784075903
3865,0,0,0.9134818457265977,0.08583034907062091,0.000687805202781365
3866,1,1,0.2158256732221198,0.714832235130609,0.06934209164727123
3867,1,0,0.938367164691191,0.06147670322609997,0.00015613208270907292
3868,0,0,0.5992903802675454,0.38373964314719283,0.016969976585261615
3869,2,2,0.00011957687437279735,0.0230947773086705,0.9767856458169567
3870,2,2,0.0012900818009169118,0.1257618871999577,0.8729480309991253
3871,0,0,0.992171436766183,0.0078094881333670004,1.9075100450106955e-05
3872,0,0,0.9908851880018813,0.009098741000459104,1.607099765953815e-05
3873,2,1,0.06132785120848332,0.5944563102945484,0.34421583849696835
3874,1,0,0.8914957411677423,0.10781927143362581,0.0006849873986319088
3875,0,0,0.9968910903416525,0.0031066067772846048,2.302881063049431e-06
3876,1,0,0.8339302189999903,0.16470724845595158,0.0013625325440583247
3877,2,2,6.22638261803141e-05,0.022544149395150738,0.9773935867786689
3878,0,1,0.24221935028716607,0.6986695751180455,0.05911107459478842
3879,0,0,0.9162250310275643,0.08343512556963821,0.0003398434027975837
3880,1,1,0.16568301787058837,0.7754098051300975,0.058907176999314165
3881,0,0,0.8996972590594802,0.09952509249140198,0.0007776484491177769
3882,1,1,0.03208939237322513,0.5952057177987626,0.37270488982801214
3883,2,2,0.0002628447439478895,0.07697372021147614,0.922763435044576
3884,2,1,0.12634863093108198,0.7262473820791657,0.14740398698975235
3885,0,0,0.9106500029803204,0.08881194657730743,0.0005380504423721183
3886,0,0,0.9951917334255933,0.0048056878283064056,2.5787461002861306e-06
3887,0,1,0.18930158421863383,0.7336393763416689,0.07705903943969732
3888,0,0,0.9975249495156052,0.002473414184134332,1.6363002604099678e-06
3889,0,0,0.5645835783805525,0.41608595337672066,0.019330468242726752
3890,2,2,0.00226041831553926,0.2989893066881732,0.6987502749962876
3891,1,0,0.6228107973244013,0.35740104673126694,0.01978815594433161
3892,0,0,0.6421518177584271,0.34456146413312233,0.01328671810845057
3893,0,0,0.5782730364628034,0.40614259793159735,0.015584365605599232
3894,1,1,0.04280421084277336,0.670979709319181,0.2862160798380455
3895,1,1,0.05851061779419052,0.6366783388240436,0.30481104338176596
3896,0,0,0.9913765449737735,0.008615687053547524,7.767972678978006e-06
3897,1,1,0.3073365480380474,0.6319895445503638,0.060673907411588804
3898,0,0,0.8213036971261503,0.17658539791068725,0.0021109049631624997
3899,2,2,0.0006955949757745688,0.06679278749783135,0.9325116175263941
3900,1,1,0.32089363794241554,0.6234594982844209,0.05564686377316345
3901,2,2,5.838309661524083e-06,0.0109360079731159,0.9890581537172225
3902,0,0,0.9654299743881434,0.03441657821987658,0.00015344739198007917
3903,0,1,0.14209339076327326,0.7763035150016218,0.08160309423510494
3904,1,1,0.05645094213558297,0.65608261462225,0.2874664432421669
3905,1,0,0.6825292316930109,0.31419205212991147,0.003278716177077529
3906,0,0,0.9518890994915892,0.04795267374033043,0.00015822676808046934
3907,0,0,0.6286923123235946,0.36046387045300293,0.010843817223402632
3908,1,1,0.17236156366465866,0.7847747424642074,0.04286369387113396
3909,0,0,0.9924108326367255,0.007582941063091646,6.226300183118344e-06
3910,0,0,0.8215120413297238,0.17580799396533797,0.002679964704938197
3911,0,0,0.9324344764994503,0.0670520980427677,0.0005134254577820189
3912,1,1,0.13319724428972857,0.6757974735917288,0.1910052821185425
3913,2,2,0.0018778502652981803,0.1238581239649373,0.8742640257697645
3914,2,1,0.07794621717137054,0.5450754169108759,0.3769783659177536
3915,0,0,0.9979873569744121,0.0020120725568503056,5.704687377152336e-07
3916,2,2,0.0018792690612943921,0.20684358745389275,0.7912771434848128
3917,1,1,0.08526480971729719,0.7798534441234738,0.134881746159229
3918,2,1,0.017830670124996544,0.6255455854506642,0.3566237444243394
3919,1,1,0.07697869786090977,0.7545164246697055,0.16850487746938483
3920,0,0,0.8212777683580565,0.17763668536805408,0.0010855462738893803
3921,2,1,0.022348046045126576,0.6025900638368488,0.3750618901180246
3922,1,1,0.19139275923351193,0.7155106986611844,0.09309654210530369
3923,1,2,0.0004547130416178812,0.043775440094224155,0.9557698468641581
3924,1,1,0.1878430740425946,0.7648693530682814,0.04728757288912389
3925,0,0,0.9985074136675435,0.001491420808663051,1.1655237935858018e-06
3926,0,0,0.9173812858157043,0.08215774512194206,0.0004609690623533975
3927,1,0,0.9178309838066597,0.08184031205519685,0.0003287041381433893
3928,0,0,0.9785822135946326,0.021371582816852832,4.620358851449503e-05
3929,2,1,0.012169814257579114,0.513978074176606,0.47385211156581486
3930,1,1,0.44463915167594764,0.5349040224269341,0.020456825897118218
3931,1,2,0.013480656550725225,0.4488603938937218,0.537658949555553
3932,0,0,0.9159530391651209,0.08372723287944829,0.000319727955430735
3933,0,0,0.8138853470932736,0.18495990043964394,0.0011547524670822498
3934,1,0,0.67293155200329,0.31679965982788943,0.010268788168820491
3935,0,0,0.9764038800320884,0.02349098592023949,0.0001051340476722163
3936,1,1,0.16063621809360218,0.7194949719692708,0.11986880993712706
3937,1,2,0.04287542466943567,0.4766877038074226,0.48043687152314185
3938,1,2,0.001354081819789997,0.1585314303405921,0.8401144878396178
3939,2,2,3.436492529240519e-07,0.0008105056601966536,0.9991891506905504
3940,0,0,0.4944811836700072,0.47915704491457034,0.026361771415422525
3941,0,0,0.9342170836812574,0.06469498280599821,0.001087933512744275
3942,0,1,0.33563700828335497,0.6125440121895985,0.05181897952704647
3943,2,2,0.0016102406344183397,0.17399019929028256,0.8243995600752991
3944,2,1,0.1402774663209791,0.7160818815405665,0.14364065213845428
3945,1,1,0.022104214647702975,0.5272295555872979,0.4506662297649992
3946,1,1,0.3141786328734522,0.6279231778193477,0.057898189307199956
3947,2,2,0.002948878803208423,0.20297538284879585,0.7940757383479957
3948,0,0,0.966079921250872,0.03361045587473881,0.00030962287438912416
3949,2,2,0.002078584672121629,0.11085802608210354,0.8870633892457748
3950,0,0,0.9997612199453043,0.00023874679610264528,3.32585930660299e-08
3951,1,1,0.12421168839723619,0.7658156456937641,0.10997266590899976
3952,0,0,0.9799666660230062,0.01999526347840203,3.807049859170707e-05
3953,2,2,1.9466164527249185e-05,0.015710154807054424,0.9842703790284183
3954,0,1,0.11818487868627059,0.6550827806287871,0.22673234068494225
3955,0,0,0.7561657731223067,0.241320390865072,0.002513836012621284
3956,2,2,0.0003290061618860238,0.09623762228395094,0.9034333715541631
3957,0,1,0.15104020885053107,0.7362988475984149,0.11266094355105397
3958,0,0,0.9966681484765804,0.0033292251875348326,2.6263358847642002e-06
3959,0,0,0.9736999332361042,0.026207180608744895,9.288615515092476e-05
3960,0,1,0.22817042940721327,0.7196602910820785,0.05216927951070825
3961,0,0,0.6882102268935248,0.30858584676444945,0.0032039263420257794
3962,1,1,0.017924975015123513,0.5740053795130914,0.40806964547178515
3963,0,0,0.8704428352133766,0.12871890040493505,0.0008382643816883549
3964,0,1,0.16617828892302855,0.7375222455009648,0.0962994655760066
3965,0,0,0.9054182205306918,0.09391778077152163,0.0006639986977867248
3966,0,0,0.999177635158961,0.0008214325898470533,9.322511920731332e-07
3967,1,1,0.3584204014721429,0.6119327909464445,0.02964680758141264
3968,1,1,0.10787671613390679,0.744361922591592,0.14776136127450118
3969,1,1,0.25797961637017625,0.6978513842449826,0.04416899938484113
3970,1,1,0.29962654131912253,0.6567500514601284,0.04362340722074903
3971,2,2,0.0004211178869331956,0.10248584041796682,0.8970930416951
3972,0,0,0.9992208247629829,0.0007789215826962952,2.53654320858671e-07
3973,1,1,0.31017876105685155,0.6539477350081244,0.03587350393502407
3974,2,1,0.018058262327653538,0.614133001625869,0.3678087360464774
3975,2,2,0.0073103517631204476,0.3311943583051374,0.6614952899317421
3976,2,2,2.1581444641007047e-05,0.030486188997535357,0.9694922295578235
3977,0,0,0.9501273155875524,0.049218301326646924,0.0006543830858007357
3978,1,1,0.028950626114174614,0.56072966286694,0.4103197110188854
3979,1,0,0.514813892842825,0.45292871423982545,0.032257392917349574
3980,0,0,0.9982598591598371,0.001739580313382638,5.605267803370402e-07
3981,1,2,0.009752903681090684,0.37868951844517534,0.611557577873734
3982,0,0,0.9744591911091021,0.025446107822360713,9.470106853730994e-05
3983,1,1,0.3609609807127132,0.6146415328896225,0.02439748639766423
3984,2,2,0.0015165551066084056,0.2852278735112876,0.713255571382104
3985,0,0,0.8151996519626606,0.18206165230064664,0.0027386957366925856
3986,0,0,0.9923182425041931,0.007673111563629443,8.64593217754804e-06
3987,2,2,6.49016590929395e-06,0.009775086891163456,0.9902184229429273
3988,0,1,0.19545423289638736,0.7102692952135815,0.09427647189003112
3989,2,1,0.028455617679242408,0.5375184828543959,0.4340258994663617
3990,1,1,0.17549329331417177,0.724467413265434,0.1000392934203942
3991,2,2,0.0009364357944934962,0.15538174725335155,0.8436818169521549
3992,1,0,0.7631874615799578,0.2315993241989728,0.005213214221069414
3993,1,1,0.09684605942971602,0.7942189102974003,0.1089350302728838
3994,2,2,0.005761227639663233,0.34883142423810487,0.6454073481222318
3995,0,0,0.7566646139162801,0.24043766992521245,0.002897716158507342
3996,2,2,0.015786028515322535,0.36536767687113253,0.6188462946135449
3997,1,1,0.08262262090484648,0.7524785303722916,0.1648988487228619
3998,0,0,0.8112308846736926,0.1877135788608905,0.0010555364654169347
3999,1,1,0.0720347423877417,0.7961340138349717,0.13183124377728656
4000,1,1,0.3232812849282594,0.6439243380481791,0.03279437702356147
4001,1,1,0.03355356973462921,0.7182358722152439,0.24821055805012704
4002,0,0,0.9961736607823722,0.00382463473380147,1.7044838262614826e-06
4003,2,2,0.00022725128113071987,0.0821100702142025,0.9176626785046669
4004,1,1,0.025666511098301873,0.6143794780104022,0.35995401089129586
4005,2,2,7.119633433867891e-05,0.02652061903585314,0.973408184629808
4006,0,0,0.834767242216591,0.16300119450157824,0.002231563281830706
4007,1,1,0.15598415790485765,0.6789156451896046,0.1651001969055378
4008,1,1,0.05729049943619979,0.7061279496575849,0.23658155090621533
4009,0,0,0.9990096284959404,0.000989421992159132,9.495119004445524e-07
4010,0,0,0.9414236063359372,0.058333673529592754,0.00024272013446992741
4011,2,2,1.6003823964578067e-06,0.005353958026009379,0.9946444415915943
4012,1,0,0.8226391315934415,0.17537763930263772,0.0019832291039207674
4013,1,1,0.05477235357271214,0.759989643149973,0.18523800327731493
4014,2,2,0.005278071024874193,0.3394119451048481,0.6553099838702776
4015,1,1,0.0247186189198026,0.7270658127353502,0.24821556834484718
4016,0,0,0.9946474366934139,0.005347096932170162,5.466374415877957e-06
4017,0,0,0.9966094170894975,0.0033870629757577057,3.519934744907634e-06
4018,0,0,0.9793619695517332,0.020583932975467952,5.409747279880776e-05
4019,0,1,0.23095763777553258,0.6935827497144257,0.07545961251004187
4020,1,2,0.014109516129349436,0.37823882746630827,0.6076516564043424
4021,1,0,0.5131125719700717,0.47756493409753925,0.009322493932389117
4022,0,0,0.9880324080970277,0.011954187665904397,1.3404237067844856e-05
4023,1,1,0.01788478226771392,0.4983790045752715,0.4837362131570146
4024,0,0,0.9273444659379323,0.07201865648445868,0.0006368775776089023
4025,1,1,0.13609383688957052,0.7341334773421251,0.1297726857683044
4026,2,2,2.433329806166651e-05,0.02021989277516039,0.979755773926778
4027,0,0,0.9995379733125908,0.00046187919359988596,1.474938092993094e-07
4028,2,2,0.00023271145498286082,0.05632230293149972,0.9434449856135174
4029,0,0,0.9853448494633424,0.014617096359585023,3.805417707262986e-05
4030,0,0,0.7006125260893846,0.29157822619774293,0.00780924771287251
4031,1,2,0.0030316859242429353,0.22857309829321173,0.7683952157825453
4032,2,2,9.799197735598936e-05,0.07010850031347433,0.9297935077091697
4033,2,2,0.0040686254836361175,0.4829901429962266,0.5129412315201373
4034,0,0,0.7869064346839307,0.21206038732519453,0.0010331779908748758
4035,2,1,0.06960923282266085,0.6364449814824656,0.2939457856948735
4036,0,0,0.9990275863992235,0.0009722008729059677,2.1272787052653527e-07
4037,1,1,0.4466821499630445,0.5421781735284629,0.011139676508492666
4038,2,2,0.0007204564731769289,0.17861178110517448,0.8206677624216485
4039,1,0,0.7095647073371079,0.2821597813440402,0.008275511318852041
4040,1,1,0.009049646109864865,0.4977714035401838,0.49317895034995124
4041,1,2,0.01716628197168388,0.47530025792143193,0.5075334601068843
4042,1,1,0.17264547847439787,0.7647692900298185,0.06258523149578356
4043,2,2,0.0015028264880311139,0.13817381988757918,0.8603233536243897
4044,0,1,0.29524895514643335,0.6450777409851987,0.05967330386836796
4045,2,2,0.010983121513395871,0.4791481746316667,0.5098687038549373
4046,1,1,0.38848383608254294,0.5891761947845412,0.022339969132915787
4047,2,2,0.0019633510159694873,0.15864776470435388,0.8393888842796766
4048,1,1,0.1319706266172927,0.7463785253325865,0.12165084805012082
4049,2,2,0.00030655707892486713,0.0690935050434193,0.9305999378776558
4050,2,2,0.018862386974610627,0.443837313024162,0.5373003000012274
4051,0,0,0.9157538338335591,0.08359769686514767,0.0006484693012932236
4052,1,1,0.19383160975621533,0.7284000994532078,0.07776829079057701
4053,0,0,0.9844846512737901,0.015483927175415886,3.142155079400576e-05
4054,0,0,0.5777080217105927,0.4105350234208127,0.011756954868594708
4055,0,0,0.9538026831166455,0.046036902974123176,0.00016041390923123914
4056,1,1,0.4110517056581538,0.5610110141505473,0.027937280191298864
4057,1,0,0.6807425713279608,0.315446564935486,0.0038108637365531217
4058,2,2,3.381389996240691e-05,0.026216401350848684,0.9737497847491889
4059,0,0,0.8785719384975818,0.1210495477800627,0.0003785137223555881
4060,0,0,0.5758025363851732,0.4167309337100985,0.00746652990472824
4061,1,1,0.444593554827496,0.5202550038686128,0.03515144130389121
4062,0,0,0.7893854021410426,0.20850727454846638,0.0021073233104910868
4063,0,0,0.9998916339257058,0.00010831817005512,4.7904239196629206e-08
4064,0,1,0.26417258887609285,0.6916221296049325,0.044205281518974744
4065,2,2,0.020111010008784076,0.4870313028656733,0.4928576871255428
4066,1,0,0.5584456903111146,0.4369007818575621,0.004653527831323355
4067,1,2,0.006071306519583055,0.3799405019412465,0.6139881915391705
4068,1,1,0.2253130100467918,0.7097238875820159,0.06496310237119228
4069,2,2,0.0005228886392775932,0.13507912043941306,0.8643979909213094
4070,2,2,0.0015678945316383844,0.20949755646689336,0.7889345490014683
4071,0,0,0.9974727811381751,0.002525244188168573,1.974673656447502e-06
4072,0,0,0.9993003076785494,0.000699466286361031,2.2603508964009298e-07
4073,1,1,0.1286950205124279,0.7425495987274364,0.1287553807601356
4074,1,2,0.007130494082645084,0.3315877443164797,0.6612817616008753
4075,0,0,0.8224986915196261,0.1755474270124923,0.0019538814678816364
4076,0,0,0.6482669352982721,0.3437011684696782,0.008031896232049678
4077,1,0,0.7749016571834993,0.22186499861603406,0.0032333442004665
4078,2,2,0.0002562941975553129,0.05366055320884767,0.9460831525935971
4079,0,0,0.9849361881808988,0.0150191441398252,4.466767927612027e-05
4080,2,2,5.4603059835536935e-05,0.02084355773854556,0.979101839201619
4081,2,2,0.002003149280590203,0.13441408170797095,0.8635827690114387
4082,1,1,0.44159415799939705,0.5339438888324294,0.024461953168173567
4083,2,1,0.021164375957486783,0.574006008466601,0.40482961557591224
4084,0,0,0.9995047253060361,0.0004950634182526495,2.112757112753697e-07
4085,0,0,0.9885789864928127,0.011387921560163512,3.309194702391611e-05
4086,1,0,0.49544249198537704,0.490315103888015,0.014242404126607872
4087,0,0,0.8976262462685652,0.10081364292035458,0.001560110811080128
4088,1,1,0.08635499417741839,0.6988883890182332,0.21475661680434838
4089,2,2,0.000788043732367362,0.09642588880734478,0.9027860674602879
4090,0,0,0.6761427959092465,0.3128325707080565,0.011024633382697019
4091,1,0,0.6480597062859407,0.33042579742792405,0.02151449628613529
4092,1,2,0.009109345064223968,0.3227642356374746,0.6681264192983014
4093,2,2,0.009966961502291408,0.37174442189650514,0.6182886166012035
4094,1,0,0.8422055549214525,0.15628450902902616,0.0015099360495213353
4095,1,1,0.24281553624656238,0.7370797552474277,0.020104708506009757
4096,2,2,0.00030890758344353435,0.04452478071015508,0.9551663117064014
4097,1,1,0.08833359360188318,0.8689747982999869,0.04269160809812989
4098,0,1,0.44275529153289517,0.5386978514908829,0.01854685697622207
4099,2,2,0.01685607033422075,0.4287754174198248,0.5543685122459545
4100,1,1,0.30161034822238536,0.6482883307853501,0.05010132099226462
4101,1,1,0.022883593070760294,0.6133609322696129,0.36375547465962677
4102,0,1,0.052519005529342896,0.6538684005671758,0.2936125939034814
4103,0,0,0.7615177848202296,0.2344270116937307,0.004055203486039752
4104,1,1,0.038083057592573494,0.7310561338217008,0.23086080858572566
4105,0,0,0.9951600962894184,0.004837836976711405,2.0667338701196623e-06
4106,0,0,0.9955126174544611,0.004481289495063416,6.0930504755519895e-06
4107,0,1,0.466003177317052,0.5176600553711312,0.016336767311816793
4108,1,1,0.13759405270075462,0.6604414548797108,0.20196449241953437
4109,0,0,0.8748393648753194,0.12430950836266678,0.0008511267620137475
4110,2,1,0.07117470547439904,0.71312128328856,0.2157040112370409
4111,2,2,0.00245820722859957,0.24092336157019928,0.7566184312012012
4112,0,0,0.9917313496926455,0.00826687434232366,1.7759650307204521e-06
4113,1,1,0.09511763096169593,0.8255816838308387,0.07930068520746548
4114,2,2,0.007939688331231518,0.4249853532710013,0.5670749583977672
4115,0,1,0.42836771345950697,0.5650647698565285,0.006567516683964622
4116,0,0,0.996828492025793,0.0031674709068458245,4.037067361139906e-06
4117,0,0,0.7728697529495111,0.22189680030052758,0.005233446749961391
4118,0,0,0.878341059776103,0.1210694760166736,0.0005894642072234119
4119,1,1,0.06768471346321654,0.6365384396053988,0.2957768469313847
4120,1,1,0.22670631656705675,0.7064481467214805,0.06684553671146282
4121,0,1,0.3894793097524561,0.5915427119757986,0.01897797827174533
4122,1,1,0.16715825471033632,0.712270259096187,0.12057148619347662
4123,0,0,0.9638504774519691,0.03603985635782246,0.00010966619020850375
4124,2,1,0.13812532266013047,0.7357816741505947,0.1260930031892748
4125,0,1,0.23180436585459593,0.7324619920715945,0.03573364207380968
4126,0,0,0.7123382220323392,0.2793972556541926,0.008264522313468234
4127,0,0,0.9933919379915134,0.006599121569775852,8.94043871080455e-06
4128,1,1,0.433940499377409,0.5364651024540885,0.029594398168502536
4129,1,1,0.03344638971785721,0.5753897335646205,0.3911638767175221
4130,0,0,0.7705477012760098,0.22336392926702234,0.006088369456967838
4131,0,0,0.7696811416718293,0.2267947070930069,0.003524151235163807
4132,2,2,2.0040885525602808e-05,0.015343629088285663,0.9846363300261887
4133,0,0,0.7655310540278776,0.2307545193552659,0.003714426616856687
4134,1,0,0.6396627567029678,0.3569758117795532,0.003361431517478973
4135,0,1,0.10773111238045316,0.7288606811893781,0.16340820643016868
4136,2,1,0.20197806176638872,0.7600283765796062,0.0379935616540049
4137,0,0,0.9157323665711247,0.08385904655190168,0.00040858687697345995
4138,1,1,0.42439972347197247,0.5467903917144766,0.028809884813550946
4139,0,1,0.1866045106695244,0.7764934656281782,0.03690202370229745
4140,0,0,0.7801830504625392,0.216095242527204,0.003721707010256788
4141,2,2,0.014966970888832712,0.4431926857176341,0.5418403433935333
4142,0,0,0.9948992624809073,0.00509150746712697,9.230051965726142e-06
4143,0,0,0.9596259399122133,0.04019812038226826,0.00017593970551841573
4144,0,0,0.9676712862353927,0.03212056313983639,0.00020815062477089056
4145,0,1,0.3159015853588762,0.6553597234578984,0.02873869118322541
4146,0,0,0.9997536703329218,0.0002462815996945854,4.806738341745816e-08
4147,1,1,0.08427775283361098,0.6267013390957704,0.2890209080706186
4148,1,1,0.050473874114132254,0.6210813152825535,0.3284448106033142
4149,1,0,0.6306583967582695,0.3572423577047693,0.012099245536961255
4150,2,2,0.0006279099323386629,0.08401940190901924,0.9153526881586421
4151,0,0,0.9996101977394235,0.00038972592969250684,7.633088395996312e-08
4152,0,1,0.20187081128396928,0.712893890053732,0.08523529866229856
4153,1,1,0.07081342627470484,0.8038793938226437,0.1253071799026513
4154,0,1,0.2507322421389871,0.7311820570641188,0.018085700796894148
4155,1,1,0.15958932774249793,0.682645862523281,0.15776480973422102
4156,1,1,0.04409941596209798,0.6285440351877675,0.3273565488501347
4157,0,0,0.8745676491114723,0.12484627021480652,0.0005860806737211286
4158,2,2,0.0035005056476249117,0.3584630019054252,0.6380364924469499
4159,1,2,0.024846968645108217,0.4453232857565619,0.5298297455983298
4160,1,1,0.36678693239723925,0.5954745347467733,0.037738532855987515
4161,1,2,0.01777657592230318,0.35220811498089616,0.6300153090968008
4162,0,0,0.9103192950892295,0.08924763835674161,0.0004330665540288081
4163,0,0,0.9946975422782793,0.005299039284075814,3.4184376446210297e-06
4164,0,0,0.9801540051438259,0.019809495301035325,3.649955513887478e-05
4165,0,0,0.5541475651656517,0.43532918081623967,0.010523254018108726
4166,1,0,0.7451768922734764,0.25187427558192815,0.002948832144595379
4167,0,0,0.9998937990822419,0.00010616413342332284,3.6784334839241985e-08
4168,1,0,0.48604712843980974,0.47675811014776387,0.037194761412426405
4169,0,1,0.12326063564447629,0.8323056145448577,0.0444337498106658
4170,2,2,0.007665474681083351,0.3058599310389474,0.6864745942799693
4171,0,0,0.8941697504217643,0.10518205120335125,0.0006481983748844314
4172,1,2,0.03687848536814887,0.4771589326573176,0.48596258197453335
4173,1,2,0.008532237791652051,0.454278511819951,0.5371892503883969
4174,0,0,0.990976890893405,0.009006924885917762,1.6184220677191604e-05
4175,0,0,0.9986733770854336,0.001326138876670433,4.840378958980659e-07
4176,1,2,0.009705446191419045,0.4038132791879785,0.5864812746206024
4177,2,2,0.013997587012227109,0.43176527917762303,0.5542371338101498
4178,1,1,0.36904242788706876,0.5918399347229828,0.03911763738994845
4179,0,1,0.19150144170676114,0.5653963527082638,0.24310220558497503
4180,0,0,0.9050452972627414,0.09446290119870224,0.000491801538556397
4181,0,0,0.9946348419438471,0.005361631946515726,3.5261096372545585e-06
4182,0,0,0.9447941468565847,0.05461590010039704,0.0005899530430183025
4183,0,0,0.9125781918794069,0.08698233636163222,0.00043947175896097147
4184,1,1,0.20433101112265079,0.6486863605706757,0.1469826283066735
4185,2,1,0.07841762704193334,0.6922724947105773,0.22930987824748936
4186,2,2,0.016864946191759742,0.46326014593726544,0.5198749078709749
4187,1,1,0.03415121253872869,0.6212705807667531,0.3445782066945182
4188,0,0,0.9960232303483135,0.003973684186572968,3.085465113339375e-06
4189,1,1,0.09957912664624742,0.8228133779891665,0.07760749536458607
4190,1,1,0.11477461530611686,0.8000144193163115,0.08521096537757178
4191,0,0,0.8656453956237896,0.13359565297408976,0.000758951402120639
4192,1,1,0.10286670472364258,0.6505191250670965,0.2466141702092609
4193,1,1,0.03237840762659844,0.5630357232206274,0.4045858691527741
4194,2,2,0.0047913552298598,0.2510480287693717,0.7441606160007685
4195,0,0,0.590078148155193,0.38543625617441435,0.024485595670392667
4196,0,0,0.9476479617214015,0.05203657402298407,0.00031546425561451095
4197,2,2,0.002320961510660595,0.25800241678334673,0.7396766217059927
4198,2,1,0.036817993677352875,0.646934430474973,0.31624757584767405
4199,0,0,0.7839250106530206,0.21460561323755115,0.0014693761094282324
4200,0,0,0.9990672313591327,0.0009320161811802813,7.524596869068525e-07
4201,1,1,0.018785009334979643,0.5075266440143069,0.4736883466507134
4202,0,0,0.9997382535460178,0.0002616726992702581,7.375471217321668e-08
4203,0,0,0.7172112072722983,0.2780169077521678,0.00477188497553395
4204,2,2,0.00012499742478305298,0.03069506479617411,0.9691799377790429
4205,0,0,0.9808395101634496,0.01912649857973888,3.3991256811492414e-05
4206,0,0,0.9740563166373181,0.02588603520944303,5.764815323895735e-05
4207,1,0,0.8527693352397254,0.14618894341227362,0.001041721348001068
4208,0,0,0.7704587426596087,0.22850706681786737,0.0010341905225240257
4209,2,2,5.67347851250867e-07,0.0013876109783273393,0.9986118216738213
4210,0,0,0.9926568959788074,0.007328409683167477,1.4694338024955542e-05
4211,2,2,2.4159580148749967e-06,0.0034054849832906484,0.9965920990586945
4212,0,0,0.8281758413620565,0.1691654059652979,0.0026587526726456682
4213,0,0,0.9395006955857337,0.06032495185824284,0.00017435255602351088
4214,1,1,0.22994655412303916,0.6210124890119518,0.14904095686500893
4215,0,0,0.9051247733710801,0.09456357683174892,0.0003116497971709984
4216,0,0,0.550647918673364,0.4426180989703257,0.006733982356310225
4217,0,0,0.8805725684599202,0.11893944042282602,0.0004879911172538428
4218,1,2,0.0019098957421850118,0.11030942717385124,0.8877806770839638
4219,0,0,0.9896425255892224,0.010344919999960744,1.2554410816964576e-05
4220,2,2,0.004027071471992957,0.21746399398963315,0.7785089345383739
4221,0,0,0.9939644088082243,0.006029266497185026,6.324694590378555e-06
4222,2,2,0.006918062206687273,0.4713248731018341,0.5217570646914786
4223,2,1,0.4461118964283276,0.5241421583525541,0.029745945219118268
4224,1,1,0.22398228142477875,0.6868950306027691,0.08912268797245204
4225,2,2,0.0003174387078402083,0.04945739543327196,0.9502251658588877
4226,1,1,0.038081357031290224,0.7474546536542802,0.21446398931442942
4227,1,1,0.04963187254714923,0.6838241862505561,0.2665439412022948
4228,0,0,0.6970507056384344,0.2882203244129591,0.014728969948606568
4229,1,1,0.0184017823350374,0.7471622465767555,0.2344359710882071
4230,0,0,0.9413360647991156,0.05851141618815211,0.0001525190127322194
4231,2,2,0.00017930193675162116,0.04428077196171556,0.9555399261015329
4232,0,0,0.8524638542181929,0.1464905725669276,0.0010455732148795588
4233,0,1,0.3246020623127605,0.61318147429223,0.06221646339500949
4234,1,1,0.2313093987668863,0.7368375125787404,0.03185308865437333
4235,1,0,0.5269196263014794,0.46064117138905536,0.012439202309465236
4236,1,1,0.06661273790874629,0.8289870758848935,0.10440018620636024
4237,2,2,0.013991636343400416,0.34734390409157073,0.6386644595650287
4238,2,2,0.004737167106879715,0.31503895991388436,0.680223872979236
4239,1,0,0.8963291211134854,0.10286034946818076,0.0008105294183338611
4240,0,0,0.9657876068609297,0.03409808132205053,0.00011431181701970067
4241,2,2,0.0023085932509002024,0.2121089287120006,0.7855824780370992
4242,1,2,0.004532381632326332,0.2610624749401324,0.7344051434275412
4243,1,1,0.06531491884269801,0.5805662235200287,0.3541188576372733
4244,0,0,0.9128238456606588,0.08643512342343893,0.0007410309159021886
4245,0,0,0.905794438829488,0.09320698835712536,0.000998572813386745
4246,1,0,0.7367841781793834,0.2507063944279909,0.012509427392625623
4247,0,0,0.6456336191854015,0.34740898281511706,0.006957397999481384
4248,2,1,0.016539053203526284,0.49466092386730176,0.48880002292917185
4249,1,1,0.226290792906611,0.6700565775670059,0.10365262952638314
4250,2,2,0.0011965332809997045,0.23322640860512298,0.7655770581138773
4251,1,1,0.28219901989742524,0.6664886447326592,0.051312335369915626
4252,1,0,0.8353091373308945,0.16360828221985374,0.0010825804492519326
4253,1,0,0.8686388011327492,0.12861790569333342,0.0027432931739173935
4254,1,1,0.06092917053255617,0.6716950986586382,0.2673757308088055
4255,0,0,0.9966227068519258,0.0033743839926983956,2.9091553758816334e-06
4256,1,1,0.363565071857966,0.5947582350254733,0.04167669311656072
4257,0,0,0.855712549426375,0.14323884511303273,0.0010486054605924782
4258,2,2,7.985897992661275e-05,0.02627972271798958,0.9736404183020839
4259,1,0,0.5926087356025522,0.40043101490677874,0.006960249490668955
4260,2,2,0.00028913949895305465,0.03429730411599296,0.965413556385054
4261,2,2,2.1069537098091215e-06,0.002988150828694133,0.9970097422175961
4262,0,0,0.999193270359038,0.0008062504589858632,4.79181975984918e-07
4263,2,2,0.000580630300381436,0.10468439019594218,0.8947349795036764
4264,2,1,0.014133436066315487,0.6281519726119561,0.35771459132172856
4265,2,1,0.0877652006065857,0.747045313730687,0.1651894856627272
4266,0,0,0.8460445846990394,0.15200664983336898,0.0019487654675915515
4267,2,2,0.009288290753111281,0.4646285742219287,0.52608313502496
4268,1,1,0.05608548477537336,0.6191362800839159,0.32477823514071075
4269,1,1,0.4374310871923387,0.5174869961089297,0.04508191669873169
4270,0,0,0.9745053363363483,0.025409773830095954,8.488983355569741e-05
4271,1,1,0.13214894981538525,0.7951480207963824,0.07270302938823237
4272,2,2,3.2738150150642414e-08,0.0002126426711792162,0.9997873245906707
4273,1,1,0.12781247019149872,0.6869042579758838,0.18528327183261747
4274,0,0,0.8496066642620388,0.1496982390181336,0.0006950967198275898
4275,0,1,0.3051264484210768,0.6596432881532802,0.03523026342564299
4276,2,2,0.0007662521322315791,0.19548866537134432,0.8037450824964241
4277,2,1,0.06130984323856435,0.7322828309033982,0.20640732585803737
4278,2,2,0.0013352818805733337,0.22577247619473642,0.7728922419246903
4279,1,0,0.6551507155675309,0.3375614770922828,0.007287807340186439
4280,0,0,0.6862336057796508,0.30665481787824445,0.007111576342104753
4281,0,0,0.9363378018425863,0.06335308936574559,0.000309108791668048
4282,2,2,0.0002801244550881843,0.07410819712678371,0.925611678418128
4283,0,0,0.993101981370314,0.0068894792897880525,8.539339897925998e-06
4284,0,1,0.2814696217700296,0.6944927932355682,0.024037584994402224
4285,1,1,0.03347971328177877,0.5917787895264952,0.3747414971917261
4286,0,0,0.857651568650224,0.14167652009998202,0.000671911249794027
4287,1,0,0.5609994166236847,0.4303359500784926,0.00866463329782258
4288,2,2,0.001343283786490009,0.10142130290130111,0.8972354133122089
4289,1,0,0.8938121346027765,0.10574308435676234,0.000444781040461126
4290,2,2,2.2443991414787017e-06,0.004685240451858863,0.9953125151489997
4291,2,2,0.00033161665531324645,0.08628524321360767,0.9133831401310791
4292,2,1,0.021070685953533532,0.6105214587103245,0.36840785533614184
4293,0,0,0.6051681527526079,0.38749870080815074,0.0073331464392413824
4294,0,0,0.818613825089453,0.17948024549575392,0.001905929414793108
4295,0,0,0.8858571493026359,0.11290081226248881,0.001242038434875142
4296,2,2,0.0005996983509458243,0.09950741234506018,0.899892889303994
4297,0,0,0.8052167517033465,0.18994539581001318,0.004837852486640261
4298,0,0,0.8395401838736675,0.1574107939061338,0.0030490222201987605
4299,0,1,0.07799649578321756,0.7152491789999333,0.20675432521684917
4300,1,1,0.028234503861074466,0.6122896583614179,0.3594758377775075
4301,0,0,0.9471939110228975,0.05217448354641324,0.0006316054306892179
4302,0,0,0.901599943448151,0.0981736126373206,0.0002264439145283346
4303,0,0,0.9528459677114922,0.04686576806552384,0.00028826422298392504
4304,0,0,0.5577829804080998,0.42126712134920635,0.020949898242693846
4305,0,0,0.992628336795087,0.007363350238686488,8.312966226406215e-06
4306,1,1,0.22491562136132856,0.7169134212543389,0.05817095738433253
4307,0,0,0.9944164866937297,0.005573769510978883,9.74379529151152e-06
4308,1,1,0.1299977626652182,0.807786375496304,0.06221586183847767
4309,0,0,0.6850042744936365,0.30474777328966823,0.010247952216695201
4310,1,1,0.012293239013786933,0.5052142389310562,0.48249252205515686
4311,2,2,0.0021591088380084806,0.18395793380488065,0.8138829573571109
4312,0,0,0.9362513859021688,0.06351104102919024,0.00023757306864086576
4313,1,1,0.1107545236720337,0.8022340999451684,0.08701137638279786
4314,0,0,0.8965625544275341,0.10119864840226377,0.002238797170202256
4315,2,1,0.033636900856815664,0.5754646504083188,0.3908984487348656
4316,0,1,0.2211603929475547,0.6985001479513545,0.08033945910109085
4317,1,1,0.3388468967778806,0.6273373728432811,0.03381573037883838
4318,1,1,0.17699151723902698,0.632784934305634,0.19022354845533915
4319,0,0,0.8711820482059665,0.12844033245472058,0.00037761933931289494
4320,0,1,0.17736171525852257,0.7583378609374435,0.06430042380403406
4321,0,0,0.8457181365556375,0.15225259129995522,0.0020292721444073445
