row,y_true,y_pred,p_Low,p_Moderate,p_High
0,0,0,0.7605148,0.23879875,0.0006864741
1,0,0,0.9577432,0.042189263,6.7515364e-05
2,0,1,0.21214609,0.7486787,0.03917519
3,0,0,0.9989653,0.0009946707,3.9989958e-05
4,0,0,0.9998919,6.820253e-05,3.9990384e-05
5,1,1,0.03849517,0.7456564,0.21584846
6,0,0,0.8117103,0.18789819,0.00039156966
7,2,2,3.9989318e-05,0.00021692997,0.9997431
8,2,2,3.9992417e-05,0.0018482144,0.9981118
9,0,0,0.9632395,0.036706638,5.3870557e-05
10,1,1,0.01388846,0.6347863,0.3513252
11,0,0,0.9795901,0.020361412,4.847685e-05
12,2,2,3.9994397e-05,0.010222022,0.989738
13,0,0,0.99487495,0.005085106,3.9992337e-05
14,2,2,0.0018286802,0.35026076,0.6479106
15,0,1,0.254323,0.71632236,0.02935467
16,2,2,0.003362423,0.4158026,0.580835
17,0,1,0.36041698,0.6284888,0.011094299
18,1,1,0.0055738394,0.521551,0.47287512
19,1,1,0.07138284,0.7919553,0.13666192
20,2,2,0.00013443321,0.06630182,0.93356377
21,0,0,0.9998913,6.879106e-05,3.9990362e-05
22,0,0,0.999871,8.9007764e-05,3.998955e-05
23,0,0,0.96581656,0.034120414,6.3035804e-05
24,0,1,0.2596862,0.70402217,0.0362916
25,2,2,0.00011359342,0.09295625,0.90693015
26,1,1,0.008461073,0.5671426,0.4243964
27,2,2,0.0020124984,0.3860414,0.6119461
28,0,0,0.96797764,0.031973522,4.876985e-05
29,2,2,0.002324177,0.3934882,0.6041876
30,0,0,0.87531686,0.124489635,0.00019343174
31,0,0,0.97131115,0.028642422,4.64643e-05
32,0,0,0.99498713,0.004972874,3.9991945e-05
33,0,0,0.6175522,0.37970495,0.0027427985
34,2,2,0.00013652422,0.09117897,0.9086845
35,0,0,0.99608296,0.0038770686,3.9994273e-05
36,0,0,0.9011889,0.098625615,0.00018547475
37,2,2,0.008568121,0.47505814,0.51637375
38,2,1,0.009011409,0.5853028,0.40568578
39,1,0,0.61168593,0.3862841,0.0020299712
40,1,0,0.75076175,0.24819994,0.0010383168
41,1,1,0.0142613435,0.61988413,0.36585453
42,0,0,0.5498318,0.44632202,0.003846161
43,0,0,0.5080091,0.48783827,0.0041526845
44,0,0,0.7707937,0.22855633,0.0006499741
45,2,2,0.0051344186,0.49265736,0.50220823
46,0,0,0.99671596,0.0032440936,3.9990293e-05
47,1,1,0.05665308,0.78802973,0.15531725
48,0,0,0.99901825,0.00094175455,3.999207e-05
49,0,0,0.7438415,0.25546473,0.00069373334
50,2,2,3.999277e-05,0.014229077,0.98573095
51,1,0,0.9289571,0.07091799,0.00012492876
52,0,0,0.9998924,6.764388e-05,3.999041e-05
53,0,0,0.95086753,0.049057815,7.458225e-05
54,0,0,0.9944428,0.005517193,3.9989678e-05
55,1,1,0.4848659,0.5094296,0.005704539
56,1,1,0.15905777,0.78300977,0.05793248
57,0,0,0.74887115,0.25034156,0.0007873431
58,0,0,0.72029394,0.27880898,0.0008971199
59,0,0,0.88338816,0.11639014,0.00022176393
60,0,0,0.9855089,0.014448922,4.2149248e-05
61,1,1,0.3189701,0.6636372,0.01739269
62,2,2,0.0010452894,0.30129218,0.69766253
63,1,0,0.60186887,0.39599574,0.0021353895
64,0,0,0.8357086,0.16376446,0.0005269381
65,1,1,0.0620868,0.7917241,0.14618914
66,0,1,0.28501946,0.6901051,0.024875455
67,1,1,0.014284204,0.64442706,0.34128872
68,1,1,0.14021397,0.7860713,0.07371473
69,0,0,0.9150752,0.08481563,0.000109230314
70,2,2,0.00049080746,0.22589023,0.77361894
71,2,1,0.067309104,0.7949997,0.13769121
72,1,1,0.08093177,0.7966859,0.12238239
73,1,1,0.16564995,0.77388096,0.06046906
74,1,1,0.22740024,0.74055696,0.032042846
75,2,2,3.9995288e-05,0.0037908743,0.99616915
76,1,1,0.06176678,0.7919289,0.14630434
77,0,0,0.98842233,0.011537252,4.041776e-05
78,0,1,0.13411993,0.7921638,0.073716305
79,0,1,0.34074092,0.64156747,0.017691597
80,2,2,0.0002901438,0.17545895,0.8242509
81,0,1,0.15860407,0.78297627,0.058419663
82,1,0,0.9064794,0.093352236,0.00016836711
83,0,1,0.43496144,0.553237,0.01180152
84,2,2,6.0638216e-05,0.00044534644,0.99949396
85,1,1,0.08310057,0.7867552,0.13014424
86,1,1,0.3942548,0.5958837,0.009861498
87,0,0,0.9952556,0.0047044028,3.9990475e-05
88,2,2,0.00019045506,0.12328262,0.87652695
89,0,1,0.11062894,0.7962286,0.09314248
90,0,0,0.9568841,0.04305163,6.4274645e-05
91,2,2,4.0068844e-05,0.021820018,0.97813994
92,0,1,0.22807752,0.73601997,0.03590247
93,0,0,0.87557805,0.12414755,0.00027441094
94,0,0,0.5783659,0.4183306,0.0033034855
95,0,0,0.9996519,0.00030815086,3.9985665e-05
96,1,1,0.44559678,0.5471565,0.007246736
97,1,1,0.42956764,0.56231844,0.008113906
98,0,0,0.9950176,0.00494245,3.9993167e-05
99,2,2,8.143764e-05,0.07089984,0.92901874
100,1,1,0.3822311,0.6054593,0.012309653
101,0,0,0.99745786,0.002502169,3.999068e-05
102,1,2,0.0016871691,0.391241,0.6070718
103,2,2,0.00011651666,0.09755602,0.9023275
104,0,1,0.089053884,0.7957399,0.1152063
105,1,1,0.09906013,0.7931457,0.10779419
106,1,1,0.012482544,0.64587355,0.3416439
107,1,1,0.016173435,0.6623129,0.32151362
108,0,0,0.9870618,0.012896446,4.1817562e-05
109,0,0,0.9897509,0.010209098,3.9994906e-05
110,1,1,0.041918807,0.76432794,0.1937533
111,0,0,0.8689131,0.1308738,0.00021305909
112,2,2,0.00052183226,0.195538,0.8039402
113,1,2,0.0012169622,0.32212442,0.67665863
114,0,0,0.9988036,0.0011563804,3.998837e-05
115,1,2,0.00040255208,0.17421153,0.8253859
116,1,1,0.26019424,0.7107183,0.029087525
117,0,0,0.79263085,0.20682395,0.0005451041
118,0,0,0.55207705,0.44350445,0.0044184993
119,0,0,0.9997787,0.00018137932,3.9985858e-05
120,0,0,0.9671736,0.032757133,6.924139e-05
121,1,0,0.6641891,0.33392447,0.0018864276
122,0,0,0.9995465,0.0004134638,3.9993654e-05
123,2,1,0.018651031,0.66676354,0.31458542
124,1,0,0.8468796,0.15286535,0.00025505043
125,0,0,0.86156946,0.13820447,0.00022607252
126,1,0,0.5530268,0.44337916,0.003594072
127,0,1,0.2936896,0.6847996,0.02151078
128,0,0,0.9998244,0.00013562797,3.9987688e-05
129,2,1,0.009308355,0.58648676,0.40420493
130,1,1,0.22224727,0.7445763,0.033176508
131,1,1,0.3869454,0.6014261,0.0116285365
132,1,1,0.27977,0.69625217,0.02397786
133,1,1,0.25481024,0.71462613,0.03056363
134,1,2,0.00210525,0.3955986,0.6022962
135,2,2,3.998444e-05,0.00021680453,0.9997432
136,0,0,0.9474883,0.05243966,7.198105e-05
137,1,1,0.020975165,0.6751194,0.30390543
138,0,0,0.99988335,7.671698e-05,3.9990045e-05
139,0,0,0.8047887,0.1947903,0.0004208931
140,0,0,0.71986187,0.27915505,0.0009831488
141,0,0,0.97395337,0.025996106,5.0572242e-05
142,0,0,0.92543554,0.0744602,0.00010423108
143,0,0,0.9997069,0.00025313257,3.9985425e-05
144,2,1,0.06877177,0.7925418,0.13868643
145,0,0,0.6160351,0.38202238,0.0019425242
146,1,1,0.41728285,0.57495075,0.007766323
147,2,2,0.00010251187,0.097007155,0.9028903
148,0,0,0.9960328,0.003927235,3.999226e-05
149,0,1,0.30706632,0.67358565,0.019348001
150,2,1,0.07836089,0.80559075,0.11604838
151,2,2,0.005004744,0.496292,0.49870327
152,1,1,0.010630811,0.60285676,0.3865125
153,1,1,0.028330298,0.7301371,0.24153261
154,2,2,0.00036222112,0.19743681,0.80220103
155,2,1,0.07675107,0.8104187,0.112830244
156,1,1,0.090363555,0.8075683,0.1020681
157,1,1,0.3323806,0.65133375,0.016285675
158,1,0,0.8098638,0.18960325,0.00053297
159,2,2,4.1851228e-05,0.022869475,0.9770887
160,1,1,0.081211016,0.8021056,0.116683386
161,0,1,0.41633517,0.5743853,0.009279557
162,1,1,0.4856725,0.508043,0.006284551
163,0,0,0.99329376,0.0066510467,5.519655e-05
164,0,0,0.80891824,0.19063157,0.00045016588
165,1,1,0.28823534,0.6877343,0.024030337
166,1,1,0.045677148,0.7568917,0.19743118
167,0,0,0.78571737,0.21348473,0.00079789164
168,2,1,0.13921899,0.78610486,0.074676156
169,0,0,0.99510735,0.0048526702,3.9994316e-05
170,0,0,0.69571084,0.30305794,0.0012312584
171,1,0,0.64688706,0.3508188,0.0022941278
172,0,0,0.98098874,0.018966958,4.4262946e-05
173,1,0,0.65621483,0.3416543,0.0021308104
174,2,2,0.0002923112,0.1450099,0.8546978
175,0,0,0.8991735,0.100663885,0.00016258369
176,1,1,0.018844666,0.65522164,0.3259337
177,0,1,0.43517628,0.5567897,0.008034047
178,1,0,0.7419012,0.25674966,0.0013491071
179,0,0,0.8153864,0.18421097,0.0004026674
180,1,1,0.2097513,0.7502654,0.039983317
181,2,2,0.003580879,0.46110144,0.5353177
182,0,0,0.99956614,0.00039388318,3.998956e-05
183,2,1,0.066874534,0.78252196,0.15060344
184,0,0,0.9996989,0.0002612103,3.9982668e-05
185,0,0,0.9904244,0.009535631,3.9990053e-05
186,1,1,0.04788967,0.76092046,0.19118986
187,2,2,4.207814e-05,0.018760242,0.98119766
188,2,1,0.021525018,0.66743374,0.3110413
189,0,0,0.98932767,0.0106322225,4.0153995e-05
190,2,1,0.04091833,0.75295824,0.20612344
191,2,2,3.9993418e-05,0.0015793742,0.99838066
192,0,0,0.7470999,0.25209048,0.0008096455
193,2,1,0.011255757,0.5823965,0.40634772
194,1,1,0.11111443,0.7952819,0.093603715
195,0,0,0.9037659,0.096102774,0.00013131717
196,1,1,0.10931569,0.7989619,0.091722414
197,0,1,0.46307296,0.530211,0.0067161024
198,0,0,0.96387136,0.036038745,8.982579e-05
199,2,2,3.999505e-05,0.01069367,0.98926634
200,1,2,0.0012820993,0.32212207,0.67659587
201,2,2,3.9994462e-05,0.006435832,0.9935242
202,0,0,0.59398246,0.4029482,0.0030693552
203,0,0,0.63209486,0.3658536,0.0020515164
204,1,1,0.030707324,0.74238926,0.22690341
205,1,1,0.020364074,0.6886293,0.2910066
206,2,1,0.0059353337,0.5459682,0.44809648
207,0,0,0.7192892,0.27962774,0.0010831205
208,1,0,0.5201305,0.47411186,0.0057576774
209,0,0,0.99981654,0.00014350779,3.998737e-05
210,1,1,0.06336199,0.7728327,0.1638053
211,1,1,0.014552162,0.6269002,0.35854766
212,0,0,0.99980557,0.00015444917,3.9986935e-05
213,1,1,0.075882055,0.8006592,0.123458825
214,1,1,0.13102917,0.80080897,0.0681619
215,1,1,0.0065515116,0.5572116,0.43623692
216,0,0,0.7900466,0.20919985,0.00075360027
217,0,0,0.9996977,0.00026238628,3.998262e-05
218,1,1,0.027344534,0.7145591,0.2580964
219,0,0,0.94838536,0.051541276,7.3387986e-05
220,2,2,0.0007819408,0.25660565,0.7426124
221,0,0,0.9955317,0.004428303,3.999175e-05
222,0,0,0.98170805,0.018245906,4.6096782e-05
223,1,1,0.14972211,0.7906896,0.05958829
224,1,1,0.42282394,0.568365,0.008811144
225,0,0,0.9942473,0.0057126144,4.0038794e-05
226,1,1,0.19690083,0.76166356,0.041435592
227,2,2,3.999055e-05,0.008424836,0.9915352
228,0,0,0.9995185,0.00044151818,3.9994975e-05
229,1,1,0.012218308,0.6368331,0.3509486
230,2,2,8.243747e-05,0.073118,0.92679954
231,1,0,0.80626297,0.19329569,0.00044136366
232,0,1,0.27811363,0.6992379,0.022648435
233,1,1,0.17231755,0.77685875,0.050823722
234,0,1,0.4310165,0.5606901,0.008293451
235,2,2,3.999137e-05,0.0042547295,0.99570525
236,2,2,6.725824e-05,0.06323874,0.936694
237,1,2,0.00014141222,0.109277934,0.8905807
238,0,0,0.72172105,0.27723834,0.0010405771
239,1,1,0.04518524,0.75849205,0.19632275
240,0,0,0.7404181,0.2582925,0.0012894325
241,0,0,0.9906083,0.009351712,3.9990107e-05
242,0,0,0.9925261,0.0074327663,4.1101197e-05
243,1,0,0.7213579,0.27776772,0.000874458
244,1,1,0.16526358,0.77708554,0.057650864
245,0,0,0.8969203,0.10292947,0.00015026168
246,0,0,0.9744084,0.025542825,4.8830836e-05
247,0,0,0.8582089,0.1415406,0.00025049053
248,2,1,0.04310006,0.7608217,0.19607829
249,0,0,0.62868124,0.3691557,0.002163053
250,1,0,0.66707236,0.33149564,0.0014320075
251,1,1,0.43649876,0.55506015,0.008441072
252,2,2,0.0003341766,0.16652134,0.83314455
253,0,0,0.9025919,0.097254656,0.00015350687
254,2,2,0.00020990861,0.1294942,0.8702958
255,0,0,0.9998523,0.00010768914,3.99888e-05
256,1,1,0.22342698,0.74270934,0.03386375
257,0,0,0.99065953,0.009300526,3.999216e-05
258,0,1,0.3906242,0.60026836,0.009107442
259,2,2,0.0008726299,0.26343447,0.7356929
260,2,2,6.5117914e-05,0.05586546,0.94406945
261,0,0,0.94785315,0.052057933,8.895863e-05
262,0,0,0.9998781,8.197601e-05,3.9989834e-05
263,2,2,4.010121e-05,0.022183526,0.97777635
264,0,0,0.9028511,0.09700437,0.00014454084
265,0,0,0.7674792,0.23193732,0.0005835013
266,1,1,0.2163515,0.7487035,0.03494509
267,2,2,0.000120508346,0.097033344,0.90284616
268,2,2,3.9992163e-05,0.00026778172,0.99969226
269,0,0,0.9850527,0.014903174,4.4079174e-05
270,2,2,0.0033574426,0.4427545,0.553888
271,1,2,0.0022479095,0.4143543,0.5833978
272,0,1,0.043072067,0.7547131,0.2022148
273,0,0,0.9514641,0.048465878,7.002278e-05
274,2,2,4.171315e-05,0.017049607,0.98290867
275,0,0,0.99845517,0.0015048928,3.9991508e-05
276,1,1,0.006574558,0.5307564,0.46266901
277,0,0,0.9998051,0.00015491116,3.9986917e-05
278,0,0,0.8959235,0.103919,0.00015748925
279,2,2,3.9991704e-05,0.010288436,0.9896716
280,0,1,0.15318604,0.7870668,0.059747167
281,2,2,3.999567e-05,0.010251259,0.9897087
282,0,0,0.77438843,0.22495636,0.00065520854
283,1,1,0.37930113,0.6090051,0.01169375
284,0,0,0.9156351,0.08423719,0.00012767903
285,0,0,0.9776606,0.022294957,4.4457825e-05
286,1,0,0.96373594,0.036206402,5.7640573e-05
287,0,1,0.33116156,0.6524405,0.016397987
288,0,0,0.97030264,0.029640965,5.6362333e-05
289,1,1,0.470956,0.5225927,0.0064512524
290,0,0,0.7540402,0.24531925,0.00064058485
291,1,2,0.0028848748,0.4219656,0.57514954
292,1,1,0.32753366,0.65634704,0.016119348
293,1,1,0.00648842,0.53702134,0.45649022
294,1,1,0.027993627,0.70793957,0.26406682
295,2,1,0.012017599,0.58767474,0.4003077
296,0,0,0.98285395,0.017105224,4.0804487e-05
297,1,1,0.022644317,0.7080078,0.2693479
298,1,1,0.012675277,0.6375677,0.34975708
299,1,0,0.84834754,0.15126882,0.00038368782
300,0,0,0.9893258,0.010633081,4.1110034e-05
301,1,1,0.015121123,0.6593922,0.32548675
302,1,1,0.09713625,0.7963134,0.10655037
303,2,2,0.0013416766,0.32790267,0.6707557
304,0,0,0.9915181,0.008441942,3.999233e-05
305,0,0,0.99026895,0.009691053,4.0038354e-05
306,0,0,0.9942522,0.005707841,3.9991843e-05
307,0,0,0.9975324,0.0024276117,3.999366e-05
308,0,0,0.69392157,0.30494007,0.0011383604
309,1,1,0.06177857,0.78512675,0.1530947
310,1,1,0.1653658,0.7788347,0.055799533
311,2,2,4.0016384e-05,0.020972911,0.9789871
312,1,2,0.000503314,0.22844979,0.7710469
313,2,1,0.015940964,0.63663054,0.34742853
314,0,0,0.9894773,0.0104825385,4.02321e-05
315,1,1,0.06099514,0.7896544,0.14935052
316,0,0,0.95222116,0.04770742,7.138636e-05
317,1,0,0.83779734,0.16191702,0.00028571064
318,0,0,0.8858725,0.1139615,0.0001659969
319,2,2,0.00013656316,0.10974627,0.89011717
320,1,2,0.0014022395,0.3122545,0.6863433
321,0,0,0.6129848,0.3844003,0.0026149226
322,0,0,0.7121074,0.28687567,0.0010169038
323,2,2,7.2856135e-05,0.05465488,0.94527227
324,1,1,0.21281117,0.7490052,0.038183674
325,1,1,0.46189368,0.5302249,0.007881446
326,0,0,0.99987423,8.581959e-05,3.998968e-05
327,1,1,0.0871442,0.79468966,0.11816617
328,0,0,0.7428432,0.256357,0.00079980213
329,0,0,0.9998977,6.23623e-05,3.9990617e-05
330,1,1,0.10271697,0.7997621,0.09752093
331,0,0,0.9154886,0.0843585,0.00015286525
332,2,1,0.032893576,0.7357322,0.23137422
333,0,0,0.68908894,0.30917433,0.0017367614
334,2,1,0.012299691,0.62557065,0.36212966
335,0,0,0.7425349,0.2565761,0.0008891192
336,0,0,0.5551715,0.4410467,0.003781774
337,1,1,0.0060662525,0.50817853,0.48575523
338,0,0,0.8398702,0.15972267,0.00040714175
339,2,2,0.00042738742,0.19335976,0.80621284
340,0,0,0.94519824,0.054719333,8.245975e-05
341,2,2,7.5227494e-05,0.067996144,0.93192863
342,2,1,0.02981349,0.7246,0.24558648
343,1,0,0.5346961,0.4614237,0.0038801916
344,0,0,0.9978859,0.0020741338,3.99907e-05
345,2,1,0.034043506,0.7486445,0.21731207
346,2,2,3.9991286e-05,0.0030362739,0.99692374
347,1,1,0.17176245,0.7765982,0.05163935
348,2,2,0.0016551513,0.3439287,0.65441614
349,2,2,8.593248e-05,0.080625385,0.9192887
350,0,1,0.47821465,0.5154762,0.00630918
351,1,1,0.03437724,0.7381019,0.22752088
352,0,0,0.66126144,0.33722356,0.001515058
353,0,0,0.9897293,0.0102302935,4.0416322e-05
354,0,0,0.99847376,0.0014862339,3.9992257e-05
355,1,1,0.35823494,0.61899793,0.022767106
356,2,2,3.998972e-05,0.009300127,0.9906599
357,0,1,0.2900446,0.6868918,0.023063656
358,0,0,0.9254002,0.07449855,0.00010130677
359,1,1,0.2798983,0.6968803,0.023221422
360,1,1,0.15648696,0.7802957,0.06321731
361,1,1,0.06957445,0.77361083,0.1568147
362,1,1,0.21564952,0.7473112,0.037039265
363,1,1,0.15030918,0.7916568,0.058034055
364,2,2,0.0032819668,0.45518008,0.541538
365,1,1,0.18585695,0.7644215,0.049721546
366,1,1,0.33092874,0.65423024,0.014841022
367,0,0,0.9893909,0.010568519,4.0593794e-05
368,2,2,0.0015265739,0.34118927,0.6572842
369,1,1,0.25026911,0.7192544,0.03047657
370,1,1,0.13990729,0.78331906,0.076773725
371,1,1,0.11569117,0.7819825,0.102326326
372,2,2,4.049598e-05,0.016326675,0.9836328
373,0,0,0.9987305,0.0012295101,3.9990322e-05
374,2,1,0.008089917,0.575498,0.41641212
375,1,1,0.20974445,0.7526262,0.037629355
376,1,1,0.038736116,0.75537777,0.20588613
377,1,1,0.090476476,0.79663074,0.11289278
378,1,1,0.32313251,0.6587707,0.018096786
379,1,1,0.098263495,0.7982546,0.10348191
380,1,1,0.012792735,0.63661164,0.35059568
381,0,0,0.8728288,0.12694196,0.00022929216
382,0,0,0.9408437,0.05907012,8.619673e-05
383,0,0,0.8485552,0.15113187,0.0003129258
384,0,0,0.9041592,0.09568672,0.0001540986
385,0,1,0.24327607,0.7238637,0.032860246
386,1,1,0.07333887,0.79229105,0.13437006
387,0,0,0.7205682,0.27854925,0.0008826107
388,1,2,0.0010732847,0.31098294,0.68794376
389,0,0,0.9994631,0.00049691746,3.9992756e-05
390,1,1,0.37337494,0.61540353,0.011221567
391,1,2,0.00084087974,0.26227224,0.73688686
392,1,1,0.06858617,0.7861092,0.14530466
393,0,0,0.99531895,0.004641049,3.998811e-05
394,0,0,0.99708617,0.0028738282,3.9990457e-05
395,0,1,0.11254857,0.80505395,0.08239748
396,1,1,0.3732128,0.6144101,0.012377061
397,1,0,0.6933118,0.30509186,0.0015963287
398,2,2,0.00015946064,0.10466321,0.89517736
399,0,0,0.59614766,0.40109363,0.0027587654
400,0,0,0.9995825,0.0003775329,3.9990213e-05
401,1,1,0.21111628,0.7506605,0.038223293
402,1,1,0.3037998,0.67100334,0.025196876
403,0,0,0.52154,0.47235385,0.006106186
404,0,0,0.9991858,0.00077419326,3.999389e-05
405,1,1,0.03800207,0.7318676,0.23013031
406,0,0,0.93931216,0.060603656,8.420014e-05
407,0,1,0.2916677,0.6850128,0.023319528
408,0,0,0.96371514,0.036232226,5.264027e-05
409,0,0,0.5324527,0.46263295,0.0049143997
410,0,0,0.96606994,0.033877846,5.222531e-05
411,2,2,0.00095937646,0.3074792,0.69156146
412,2,2,5.1925483e-05,0.04399807,0.95595
413,1,1,0.40194324,0.5868626,0.011194176
414,1,0,0.6325892,0.36564088,0.0017699455
415,1,2,0.0016065678,0.3145489,0.6838445
416,1,1,0.036500856,0.7502428,0.21325636
417,0,0,0.9998522,0.00010791221,3.9988798e-05
418,2,2,0.0037734627,0.45044935,0.5457772
419,0,0,0.99960387,0.0003561152,3.999107e-05
420,0,1,0.29777372,0.67977226,0.022454057
421,2,1,0.0105532715,0.5848597,0.40458703
422,0,0,0.6129583,0.3848345,0.0022071702
423,1,1,0.06566576,0.78490627,0.14942794
424,2,2,6.426318e-05,0.053671967,0.9462638
425,1,1,0.40756902,0.5831397,0.009291313
426,0,0,0.819459,0.18013027,0.00041067268
427,2,1,0.0082110185,0.5459236,0.4458654
428,0,0,0.9870387,0.012919287,4.205493e-05
429,0,0,0.8507188,0.1489812,0.00030002283
430,2,2,3.9990668e-05,0.007201476,0.9927585
431,0,0,0.99987745,8.261666e-05,3.998981e-05
432,2,2,0.004006169,0.45153308,0.5444608
433,0,0,0.99965394,0.00030614826,3.998819e-05
434,0,0,0.78358734,0.21582288,0.00058977865
435,1,1,0.010432257,0.613894,0.37567377
436,0,1,0.31754124,0.6637052,0.018753503
437,2,2,0.00030312836,0.16682556,0.8328713
438,1,1,0.043336146,0.735793,0.22087085
439,2,2,0.0007099259,0.22817901,0.77111113
440,1,1,0.014130117,0.63395166,0.35191825
441,0,0,0.6305073,0.36768112,0.0018116321
442,0,0,0.9636656,0.036212027,0.00012239456
443,1,1,0.44540942,0.54602265,0.008567914
444,0,0,0.999269,0.00069101976,3.999233e-05
445,0,0,0.9071895,0.09265977,0.000150726
446,0,0,0.98734015,0.012617757,4.210213e-05
447,0,0,0.87909377,0.12069742,0.00020883002
448,0,0,0.9906854,0.009272425,4.2221058e-05
449,0,0,0.9973583,0.0026017535,3.9989132e-05
450,1,1,0.3927561,0.5974117,0.009832201
451,2,1,0.19019684,0.76231813,0.04748501
452,0,1,0.27849633,0.70084596,0.020657776
453,1,1,0.48001444,0.5133328,0.0066527613
454,0,0,0.9996165,0.00034353574,3.9989136e-05
455,1,1,0.017690264,0.6433333,0.3389765
456,0,1,0.25118053,0.7207011,0.0281184
457,1,1,0.31893107,0.6632538,0.017815137
458,2,2,0.0017736845,0.3427109,0.65551543
459,1,1,0.07391353,0.7787143,0.14737222
460,1,0,0.6462196,0.35198128,0.0017991156
461,1,1,0.40030542,0.5887558,0.010938843
462,0,0,0.99759555,0.0023645407,3.9988852e-05
463,1,1,0.08438195,0.7909436,0.12467444
464,0,1,0.055404153,0.7730707,0.17152515
465,1,1,0.009575987,0.57493055,0.41549352
466,1,1,0.30954137,0.6726689,0.017789792
467,1,1,0.009501679,0.5824095,0.40808883
468,1,1,0.028440798,0.7111777,0.26038152
469,1,0,0.51380634,0.48173007,0.0044635427
470,2,1,0.0520365,0.7653394,0.18262407
471,1,0,0.61202306,0.38560554,0.0023714222
472,2,2,8.963464e-05,0.06091477,0.9389956
473,0,0,0.9961895,0.0037705288,3.999365e-05
474,0,0,0.7536737,0.24563986,0.0006865374
475,1,1,0.2955725,0.6844018,0.02002575
476,0,0,0.99877685,0.0011831396,3.9989736e-05
477,1,1,0.012696864,0.62497437,0.36232877
478,1,1,0.019321816,0.68411654,0.29656166
479,1,1,0.026611874,0.7303822,0.24300596
480,0,0,0.9998168,0.00014322532,3.9987382e-05
481,0,1,0.2952866,0.6812596,0.0234539
482,1,1,0.45704472,0.5356008,0.0073545175
483,2,2,0.00019213535,0.15049806,0.8493098
484,1,0,0.73875207,0.2604462,0.00080171484
485,0,1,0.49442628,0.4999554,0.0056183343
486,0,2,0.0006113051,0.24724561,0.75214314
487,2,2,0.0007084032,0.24360691,0.7556846
488,2,2,0.00012993181,0.08397717,0.91589284
489,0,1,0.33179784,0.65309966,0.0151024945
490,1,2,0.00464914,0.47491038,0.5204405
491,1,1,0.39978826,0.5901759,0.010035846
492,0,0,0.7560283,0.24306487,0.0009068555
493,2,2,8.720247e-05,0.066864,0.93304884
494,0,1,0.43249997,0.5590932,0.0084068645
495,0,0,0.77142316,0.22778437,0.00079250237
496,2,2,7.489024e-05,0.05073752,0.9491876
497,1,1,0.007483689,0.53461796,0.45789838
498,1,2,0.0019403384,0.36800426,0.6300554
499,0,1,0.36417624,0.6216665,0.0141573
500,1,0,0.8158442,0.18380278,0.00035302073
501,0,0,0.71140546,0.28750145,0.0010930776
502,2,2,3.999165e-05,0.0042478004,0.9957122
503,0,0,0.98258245,0.01737551,4.204248e-05
504,0,0,0.9098222,0.0900398,0.00013801831
505,1,1,0.15333918,0.7811261,0.06553479
506,0,0,0.7980532,0.20148112,0.00046569578
507,1,2,0.0012814811,0.33254093,0.6661776
508,1,0,0.7280662,0.2710285,0.00090531
509,1,1,0.019312622,0.68636215,0.2943253
510,1,1,0.018794768,0.6648765,0.3163287
511,2,2,0.00010436155,0.059047572,0.94084805
512,2,2,0.001155031,0.30883858,0.6900064
513,0,0,0.9959404,0.0040196227,3.999346e-05
514,0,0,0.9990138,0.0009462522,3.9994342e-05
515,1,1,0.16596644,0.77215713,0.06187644
516,2,2,0.0004322559,0.22696507,0.7726027
517,0,0,0.6160823,0.38158137,0.002336367
518,0,0,0.6719997,0.32654148,0.0014588332
519,1,1,0.19303972,0.7613521,0.045608178
520,0,0,0.9724392,0.027502913,5.7878384e-05
521,1,2,0.0046319966,0.40660304,0.588765
522,0,0,0.9997099,0.00025018258,3.998555e-05
523,0,0,0.96463233,0.035297763,6.9908885e-05
524,0,0,0.8963723,0.10344826,0.00017942832
525,1,1,0.17798674,0.77377063,0.048242677
526,2,2,4.2212207e-05,0.009301011,0.9906568
527,0,0,0.991854,0.008106038,3.9993567e-05
528,0,1,0.093683034,0.7940247,0.112292275
529,0,0,0.9991132,0.00084682956,3.9993432e-05
530,1,1,0.19596449,0.7495044,0.05453117
531,0,0,0.8065666,0.19299205,0.00044136203
532,2,1,0.042367894,0.7416075,0.21602462
533,1,1,0.24972843,0.7219285,0.028343104
534,0,0,0.99980736,0.00015268417,3.9987004e-05
535,1,1,0.031295244,0.73082423,0.23788056
536,0,1,0.24151334,0.7285702,0.02991645
537,0,1,0.33119428,0.6528088,0.015996981
538,1,1,0.015802816,0.63619214,0.34800503
539,2,2,3.998704e-05,0.0013114656,0.9986485
540,2,2,0.00037391094,0.19528702,0.80433905
541,2,2,0.00018671012,0.09070974,0.9091036
542,2,1,0.013803346,0.620783,0.36541367
543,1,1,0.22467518,0.7424077,0.032917142
544,0,0,0.9744225,0.025526935,5.0549817e-05
545,1,1,0.09111597,0.79435456,0.114529505
546,1,1,0.2799129,0.6963377,0.0237494
547,0,0,0.5960041,0.4014859,0.0025099341
548,1,2,0.0032641387,0.45300126,0.5437346
549,0,1,0.07166694,0.7920004,0.13633268
550,0,0,0.8428914,0.15676749,0.00034111322
551,0,0,0.99635506,0.00360495,3.999295e-05
552,2,2,5.723481e-05,0.03377241,0.9661704
553,2,2,0.0002559717,0.15136136,0.8483827
554,0,0,0.9995093,0.00045070495,3.9992163e-05
555,1,1,0.009929115,0.6000924,0.38997847
556,0,0,0.9995874,0.0003726232,3.9987972e-05
557,1,1,0.058831275,0.7853563,0.15581246
558,1,0,0.832927,0.16666839,0.00040464752
559,1,1,0.10797338,0.78346694,0.10855972
560,0,0,0.95951116,0.04042459,6.420399e-05
561,1,1,0.19838496,0.7299505,0.07166456
562,2,2,9.16491e-05,0.035261847,0.9646465
563,2,1,0.049176425,0.7731573,0.17766628
564,2,2,7.282082e-05,0.05055111,0.9493761
565,0,1,0.32902622,0.65488285,0.016090926
566,1,1,0.27484763,0.699233,0.025919378
567,0,0,0.9983661,0.001593914,3.9990395e-05
568,0,0,0.5182177,0.47735584,0.0044265026
569,2,2,0.0010662061,0.28935543,0.7095784
570,0,1,0.2192651,0.74705935,0.033675577
571,1,1,0.42901477,0.56290776,0.008077502
572,1,1,0.26400265,0.70856327,0.027434057
573,0,0,0.99747944,0.0024805844,3.9991544e-05
574,2,1,0.023622377,0.6974469,0.27893072
575,0,1,0.38678417,0.5991444,0.014071466
576,1,2,0.0048128953,0.4821983,0.5129888
577,1,0,0.5807811,0.41590357,0.0033153165
578,0,0,0.7555722,0.24365348,0.0007743457
579,0,0,0.8425026,0.15720652,0.00029095056
580,1,0,0.83325356,0.16633597,0.00041052172
581,1,1,0.2781666,0.6984208,0.023412568
582,1,1,0.051686246,0.78126997,0.16704378
583,2,1,0.0043291617,0.5087278,0.48694307
584,2,2,0.0017949282,0.35645986,0.64174527
585,0,0,0.85681635,0.14287691,0.00030677483
586,1,1,0.033707056,0.7374985,0.22879446
587,0,0,0.9985248,0.001435257,3.998697e-05
588,2,2,0.00062863174,0.24352932,0.7558421
589,0,0,0.95859766,0.041342422,5.9945225e-05
590,2,2,0.00022101456,0.14539276,0.8543862
591,1,1,0.05566951,0.76754904,0.17678137
592,1,1,0.073417366,0.7976867,0.12889594
593,1,1,0.018956525,0.67850316,0.30254036
594,1,2,0.0027150472,0.4291254,0.5681595
595,2,1,0.016179027,0.6428588,0.34096217
596,0,1,0.29404175,0.684162,0.021796213
597,0,0,0.6638591,0.33467543,0.0014655137
598,0,0,0.7731601,0.22632626,0.00051366177
599,0,0,0.87998605,0.11982439,0.00018960913
600,1,1,0.4113382,0.5791919,0.009469945
601,0,0,0.9998389,0.00012114114,3.9988267e-05
602,0,0,0.9925722,0.0073877294,4.0112187e-05
603,2,2,0.00011795451,0.09209093,0.90779114
604,1,1,0.24387696,0.7247345,0.03138859
605,0,0,0.9939631,0.005996921,3.9990035e-05
606,0,0,0.785452,0.21401949,0.0005284968
607,0,0,0.98473066,0.015228326,4.1059604e-05
608,0,0,0.93780243,0.062103294,9.435323e-05
609,0,0,0.9147767,0.085059136,0.0001641479
610,2,2,0.0008099161,0.2538707,0.7453194
611,0,0,0.99784946,0.002110552,3.999169e-05
612,2,2,3.9994276e-05,0.0014358741,0.9985241
613,1,1,0.071820535,0.7962953,0.1318842
614,0,0,0.90142816,0.098396294,0.00017553328
615,0,1,0.021642264,0.68180263,0.29655516
616,0,0,0.9993647,0.00059532275,3.9993713e-05
617,0,0,0.9662155,0.03372622,5.832051e-05
618,1,1,0.0115460325,0.6094902,0.37896377
619,0,0,0.5883584,0.40855634,0.0030852605
620,1,1,0.24219446,0.7259677,0.03183781
621,2,2,0.00067012716,0.24927944,0.7500504
622,0,0,0.9750872,0.024861403,5.1381074e-05
623,2,2,3.9992923e-05,0.0094038835,0.9905561
624,1,2,0.0043287063,0.44470263,0.55096865
625,0,0,0.9795138,0.020437405,4.8812086e-05
626,1,1,0.2919578,0.6865068,0.021535425
627,0,0,0.5576731,0.43736798,0.004958934
628,2,2,3.9991166e-05,0.002428737,0.9975313
629,0,0,0.9993883,0.00057173945,3.9989765e-05
630,0,0,0.7681251,0.23129833,0.000576573
631,2,2,3.9989445e-05,0.0005797782,0.99938023
632,2,1,0.021988891,0.6715395,0.30647168
633,0,1,0.43264726,0.5590072,0.008345538
634,1,1,0.0055377996,0.54042745,0.45403478
635,0,0,0.52175206,0.47423407,0.004013926
636,0,0,0.8541333,0.14558321,0.00028349165
637,0,0,0.9725751,0.02737543,4.9463168e-05
638,2,1,0.0873867,0.80212426,0.11048906
639,1,2,0.0021266995,0.4082965,0.5895768
640,0,0,0.85073525,0.14901617,0.00024856848
641,0,0,0.8839235,0.11580772,0.0002687998
642,1,0,0.5277659,0.46826375,0.0039703553
643,1,1,0.46952218,0.52390575,0.006572116
644,0,1,0.33817124,0.64252996,0.019298801
645,1,1,0.09119535,0.7947441,0.1140606
646,2,2,8.9666726e-05,0.07703212,0.92287827
647,0,1,0.32767507,0.65510774,0.01721724
648,0,0,0.639757,0.35845116,0.0017919227
649,0,0,0.8902036,0.109603584,0.00019281013
650,2,2,4.2457992e-05,0.00027346547,0.9996841
651,0,0,0.99867725,0.0012827222,3.999552e-05
652,2,2,0.0036709982,0.42573318,0.5705958
653,1,2,0.0012264152,0.30139092,0.6973827
654,2,2,0.00021881229,0.14641774,0.85336345
655,1,1,0.31166506,0.6718461,0.016488908
656,0,0,0.85503227,0.14467695,0.00029075186
657,1,1,0.043753296,0.75491524,0.20133151
658,0,0,0.56034577,0.43607914,0.003575163
659,1,1,0.03749854,0.7583059,0.20419556
660,1,1,0.26908198,0.7060796,0.024838446
661,2,2,7.432384e-05,0.062484875,0.9374408
662,1,1,0.48997968,0.5041672,0.0058531007
663,0,1,0.47391674,0.5203372,0.0057460247
664,1,1,0.48090625,0.5133728,0.0057209847
665,2,2,3.9990373e-05,0.0005565163,0.9994035
666,1,1,0.13542649,0.7927064,0.07186715
667,2,2,7.3436495e-05,0.048913587,0.95101297
668,1,1,0.15601,0.78049076,0.0634992
669,0,0,0.6367334,0.3611762,0.0020903733
670,1,1,0.32784858,0.6553325,0.016818883
671,0,0,0.8442683,0.15522198,0.00050966395
672,1,1,0.1127065,0.80186737,0.08542615
673,0,0,0.99577534,0.0041846503,3.999173e-05
674,0,0,0.9105054,0.08932911,0.00016547776
675,0,0,0.8829323,0.11687465,0.00019295205
676,2,2,4.5564288e-05,0.02462583,0.97532856
677,0,1,0.40844566,0.5822883,0.009266003
678,0,1,0.29153362,0.68827945,0.020186985
679,0,0,0.9847355,0.015223678,4.0841205e-05
680,0,0,0.92394954,0.07591295,0.00013751749
681,0,0,0.9805553,0.019402755,4.1989886e-05
682,1,1,0.06318085,0.7884808,0.14833838
683,2,2,5.759205e-05,0.04164273,0.9582997
684,1,1,0.19761026,0.7628581,0.03953162
685,0,0,0.99847424,0.0014857503,3.999228e-05
686,1,1,0.03661063,0.7471007,0.21628867
687,1,0,0.79452425,0.20494701,0.0005287297
688,0,0,0.9354908,0.06442746,8.1799786e-05
689,2,2,3.9996583e-05,0.01090012,0.98905987
690,1,1,0.18533888,0.7645462,0.05011491
691,0,0,0.90211296,0.09775065,0.00013640612
692,0,0,0.9995135,0.00044647983,3.9994775e-05
693,0,0,0.7779333,0.22147982,0.0005868786
694,0,0,0.7058002,0.29311293,0.001086903
695,1,1,0.04737906,0.7650259,0.18759507
696,0,0,0.7064997,0.29243118,0.0010691441
697,1,0,0.7741804,0.22516127,0.00065821776
698,0,1,0.04137102,0.7511423,0.2074867
699,1,1,0.13215193,0.80271024,0.065137886
700,0,0,0.9921392,0.007819706,4.1073057e-05
701,0,0,0.99983656,0.00012350948,3.9988172e-05
702,0,0,0.942664,0.057257548,7.844158e-05
703,0,0,0.9783925,0.021564253,4.3272972e-05
704,0,0,0.87266886,0.1271179,0.00021324272
705,1,1,0.0071834265,0.55675596,0.43606067
706,2,2,0.0019589025,0.39890376,0.59913737
707,1,1,0.09609449,0.7924986,0.11140695
708,1,1,0.09147933,0.80037826,0.10814237
709,1,1,0.26073983,0.7154506,0.02380957
710,1,0,0.52354556,0.47200352,0.0044509685
711,0,0,0.9516983,0.048236556,6.518604e-05
712,1,1,0.05862809,0.7935147,0.1478572
713,2,2,3.9986073e-05,0.00066399336,0.999296
714,2,2,7.956421e-05,0.07068758,0.92923284
715,1,1,0.3168793,0.6657425,0.017378239
716,2,2,3.999251e-05,0.0021511065,0.9978089
717,1,1,0.19384217,0.76407874,0.04207909
718,2,1,0.021456786,0.6968128,0.28173038
719,0,0,0.959807,0.040134333,5.8730267e-05
720,1,0,0.51429707,0.4812823,0.0044206465
721,2,2,0.000424794,0.19111568,0.8084595
722,0,1,0.4854678,0.5091496,0.005382602
723,0,1,0.35306755,0.6314881,0.015444385
724,0,0,0.77847385,0.22089434,0.0006318276
725,1,1,0.36081043,0.6266592,0.012530398
726,2,1,0.027256198,0.73261803,0.2401258
727,2,2,0.0004120438,0.19613165,0.8034563
728,1,1,0.02837031,0.7346431,0.23698664
729,0,0,0.88529474,0.11450703,0.00019827105
730,0,0,0.95023376,0.049693584,7.266641e-05
731,2,2,0.0012972662,0.3251274,0.67357534
732,2,2,3.999086e-05,0.0010942328,0.9988658
733,1,1,0.017841013,0.67143494,0.31072405
734,0,0,0.99805284,0.0019072271,3.99925e-05
735,2,2,3.9986153e-05,0.0013336707,0.99862635
736,1,1,0.050444953,0.77368027,0.17587477
737,0,1,0.042201303,0.7657989,0.19199978
738,1,1,0.17516182,0.7734573,0.05138091
739,0,0,0.99987876,8.126079e-05,3.9989864e-05
740,1,1,0.043228224,0.7592779,0.19749391
741,0,0,0.99979335,0.00016672237,3.9986444e-05
742,2,2,0.002481856,0.43015736,0.5673608
743,0,0,0.9994982,0.00046183605,3.999172e-05
744,2,2,3.998826e-05,0.00024331748,0.99971664
745,0,0,0.53364205,0.4622716,0.004086393
746,0,0,0.99295914,0.0070008766,3.9988914e-05
747,1,0,0.5931019,0.403966,0.0029321234
748,1,2,0.0022604805,0.3853326,0.6124069
749,1,2,0.0035326723,0.46603653,0.5304308
750,1,1,0.039399922,0.75392044,0.20667961
751,0,0,0.9408351,0.059058484,0.00010642308
752,0,0,0.9608647,0.03907327,6.1992716e-05
753,0,1,0.3387217,0.64466673,0.01661162
754,0,0,0.9994952,0.0004648056,3.9994044e-05
755,0,0,0.69811463,0.3005725,0.0013128248
756,0,0,0.999648,0.00031208462,3.9985513e-05
757,2,2,0.00011319103,0.07078893,0.9290979
758,1,1,0.2112054,0.75144225,0.037352413
759,1,0,0.8696232,0.1300499,0.00032682778
760,0,0,0.84660566,0.15307733,0.00031697383
761,1,1,0.09798464,0.803534,0.098481424
762,1,1,0.100729324,0.79967004,0.09960058
763,1,1,0.18506745,0.7704277,0.044504903
764,0,0,0.97659117,0.023360202,4.862897e-05
765,0,1,0.46506083,0.529329,0.005610169
766,0,0,0.8892342,0.110582374,0.00018346877
767,1,2,0.00050823495,0.21792985,0.781562
768,1,2,0.0010975987,0.3141892,0.6847132
769,1,1,0.24763128,0.72327787,0.029090887
770,2,1,0.021431273,0.71082574,0.267743
771,0,0,0.9890199,0.010939986,4.00968e-05
772,1,1,0.080613434,0.81099975,0.108386844
773,0,0,0.99983454,0.00012546092,3.9988092e-05
774,1,1,0.042383112,0.7525308,0.2050861
775,2,2,0.0012439073,0.29369372,0.7050624
776,0,0,0.9115839,0.08829382,0.00012230492
777,1,1,0.28368405,0.6892497,0.027066257
778,2,1,0.045688957,0.75647867,0.1978324
779,0,0,0.92373604,0.076121226,0.00014276599
780,0,0,0.9688848,0.031056095,5.9079925e-05
781,0,0,0.8962748,0.1035361,0.00018901187
782,1,1,0.14737341,0.78375375,0.068872854
783,0,0,0.9993773,0.0005826968,3.9989325e-05
784,1,1,0.02639889,0.66715455,0.30644652
785,1,1,0.24177413,0.7239915,0.034234393
786,0,0,0.95486647,0.045070373,6.3153144e-05
787,0,0,0.95661676,0.043316882,6.632603e-05
788,0,0,0.8536028,0.14591508,0.0004820859
789,0,0,0.9464033,0.053509258,8.7360815e-05
790,1,0,0.8582936,0.14144161,0.0002647951
791,1,1,0.35140485,0.634075,0.014520248
792,2,2,0.00024800366,0.12048387,0.87926817
793,0,0,0.9997185,0.00024152968,3.9985895e-05
794,2,2,3.9990016e-05,0.000443383,0.9995166
795,2,2,0.0009287265,0.21422875,0.7848425
796,2,2,0.00017543609,0.13401893,0.8658057
797,1,1,0.18755135,0.7620442,0.050404437
798,0,1,0.40121353,0.5882092,0.010577256
799,0,0,0.4990408,0.4957448,0.0052144052
800,1,1,0.41249508,0.5766633,0.010841666
801,2,2,3.999592e-05,0.0018218074,0.9981382
802,0,1,0.42957902,0.5627209,0.0077001285
803,2,2,0.0007568169,0.25405973,0.74518347
804,1,1,0.35836357,0.6250461,0.016590418
805,0,0,0.99978733,0.00017268056,3.9986204e-05
806,1,1,0.28247893,0.69538224,0.022138836
807,0,0,0.50155175,0.49312901,0.0053192102
808,1,0,0.7175147,0.28073937,0.0017458862
809,0,0,0.95331407,0.046625026,6.0900154e-05
810,1,1,0.22633329,0.7365286,0.037138168
811,0,0,0.9801759,0.01977828,4.5863588e-05
812,0,0,0.7710793,0.2282596,0.0006611602
813,1,1,0.033318423,0.75999033,0.20669131
814,0,0,0.8410496,0.15859702,0.00035335834
815,0,0,0.7185778,0.2801546,0.0012676528
816,2,2,0.00018367308,0.09946123,0.9003551
817,0,0,0.84131545,0.15832978,0.00035481947
818,0,0,0.9734692,0.026475318,5.550053e-05
819,0,1,0.35116938,0.63183993,0.016990732
820,0,0,0.76941675,0.23001434,0.00056891167
821,0,0,0.51008475,0.48567015,0.0042450787
822,1,1,0.006310912,0.5061383,0.4875508
823,0,0,0.99914354,0.00081648317,3.9992203e-05
824,1,1,0.06456261,0.7959188,0.13951862
825,2,1,0.13344494,0.7965057,0.070049405
826,0,0,0.82207984,0.17752464,0.00039556308
827,1,0,0.5340173,0.46211705,0.003865615
828,2,2,4.475442e-05,0.02244687,0.9775084
829,2,2,3.9990347e-05,0.0014120839,0.9985479
830,0,0,0.8809701,0.11881843,0.00021144825
831,1,1,0.28457564,0.6936541,0.02177021
832,0,0,0.71123314,0.28780776,0.000959089
833,0,0,0.95132774,0.048590038,8.222148e-05
834,0,0,0.987591,0.012367641,4.1253257e-05
835,1,1,0.026718669,0.7181454,0.25513592
836,0,1,0.30271244,0.6720737,0.025213849
837,1,1,0.03408479,0.73967767,0.22623752
838,0,0,0.9700226,0.02992994,4.743429e-05
839,1,1,0.03889531,0.7525139,0.20859078
840,1,1,0.4386209,0.55477786,0.006601234
841,1,0,0.9147125,0.08508563,0.00020185814
842,0,1,0.4593869,0.5335392,0.007073967
843,1,1,0.050887264,0.78142226,0.16769046
844,0,0,0.9974436,0.002516443,3.9990107e-05
845,0,0,0.74390316,0.25529242,0.00080443465
846,1,1,0.048537552,0.77894187,0.17252062
847,1,0,0.6373712,0.36086243,0.0017664243
848,2,2,3.999238e-05,0.0016051556,0.99835485
849,1,1,0.067001134,0.78542155,0.14757736
850,0,0,0.9809454,0.019010024,4.460121e-05
851,0,0,0.8530299,0.14665009,0.0003200077
852,0,0,0.5022309,0.49167135,0.0060978015
853,2,2,0.0006672558,0.25865746,0.74067533
854,0,0,0.9453722,0.054553296,7.451865e-05
855,0,0,0.9974078,0.002552281,3.999112e-05
856,1,1,0.011705783,0.61947274,0.36882153
857,0,0,0.92853576,0.07135999,0.000104237755
858,1,1,0.12223655,0.8025631,0.07520037
859,0,1,0.49671274,0.49842444,0.004862803
860,1,1,0.1925397,0.75826085,0.04919947
861,0,0,0.8969892,0.10284813,0.00016255565
862,0,0,0.96360755,0.036316182,7.626646e-05
863,2,2,0.00018057614,0.13198918,0.8678303
864,0,0,0.999796,0.00016409345,3.998655e-05
865,2,2,3.999349e-05,0.01610327,0.9838567
866,0,0,0.6497036,0.34875205,0.0015443627
867,0,0,0.7203202,0.27879453,0.00088522537
868,1,1,0.08058402,0.7931763,0.12623967
869,2,1,0.0064500617,0.54082704,0.4527229
870,1,0,0.49988842,0.49402648,0.0060851118
871,0,0,0.9986277,0.0013322533,3.9988656e-05
872,0,0,0.70457906,0.29418355,0.0012374271
873,1,0,0.82542485,0.1741162,0.0004589563
874,2,2,0.0001784946,0.14428031,0.8555412
875,2,1,0.005194879,0.511468,0.4833371
876,0,0,0.8046475,0.19485927,0.00049326755
877,0,0,0.9394428,0.06047332,8.387084e-05
878,0,1,0.49129933,0.50249493,0.0062057665
879,1,1,0.32270697,0.6587202,0.018572895
880,0,0,0.99899745,0.0009625303,3.9991242e-05
881,0,0,0.99987113,8.8888664e-05,3.9989558e-05
882,2,2,0.00014323303,0.10787389,0.8919829
883,0,0,0.9998008,0.00015922976,3.9986742e-05
884,0,0,0.54283017,0.453721,0.0034488537
885,0,0,0.98496115,0.014995001,4.3875363e-05
886,2,2,3.9991646e-05,0.0002805952,0.99967945
887,1,1,0.16620001,0.77771604,0.056083966
888,2,2,0.0034283048,0.41627288,0.58029884
889,1,1,0.18836169,0.76015747,0.051480882
890,1,1,0.035040185,0.73108596,0.23387386
891,1,1,0.030106254,0.66663694,0.30325678
892,1,0,0.59200287,0.40468082,0.003316327
893,1,1,0.0945479,0.80215424,0.10329788
894,2,2,4.1033592e-05,0.024536036,0.975423
895,1,1,0.21013424,0.74588376,0.043982018
896,2,2,4.1778698e-05,0.0154404715,0.9845177
897,2,1,0.050789945,0.77218324,0.17702682
898,2,2,0.00013521487,0.10868182,0.89118296
899,1,2,0.004253798,0.49297452,0.5027717
900,0,0,0.92120236,0.078669995,0.00012757609
901,0,1,0.36664206,0.62067986,0.012678075
902,1,0,0.76798385,0.23132879,0.0006874042
903,1,1,0.013813995,0.6197177,0.36646828
904,1,0,0.7140415,0.28487802,0.001080505
905,1,1,0.0052603404,0.5144161,0.48032358
906,0,0,0.8877597,0.11206782,0.00017250187
907,1,1,0.07776062,0.79609954,0.12613982
908,0,0,0.9502213,0.049689576,8.9080444e-05
909,1,1,0.015249151,0.6451676,0.33958325
910,2,2,0.00022150522,0.14980951,0.849969
911,1,1,0.080707766,0.80155665,0.117735595
912,1,1,0.43376502,0.55811095,0.0081240535
913,0,0,0.99169594,0.008264042,3.999212e-05
914,1,1,0.27746928,0.69872534,0.023805372
915,0,1,0.15672265,0.7836306,0.059646748
916,0,0,0.98769486,0.0122648785,4.0214214e-05
917,0,0,0.99973404,0.00022601889,3.9984072e-05
918,1,1,0.09064129,0.7856196,0.1237391
919,2,1,0.26385844,0.7080767,0.028064895
920,2,1,0.06156629,0.7877641,0.15066962
921,2,2,3.9992785e-05,0.0021443844,0.9978156
922,2,2,3.998657e-05,0.0042520296,0.995708
923,0,0,0.6749445,0.32334113,0.0017143533
924,0,0,0.9998001,0.00015990713,3.9986717e-05
925,0,0,0.9573183,0.042618085,6.3614054e-05
926,1,1,0.12135737,0.79567885,0.08296374
927,0,0,0.94298685,0.056937613,7.554028e-05
928,0,0,0.960224,0.039713085,6.293985e-05
929,1,1,0.46926874,0.5241342,0.006597043
930,0,0,0.97558236,0.024370644,4.6943358e-05
931,2,2,0.00035928632,0.19154039,0.80810034
932,2,1,0.03905435,0.74718654,0.21375912
933,0,0,0.99988294,7.713406e-05,3.9990027e-05
934,1,1,0.005787763,0.54890394,0.44530824
935,0,0,0.9630555,0.036880102,6.4461194e-05
936,0,1,0.3896861,0.6000014,0.010312494
937,2,2,0.00038810231,0.200679,0.7989329
938,0,0,0.9908286,0.0091314595,3.999161e-05
939,0,1,0.33410156,0.65062463,0.015273815
940,0,0,0.99896485,0.0009951397,3.999238e-05
941,0,1,0.36617488,0.6220111,0.011813969
942,0,1,0.07464945,0.7915053,0.13384528
943,2,1,0.0053850915,0.5012267,0.49338824
944,0,0,0.9882861,0.01167335,4.0610797e-05
945,2,2,0.0028257056,0.3909902,0.6061841
946,2,2,0.0003357994,0.1799908,0.8196734
947,0,0,0.99706364,0.0028963673,3.9992e-05
948,1,1,0.25728655,0.71249866,0.030214766
949,0,0,0.91663677,0.083232366,0.00013088612
950,0,0,0.992027,0.007932841,4.0201783e-05
951,0,1,0.27442113,0.6990528,0.026526093
952,1,1,0.12408146,0.80076295,0.0751556
953,1,1,0.006022636,0.50690836,0.48706904
954,0,0,0.98425454,0.015702125,4.3374464e-05
955,2,2,0.0045000026,0.4796074,0.5158926
956,2,1,0.15500876,0.77584934,0.06914195
957,0,0,0.99213165,0.00782834,4.0002375e-05
958,1,2,0.002564115,0.3998996,0.5975363
959,2,2,3.9994724e-05,0.0018517846,0.99810827
960,2,1,0.010673208,0.58270866,0.40661815
961,0,0,0.7861067,0.2133123,0.00058105413
962,0,0,0.63184035,0.36597016,0.0021895377
963,2,2,3.9989904e-05,0.003925079,0.9960349
964,0,0,0.98843306,0.011525713,4.125269e-05
965,0,0,0.8187705,0.18069245,0.00053700845
966,1,2,0.0031702393,0.44366693,0.5531628
967,1,1,0.39134097,0.5962247,0.012434304
968,0,0,0.8505052,0.1492119,0.00028294924
969,1,1,0.42184377,0.56978214,0.008374102
970,1,1,0.060067084,0.76919323,0.17073973
971,0,0,0.99983454,0.0001249989,4.0487168e-05
972,0,0,0.99985373,0.000106333806,3.998886e-05
973,1,1,0.31997845,0.6628475,0.017174043
974,2,1,0.014766213,0.62599826,0.35923553
975,1,2,0.0021265757,0.3710131,0.6268603
976,1,1,0.13374479,0.79638433,0.06987089
977,0,0,0.99915034,0.00080969516,3.9992472e-05
978,0,0,0.99989307,6.691372e-05,3.9990435e-05
979,2,2,8.4801824e-05,0.06572623,0.93418896
980,0,0,0.9985881,0.001371954,3.9989507e-05
981,0,0,0.87085533,0.12894186,0.0002027875
982,0,0,0.97514427,0.024811376,4.4361717e-05
983,2,1,0.009581482,0.5962724,0.3941461
984,2,2,3.9995506e-05,0.0018321432,0.9981278
985,0,0,0.9960656,0.0038944127,3.999358e-05
986,2,2,3.999338e-05,0.0013970698,0.99856293
987,0,0,0.97045743,0.029478181,6.436274e-05
988,1,1,0.22948521,0.72795486,0.042559903
989,0,0,0.999247,0.00071299943,3.9991453e-05
990,0,0,0.6611819,0.33657125,0.0022468471
991,2,2,3.9991977e-05,0.015225385,0.9847346
992,0,0,0.99985063,0.00010938593,3.9988736e-05
993,1,1,0.061835434,0.78326833,0.15489623
994,0,0,0.9379727,0.061941706,8.56075e-05
995,1,0,0.5088947,0.48517865,0.005926707
996,0,0,0.83088446,0.16873336,0.00038218917
997,0,0,0.99654686,0.003413115,3.9995764e-05
998,1,1,0.06565951,0.79405814,0.14028233
999,1,1,0.028602203,0.72429746,0.24710038
1000,1,1,0.20848247,0.75098217,0.04053539
1001,1,1,0.07161194,0.7978463,0.13054173
1002,0,0,0.9998636,9.6456184e-05,3.9989256e-05
1003,0,1,0.4777702,0.5159807,0.0062490655
1004,0,0,0.99834776,0.0016122926,3.999454e-05
1005,1,1,0.033535026,0.7350639,0.23140106
1006,0,0,0.57128435,0.425946,0.0027696453
1007,2,2,3.999191e-05,0.007841923,0.9921181
1008,2,2,3.9990515e-05,0.005130438,0.9948296
1009,1,1,0.12362319,0.80081767,0.07555913
1010,0,0,0.9992182,0.0007417648,3.9990297e-05
1011,1,0,0.85022795,0.14932197,0.00045011542
1012,2,1,0.080486506,0.8015995,0.11791399
1013,1,1,0.104284614,0.80125725,0.0944581
1014,2,2,0.0004461974,0.17350672,0.8260471
1015,0,1,0.43169284,0.5582785,0.0100286845
1016,2,2,0.0004863751,0.23187311,0.76764053
1017,0,1,0.46073562,0.5322719,0.006992544
1018,0,0,0.6465154,0.3518512,0.0016334099
1019,2,1,0.018855624,0.65421814,0.32692623
1020,0,0,0.9996476,0.0003124103,3.9985498e-05
1021,2,2,0.00013976413,0.1143231,0.88553715
1022,1,1,0.018901639,0.6716837,0.3094146
1023,1,1,0.023856428,0.6920612,0.2840824
1024,1,1,0.24747849,0.7250088,0.027512759
1025,2,2,0.0016668435,0.3445962,0.65373695
1026,0,0,0.9871953,0.012762824,4.1827883e-05
1027,0,1,0.025065217,0.7239115,0.25102326
1028,1,1,0.01312,0.6343587,0.35252127
1029,2,1,0.027810521,0.7187273,0.25346223
1030,0,0,0.84734726,0.15226239,0.00039037518
1031,1,1,0.24766676,0.72259945,0.029733822
1032,0,0,0.99936724,0.00059273874,3.998892e-05
1033,2,2,9.751853e-05,0.059679486,0.940223
1034,1,1,0.21629307,0.7479925,0.035714358
1035,0,0,0.85819113,0.14138648,0.00042244737
1036,1,0,0.61861426,0.37904343,0.002342339
1037,1,1,0.025060095,0.68425953,0.2906804
1038,2,1,0.0072777825,0.5736345,0.4190877
1039,0,0,0.99673164,0.0032283561,3.9990926e-05
1040,0,0,0.86995345,0.12984578,0.00020078271
1041,1,0,0.5154491,0.47757798,0.0069729965
1042,1,2,0.004237945,0.46547455,0.5302875
1043,1,1,0.4512667,0.54137754,0.0073557375
1044,0,0,0.99982077,0.00013866712,4.0598363e-05
1045,0,0,0.97428703,0.025666472,4.649417e-05
1046,1,1,0.40892842,0.5814895,0.009582101
1047,2,1,0.01057921,0.5933904,0.39603043
1048,1,1,0.018330902,0.6561756,0.32549345
1049,0,0,0.53488266,0.45987433,0.0052430322
1050,0,0,0.95739233,0.042539522,6.814861e-05
1051,2,1,0.004521214,0.5001968,0.495282
1052,0,1,0.4909749,0.503,0.0060250675
1053,0,0,0.9980507,0.0019093503,3.9992417e-05
1054,2,1,0.016557341,0.6667777,0.316665
1055,0,0,0.7042052,0.294433,0.0013617764
1056,2,2,0.0012508251,0.30375987,0.6949893
1057,2,1,0.019587263,0.6580436,0.3223691
1058,0,0,0.81407577,0.18549766,0.0004265913
1059,0,1,0.36849377,0.6171812,0.014325062
1060,0,0,0.99787176,0.0020883025,3.999014e-05
1061,0,1,0.39635018,0.5945122,0.009137636
1062,0,0,0.9419146,0.0579811,0.000104312676
1063,0,0,0.99977565,0.00018443295,3.9985734e-05
1064,1,1,0.11263184,0.7889273,0.09844085
1065,0,0,0.9998266,0.0001334459,3.9987775e-05
1066,1,1,0.04414954,0.761629,0.19422153
1067,2,2,0.0004656872,0.21516421,0.78437006
1068,0,0,0.9892263,0.010732245,4.149102e-05
1069,0,0,0.6540612,0.34433177,0.001607048
1070,0,0,0.74850315,0.2505725,0.0009243129
1071,0,0,0.92763877,0.072062194,0.00029901386
1072,1,1,0.20818096,0.7454566,0.04636245
1073,0,1,0.301445,0.6775308,0.021024194
1074,0,0,0.95374817,0.04617937,7.247901e-05
1075,1,1,0.09920199,0.80424243,0.09655559
1076,1,0,0.56800216,0.4288083,0.0031895873
1077,2,2,0.0016045136,0.32683623,0.6715592
1078,0,0,0.9950523,0.004907722,3.99921e-05
1079,1,1,0.16890709,0.7748669,0.056226026
1080,0,0,0.85819966,0.14154923,0.00025114554
1081,2,2,0.0054621752,0.49374428,0.5007935
1082,0,0,0.52860606,0.4677279,0.0036660666
1083,0,1,0.01904172,0.6757423,0.30521592
1084,2,2,3.9992647e-05,0.0009884973,0.9989715
1085,2,1,0.007180391,0.5279358,0.4648838
1086,0,0,0.9858125,0.014147344,4.01972e-05
1087,1,1,0.010157375,0.61643916,0.37340352
1088,1,1,0.15937567,0.78323525,0.05738908
1089,0,0,0.7312464,0.26770777,0.0010457821
1090,1,0,0.669303,0.32912594,0.0015710398
1091,0,1,0.45889056,0.532796,0.008313409
1092,1,1,0.35411847,0.63236666,0.013514897
1093,2,1,0.1375328,0.7913244,0.071142785
1094,0,0,0.99100035,0.008959667,3.9993603e-05
1095,1,1,0.08747713,0.8001524,0.11237043
1096,0,1,0.4230605,0.56812793,0.008811611
1097,0,0,0.9987553,0.0012047165,3.9988874e-05
1098,2,2,4.0380084e-05,0.024241278,0.9757183
1099,2,2,0.00021810156,0.13112448,0.8686574
1100,0,0,0.99311763,0.006840425,4.1989406e-05
1101,2,1,0.11132956,0.8068299,0.0818405
1102,1,1,0.22781597,0.7231744,0.04900966
1103,0,0,0.8559534,0.14380075,0.00024576386
1104,1,1,0.18299377,0.7728032,0.044203095
1105,0,0,0.9998778,8.225908e-05,3.998982e-05
1106,1,1,0.24382478,0.7269358,0.02923939
1107,1,1,0.07230286,0.78979814,0.13789898
1108,1,1,0.29879853,0.6799217,0.021279829
1109,0,1,0.22415635,0.74020207,0.035641566
1110,1,1,0.17893799,0.77293694,0.048125077
1111,2,1,0.0796739,0.79565406,0.124672025
1112,2,2,4.2743173e-05,0.0220104,0.9779469
1113,1,1,0.38877612,0.59927666,0.011947226
1114,1,2,0.0031604427,0.43892723,0.55791235
1115,1,1,0.19060564,0.7707237,0.038670648
1116,0,0,0.95059544,0.049321696,8.2890896e-05
1117,0,1,0.24262664,0.7232186,0.0341548
1118,2,1,0.052117135,0.76669025,0.18119255
1119,0,0,0.99832594,0.0016340583,3.9996114e-05
1120,1,1,0.3746816,0.6122097,0.013108738
1121,0,0,0.6502341,0.34769872,0.0020672248
1122,1,0,0.761202,0.23816608,0.0006320023
1123,0,0,0.9947159,0.0052440874,3.9993312e-05
1124,1,1,0.009500006,0.5980427,0.39245728
1125,0,0,0.99369407,0.0062659546,3.999393e-05
1126,1,1,0.109363906,0.79299235,0.097643726
1127,1,1,0.049082637,0.7707938,0.1801236
1128,1,0,0.93327355,0.066618904,0.0001075545
1129,0,1,0.428668,0.56144834,0.009883701
1130,0,0,0.99983525,0.00012474609,3.9988125e-05
1131,0,0,0.98730284,0.012656504,4.06627e-05
1132,0,0,0.5247922,0.47098994,0.0042178417
1133,0,0,0.86434895,0.13537157,0.00027947314
1134,2,2,3.9994266e-05,0.0009479998,0.999012
1135,1,1,0.22090988,0.73959637,0.03949372
1136,2,2,3.9992337e-05,0.00032435922,0.99963564
1137,1,1,0.012940465,0.6225799,0.3644797
1138,2,2,0.0011310122,0.3076262,0.6912428
1139,0,0,0.8902885,0.10955464,0.00015693653
1140,1,2,5.2382853e-05,0.040216662,0.959731
1141,0,0,0.8915497,0.108285695,0.00016464482
1142,0,0,0.7219141,0.2770035,0.0010824184
1143,2,2,6.0727438e-05,0.051122736,0.94881654
1144,0,0,0.9996592,0.0003009084,3.998352e-05
1145,1,1,0.031017063,0.7139038,0.25507918
1146,2,2,9.665e-05,0.05420404,0.94569933
1147,0,0,0.64532095,0.3527237,0.001955333
1148,1,2,0.0042507574,0.4718616,0.52388763
1149,2,2,0.0004683192,0.21105026,0.7884814
1150,2,2,3.9984592e-05,0.002165713,0.99779433
1151,1,1,0.10137091,0.80364954,0.09497948
1152,2,2,4.4542918e-05,0.00041067097,0.99954474
1153,0,0,0.82957333,0.1700534,0.00037328823
1154,1,1,0.06275347,0.778105,0.15914153
1155,2,2,7.505006e-05,0.05602917,0.9438958
1156,0,0,0.978429,0.02152583,4.5179124e-05
1157,2,2,4.7651774e-05,0.022578306,0.9773741
1158,2,1,0.017599821,0.68348014,0.2989201
1159,1,0,0.5444727,0.4521811,0.0033461978
1160,0,1,0.042786926,0.7608267,0.19638634
1161,0,0,0.95868546,0.04121975,9.475818e-05
1162,1,0,0.9836462,0.016311718,4.2088566e-05
1163,1,1,0.22415403,0.7436215,0.032224465
1164,2,1,0.028785903,0.7364701,0.23474398
1165,0,0,0.78062785,0.21882637,0.00054577796
1166,1,0,0.8435594,0.15607812,0.00036251065
1167,1,0,0.98107946,0.018876716,4.379941e-05
1168,0,0,0.94185305,0.058065496,8.138954e-05
1169,0,0,0.99984074,0.00011930071,3.998834e-05
1170,2,2,3.9994968e-05,0.0051415074,0.99481845
1171,0,0,0.8864198,0.11338084,0.00019937611
1172,0,0,0.9976905,0.0022695202,3.9992665e-05
1173,2,2,0.001682477,0.368922,0.62939554
1174,2,2,4.922744e-05,0.04004196,0.95990884
1175,1,0,0.5905517,0.40593892,0.0035094796
1176,2,2,4.187337e-05,0.02898109,0.970977
1177,1,2,0.0005236912,0.2344394,0.7650369
1178,1,1,0.27270496,0.7056026,0.021692444
1179,0,0,0.67679834,0.3217671,0.0014346059
1180,1,1,0.030452745,0.7492845,0.22026277
1181,1,1,0.37488174,0.6127986,0.012319671
1182,1,0,0.5164077,0.47911796,0.0044742995
1183,0,0,0.9992342,0.0007258183,3.9988492e-05
1184,0,1,0.38491946,0.6046346,0.010445999
1185,1,1,0.08082796,0.79335916,0.12581289
1186,2,2,0.00070419034,0.22661974,0.77267605
1187,1,1,0.07760974,0.7871897,0.13520046
1188,1,1,0.11911283,0.8002436,0.080643624
1189,0,0,0.8744049,0.1253207,0.0002744025
1190,2,2,0.00011911038,0.07660145,0.9232794
1191,1,1,0.04613062,0.760241,0.1936284
1192,0,0,0.8020719,0.19749686,0.00043118402
1193,0,1,0.48065555,0.5129709,0.00637347
1194,1,1,0.19980076,0.75555605,0.044643156
1195,0,0,0.9990092,0.0009507991,3.998926e-05
1196,0,0,0.71268827,0.28616896,0.0011427461
1197,0,1,0.079215385,0.802179,0.118605696
1198,0,0,0.9998002,0.00015983335,3.998672e-05
1199,1,1,0.42859495,0.56311935,0.0082856715
1200,1,2,0.00048623793,0.22979404,0.7697197
1201,0,0,0.998056,0.001904018,3.999263e-05
1202,0,0,0.8835968,0.11618717,0.00021609271
1203,1,0,0.5841474,0.41305807,0.0027945528
1204,0,0,0.8510959,0.14863801,0.0002660617
1205,0,0,0.99694276,0.0030172467,3.9992046e-05
1206,2,2,3.9988263e-05,0.00060926314,0.9993507
1207,2,2,0.00030990376,0.15844816,0.84124196
1208,1,1,0.018440265,0.68753654,0.29402325
1209,2,2,0.002436861,0.36876994,0.62879324
1210,1,1,0.0851608,0.8045165,0.110322714
1211,1,2,0.0003582855,0.19384871,0.80579305
1212,1,2,0.0013749074,0.30555478,0.69307035
1213,1,2,0.001114863,0.31589282,0.68299234
1214,0,0,0.91676915,0.08310101,0.00012986753
1215,0,0,0.993868,0.006092037,3.999111e-05
1216,2,2,0.00043262847,0.20074303,0.79882437
1217,2,1,0.25627542,0.71444446,0.029280137
1218,1,0,0.9546351,0.04530354,6.138827e-05
1219,0,0,0.9996753,0.00028474844,3.9984167e-05
1220,0,0,0.9892102,0.01074895,4.0859566e-05
1221,0,0,0.6610188,0.3373457,0.00163558
1222,0,1,0.31929877,0.66325504,0.017446168
1223,1,1,0.016529053,0.6354866,0.34798434
1224,1,0,0.52212226,0.47360316,0.0042745946
1225,1,1,0.33663824,0.648679,0.014682717
1226,0,0,0.9944794,0.005480591,3.9993603e-05
1227,1,1,0.23481432,0.7329087,0.03227697
1228,0,0,0.90771997,0.09214685,0.0001332322
1229,2,2,0.0015550853,0.33102533,0.6674196
1230,1,2,0.004711342,0.4645658,0.53072286
1231,0,0,0.8925388,0.10727239,0.00018887913
1232,1,1,0.24337298,0.7272199,0.029407114
1233,1,1,0.36077756,0.62664723,0.012575228
1234,1,1,0.10390268,0.7913628,0.1047345
1235,2,2,0.00052811473,0.23453754,0.76493436
1236,0,1,0.28192666,0.6945898,0.02348354
1237,0,0,0.55009717,0.44523922,0.0046635503
1238,0,1,0.26819545,0.6998307,0.03197386
1239,1,1,0.15739854,0.7786073,0.0639942
1240,0,0,0.71190727,0.2866302,0.0014625397
1241,0,1,0.120563455,0.7921576,0.08727899
1242,0,1,0.1451506,0.7879312,0.06691824
1243,0,0,0.91116166,0.088680156,0.00015821235
1244,0,0,0.95381474,0.046094783,9.048205e-05
1245,0,1,0.33488107,0.6480314,0.017087493
1246,0,0,0.65035856,0.34782147,0.0018199901
1247,2,2,5.116046e-05,0.042966522,0.9569823
1248,2,2,4.6771012e-05,0.040188402,0.95976484
1249,1,1,0.1957774,0.7629108,0.041311853
1250,1,1,0.445584,0.5476007,0.0068153064
1251,0,0,0.9899595,0.009998969,4.1602892e-05
1252,1,0,0.6294259,0.36845,0.0021241782
1253,0,0,0.8459874,0.1537328,0.0002798157
1254,1,1,0.019593112,0.6871563,0.29325056
1255,0,0,0.9993681,0.00059195474,3.9993844e-05
1256,1,1,0.024679165,0.7103229,0.2649979
1257,0,1,0.4199605,0.5715418,0.008497794
1258,1,1,0.01910914,0.6281693,0.35272157
1259,1,2,0.0039032449,0.45578223,0.54031456
1260,1,0,0.7762979,0.22305062,0.0006514686
1261,1,1,0.0070233247,0.5352447,0.45773196
1262,0,0,0.7438841,0.25521946,0.00089644874
1263,0,0,0.85396487,0.14566815,0.00036699415
1264,0,0,0.98951685,0.010441974,4.1157553e-05
1265,0,0,0.99985814,0.0001019462,3.9989034e-05
1266,1,1,0.34853786,0.6376948,0.013767385
1267,0,1,0.48280525,0.5111848,0.006010003
1268,0,0,0.9948624,0.0050976835,3.998938e-05
1269,1,1,0.3636374,0.6222335,0.0141290985
1270,0,0,0.83103746,0.16862257,0.00034001257
1271,0,0,0.9793448,0.020612791,4.2419935e-05
1272,2,2,0.0002660651,0.1329991,0.86673486
1273,1,1,0.4616072,0.5315779,0.006814933
1274,0,0,0.82131565,0.17824405,0.0004403379
1275,0,0,0.99903923,0.00092074525,3.9985578e-05
1276,0,0,0.9990478,0.00091221434,3.9990813e-05
1277,0,0,0.994107,0.0058530113,3.9993356e-05
1278,0,0,0.9786118,0.021343114,4.507946e-05
1279,1,1,0.20818008,0.7489799,0.042840045
1280,1,1,0.3355237,0.64798135,0.016495017
1281,0,0,0.93113685,0.0687705,9.26903e-05
1282,0,0,0.83720666,0.16235416,0.0004392434
1283,0,0,0.9983415,0.0016185215,3.9991846e-05
1284,0,0,0.9998472,0.00011285139,3.9988598e-05
1285,2,2,0.0036215438,0.4705457,0.5258327
1286,1,1,0.01420491,0.6454787,0.34031636
1287,1,1,0.0069536674,0.5431536,0.44989273
1288,0,0,0.9935899,0.006370195,3.998974e-05
1289,0,0,0.9376462,0.062257487,9.630427e-05
1290,0,0,0.89103645,0.10878718,0.0001764172
1291,0,0,0.7076848,0.2913111,0.0010041841
1292,0,1,0.27535635,0.6962556,0.028388081
1293,0,0,0.9991071,0.0008528618,3.999074e-05
1294,1,1,0.14081043,0.7882622,0.07092739
1295,1,1,0.124588124,0.79334134,0.08207055
1296,1,1,0.010534339,0.6068708,0.3825949
1297,0,0,0.8717883,0.12787849,0.00033316217
1298,1,0,0.7929493,0.20655437,0.0004963454
1299,0,0,0.99039805,0.0095614465,4.0522937e-05
1300,2,2,3.9991497e-05,0.0011392416,0.9988208
1301,1,1,0.10488136,0.81163347,0.083485216
1302,0,0,0.87859225,0.121175565,0.00023217143
1303,1,1,0.25064445,0.7230523,0.026303269
1304,0,0,0.98686916,0.013090121,4.072942e-05
1305,0,0,0.99988866,7.139064e-05,3.9990256e-05
1306,0,0,0.66360456,0.3348246,0.0015708662
1307,0,0,0.9831775,0.016780378,4.216886e-05
1308,0,0,0.77226305,0.22710775,0.00062926294
1309,2,2,0.00010823534,0.07915661,0.9207352
1310,2,1,0.09466854,0.8053287,0.10000267
1311,0,0,0.96066034,0.03927874,6.0898165e-05
1312,1,1,0.015340594,0.64931923,0.33534023
1313,0,0,0.9608245,0.039114267,6.118843e-05
1314,0,0,0.99942404,0.00053598447,3.9993643e-05
1315,1,1,0.30918205,0.6716478,0.01917024
1316,1,1,0.017248977,0.67060876,0.31214225
1317,2,2,0.00013255618,0.07787984,0.9219876
1318,1,1,0.0828802,0.7895137,0.12760612
1319,2,2,0.00078389695,0.28243425,0.71678185
1320,0,0,0.9991602,0.00079984486,3.999531e-05
1321,0,0,0.6899494,0.30887255,0.0011781062
1322,0,0,0.95113117,0.04879132,7.755809e-05
1323,1,2,0.0033765573,0.45868787,0.5379356
1324,1,1,0.107689284,0.7982179,0.09409288
1325,2,2,3.999472e-05,0.0025842197,0.9973757
1326,1,1,0.17290688,0.7755538,0.051539317
1327,2,1,0.017702036,0.6643675,0.31793052
1328,0,0,0.9924922,0.0074677994,4.00096e-05
1329,1,1,0.30441085,0.6774255,0.018163677
1330,0,0,0.99746263,0.0024973494,3.999331e-05
1331,0,1,0.38469246,0.60381335,0.011494228
1332,1,2,0.00397538,0.48118097,0.5148437
1333,1,1,0.022210991,0.7127067,0.26508233
1334,1,1,0.309095,0.6696987,0.02120632
1335,2,2,0.00034102233,0.15556249,0.8440965
1336,2,2,4.00681e-05,0.012439575,0.98752034
1337,0,1,0.24264365,0.7280065,0.029349854
1338,1,1,0.060532264,0.7732334,0.16623428
1339,1,1,0.28690434,0.6880704,0.025025269
1340,2,1,0.02003828,0.6942013,0.28576043
1341,0,0,0.9992911,0.00066888414,3.9990766e-05
1342,1,0,0.66979104,0.32863894,0.0015700741
1343,1,1,0.47561643,0.5176048,0.0067787273
1344,1,0,0.57121146,0.42575556,0.0030329772
1345,0,0,0.84933186,0.1503086,0.00035960582
1346,1,1,0.3882292,0.6003131,0.01145768
1347,0,0,0.76749474,0.23137717,0.0011280999
1348,2,2,6.785706e-05,0.05498488,0.94494724
1349,0,1,0.47860953,0.5154785,0.0059119766
1350,0,0,0.9932946,0.0066654007,3.9992596e-05
1351,1,2,9.65216e-05,0.088888496,0.911015
1352,0,1,0.37761036,0.61057484,0.011814809
1353,2,2,0.0004227999,0.20733652,0.7922407
1354,0,1,0.19571172,0.75878406,0.04550426
1355,2,1,0.008731904,0.5536493,0.43761885
1356,1,1,0.01782744,0.68137217,0.30080038
1357,0,0,0.91187716,0.08797165,0.0001511401
1358,2,1,0.05086392,0.7681098,0.18102628
1359,1,1,0.3719471,0.61285686,0.015196044
1360,0,0,0.9996355,0.00032451522,3.9989893e-05
1361,0,0,0.9997977,0.00016238811,3.998662e-05
1362,0,0,0.9933912,0.0065687946,3.999403e-05
1363,0,0,0.9998256,0.00013444303,3.998773e-05
1364,2,1,0.0057881437,0.50362235,0.49058953
1365,2,2,3.9988114e-05,0.0040918444,0.9958682
1366,1,1,0.057697285,0.772957,0.1693457
1367,0,1,0.48667023,0.50763553,0.0056942836
1368,0,0,0.97898376,0.020973358,4.288162e-05
1369,0,0,0.6347492,0.36253893,0.0027118875
1370,0,0,0.8540845,0.14565393,0.0002615798
1371,2,1,0.00642796,0.53253335,0.4610387
1372,0,1,0.12911169,0.79655117,0.07433714
1373,2,1,0.037691087,0.7322986,0.23001027
1374,0,0,0.99956,0.00040005075,3.998931e-05
1375,0,0,0.80289674,0.19660513,0.0004981543
1376,0,0,0.7902767,0.20907491,0.00064839574
1377,1,1,0.015522149,0.66510814,0.31936973
1378,1,0,0.5614534,0.43547887,0.003067674
1379,1,0,0.6199496,0.3775065,0.002543973
1380,0,0,0.97228974,0.027658656,5.1600327e-05
1381,0,1,0.41522777,0.57607526,0.008696928
1382,1,2,0.0026879096,0.41283318,0.5844789
1383,1,1,0.09164954,0.78531027,0.123040214
1384,0,0,0.9924691,0.0074909693,3.9991304e-05
1385,2,2,0.0007006727,0.25599667,0.74330264
1386,0,0,0.9998528,0.000107279564,3.9988823e-05
1387,0,1,0.10520985,0.7962708,0.098519415
1388,0,0,0.99686915,0.0030908745,3.9991544e-05
1389,1,0,0.50589097,0.48828205,0.0058269324
1390,1,1,0.11483693,0.79772365,0.08743944
1391,1,1,0.01648413,0.6628591,0.3206568
1392,2,2,0.00067634304,0.23790388,0.7614198
1393,2,2,3.99913e-05,0.000777805,0.9991822
1394,1,1,0.48661917,0.50841784,0.0049630236
1395,1,1,0.060433168,0.7812054,0.1583614
1396,2,1,0.0070673306,0.5455674,0.4473653
1397,0,1,0.06314317,0.7779606,0.1588963
1398,1,1,0.08739864,0.79757684,0.11502453
1399,0,0,0.901477,0.09834342,0.0001795608
1400,0,0,0.99792385,0.0020361706,3.9992225e-05
1401,2,1,0.04905289,0.77104765,0.17989947
1402,1,1,0.4944305,0.5012009,0.0043685613
1403,1,1,0.38256344,0.6056578,0.011778763
1404,0,1,0.059988588,0.7864097,0.15360166
1405,0,0,0.8163928,0.18317583,0.0004314324
1406,1,1,0.10111768,0.7945925,0.10428984
1407,0,0,0.99816406,0.001795971,3.9999402e-05
1408,0,0,0.7457584,0.25353017,0.0007114158
1409,1,1,0.06629168,0.7846333,0.14907508
1410,1,0,0.6757855,0.32233283,0.0018817051
1411,0,0,0.9829395,0.017018672,4.1833788e-05
1412,1,1,0.016526498,0.6604709,0.32300258
1413,2,1,0.014471044,0.6581175,0.32741147
1414,2,2,0.0013577407,0.3414458,0.65719646
1415,0,0,0.93749905,0.06241206,8.890237e-05
1416,0,1,0.15310594,0.7833259,0.06356808
1417,0,0,0.98068106,0.01927346,4.5510256e-05
1418,0,0,0.953285,0.046644196,7.085754e-05
1419,1,0,0.622605,0.37525874,0.002136187
1420,1,1,0.124176696,0.79826677,0.07755643
1421,0,0,0.99900424,0.00095584296,3.999151e-05
1422,1,1,0.3523188,0.6338945,0.013786679
1423,2,1,0.09197375,0.79390776,0.11411839
1424,2,2,3.999178e-05,0.007479008,0.99248105
1425,0,0,0.6094377,0.38812375,0.0024385576
1426,1,1,0.41625318,0.5742098,0.009537057
1427,1,1,0.48807353,0.50589544,0.006031104
1428,0,0,0.9763935,0.023560276,4.624329e-05
1429,0,0,0.9990396,0.00092039554,3.9990482e-05
1430,1,2,0.003932071,0.46503463,0.5310333
1431,0,0,0.94720316,0.052708924,8.79377e-05
1432,1,1,0.066900246,0.7920525,0.14104724
1433,1,0,0.7893442,0.2101534,0.00050231407
1434,2,2,3.9991974e-05,0.007047131,0.9929129
1435,1,1,0.36127707,0.625687,0.013035967
1436,1,0,0.73124367,0.26788914,0.0008671609
1437,2,2,0.0019243852,0.3526143,0.6454613
1438,0,0,0.88602644,0.11376697,0.000206632
1439,1,1,0.28891718,0.6909333,0.020149512
1440,0,0,0.9952729,0.004687144,3.9991162e-05
1441,0,1,0.11325151,0.79864496,0.08810352
1442,2,2,4.497004e-05,0.0142112365,0.9857438
1443,0,0,0.9336209,0.06626616,0.00011287234
1444,2,1,0.0059785335,0.5309316,0.4630899
1445,0,0,0.99471426,0.0052457615,3.999324e-05
1446,1,0,0.7546859,0.24463534,0.0006787593
1447,2,2,7.813314e-05,0.06945343,0.93046844
1448,1,1,0.15670115,0.7838418,0.059457056
1449,0,0,0.5796284,0.4173741,0.0029975318
1450,0,1,0.2839538,0.6921082,0.02393799
1451,1,1,0.04909961,0.76631063,0.18458979
1452,1,1,0.01745375,0.66575354,0.31679276
1453,0,0,0.99937826,0.0005817245,3.999181e-05
1454,1,0,0.67787355,0.32017022,0.0019563087
1455,1,1,0.043921553,0.7761055,0.17997298
1456,0,0,0.99929774,0.0006623196,3.9993472e-05
1457,0,1,0.3445404,0.6414782,0.013981445
1458,0,0,0.96326077,0.03668105,5.8199967e-05
1459,0,0,0.93515813,0.064729676,0.00011221408
1460,0,0,0.99816525,0.0017948081,3.999212e-05
1461,0,0,0.91459584,0.08518777,0.00021643119
1462,0,1,0.085770935,0.78705525,0.12717384
1463,2,2,4.3107713e-05,0.024274152,0.97568274
1464,2,2,0.00014775178,0.11030196,0.8895503
1465,2,1,0.04616122,0.7526821,0.20115674
1466,1,1,0.18612173,0.76480764,0.049070604
1467,1,1,0.25445515,0.71522754,0.03031736
1468,2,1,0.012785737,0.5898797,0.3973346
1469,0,0,0.7082608,0.2905926,0.0011466363
1470,1,1,0.056640584,0.77526885,0.16809061
1471,1,1,0.12033544,0.79397565,0.08568893
1472,1,1,0.21582112,0.7465305,0.03764845
1473,0,0,0.8749678,0.12482755,0.00020461675
1474,1,1,0.105643764,0.8023008,0.09205546
1475,0,0,0.999874,8.60283e-05,3.998967e-05
1476,0,0,0.964607,0.035330907,6.2163184e-05
1477,0,0,0.78227323,0.21697691,0.00074982626
1478,1,0,0.7243386,0.2748533,0.00080814364
1479,2,2,0.00083736086,0.26716718,0.73199546
1480,0,0,0.9995657,0.00039426063,3.9991985e-05
1481,0,0,0.7894847,0.2100062,0.00050914986
1482,0,0,0.995551,0.004408541,4.0523853e-05
1483,1,1,0.2670811,0.70863956,0.024279365
1484,1,2,0.004847573,0.48718446,0.50796795
1485,0,0,0.8930992,0.10673166,0.00016913869
1486,2,2,0.0007928951,0.26613462,0.7330725
1487,1,2,9.858151e-05,0.0976517,0.9022497
1488,0,1,0.036778457,0.73425275,0.22896883
1489,1,1,0.011699145,0.61527437,0.37302652
1490,1,2,0.00033710804,0.17517786,0.824485
1491,1,1,0.3438182,0.64069235,0.015489474
1492,0,0,0.8342103,0.16542926,0.00036047646
1493,0,0,0.7709245,0.22834621,0.0007293059
1494,0,0,0.96094954,0.038991854,5.8641526e-05
1495,0,0,0.91156054,0.08826707,0.00017237618
1496,0,0,0.9337747,0.06611285,0.00011244521
1497,0,0,0.982706,0.017249838,4.4193865e-05
1498,0,0,0.8686497,0.13105479,0.0002954996
1499,2,1,0.007858677,0.56560355,0.4265378
1500,0,0,0.7457597,0.2532573,0.0009829743
1501,1,2,6.3711544e-05,0.055621233,0.9443151
1502,1,1,0.13895777,0.7949518,0.06609049
1503,1,1,0.056170546,0.7610942,0.18273526
1504,0,0,0.9865038,0.013454552,4.1665564e-05
1505,1,1,0.44085824,0.5520603,0.0070814514
1506,0,0,0.9509112,0.049002636,8.613523e-05
1507,1,1,0.12633915,0.79680204,0.07685882
1508,1,1,0.15924181,0.7813748,0.05938338
1509,1,2,0.00028518282,0.14016029,0.8595545
1510,0,0,0.78497916,0.21454,0.00048083678
1511,0,0,0.9998632,9.680692e-05,3.998924e-05
1512,0,0,0.9360284,0.06385354,0.00011806175
1513,0,0,0.8520087,0.14772329,0.00026801554
1514,0,0,0.999879,8.1022336e-05,3.9989874e-05
1515,0,1,0.25845176,0.70926446,0.032283723
1516,1,2,0.0017787176,0.37001508,0.6282062
1517,1,0,0.5862453,0.41022107,0.0035336534
1518,0,0,0.98173165,0.018224273,4.40742e-05
1519,1,1,0.018342137,0.6582224,0.3234355
1520,1,1,0.13946001,0.7872916,0.07324844
1521,0,0,0.9985399,0.0014200888,3.9990016e-05
1522,1,1,0.06971525,0.7822749,0.1480098
1523,0,0,0.9631827,0.036763787,5.357255e-05
1524,2,1,0.014577733,0.6449056,0.34051663
1525,1,1,0.24759977,0.72066706,0.03173324
1526,0,0,0.9967656,0.0031944034,3.9992294e-05
1527,2,1,0.004923202,0.5145971,0.48047972
1528,1,2,0.001139208,0.3159669,0.6828939
1529,2,2,0.0005674076,0.22775353,0.77167904
1530,1,0,0.68327624,0.31508783,0.0016359879
1531,2,1,0.017844092,0.6499898,0.3321661
1532,0,0,0.59978735,0.39714655,0.0030661493
1533,1,1,0.23418143,0.7317014,0.034117207
1534,2,2,0.0030987547,0.45037362,0.5465276
1535,1,0,0.7638186,0.23552325,0.00065812556
1536,0,0,0.99155307,0.008406917,3.9991286e-05
1537,0,0,0.93397444,0.06593712,8.848082e-05
1538,0,0,0.9908084,0.009151186,4.0435327e-05
1539,1,1,0.07511173,0.78284276,0.1420455
1540,2,1,0.06435028,0.79165417,0.14399561
1541,0,0,0.99988663,7.343927e-05,3.9990176e-05
1542,1,1,0.011865096,0.58132035,0.40681455
1543,1,0,0.7338036,0.26517293,0.0010235024
1544,0,0,0.94023645,0.059676554,8.703996e-05
1545,0,0,0.59240717,0.40461564,0.0029772092
1546,0,0,0.6018008,0.39578176,0.002417476
1547,0,0,0.7065024,0.29258472,0.00091289583
1548,0,0,0.5753671,0.42125577,0.0033771174
1549,1,1,0.073909424,0.79853827,0.12755236
1550,2,1,0.035810545,0.7246366,0.23955286
1551,0,0,0.75955534,0.23975213,0.0006925229
1552,0,0,0.9975918,0.0023682287,3.9988707e-05
1553,2,2,0.00050905766,0.19809157,0.80139935
1554,0,0,0.9296055,0.07029921,9.528063e-05
1555,2,2,4.156309e-05,0.023421824,0.97653663
1556,2,2,3.999076e-05,0.0073821316,0.99257785
1557,0,1,0.31798038,0.66513276,0.016886849
1558,2,2,4.260456e-05,0.00033376896,0.9996236
1559,0,0,0.9828117,0.01714637,4.1952506e-05
1560,0,0,0.9736246,0.026329357,4.6045454e-05
1561,1,1,0.12779857,0.7906018,0.08159964
1562,2,2,4.338017e-05,0.022696996,0.97725964
1563,0,1,0.19180475,0.75977457,0.048420705
1564,0,0,0.96994114,0.030001704,5.7159246e-05
1565,0,0,0.76929307,0.2301476,0.0005593368
1566,0,0,0.9248423,0.07505179,0.000105922154
1567,1,0,0.53695214,0.4570866,0.005961292
1568,0,0,0.994869,0.005091021,3.9997e-05
1569,1,0,0.77788484,0.22157227,0.0005428855
1570,2,1,0.38908407,0.59898883,0.011927128
1571,1,1,0.17137069,0.7751335,0.053495854
1572,2,2,0.00021753734,0.14543559,0.8543469
1573,1,0,0.6478721,0.35014886,0.0019790775
1574,2,2,0.0014485596,0.33447948,0.6640719
1575,2,2,3.999325e-05,0.0073817056,0.9925783
1576,1,1,0.18724257,0.75178075,0.06097673
1577,0,1,0.19800495,0.76510453,0.03689052
1578,0,1,0.07810588,0.7987912,0.12310293
1579,1,1,0.08631245,0.7874982,0.12618943
1580,1,0,0.69231427,0.3064872,0.0011985279
1581,0,0,0.9943894,0.00557059,3.9992447e-05
1582,1,1,0.054996256,0.7731289,0.17187482
1583,0,0,0.990532,0.009424053,4.4012322e-05
1584,1,1,0.23675677,0.72444594,0.038797252
1585,2,2,0.0038067205,0.44487447,0.5513189
1586,0,0,0.5432723,0.45135882,0.0053688777
1587,2,1,0.005432917,0.51844716,0.4761199
1588,2,2,0.00012870485,0.1138715,0.8859998
1589,0,0,0.79115427,0.20826837,0.000577325
1590,2,2,0.0013451492,0.28680918,0.7118457
1591,1,1,0.17339097,0.7741933,0.052415784
1592,0,1,0.3303661,0.6513905,0.018243454
1593,0,1,0.3111761,0.66806513,0.020758754
1594,2,1,0.06983773,0.7855708,0.14459153
1595,0,0,0.997697,0.0022630757,3.9992916e-05
1596,0,0,0.99933726,0.00062273856,3.9990173e-05
1597,0,1,0.31294036,0.66664296,0.020416653
1598,0,0,0.87064147,0.12913744,0.00022109674
1599,1,1,0.11836437,0.8020018,0.07963386
1600,0,0,0.97432315,0.025624217,5.2647545e-05
1601,1,1,0.02776536,0.69511634,0.2771183
1602,0,0,0.9537248,0.046214275,6.0914565e-05
1603,1,1,0.49345195,0.5017527,0.004795313
1604,2,1,0.037329342,0.73303926,0.22963145
1605,1,1,0.32354414,0.6616787,0.014777239
1606,0,1,0.03326304,0.7360664,0.23067057
1607,2,2,0.0021822322,0.39543432,0.6023835
1608,0,0,0.7948026,0.20466697,0.00053030794
1609,1,1,0.027864425,0.6960612,0.27607444
1610,0,0,0.9698812,0.03006093,5.783389e-05
1611,1,1,0.26759535,0.70766354,0.02474111
1612,0,0,0.9602271,0.03971448,5.846789e-05
1613,2,2,0.0034214193,0.4723033,0.5242753
1614,1,0,0.863942,0.13580902,0.00024896566
1615,0,0,0.9932198,0.006740212,3.9989587e-05
1616,0,0,0.73026574,0.2685562,0.0011780309
1617,0,0,0.98343694,0.016519925,4.3147462e-05
1618,0,1,0.098884754,0.801282,0.09983328
1619,1,1,0.008870965,0.5654254,0.42570364
1620,0,0,0.95700365,0.042935908,6.0433988e-05
1621,1,1,0.48580813,0.50875914,0.005432744
1622,0,1,0.46797818,0.52492523,0.0070966147
1623,1,1,0.047642365,0.77295595,0.1794017
1624,0,1,0.33727515,0.6413478,0.021377025
1625,2,1,0.09091256,0.80133605,0.107751384
1626,0,0,0.99719965,0.0027603558,3.999011e-05
1627,1,1,0.17464644,0.7737805,0.051573075
1628,1,0,0.9325507,0.06729928,0.00015004318
1629,0,0,0.912552,0.08731951,0.00012853279
1630,2,1,0.009411116,0.6040519,0.38653702
1631,0,0,0.81393063,0.18535367,0.000715756
1632,1,1,0.12572676,0.80012876,0.07414448
1633,2,1,0.08476935,0.7957088,0.11952181
1634,2,2,4.0245664e-05,0.0091112815,0.9908485
1635,1,0,0.49851537,0.49668416,0.0048004678
1636,1,1,0.03659094,0.72114104,0.24226803
1637,2,1,0.36937994,0.6156524,0.014967669
1638,1,1,0.019314267,0.6706741,0.31001168
1639,0,0,0.9873237,0.01263586,4.0445007e-05
1640,0,0,0.99613476,0.0038251278,4.0093313e-05
1641,0,0,0.97607195,0.023878727,4.9300812e-05
1642,0,1,0.25472048,0.71522474,0.030054778
1643,1,0,0.5871969,0.41019925,0.0026038708
1644,2,2,0.00097586465,0.24829288,0.7507313
1645,1,1,0.05979508,0.7851689,0.15503609
1646,1,1,0.07259229,0.7914759,0.13593185
1647,1,2,4.017628e-05,0.020337624,0.9796222
1648,0,0,0.984655,0.015303265,4.171938e-05
1649,1,2,0.002521709,0.40592086,0.59155744
1650,2,2,0.00068920676,0.23158376,0.767727
1651,0,0,0.99873096,0.0012291028,3.999278e-05
1652,1,0,0.50585866,0.48946732,0.0046740365
1653,1,1,0.08392878,0.8004578,0.115613505
1654,1,1,0.023174573,0.6890382,0.2877872
1655,0,0,0.9201586,0.07971566,0.00012568002
1656,1,0,0.78381044,0.21565257,0.00053700496
1657,0,1,0.49629998,0.4984982,0.005201826
1658,0,0,0.51302767,0.48279142,0.004180922
1659,0,0,0.62860954,0.36942008,0.0019704346
1660,0,0,0.7235744,0.2755158,0.0009098767
1661,0,0,0.86920506,0.13047253,0.00032239754
1662,1,2,0.00028156282,0.15701488,0.8427036
1663,0,0,0.9331717,0.06672628,0.00010203901
1664,1,1,0.30738646,0.6753863,0.017227247
1665,1,1,0.34239239,0.638335,0.019272652
1666,0,1,0.15720478,0.78640485,0.05639038
1667,0,0,0.99932903,0.0006310006,3.9992283e-05
1668,2,1,0.008324382,0.54359376,0.44808182
1669,2,2,4.5106186e-05,0.02262913,0.9773258
1670,0,0,0.84150326,0.1581777,0.0003189521
1671,1,0,0.50425273,0.49132082,0.00442647
1672,2,2,0.00028686904,0.15708466,0.8426285
1673,2,1,0.12195677,0.7971375,0.080905765
1674,0,0,0.72720355,0.27191657,0.00087997055
1675,1,2,0.00046473724,0.21529968,0.7842356
1676,1,1,0.03877924,0.73393035,0.22729039
1677,1,1,0.04198566,0.7767496,0.18126473
1678,0,1,0.36308944,0.62328076,0.013629817
1679,1,0,0.5437694,0.45252833,0.003702255
1680,2,1,0.045839496,0.7659535,0.188207
1681,0,0,0.9992277,0.00073232193,3.9990675e-05
1682,1,2,0.007057556,0.49016738,0.5027751
1683,1,0,0.5846861,0.41264945,0.0026644627
1684,1,0,0.6243376,0.37307328,0.0025890777
1685,1,1,0.15927418,0.7831433,0.057582438
1686,0,0,0.99654716,0.003412894,3.999332e-05
1687,0,0,0.8168557,0.18276039,0.0003838104
1688,0,0,0.9606124,0.039330013,5.7551348e-05
1689,1,1,0.22556005,0.7384188,0.03602109
1690,0,0,0.90189123,0.09797412,0.00013462143
1691,2,2,0.0019172506,0.35932472,0.63875806
1692,2,2,6.791721e-05,0.0279283,0.9720038
1693,2,1,0.014088437,0.61554945,0.37036213
1694,2,1,0.0071439752,0.51278496,0.48007107
1695,2,1,0.19191687,0.7652301,0.042853087
1696,2,1,0.02223169,0.6859025,0.2918659
1697,0,0,0.9912343,0.0087243905,4.125242e-05
1698,1,1,0.013319196,0.6181131,0.3685677
1699,0,0,0.9983332,0.0016268038,3.9993953e-05
1700,1,1,0.30413204,0.67686373,0.019004306
1701,2,1,0.013667559,0.64768684,0.33864558
1702,2,2,3.999026e-05,0.0021462045,0.9978138
1703,2,2,4.048255e-05,0.019889869,0.98006964
1704,2,1,0.016610807,0.6406175,0.3427717
1705,0,0,0.9850236,0.0149349775,4.140686e-05
1706,1,1,0.1827823,0.7701264,0.04709132
1707,1,1,0.09712231,0.8081066,0.09477115
1708,0,1,0.38779688,0.5976213,0.01458178
1709,1,1,0.15440702,0.77974546,0.065847576
1710,1,1,0.019792287,0.6880999,0.29210785
1711,0,0,0.7045413,0.2943129,0.0011458335
1712,0,0,0.9269682,0.07289253,0.0001392551
1713,0,0,0.7409512,0.25827298,0.0007758429
1714,1,2,0.0001704354,0.124375544,0.87545407
1715,0,0,0.96332884,0.03659571,7.551786e-05
1716,0,0,0.9747651,0.025176717,5.8176403e-05
1717,0,0,0.96969545,0.030255307,4.924333e-05
1718,1,1,0.35260507,0.63380504,0.013589863
1719,0,0,0.86378413,0.13597132,0.00024457523
1720,0,0,0.999575,0.00038502808,3.9992352e-05
1721,2,1,0.19932108,0.7558418,0.044837132
1722,1,0,0.51013154,0.48434973,0.005518743
1723,2,2,0.000100953075,0.08828638,0.9116127
1724,0,0,0.9988587,0.0011013766,3.9988125e-05
1725,0,0,0.9998522,0.00010790516,3.9988798e-05
1726,0,0,0.9994733,0.0004867213,3.9993174e-05
1727,2,1,0.0048630927,0.5013849,0.493752
1728,1,1,0.2529901,0.7207,0.026309902
1729,0,0,0.9615053,0.038421948,7.2765964e-05
1730,2,2,0.00044458118,0.22544567,0.7741098
1731,1,1,0.02125392,0.6837243,0.29502174
1732,1,1,0.1288676,0.7926155,0.07851693
1733,1,1,0.03240678,0.7284335,0.23915969
1734,1,1,0.0138842445,0.62274635,0.3633694
1735,0,0,0.7111263,0.2876227,0.0012509652
1736,1,1,0.030233685,0.7328704,0.23689596
1737,0,0,0.99879,0.0011699786,3.9990264e-05
1738,0,0,0.6520837,0.3461513,0.0017650311
1739,1,1,0.0077504483,0.54876727,0.4434823
1740,0,0,0.98618275,0.013775768,4.151123e-05
1741,0,0,0.99962384,0.00033615023,3.998455e-05
1742,0,0,0.8863299,0.1135152,0.00015494216
1743,1,1,0.25300366,0.7154626,0.031533726
1744,1,2,0.0010496202,0.29723793,0.7017125
1745,0,1,0.18679638,0.7634188,0.049784727
1746,0,0,0.9764549,0.02349976,4.5242054e-05
1747,2,2,3.9991006e-05,0.0018224012,0.9981376
1748,1,1,0.12812702,0.8030856,0.068787396
1749,2,1,0.029507153,0.7445961,0.22589675
1750,1,0,0.81337243,0.18617319,0.00045437147
1751,0,0,0.9413682,0.058546267,8.54403e-05
1752,1,1,0.40202746,0.5871222,0.01085034
1753,1,1,0.010166151,0.58678865,0.40304524
1754,1,0,0.7687934,0.2303622,0.0008443678
1755,0,0,0.9997847,0.00017537735,3.9986102e-05
1756,0,0,0.75750977,0.24183825,0.0006520281
1757,0,0,0.9972491,0.0027108546,3.9992097e-05
1758,1,0,0.5017101,0.4931362,0.005153739
1759,0,0,0.61810565,0.3796348,0.0022595313
1760,1,0,0.57649475,0.42032063,0.003184608
1761,0,0,0.68644994,0.3120334,0.0015166476
1762,0,0,0.96715164,0.032779,6.9373666e-05
1763,1,1,0.024611218,0.69863737,0.27675146
1764,2,2,3.9993836e-05,0.007611117,0.9923489
1765,0,0,0.9954042,0.0045557995,3.9989085e-05
1766,1,2,0.0011223052,0.27381167,0.72506607
1767,0,1,0.14920406,0.7918272,0.058968782
1768,0,0,0.8370271,0.16259566,0.00037729205
1769,2,2,3.9993065e-05,0.0007948659,0.9991652
1770,0,1,0.3027975,0.6746791,0.022523493
1771,0,0,0.7770884,0.22233164,0.0005799707
1772,2,2,3.9989176e-05,0.0010753963,0.9988846
1773,1,0,0.6483999,0.3496806,0.0019195077
1774,1,2,0.0046230056,0.46854627,0.52683073
1775,0,0,0.9977389,0.0022210781,3.998971e-05
1776,1,1,0.22838908,0.73715866,0.034452304
1777,0,1,0.41609687,0.57395995,0.00994321
1778,2,1,0.008799236,0.5670889,0.42411187
1779,1,1,0.034411207,0.74726427,0.21832454
1780,2,1,0.029936137,0.7242601,0.24580377
1781,0,1,0.23645575,0.7290918,0.034452446
1782,0,0,0.9996526,0.00030736695,3.9988136e-05
1783,1,1,0.48261777,0.51109064,0.0062916414
1784,2,1,0.023687933,0.68941617,0.28689587
1785,0,0,0.90608275,0.09375866,0.00015863217
1786,1,2,0.0018915664,0.37418875,0.62391967
1787,1,0,0.8512839,0.14843675,0.00027930172
1788,1,2,0.0008241129,0.26701847,0.7321574
1789,0,0,0.77843595,0.22098933,0.0005747442
1790,0,0,0.9493979,0.050495822,0.00010629629
1791,0,1,0.32989064,0.65013963,0.019969743
1792,0,0,0.9335509,0.066354305,9.478919e-05
1793,1,1,0.048221648,0.77788997,0.17388836
1794,2,2,3.9992014e-05,0.012722174,0.9872378
1795,2,2,4.20641e-05,0.023696024,0.9762619
1796,0,0,0.9602901,0.039638355,7.163942e-05
1797,0,0,0.848009,0.1516692,0.00032180094
1798,2,1,0.0068165814,0.54007757,0.45310587
1799,2,2,0.0033929762,0.4220929,0.5745141
1800,1,0,0.8461799,0.15349728,0.00032280973
1801,0,0,0.99892974,0.001030318,3.9990973e-05
1802,0,0,0.9997128,0.00024718276,3.9983224e-05
1803,0,0,0.9989217,0.0010382916,3.999065e-05
1804,1,1,0.10951635,0.79550797,0.09497574
1805,0,0,0.81119466,0.18831888,0.00048649352
1806,0,1,0.15663718,0.76877064,0.074592195
1807,1,0,0.66831577,0.33012998,0.0015543292
1808,2,2,5.1296316e-05,0.031953253,0.9679954
1809,0,0,0.8437326,0.15599102,0.00027643383
1810,0,0,0.9132632,0.086610004,0.00012680532
1811,2,2,9.498008e-05,0.08450438,0.9154006
1812,2,2,0.0018799559,0.37463054,0.6234895
1813,0,0,0.8808791,0.11892068,0.00020023022
1814,0,0,0.98926926,0.010690622,4.0131803e-05
1815,2,2,3.9994775e-05,0.0008743425,0.99908566
1816,1,1,0.1422583,0.7953489,0.062392823
1817,1,1,0.025162846,0.717943,0.25689408
1818,2,2,3.999186e-05,0.010467851,0.9894922
1819,0,0,0.9881288,0.011831056,4.0199655e-05
1820,1,1,0.13120607,0.78346515,0.08532884
1821,1,1,0.06859812,0.7788599,0.15254198
1822,2,1,0.024364626,0.69586426,0.2797711
1823,2,2,3.998752e-05,0.00062784686,0.9993322
1824,0,0,0.9998621,9.79983e-05,3.998919e-05
1825,2,2,8.1202386e-05,0.034131486,0.9657873
1826,2,2,0.002512965,0.41401476,0.58347225
1827,0,0,0.99829096,0.0016690714,3.999226e-05
1828,0,0,0.83713067,0.16251916,0.00035016905
1829,1,1,0.025651498,0.7029295,0.27141905
1830,0,0,0.99987817,8.1849306e-05,3.998984e-05
1831,0,0,0.9811239,0.01883066,4.539807e-05
1832,0,1,0.47381523,0.5199228,0.006262027
1833,1,1,0.012091199,0.6158215,0.37208733
1834,1,1,0.010830228,0.608846,0.3803238
1835,0,0,0.9771202,0.022833139,4.668601e-05
1836,0,0,0.9973256,0.002634459,3.999027e-05
1837,0,0,0.97289294,0.027057432,4.965027e-05
1838,1,1,0.31893325,0.6645999,0.016466843
1839,1,0,0.59937483,0.39825088,0.0023743277
1840,1,1,0.058700033,0.768055,0.17324492
1841,2,2,0.0029466879,0.45172885,0.54532444
1842,1,2,0.0043475507,0.4938409,0.50181156
1843,1,1,0.0136097055,0.6403444,0.34604588
1844,0,0,0.94335175,0.05657193,7.6348144e-05
1845,1,1,0.15329629,0.7870779,0.059625786
1846,1,1,0.16964357,0.77244663,0.057909817
1847,0,1,0.2609669,0.7092178,0.029815404
1848,1,0,0.7854565,0.21401869,0.0005248484
1849,2,2,8.019748e-05,0.08161091,0.9183089
1850,0,0,0.9809512,0.018988345,6.0449325e-05
1851,1,0,0.94983315,0.0500909,7.5989294e-05
1852,0,0,0.8364531,0.16323619,0.00031073598
1853,0,0,0.9891799,0.01077946,4.067698e-05
1854,2,2,0.0005567501,0.23651996,0.7629233
1855,1,1,0.061664466,0.783617,0.15471849
1856,0,0,0.896825,0.102940544,0.00023446165
1857,0,0,0.8737495,0.1259881,0.00026240246
1858,0,0,0.9998597,0.000100389305,3.99891e-05
1859,2,2,0.0018432658,0.38834444,0.6098123
1860,1,1,0.08024089,0.79414666,0.12561247
1861,0,0,0.9998486,0.00011142115,3.9988656e-05
1862,1,1,0.14839457,0.7925783,0.059027143
1863,1,0,0.51873785,0.476473,0.0047890623
1864,1,1,0.0532474,0.7586467,0.18810585
1865,0,0,0.946004,0.05391072,8.528105e-05
1866,1,0,0.6224694,0.37538812,0.002142447
1867,2,2,0.0017288708,0.3727945,0.6254766
1868,2,2,3.9993924e-05,0.011149482,0.98881054
1869,2,2,4.102299e-05,0.021867763,0.97809124
1870,2,2,0.0014952054,0.3488842,0.6496206
1871,2,2,4.0707437e-05,0.015399918,0.9845594
1872,0,0,0.94930774,0.050618872,7.339909e-05
1873,1,0,0.855188,0.14457043,0.00024150246
1874,0,0,0.63086474,0.36664283,0.0024924558
1875,1,1,0.30756277,0.67408526,0.018351968
1876,2,2,3.998987e-05,0.007526444,0.99243355
1877,0,0,0.9493686,0.05055881,7.260606e-05
1878,0,1,0.16162503,0.77969015,0.058684766
1879,0,0,0.9903156,0.009644073,4.029102e-05
1880,1,1,0.14323673,0.78905916,0.06770414
1881,1,0,0.7932382,0.20605949,0.0007022805
1882,0,0,0.9992627,0.0006973387,3.9989627e-05
1883,0,0,0.88886493,0.110954344,0.00018071166
1884,1,1,0.055137195,0.7594049,0.18545789
1885,2,1,0.07444073,0.7900448,0.13551448
1886,1,1,0.036976393,0.7401462,0.22287741
1887,0,0,0.9931158,0.006842348,4.187788e-05
1888,1,0,0.87561804,0.12414351,0.00023845877
1889,0,1,0.48949724,0.5056454,0.0048573497
1890,1,1,0.35892695,0.6289298,0.012143245
1891,1,1,0.33912635,0.6463938,0.014479896
1892,0,0,0.9816327,0.018325517,4.177767e-05
1893,0,0,0.96135336,0.038582835,6.385472e-05
1894,0,0,0.7934108,0.20599483,0.0005943484
1895,2,2,7.2686336e-05,0.04899026,0.95093703
1896,1,0,0.6607282,0.33774802,0.0015237574
1897,0,0,0.9990655,0.0008944684,3.9989074e-05
1898,1,0,0.7799396,0.21947701,0.00058343436
1899,0,0,0.96721447,0.032722052,6.350057e-05
1900,0,0,0.9421812,0.057711177,0.00010753205
1901,0,0,0.55698264,0.43995243,0.003064973
1902,1,1,0.10526678,0.78701794,0.107715264
1903,0,0,0.9993663,0.00059370254,3.9991326e-05
1904,1,1,0.016048074,0.6439245,0.3400275
1905,1,1,0.19756174,0.7618027,0.04063558
1906,0,0,0.9987657,0.0011943096,3.9989292e-05
1907,1,0,0.8292614,0.17036325,0.00037538976
1908,0,0,0.827331,0.17221223,0.00045678043
1909,0,0,0.9561791,0.043741494,7.944103e-05
1910,0,0,0.7567667,0.24249123,0.0007420741
1911,2,2,0.0009840052,0.31182674,0.6871892
1912,1,1,0.041643105,0.75052273,0.20783415
1913,1,2,0.0035644772,0.46702972,0.52940583
1914,1,1,0.023308426,0.70199096,0.2747006
1915,2,2,3.998951e-05,0.004117945,0.9958421
1916,2,2,0.00049812,0.209922,0.7895798
1917,1,0,0.79565215,0.20375127,0.000596617
1918,1,1,0.034853302,0.7414034,0.22374329
1919,1,0,0.9296627,0.07022919,0.00010809726
1920,2,2,0.00020655344,0.14378205,0.85601145
1921,0,0,0.99093014,0.009029562,4.0234136e-05
1922,0,0,0.5764466,0.42053598,0.0030174232
1923,1,1,0.094637826,0.80679953,0.09856254
1924,0,0,0.99143296,0.008526176,4.0895102e-05
1925,2,1,0.08821757,0.7952877,0.1164947
1926,0,0,0.9668616,0.033082858,5.5543762e-05
1927,2,2,5.906631e-05,0.043852612,0.9560883
1928,1,1,0.01106471,0.5919883,0.39694697
1929,1,1,0.27325892,0.7017461,0.02499496
1930,0,0,0.9164314,0.08343916,0.00012940755
1931,2,1,0.009598177,0.5891631,0.40123868
1932,0,0,0.83479524,0.16482808,0.0003766733
1933,0,1,0.13361554,0.78896844,0.07741602
1934,0,0,0.5023226,0.49246448,0.0052129333
1935,0,0,0.9998641,9.594274e-05,3.9989274e-05
1936,2,2,8.239739e-05,0.07245228,0.9274653
1937,0,1,0.07317164,0.80045736,0.12637107
1938,1,1,0.22312453,0.74179393,0.035081524
1939,1,1,0.37795097,0.61069196,0.011357039
1940,1,1,0.02756208,0.73239577,0.24004214
1941,2,2,0.0010975942,0.3232824,0.67562
1942,1,1,0.009994113,0.60932744,0.38067847
1943,1,1,0.069224775,0.7890531,0.14172217
1944,0,1,0.18801445,0.7646986,0.047286905
1945,2,1,0.019651597,0.672732,0.30761638
1946,1,1,0.04608187,0.67150986,0.2824082
1947,1,1,0.018276345,0.6110499,0.37067378
1948,0,0,0.95874083,0.041197103,6.20514e-05
1949,1,1,0.10405253,0.7894595,0.106487945
1950,0,0,0.9950777,0.004881554,4.0740586e-05
1951,1,1,0.032591302,0.7405923,0.22681645
1952,0,0,0.9998932,6.680958e-05,3.9990435e-05
1953,1,1,0.13625212,0.7960081,0.06773967
1954,1,1,0.17967911,0.77017117,0.050149776
1955,0,0,0.76256245,0.23647626,0.0009613446
1956,0,0,0.99973786,0.00022214565,3.9984225e-05
1957,1,1,0.15984124,0.78652555,0.053633224
1958,0,0,0.80109376,0.19838111,0.00052508933
1959,1,1,0.004932693,0.50723946,0.48782784
1960,2,2,0.00034100586,0.18803102,0.811628
1961,1,1,0.34540993,0.6399195,0.014670532
1962,0,0,0.82258517,0.17705142,0.00036343117
1963,0,1,0.39396435,0.5953124,0.010723178
1964,0,1,0.37704772,0.61017466,0.012777615
1965,1,0,0.58357,0.41372368,0.002706292
1966,0,0,0.67970777,0.31873873,0.0015535785
1967,0,0,0.9998281,0.0001319412,3.9987837e-05
1968,2,2,4.053551e-05,0.00028153465,0.99967796
1969,1,1,0.047419023,0.76871794,0.18386307
1970,0,0,0.98274565,0.017211419,4.293819e-05
1971,0,1,0.27292937,0.70272434,0.024346314
1972,2,2,3.9996416e-05,0.010721392,0.9892386
1973,0,1,0.1392076,0.7964599,0.0643325
1974,0,0,0.99832135,0.0016386429,3.9988594e-05
1975,0,1,0.3492818,0.63191676,0.018801428
1976,0,0,0.9998463,0.000113781745,3.998856e-05
1977,0,0,0.95471007,0.045228686,6.128713e-05
1978,1,1,0.050311744,0.7652559,0.1844323
1979,0,0,0.99800926,0.0019507371,3.999565e-05
1980,1,1,0.44543967,0.54671884,0.007841521
1981,1,1,0.32996476,0.6559607,0.014074542
1982,0,0,0.96250653,0.037419263,7.419563e-05
1983,0,0,0.9996695,0.0002904848,3.998393e-05
1984,0,0,0.9683767,0.031566136,5.7145455e-05
1985,2,1,0.007972855,0.5713015,0.42072564
1986,1,0,0.775775,0.22357313,0.00065190886
1987,0,1,0.41235977,0.5777673,0.009872967
1988,1,1,0.014270773,0.6298938,0.35583544
1989,0,0,0.5504529,0.44628015,0.0032670025
1990,2,2,5.4694137e-05,0.04469651,0.95524883
1991,2,2,0.0009737292,0.28679484,0.71223146
1992,2,2,0.00023176607,0.1238071,0.87596107
1993,0,0,0.99257594,0.0073839836,3.99956e-05
1994,0,0,0.99829954,0.0016604768,3.9995055e-05
1995,2,1,0.11720331,0.80268,0.080116704
1996,0,0,0.79447293,0.20505594,0.0004711544
1997,0,0,0.91267323,0.08719228,0.00013447704
1998,1,0,0.96146536,0.038473982,6.0692146e-05
1999,0,0,0.7586746,0.24034108,0.00098433
2000,0,0,0.9945411,0.0054189367,3.998873e-05
2001,0,0,0.99985456,0.00010546954,3.9988892e-05
2002,2,2,4.0535757e-05,0.018828155,0.9811313
2003,1,1,0.059167787,0.7761917,0.16464049
2004,0,0,0.7209978,0.27801675,0.0009854487
2005,1,1,0.10901622,0.7929081,0.09807572
2006,1,1,0.048048332,0.76083994,0.19111173
2007,0,0,0.99131143,0.008648291,4.030423e-05
2008,1,0,0.8382505,0.1614641,0.00028542028
2009,1,1,0.14217742,0.7876898,0.07013268
2010,2,2,0.000752455,0.24033695,0.75891066
2011,1,1,0.010951254,0.6157269,0.37332183
2012,0,0,0.97948,0.020467268,5.271176e-05
2013,0,0,0.81092834,0.18852755,0.00054406445
2014,0,1,0.44413367,0.54945594,0.0064104195
2015,0,0,0.5899155,0.40726066,0.0028238303
2016,0,0,0.81624687,0.18332672,0.0004264518
2017,0,0,0.9936753,0.0062839095,4.0852425e-05
2018,0,0,0.93162477,0.06826732,0.00010796579
2019,1,1,0.4008844,0.5901516,0.008964026
2020,0,0,0.5071618,0.48772395,0.0051143067
2021,0,0,0.5280305,0.4678249,0.0041445764
2022,1,1,0.03920334,0.744443,0.21635365
2023,1,2,0.0015864006,0.34346527,0.6549483
2024,2,1,0.04363535,0.7463798,0.20998487
2025,1,1,0.025356416,0.69575846,0.2788851
2026,1,2,0.0042144908,0.45077685,0.54500866
2027,1,1,0.47943658,0.51376283,0.0068006325
2028,1,1,0.28897887,0.6887907,0.022230495
2029,1,1,0.17355838,0.7716843,0.054757327
2030,0,0,0.863592,0.13617481,0.0002331706
2031,1,2,0.0003644703,0.14312537,0.85651016
2032,0,0,0.847416,0.15234327,0.00024072759
2033,0,0,0.998544,0.0014160153,3.999262e-05
2034,1,0,0.5472069,0.44915292,0.0036401302
2035,0,0,0.91968274,0.080065526,0.00025173783
2036,0,0,0.9998401,0.00011999448,3.9988314e-05
2037,1,1,0.03675688,0.7450841,0.21815905
2038,2,2,0.00015955801,0.08635932,0.9134811
2039,0,0,0.93253106,0.06734178,0.0001272192
2040,0,0,0.8838476,0.1159665,0.00018590433
2041,1,1,0.08225127,0.7944766,0.12327213
2042,1,0,0.52579004,0.47009912,0.004110848
2043,0,0,0.9350696,0.064828426,0.00010194771
2044,0,0,0.99056435,0.009395706,3.999078e-05
2045,1,1,0.23696129,0.7352703,0.02776845
2046,0,1,0.49072844,0.5036952,0.005576411
2047,0,0,0.63030005,0.36782297,0.0018769347
2048,1,1,0.052629527,0.77823246,0.16913807
2049,1,1,0.0056827823,0.53841966,0.45589757
2050,2,2,0.00040970586,0.20433722,0.7952531
2051,0,0,0.91727203,0.08260298,0.0001249954
2052,1,1,0.057738148,0.7916944,0.15056735
2053,2,2,0.0002147088,0.08263302,0.9171523
2054,1,1,0.076105,0.79257524,0.13131979
2055,0,0,0.99987245,8.758499e-05,3.998961e-05
2056,0,0,0.97862935,0.021326128,4.453218e-05
2057,2,2,9.1552945e-05,0.05204749,0.9478609
2058,0,0,0.9977526,0.0022074182,3.99927e-05
2059,2,2,3.9991202e-05,0.014511811,0.9854482
2060,0,2,0.0026893888,0.40598094,0.5913297
2061,0,0,0.99180675,0.00815329,3.9994116e-05
2062,2,1,0.13032138,0.79508024,0.074598365
2063,1,1,0.110400885,0.7929997,0.09659948
2064,0,0,0.99955714,0.00040285534,3.999164e-05
2065,1,1,0.034694698,0.7410803,0.22422501
2066,0,0,0.9893403,0.010618877,4.081527e-05
2067,0,0,0.9818543,0.018103361,4.2363466e-05
2068,0,0,0.5689201,0.4269063,0.0041737137
2069,0,0,0.954137,0.045798954,6.4009255e-05
2070,0,0,0.9929815,0.006978537,3.9992265e-05
2071,0,0,0.99942154,0.0005384976,3.9991097e-05
2072,1,1,0.005933331,0.51709753,0.47696912
2073,1,1,0.012805245,0.6348569,0.35233793
2074,0,0,0.6350137,0.36310038,0.0018859111
2075,0,1,0.301414,0.6753988,0.023187159
2076,0,0,0.9995743,0.00038575186,3.9989885e-05
2077,0,0,0.99982417,0.00013589583,3.9987677e-05
2078,2,2,4.0787054e-05,0.00026281207,0.99969643
2079,0,0,0.9878174,0.012141041,4.1562438e-05
2080,0,0,0.92818654,0.071661815,0.00015161815
2081,0,0,0.787917,0.21141523,0.0006677717
2082,2,2,0.00017386071,0.095635384,0.9041908
2083,0,0,0.6220546,0.37572223,0.0022231904
2084,1,1,0.06622695,0.7938038,0.13996924
2085,0,0,0.90525895,0.0945644,0.00017664993
2086,1,1,0.01623065,0.6542609,0.3295085
2087,0,0,0.8661908,0.13354142,0.00026771895
2088,0,0,0.9597804,0.04016271,5.6897723e-05
2089,0,0,0.9994855,0.00047451525,3.9993658e-05
2090,2,2,0.0006317343,0.2540159,0.7453524
2091,1,1,0.09201096,0.80261207,0.10537696
2092,1,1,0.171295,0.7698975,0.05880747
2093,2,2,0.00035580312,0.18555005,0.8140942
2094,2,2,0.0011450693,0.28700262,0.7118523
2095,0,1,0.36771163,0.6207974,0.011490932
2096,2,2,0.00025722038,0.16614556,0.83359724
2097,0,0,0.998781,0.0011789919,3.9994793e-05
2098,1,1,0.34275723,0.6419885,0.015254257
2099,1,1,0.44693527,0.5460118,0.0070529087
2100,1,1,0.30652228,0.6746884,0.018789379
2101,1,1,0.20552075,0.7487899,0.045689374
2102,0,0,0.8916906,0.10807307,0.00023630951
2103,1,1,0.27534088,0.70144373,0.023215415
2104,1,1,0.02630424,0.69610757,0.2775882
2105,0,0,0.9702509,0.029694412,5.4645658e-05
2106,0,0,0.6241567,0.37351233,0.0023309456
2107,0,0,0.999761,0.000199028,3.9985145e-05
2108,2,1,0.021805124,0.6889113,0.28928357
2109,1,1,0.36898628,0.61548275,0.015530974
2110,1,1,0.011472609,0.62705445,0.36147296
2111,2,1,0.0075050835,0.5418726,0.4506223
2112,1,1,0.032407448,0.7153036,0.25228894
2113,0,1,0.41177136,0.5790124,0.0092162695
2114,1,2,0.0017135374,0.3748801,0.62340635
2115,0,0,0.9996966,0.0002633848,3.9982577e-05
2116,1,1,0.049421094,0.7658342,0.18474476
2117,2,2,3.9991868e-05,0.0004582718,0.99950176
2118,0,0,0.95875597,0.041173734,7.0248105e-05
2119,1,1,0.07836858,0.80004257,0.121588886
2120,1,1,0.40400615,0.5844959,0.011497964
2121,0,0,0.97014016,0.029811755,4.8131915e-05
2122,1,1,0.1137711,0.79315776,0.093071155
2123,1,1,0.13809423,0.77191687,0.08998889
2124,2,2,0.00014584286,0.0980076,0.9018466
2125,0,0,0.99656373,0.0033962848,3.999153e-05
2126,0,0,0.6870585,0.31179535,0.0011461864
2127,0,0,0.8732132,0.12651551,0.0002713159
2128,0,0,0.9237759,0.076088354,0.00013571157
2129,0,0,0.9889086,0.011050841,4.0601244e-05
2130,2,2,0.0023119163,0.37111187,0.62657624
2131,2,2,0.00037166208,0.17208576,0.82754254
2132,2,2,0.00015750513,0.11082855,0.88901395
2133,1,1,0.15631402,0.78588665,0.057799377
2134,0,0,0.955848,0.0440847,6.728129e-05
2135,0,1,0.43903702,0.55332017,0.0076428484
2136,1,1,0.03804287,0.7579098,0.20404738
2137,1,1,0.070839465,0.79653865,0.13262194
2138,0,1,0.386753,0.60164535,0.011601702
2139,1,0,0.56642306,0.43034062,0.003236383
2140,1,1,0.07709087,0.7901021,0.13280708
2141,1,1,0.32841995,0.6551285,0.016451586
2142,0,0,0.9877059,0.012253382,4.075354e-05
2143,1,1,0.33345494,0.65164804,0.014897066
2144,1,1,0.27801275,0.6988939,0.023093356
2145,2,2,0.00070501986,0.25821128,0.7410837
2146,1,0,0.5774693,0.41916752,0.0033631732
2147,1,1,0.02683777,0.7197687,0.25339353
2148,1,1,0.11831954,0.7908505,0.09082997
2149,0,0,0.758064,0.24126247,0.00067353615
2150,1,1,0.09367189,0.79020464,0.11612348
2151,1,1,0.23999923,0.73278344,0.027217358
2152,0,0,0.99921364,0.00074634544,3.9990115e-05
2153,0,1,0.068320066,0.79609466,0.13558528
2154,1,1,0.17105138,0.770758,0.058190648
2155,0,0,0.6720124,0.3263025,0.0016851466
2156,2,1,0.005266186,0.5060306,0.48870316
2157,1,1,0.06525277,0.77152735,0.16321988
2158,0,0,0.6232362,0.37475532,0.0020085184
2159,0,0,0.94176704,0.058139462,9.3511764e-05
2160,1,1,0.17118487,0.7704866,0.05832856
2161,2,2,7.3483185e-05,0.047369912,0.9525566
2162,1,1,0.06446916,0.78196174,0.15356909
2163,2,2,0.00012107797,0.081371374,0.9185076
2164,2,1,0.023178698,0.70230055,0.27452078
2165,0,0,0.98376787,0.01619049,4.1705855e-05
2166,1,1,0.016780935,0.6590601,0.32415894
2167,0,0,0.89536035,0.10444393,0.00019576726
2168,2,1,0.0067576077,0.52169466,0.4715477
2169,2,2,0.0030755578,0.43801156,0.55891293
2170,2,1,0.042979933,0.77275574,0.18426424
2171,2,2,7.179202e-05,0.054580078,0.94534814
2172,1,0,0.78527766,0.21413994,0.0005824085
2173,2,2,5.2769665e-05,0.040587798,0.9593594
2174,1,1,0.06094056,0.7858467,0.15321273
2175,0,1,0.44514704,0.5474913,0.0073616756
2176,1,1,0.080111235,0.80415606,0.11573267
2177,1,1,0.09226112,0.79534256,0.112396315
2178,0,0,0.57002,0.42670318,0.003276841
2179,0,0,0.6242292,0.37376368,0.0020071045
2180,0,0,0.8244843,0.17508546,0.00043019827
2181,1,1,0.28690895,0.69050604,0.022585025
2182,0,0,0.9517843,0.048122823,9.285668e-05
2183,1,2,0.0014295818,0.34363806,0.6549324
2184,0,0,0.9998914,6.867931e-05,3.9990366e-05
2185,0,0,0.996342,0.003618012,3.999243e-05
2186,0,0,0.6565243,0.34144753,0.0020281589
2187,1,1,0.14739586,0.78489786,0.067706265
2188,2,2,0.00017252666,0.1251081,0.8747194
2189,1,1,0.09849849,0.79244375,0.10905777
2190,0,0,0.79040426,0.20907739,0.00051832804
2191,2,1,0.060434967,0.7807014,0.1588637
2192,1,1,0.23026955,0.73945326,0.03027721
2193,0,0,0.9798909,0.020065311,4.381537e-05
2194,2,2,0.00087836426,0.25379112,0.7453305
2195,0,0,0.9884003,0.01155889,4.082393e-05
2196,1,0,0.63203853,0.3661259,0.001835597
2197,1,1,0.08676872,0.79913926,0.114092045
2198,1,1,0.37832576,0.6079681,0.013706135
2199,0,0,0.5975081,0.40034437,0.0021476266
2200,2,1,0.011608988,0.614983,0.37340805
2201,2,2,3.9990526e-05,0.013186086,0.98677397
2202,0,0,0.78224003,0.2172082,0.00055179646
2203,1,1,0.05388268,0.7677586,0.17835863
2204,1,0,0.7655002,0.23369798,0.0008017915
2205,0,1,0.34117293,0.64261055,0.016216543
2206,0,1,0.01756167,0.65983856,0.32259983
2207,2,2,0.0042991615,0.47232214,0.52337873
2208,1,1,0.016526459,0.66254735,0.3209262
2209,0,0,0.50637263,0.48855382,0.005073573
2210,0,0,0.971496,0.028454224,4.9803995e-05
2211,0,0,0.99625194,0.0037080531,3.999126e-05
2212,0,0,0.99987423,8.5819614e-05,3.998968e-05
2213,2,2,0.0031786654,0.4285087,0.56831264
2214,0,0,0.99889225,0.0010677698,3.999191e-05
2215,1,1,0.18371068,0.7667034,0.04958591
2216,0,0,0.97321075,0.026740976,4.825034e-05
2217,0,0,0.9217755,0.07812699,9.751711e-05
2218,0,0,0.998193,0.0017669699,3.999078e-05
2219,1,1,0.25771162,0.71791005,0.024378357
2220,2,2,4.5397363e-05,0.023853848,0.97610074
2221,2,2,3.999077e-05,0.0062225545,0.99373746
2222,1,1,0.12515017,0.79794335,0.076906495
2223,0,0,0.98854643,0.011413326,4.0221566e-05
2224,0,0,0.72018313,0.27848732,0.0013295595
2225,2,2,8.4601605e-05,0.06544153,0.9344739
2226,0,1,0.4930839,0.50125986,0.005656321
2227,1,1,0.018240074,0.6689079,0.31285205
2228,1,1,0.051065683,0.7711581,0.17777619
2229,0,0,0.9987837,0.0011762925,3.9992457e-05
2230,1,1,0.41467786,0.5770341,0.008288053
2231,2,2,3.9994942e-05,0.0063018785,0.9936581
2232,2,2,3.999147e-05,0.001322817,0.9986372
2233,2,2,0.00016247683,0.11433458,0.88550293
2234,0,0,0.99943596,0.0005240228,3.9991675e-05
2235,1,0,0.54511106,0.45060438,0.0042845947
2236,0,0,0.9838388,0.016120179,4.1050596e-05
2237,1,1,0.014717051,0.6500396,0.33524337
2238,0,0,0.93713933,0.06269504,0.0001656666
2239,0,0,0.97366863,0.026280615,5.0755698e-05
2240,0,1,0.1630662,0.78392845,0.05300541
2241,0,0,0.9735637,0.02639018,4.6115874e-05
2242,0,1,0.020845436,0.6820437,0.2971109
2243,2,2,0.0029832174,0.41459733,0.5824195
2244,2,2,0.0048770765,0.49057162,0.5045513
2245,2,1,0.00832264,0.5666754,0.42500192
2246,0,0,0.9994398,0.0005202085,3.9991824e-05
2247,1,2,0.0026678634,0.43673238,0.5605998
2248,0,0,0.99900615,0.000953889,3.9994036e-05
2249,0,1,0.14345787,0.7856984,0.07084371
2250,2,2,0.0005878743,0.23695399,0.76245815
2251,1,0,0.7543879,0.24474359,0.00086841517
2252,0,0,0.6120269,0.38535494,0.0026181843
2253,1,1,0.46308595,0.53022224,0.0066918987
2254,1,2,0.0060076388,0.49473855,0.49925384
2255,0,0,0.76346374,0.23587711,0.0006591919
2256,0,0,0.835289,0.1644071,0.00030391445
2257,2,2,0.0029009674,0.4066026,0.5904964
2258,1,1,0.023486266,0.71145755,0.2650562
2259,2,2,3.9993494e-05,0.00047842687,0.99948156
2260,1,1,0.24166863,0.72750354,0.030827817
2261,0,0,0.9952207,0.004739306,3.999152e-05
2262,0,0,0.9869351,0.013023422,4.1470023e-05
2263,2,2,0.0004914942,0.20284398,0.79666454
2264,0,1,0.24403475,0.7222928,0.033672508
2265,0,0,0.9998826,7.7499164e-05,3.9990013e-05
2266,0,0,0.99937433,0.00058569916,3.9994095e-05
2267,0,0,0.98491436,0.015044093,4.158121e-05
2268,0,0,0.81057364,0.18906231,0.0003640766
2269,0,0,0.9972762,0.0026838684,3.9990733e-05
2270,0,0,0.9997243,0.00023573624,3.9986124e-05
2271,0,0,0.8989581,0.100855425,0.00018648128
2272,0,0,0.9888616,0.011097342,4.1019117e-05
2273,2,2,3.9991108e-05,0.0056647947,0.99429524
2274,0,0,0.9957041,0.004255902,3.998887e-05
2275,0,1,0.42567798,0.5657573,0.0085647665
2276,0,0,0.99782467,0.0021353909,3.9990693e-05
2277,1,1,0.24593277,0.7158249,0.03824234
2278,1,0,0.56270707,0.43394783,0.0033451272
2279,0,0,0.99969333,0.00026671955,3.9982442e-05
2280,0,0,0.67714316,0.32111815,0.0017386938
2281,0,0,0.99543214,0.0045278664,3.9995106e-05
2282,0,0,0.9994061,0.0005538984,3.9990475e-05
2283,0,0,0.99982905,0.0001310248,3.998787e-05
2284,0,0,0.83837104,0.16128406,0.0003448996
2285,0,1,0.36214483,0.62705994,0.01079522
2286,0,0,0.7696878,0.22942643,0.0008857573
2287,1,1,0.42963514,0.5625373,0.00782754
2288,2,2,0.005008242,0.49702275,0.4979691
2289,0,1,0.29804572,0.68002045,0.021933813
2290,0,0,0.9510489,0.048872974,7.8028e-05
2291,0,0,0.8735321,0.12627956,0.00018837054
2292,2,2,3.9985563e-05,0.01611535,0.98384464
2293,0,0,0.9998943,6.574429e-05,3.9990482e-05
2294,2,2,3.9991966e-05,0.007962633,0.99199736
2295,1,1,0.019114036,0.6768305,0.3040555
2296,2,1,0.11091553,0.7981381,0.09094636
2297,1,2,0.0022677756,0.39119065,0.6065416
2298,0,0,0.8884779,0.11131129,0.0002107876
2299,0,0,0.6929957,0.30597532,0.0010289804
2300,2,2,0.00090101373,0.28933686,0.7097621
2301,0,0,0.7796774,0.21969739,0.00062526966
2302,0,0,0.91968834,0.080178976,0.0001326628
2303,1,1,0.22913967,0.7405238,0.030336525
2304,1,1,0.10274033,0.79689884,0.10036087
2305,1,2,0.0013480914,0.31323272,0.6854192
2306,1,1,0.03100444,0.7386392,0.2303564
2307,1,1,0.08781643,0.78682226,0.12536137
2308,0,0,0.5898789,0.40774494,0.002376181
2309,0,0,0.98495847,0.014999961,4.1540916e-05
2310,0,0,0.98074263,0.01921328,4.4128716e-05
2311,0,0,0.99947965,0.00048037514,3.9993425e-05
2312,0,1,0.0708209,0.7903755,0.13880366
2313,0,0,0.7537734,0.24546304,0.00076357415
2314,1,1,0.19585887,0.76153433,0.04260681
2315,0,0,0.9694029,0.030539975,5.709397e-05
2316,0,1,0.0701516,0.76509196,0.16475642
2317,1,1,0.41556355,0.57666874,0.007767733
2318,1,1,0.09334325,0.8070495,0.09960725
2319,0,0,0.7520622,0.24715635,0.00078145054
2320,0,0,0.98816466,0.011785548,4.976215e-05
2321,2,2,3.9991693e-05,0.0015002501,0.99845976
2322,2,2,0.0037360922,0.47757918,0.51868474
2323,1,0,0.86233944,0.13739978,0.00026082396
2324,0,0,0.98719424,0.012765248,4.0558978e-05
2325,1,0,0.5901716,0.40708104,0.0027474025
2326,0,0,0.95060706,0.049313128,7.9834404e-05
2327,0,0,0.95133865,0.04859542,6.593897e-05
2328,0,0,0.71948576,0.27948713,0.001027084
2329,2,2,6.9503105e-05,0.04819632,0.9517342
2330,0,0,0.9911183,0.0088416645,3.9990977e-05
2331,0,0,0.93399376,0.065912925,9.336786e-05
2332,0,0,0.9136218,0.086226776,0.00015149388
2333,1,1,0.01776665,0.6885514,0.29368192
2334,0,0,0.99989086,6.915614e-05,3.9990347e-05
2335,1,1,0.20689058,0.7523575,0.04075197
2336,2,2,3.9989296e-05,0.0006445658,0.99931544
2337,0,0,0.8648811,0.13482703,0.00029179585
2338,2,2,4.7739748e-05,0.020595796,0.97935647
2339,0,1,0.20939113,0.7510769,0.03953202
2340,1,1,0.24589294,0.72480965,0.029297415
2341,0,0,0.9218383,0.078060925,0.00010081615
2342,1,1,0.49315828,0.5003576,0.0064840997
2343,1,0,0.5675712,0.42889965,0.0035291747
2344,1,0,0.684252,0.31450713,0.0012408798
2345,0,1,0.20987493,0.7481282,0.041996915
2346,0,0,0.98551255,0.014445181,4.2281234e-05
2347,1,2,0.00015467056,0.11590934,0.883936
2348,2,2,0.0004995299,0.23151527,0.7679852
2349,2,2,0.00034408618,0.19084941,0.80880654
2350,1,0,0.76621747,0.23313577,0.0006468033
2351,0,0,0.98861504,0.011344861,4.0110128e-05
2352,1,1,0.45388287,0.54009473,0.006022393
2353,1,1,0.008369449,0.5926471,0.39898348
2354,0,1,0.102968715,0.8042786,0.09275272
2355,1,1,0.01423924,0.6429341,0.34282666
2356,1,1,0.13634674,0.7919885,0.071664736
2357,0,0,0.85649776,0.14324796,0.00025424402
2358,1,1,0.16493496,0.7825469,0.0525181
2359,1,1,0.2520887,0.72094864,0.026962623
2360,0,0,0.97252613,0.02742536,4.8491253e-05
2361,2,2,0.0021057534,0.37532154,0.6225727
2362,1,1,0.028137363,0.7062476,0.265615
2363,1,1,0.4899255,0.5048512,0.005223271
2364,0,1,0.13545516,0.79217434,0.07237056
2365,0,0,0.99982655,0.00013351315,3.998777e-05
2366,0,0,0.6658047,0.3326602,0.001535119
2367,0,1,0.27964056,0.6978054,0.022553992
2368,1,1,0.076420076,0.8011506,0.12242934
2369,0,0,0.88030016,0.11946907,0.00023078998
2370,0,0,0.68300277,0.31519642,0.0018008606
2371,1,1,0.022456717,0.6877873,0.289756
2372,0,0,0.8992111,0.10063843,0.00015048856
2373,2,2,0.00016566027,0.11341178,0.8864226
2374,1,0,0.521688,0.47322902,0.005083028
2375,1,2,0.0001828596,0.12710842,0.87270874
2376,1,1,0.19780973,0.7576669,0.044523377
2377,0,0,0.99975204,0.00020801046,3.9984792e-05
2378,2,1,0.045381933,0.7812232,0.17339481
2379,0,0,0.94523597,0.054675363,8.8669694e-05
2380,0,1,0.168647,0.7740735,0.057279505
2381,1,1,0.036820337,0.7478037,0.21537596
2382,1,1,0.017070323,0.67646676,0.30646288
2383,1,1,0.017768174,0.68358666,0.2986452
2384,0,1,0.099278376,0.8019167,0.09880492
2385,0,1,0.41474286,0.5748387,0.010418481
2386,1,1,0.048786696,0.7705155,0.1806978
2387,0,0,0.9912222,0.008737683,4.0156658e-05
2388,1,1,0.107394464,0.7957396,0.09686594
2389,1,1,0.16777204,0.7775425,0.054685414
2390,2,2,0.0005211286,0.19420877,0.80527014
2391,1,1,0.2575301,0.714759,0.027710972
2392,0,0,0.99957997,0.0003800282,3.999011e-05
2393,0,0,0.9991948,0.00076521566,3.998936e-05
2394,0,0,0.9691489,0.030798545,5.2574782e-05
2395,0,0,0.8915334,0.10827771,0.00018895607
2396,1,2,0.00017633275,0.10770013,0.8921235
2397,2,2,5.772659e-05,0.046473842,0.95346844
2398,0,0,0.92061734,0.079228126,0.00015447279
2399,0,0,0.99428725,0.0056727836,3.999325e-05
2400,1,1,0.25292897,0.71706057,0.030010475
2401,1,1,0.057680972,0.7942348,0.14808424
2402,0,0,0.9998254,0.00013456978,3.9987724e-05
2403,0,0,0.9994737,0.0004863275,3.9990744e-05
2404,0,0,0.91645473,0.083402336,0.00014291338
2405,1,0,0.61162674,0.38568196,0.0026912119
2406,0,0,0.823801,0.17575537,0.00044366997
2407,1,1,0.302679,0.67814475,0.019176215
2408,0,0,0.60740906,0.38958004,0.0030109547
2409,2,1,0.006662516,0.53785294,0.45548457
2410,0,0,0.8038498,0.19539183,0.0007582385
2411,0,0,0.94586194,0.054027766,0.00011021573
2412,0,0,0.880064,0.11971132,0.00022469365
2413,0,0,0.9992689,0.0006911096,3.9987433e-05
2414,0,0,0.903778,0.096082956,0.0001389923
2415,1,2,0.0015547681,0.37259334,0.6258519
2416,0,0,0.8232398,0.176161,0.0005992296
2417,0,0,0.9998681,9.1965056e-05,3.9989434e-05
2418,1,2,0.0034763091,0.43755263,0.55897105
2419,0,0,0.68882287,0.31005305,0.0011241259
2420,0,1,0.4828801,0.5115621,0.00555779
2421,2,1,0.006285427,0.5140219,0.4796927
2422,1,0,0.8500173,0.1497046,0.00027808786
2423,0,0,0.99050844,0.009451617,3.9993458e-05
2424,1,1,0.022604726,0.66238034,0.31501496
2425,1,1,0.069423705,0.78100896,0.14956734
2426,1,1,0.012309286,0.6076225,0.38006818
2427,0,1,0.22257917,0.7466338,0.03078699
2428,0,0,0.71491015,0.28379565,0.0012941977
2429,0,0,0.98957855,0.01038058,4.0876883e-05
2430,1,1,0.024399003,0.68898124,0.2866198
2431,0,0,0.78957015,0.20996705,0.00046278478
2432,1,1,0.093942374,0.78950757,0.11655009
2433,1,1,0.2770213,0.6973249,0.025653815
2434,0,0,0.99855655,0.0014034233,3.9990686e-05
2435,0,0,0.9688919,0.031058088,5.000322e-05
2436,0,0,0.98945093,0.010508071,4.103572e-05
2437,0,0,0.9852178,0.014738951,4.3210104e-05
2438,0,0,0.5084149,0.4874188,0.004166325
2439,1,1,0.010915507,0.60087746,0.38820702
2440,2,2,6.0503357e-05,0.048318435,0.95162106
2441,0,0,0.9284308,0.07146491,0.00010429827
2442,2,1,0.08421065,0.7950194,0.12076999
2443,0,0,0.9906119,0.009347947,4.0164094e-05
2444,0,0,0.51350784,0.4821329,0.0043592546
2445,0,0,0.9755649,0.024389056,4.6062803e-05
2446,2,2,0.002062914,0.39548707,0.6024501
2447,1,0,0.9940612,0.005898849,3.999398e-05
2448,1,1,0.009658659,0.5971643,0.39317706
2449,1,0,0.8947036,0.10514718,0.00014920389
2450,1,1,0.07647531,0.7907749,0.13274981
2451,1,1,0.23926266,0.726461,0.03427637
2452,1,1,0.06336767,0.7842996,0.15233275
2453,2,1,0.015304927,0.6777038,0.30699128
2454,2,1,0.0054803044,0.51135945,0.48316023
2455,1,1,0.2046952,0.7526798,0.042625003
2456,0,0,0.5805489,0.41653687,0.0029142306
2457,2,1,0.023234429,0.6989458,0.27781975
2458,0,1,0.06561392,0.7866825,0.14770362
2459,1,1,0.31455567,0.6671989,0.018245481
2460,1,0,0.7678893,0.23127747,0.00083320943
2461,2,2,6.3441694e-05,0.052354183,0.94758236
2462,0,0,0.6674026,0.33104396,0.0015534925
2463,0,0,0.54778343,0.4487328,0.0034837795
2464,1,1,0.059297934,0.78374743,0.15695465
2465,1,0,0.6583136,0.3400221,0.0016643686
2466,1,1,0.092940085,0.78972185,0.11733809
2467,0,0,0.92883766,0.07106359,9.8744335e-05
2468,2,2,3.998867e-05,0.0012708206,0.9986892
2469,0,1,0.19807237,0.7603673,0.041560385
2470,0,0,0.775316,0.22405715,0.00062686246
2471,1,1,0.1674141,0.7734041,0.05918178
2472,0,0,0.9969694,0.002990596,3.9995568e-05
2473,0,0,0.7178632,0.28115356,0.000983243
2474,0,0,0.9468098,0.05311444,7.578414e-05
2475,0,0,0.8057852,0.19381791,0.00039693766
2476,0,0,0.9324118,0.06746909,0.00011914188
2477,1,1,0.005928318,0.5260692,0.46800244
2478,1,1,0.058000747,0.7895656,0.15243363
2479,0,0,0.83030784,0.16930899,0.00038319113
2480,0,0,0.9809869,0.018962268,5.0871036e-05
2481,0,0,0.95641506,0.04350435,8.061064e-05
2482,1,0,0.77263695,0.22678801,0.0005750798
2483,2,2,0.0004895772,0.21973649,0.77977395
2484,1,1,0.0408197,0.7652939,0.19388646
2485,0,0,0.9974031,0.0025569673,3.9993374e-05
2486,1,1,0.17510827,0.76922685,0.055664916
2487,1,1,0.009007398,0.58309186,0.40790078
2488,2,1,0.015103421,0.6432736,0.34162298
2489,2,2,0.0005242167,0.20946756,0.79000825
2490,2,1,0.05803489,0.76381534,0.17814977
2491,1,1,0.11345784,0.8014711,0.08507106
2492,0,0,0.9998654,9.465398e-05,3.9989325e-05
2493,1,0,0.53098345,0.4653349,0.0036817028
2494,0,0,0.93648684,0.06340586,0.00010730807
2495,1,0,0.7537198,0.24520807,0.0010721018
2496,0,0,0.8288708,0.17076373,0.00036549667
2497,0,0,0.9191761,0.080682226,0.00014162545
2498,0,0,0.91410303,0.08577412,0.00012284392
2499,0,0,0.9951347,0.004825214,3.999541e-05
2500,0,0,0.7910062,0.2084018,0.00059201696
2501,1,1,0.40139756,0.587906,0.010696437
2502,0,0,0.99869895,0.0012611048,3.9993945e-05
2503,2,2,0.0012981414,0.33859596,0.66010594
2504,0,1,0.43568203,0.5563427,0.007975267
2505,1,1,0.46983588,0.5229646,0.007199522
2506,1,0,0.5422997,0.45410123,0.0035991336
2507,0,0,0.99268883,0.0072709247,4.0226223e-05
2508,0,0,0.8830022,0.11681442,0.00018336077
2509,0,0,0.7108078,0.28778064,0.001411582
2510,1,1,0.08500592,0.7910705,0.12392359
2511,0,0,0.5395544,0.45609573,0.004349776
2512,1,1,0.45555744,0.5370638,0.0073788334
2513,0,0,0.7159522,0.28311953,0.0009282563
2514,1,1,0.36054215,0.62500864,0.014449179
2515,1,0,0.63185036,0.3657627,0.00238701
2516,1,1,0.22434708,0.7409534,0.03469956
2517,1,1,0.40701923,0.5819346,0.011046197
2518,1,1,0.014751713,0.64792144,0.33732682
2519,0,1,0.34300593,0.639438,0.017556122
2520,0,0,0.96058524,0.039354723,6.007112e-05
2521,0,0,0.9837049,0.016253522,4.154195e-05
2522,1,0,0.61954594,0.37837252,0.0020815562
2523,1,1,0.01456346,0.62402,0.36141655
2524,0,0,0.88952094,0.11028204,0.00019702016
2525,1,0,0.53307396,0.46291494,0.0040110997
2526,1,1,0.31316668,0.6688084,0.018024936
2527,1,1,0.031827368,0.74131256,0.22686006
2528,0,0,0.9994227,0.000537257,3.999359e-05
2529,1,2,0.0013270299,0.33118019,0.6674928
2530,0,0,0.6558761,0.3424961,0.0016278104
2531,2,2,0.00040096598,0.1743474,0.8252517
2532,0,1,0.3703788,0.6180757,0.011545485
2533,2,1,0.046611425,0.7686677,0.18472093
2534,2,1,0.088914104,0.79731464,0.11377123
2535,0,0,0.99731416,0.0026458828,3.9989813e-05
2536,0,0,0.5536729,0.4430862,0.0032408591
2537,0,0,0.9984398,0.0015202134,3.9993334e-05
2538,0,0,0.9735706,0.026383203,4.622944e-05
2539,0,0,0.96561396,0.034319565,6.6478955e-05
2540,1,0,0.5745804,0.4221464,0.00327323
2541,2,2,3.9986277e-05,0.008226105,0.9917339
2542,2,2,0.0010490159,0.32073566,0.6782154
2543,1,1,0.027506562,0.7227938,0.24969962
2544,0,0,0.99964386,0.0003161967,3.9985345e-05
2545,0,1,0.38105294,0.60683113,0.012115954
2546,1,1,0.011492081,0.61972123,0.36878666
2547,0,0,0.9281497,0.07174928,0.00010108192
2548,0,0,0.99976814,0.00019189616,3.998544e-05
2549,1,1,0.20128798,0.758705,0.040006965
2550,1,0,0.86038035,0.13925976,0.00035991633
2551,1,0,0.8636137,0.13612545,0.00026082067
2552,2,2,3.999073e-05,0.0023786877,0.99758136
2553,1,1,0.0075807148,0.55766225,0.43475705
2554,0,0,0.86474353,0.1349868,0.00026972592
2555,2,1,0.007160672,0.5453695,0.44746983
2556,2,1,0.008819632,0.56601375,0.42516664
2557,1,1,0.027232487,0.71725965,0.25550786
2558,2,1,0.15072787,0.7833921,0.065880075
2559,0,0,0.8062641,0.19325009,0.0004858607
2560,1,1,0.10970812,0.7969788,0.09331308
2561,0,0,0.9982871,0.0016729514,3.999455e-05
2562,1,1,0.13165587,0.78029114,0.08805296
2563,2,2,3.9995022e-05,0.004407972,0.995552
2564,0,0,0.9805938,0.019355427,5.0769522e-05
2565,1,1,0.024754608,0.70059,0.27465537
2566,2,2,0.0033118206,0.4686211,0.5280671
2567,0,0,0.9979216,0.0020384332,3.999213e-05
2568,1,0,0.92801565,0.071880616,0.00010368819
2569,0,0,0.7133936,0.28525633,0.001350104
2570,1,1,0.034705896,0.7331023,0.23219183
2571,2,2,0.0022720837,0.40577674,0.5919512
2572,0,1,0.29352108,0.68346685,0.0230121
2573,0,0,0.7984077,0.2011436,0.000448676
2574,1,0,0.6522848,0.34609932,0.0016158834
2575,0,0,0.9995521,0.0004079549,3.999388e-05
2576,0,0,0.7897819,0.20953332,0.0006848259
2577,1,1,0.10397432,0.794629,0.101396695
2578,0,1,0.24894431,0.72350246,0.02755323
2579,2,2,3.9989587e-05,0.0032006353,0.9967594
2580,2,2,3.9988907e-05,0.00059315143,0.9993669
2581,1,1,0.1564232,0.790964,0.05261279
2582,1,1,0.08519702,0.7984437,0.11635932
2583,2,1,0.05714074,0.7865123,0.156347
2584,1,0,0.93716323,0.06275065,8.614815e-05
2585,0,0,0.64682627,0.35140184,0.0017719321
2586,0,1,0.14296518,0.7933614,0.063673325
2587,0,0,0.94453317,0.055391014,7.582407e-05
2588,2,1,0.020400668,0.66735023,0.31224915
2589,0,0,0.91173625,0.08813569,0.0001280581
2590,2,2,3.9988154e-05,0.0018325597,0.99812746
2591,0,0,0.99957454,0.0003854433,3.9992337e-05
2592,0,0,0.5612595,0.43570018,0.0030403023
2593,1,2,0.0035148691,0.44996306,0.5465221
2594,1,1,0.0052048685,0.53594035,0.45885482
2595,2,2,4.1016425e-05,0.015802862,0.98415613
2596,0,0,0.79860014,0.20087034,0.00052952295
2597,1,1,0.23187739,0.7321443,0.03597835
2598,1,1,0.102382995,0.80264276,0.094974265
2599,1,1,0.40725482,0.5833781,0.009367144
2600,1,1,0.15501101,0.78556854,0.059420478
2601,0,0,0.8599334,0.13977113,0.00029540274
2602,0,0,0.98737097,0.012588793,4.027553e-05
2603,1,1,0.252739,0.7168799,0.030381069
2604,1,2,0.00023865802,0.15197834,0.847783
2605,0,0,0.96838707,0.031549677,6.327525e-05
2606,0,0,0.99628854,0.0036714824,3.9990286e-05
2607,1,1,0.39804566,0.5910911,0.010863224
2608,0,0,0.9979735,0.0019865008,3.999422e-05
2609,1,1,0.14951342,0.7807424,0.06974416
2610,0,0,0.99970615,0.00025394303,3.9982955e-05
2611,0,0,0.7550082,0.24430454,0.00068724935
2612,2,1,0.024108257,0.69549096,0.28040078
2613,0,0,0.99807495,0.0018849741,3.9995834e-05
2614,2,2,4.111359e-05,0.010789594,0.9891693
2615,0,0,0.9862115,0.013747532,4.1010677e-05
2616,0,0,0.8883463,0.11147836,0.00017535446
2617,1,1,0.3295207,0.6530008,0.0174785
2618,2,1,0.30081648,0.6786027,0.020580852
2619,0,0,0.9986368,0.001323242,3.9991457e-05
2620,0,0,0.8310207,0.16859159,0.00038768759
2621,0,0,0.78563756,0.21371397,0.00064850395
2622,1,1,0.22678635,0.7349211,0.038292583
2623,2,2,0.0009983458,0.28266352,0.7163381
2624,0,1,0.45665705,0.5350852,0.008257767
2625,1,1,0.035070453,0.7424932,0.22243632
2626,0,0,0.77681947,0.22259867,0.00058190944
2627,2,1,0.011218743,0.5993538,0.38942748
2628,0,0,0.9859575,0.0140018035,4.0704792e-05
2629,1,1,0.19120912,0.75972444,0.04906649
2630,0,0,0.83494663,0.16468412,0.00036925683
2631,1,1,0.1656726,0.77748793,0.056839477
2632,0,0,0.97462654,0.025326028,4.7445854e-05
2633,0,0,0.9996181,0.00034187298,3.99892e-05
2634,0,1,0.31285608,0.66770303,0.019440923
2635,0,0,0.99987686,8.316025e-05,3.9989784e-05
2636,0,0,0.91433436,0.08543837,0.00022726173
2637,0,0,0.64423835,0.3538593,0.0019024055
2638,0,0,0.540829,0.455921,0.0032499959
2639,2,2,0.0018182438,0.36255577,0.635626
2640,0,0,0.863577,0.13620996,0.00021302834
2641,1,1,0.38425335,0.60487664,0.010870038
2642,1,1,0.16531557,0.78295386,0.05173059
2643,1,2,0.004869141,0.46116462,0.53396624
2644,0,0,0.99794596,0.0020140512,3.998822e-05
2645,1,2,0.00023804355,0.1613195,0.83844244
2646,0,1,0.07203165,0.7973696,0.13059878
2647,0,0,0.9945666,0.005393375,3.9992203e-05
2648,2,2,4.4328197e-05,0.02106906,0.9788866
2649,1,1,0.15642892,0.7869087,0.05666237
2650,1,0,0.9527255,0.04711821,0.00015626836
2651,2,2,0.0013845125,0.32701325,0.6716022
2652,1,1,0.41909093,0.571197,0.009712152
2653,1,2,0.0014855937,0.3255119,0.67300254
2654,0,0,0.98084813,0.01910735,4.451977e-05
2655,1,1,0.024132341,0.7152323,0.26063538
2656,1,1,0.11059561,0.80078095,0.08862344
2657,0,0,0.82527745,0.1744123,0.00031021843
2658,0,0,0.94380325,0.056119204,7.752251e-05
2659,1,1,0.020651765,0.68001676,0.29933152
2660,0,1,0.43907467,0.55318,0.0077453908
2661,1,1,0.1326732,0.795786,0.07154077
2662,1,0,0.76674604,0.23254652,0.00070748443
2663,0,0,0.986193,0.013765367,4.160581e-05
2664,1,0,0.61708856,0.3803535,0.0025579608
2665,0,0,0.6987874,0.29998982,0.0012227887
2666,2,2,0.00041742795,0.19394767,0.8056349
2667,1,0,0.73477274,0.26390642,0.0013209155
2668,0,0,0.80046237,0.19904684,0.0004907763
2669,1,0,0.543785,0.45230442,0.003910623
2670,0,0,0.9892211,0.010738926,3.999323e-05
2671,0,0,0.98397565,0.015982084,4.2243253e-05
2672,0,0,0.9887187,0.011239307,4.2029093e-05
2673,0,0,0.98967314,0.010286564,4.0289833e-05
2674,0,0,0.98928285,0.010671238,4.5924506e-05
2675,1,1,0.43481076,0.55531704,0.009872192
2676,1,1,0.23690748,0.73377323,0.029319271
2677,0,0,0.7853374,0.21385016,0.0008124689
2678,1,1,0.33977872,0.64422244,0.01599893
2679,1,1,0.2038434,0.7542817,0.04187491
2680,1,1,0.21617252,0.74287677,0.040950723
2681,2,2,0.00066019327,0.24122283,0.75811696
2682,1,1,0.3974951,0.5910235,0.011481463
2683,1,1,0.04373478,0.7500478,0.20621745
2684,0,0,0.80079013,0.19873336,0.00047649269
2685,0,0,0.99602586,0.0039341827,3.999444e-05
2686,1,1,0.09292701,0.8016482,0.105424784
2687,0,1,0.21871889,0.7415203,0.03976082
2688,1,1,0.09498985,0.8001401,0.10487008
2689,0,0,0.6972758,0.3016121,0.0011120525
2690,0,0,0.93505335,0.06486488,8.179936e-05
2691,0,0,0.94242036,0.05748921,9.043778e-05
2692,0,0,0.9895541,0.01040592,3.999189e-05
2693,0,0,0.99902564,0.0009343516,3.9992374e-05
2694,0,0,0.9981861,0.0017738941,3.999295e-05
2695,2,2,0.00023886797,0.13450094,0.8652602
2696,1,2,0.0035022174,0.45386368,0.5426341
2697,0,0,0.9919003,0.008059652,3.999051e-05
2698,1,2,0.0003335745,0.20011678,0.79954964
2699,2,1,0.0130201215,0.64181125,0.34516865
2700,1,1,0.024425887,0.703129,0.27244514
2701,0,0,0.9828736,0.017085342,4.106358e-05
2702,1,1,0.15955976,0.78124726,0.05919302
2703,1,1,0.01806242,0.64730144,0.33463615
2704,2,2,6.9734764e-05,0.05789003,0.94204026
2705,1,1,0.01357989,0.6369641,0.349456
2706,1,1,0.029515121,0.72988826,0.24059659
2707,1,1,0.021764047,0.6675789,0.31065708
2708,1,1,0.041403875,0.76371515,0.194881
2709,2,2,0.00016971087,0.12843156,0.87139875
2710,0,0,0.98789835,0.01206167,4.0016395e-05
2711,1,0,0.71236277,0.28660503,0.001032229
2712,1,1,0.025099073,0.7133349,0.26156595
2713,0,0,0.89825916,0.10158652,0.00015429177
2714,0,0,0.99979174,0.0001682421,3.9986382e-05
2715,0,0,0.949189,0.050738186,7.286006e-05
2716,0,1,0.29324272,0.6829248,0.023832517
2717,0,0,0.9821248,0.01783273,4.2481162e-05
2718,1,1,0.05799336,0.78319305,0.1588136
2719,0,0,0.9728891,0.027061062,4.983267e-05
2720,1,1,0.0073161563,0.5668645,0.42581934
2721,1,0,0.5109691,0.4847867,0.0042442186
2722,1,1,0.13224214,0.8004733,0.067284614
2723,2,2,4.1488904e-05,0.02152076,0.9784378
2724,0,0,0.97014195,0.029799916,5.808771e-05
2725,2,2,4.762429e-05,0.031960536,0.9679918
2726,0,0,0.5779217,0.41893366,0.0031446612
2727,0,0,0.94989103,0.0500416,6.735306e-05
2728,0,0,0.54362714,0.45265812,0.003714721
2729,1,1,0.017005512,0.65083265,0.3321619
2730,1,1,0.057236843,0.79383504,0.14892817
2731,1,1,0.10213281,0.8062006,0.09166658
2732,1,2,0.0045144516,0.46905908,0.5264265
2733,1,1,0.3177721,0.6659991,0.01622874
2734,0,0,0.563978,0.4326895,0.0033324845
2735,0,0,0.95692635,0.04300589,6.778381e-05
2736,0,0,0.9123949,0.08746737,0.00013780546
2737,1,2,0.00037745223,0.19352882,0.80609375
2738,2,2,5.9540238e-05,0.036330514,0.96360993
2739,0,0,0.99921983,0.0007401443,3.9992807e-05
2740,0,0,0.9977957,0.0021643005,3.9987088e-05
2741,0,0,0.920249,0.079630345,0.00012072019
2742,0,0,0.57500094,0.42191222,0.0030868696
2743,2,1,0.020011917,0.7029423,0.27704582
2744,0,0,0.99306244,0.0068975915,3.9995542e-05
2745,1,1,0.00736186,0.51983136,0.47280675
2746,2,1,0.011496982,0.6141248,0.37437832
2747,0,0,0.99941653,0.00054346496,3.9990897e-05
2748,0,0,0.98753947,0.012419851,4.0652376e-05
2749,0,0,0.9551771,0.044756208,6.667981e-05
2750,1,1,0.08732167,0.7998962,0.11278217
2751,1,1,0.12625696,0.79385966,0.07988338
2752,0,0,0.95449036,0.045432292,7.739561e-05
2753,1,1,0.01385567,0.6554986,0.33064574
2754,0,0,0.8600186,0.13962686,0.0003545442
2755,2,2,0.004016064,0.45995426,0.5360297
2756,0,0,0.9998191,0.00014096843,3.9987473e-05
2757,2,2,3.9991945e-05,0.0007617578,0.99919826
2758,0,0,0.9994936,0.00046639226,3.9991537e-05
2759,1,1,0.23844463,0.73143303,0.03012234
2760,1,1,0.040248156,0.7378968,0.22185504
2761,0,0,0.89154226,0.108291335,0.00016644459
2762,1,2,0.0037839143,0.46029872,0.5359174
2763,0,0,0.7133069,0.28567034,0.0010227317
2764,1,0,0.54253054,0.45290697,0.0045625237
2765,0,1,0.3023752,0.6774335,0.02019132
2766,1,0,0.9019327,0.097873345,0.0001939483
2767,0,0,0.8106894,0.18892343,0.00038722955
2768,0,1,0.44802278,0.5439412,0.008036098
2769,1,1,0.016754914,0.6469526,0.33629242
2770,0,0,0.9108041,0.08903789,0.00015802919
2771,1,1,0.15158042,0.78081965,0.06759989
2772,1,1,0.06364851,0.791745,0.1446065
2773,0,0,0.7818301,0.21741536,0.0007545773
2774,1,1,0.047761995,0.7604109,0.19182715
2775,0,0,0.99895686,0.0010031825,3.9994506e-05
2776,0,0,0.67346424,0.32507747,0.0014583042
2777,2,2,0.0028765781,0.41898465,0.57813877
2778,1,1,0.38059378,0.60885346,0.010552818
2779,0,0,0.6320126,0.36611187,0.0018755869
2780,1,1,0.09301293,0.7975156,0.109471485
2781,1,1,0.007439202,0.5628715,0.4296893
2782,1,1,0.41272885,0.57770395,0.009567209
2783,1,1,0.4060743,0.5846654,0.0092603285
2784,2,1,0.25338426,0.71911174,0.027504023
2785,0,1,0.026571367,0.68793315,0.28549552
2786,1,2,0.0013198935,0.3164967,0.6821834
2787,0,0,0.9974173,0.0025427733,3.9991486e-05
2788,0,0,0.78264296,0.21676508,0.000591979
2789,0,0,0.5965822,0.40059122,0.002826582
2790,1,1,0.1347002,0.79171175,0.07358811
2791,0,0,0.99908596,0.00087405107,3.999234e-05
2792,0,0,0.82783896,0.1717656,0.00039549274
2793,2,2,0.00036470988,0.17755286,0.8220824
2794,2,2,0.00029660258,0.17004752,0.8296559
2795,0,1,0.27028793,0.70544654,0.024265535
2796,2,2,0.0029345516,0.45486647,0.542199
2797,0,0,0.99133015,0.008629811,3.999706e-05
2798,0,1,0.41772443,0.5741706,0.008104964
2799,1,0,0.7747353,0.22445805,0.0008066989
2800,0,0,0.98332673,0.016630795,4.248745e-05
2801,0,0,0.9998284,0.00013167302,3.9987845e-05
2802,0,0,0.9956001,0.004359918,3.9992046e-05
2803,2,2,0.0009662312,0.30383897,0.6951948
2804,0,0,0.66427463,0.33388,0.0018453117
2805,0,0,0.8268587,0.17275058,0.0003907513
2806,1,1,0.122074105,0.79252994,0.085396014
2807,0,1,0.006037914,0.50632024,0.48764184
2808,0,0,0.9993456,0.000614394,3.9990504e-05
2809,1,1,0.07014805,0.7879927,0.14185926
2810,1,1,0.051281314,0.7786284,0.17009026
2811,0,0,0.5533465,0.4425621,0.0040913844
2812,1,1,0.010842954,0.609472,0.379685
2813,0,0,0.82905126,0.17055207,0.000396674
2814,1,2,0.00036013487,0.19300786,0.80663204
2815,1,1,0.24453421,0.7210593,0.03440646
2816,1,0,0.76107156,0.23822403,0.0007044336
2817,1,1,0.01211403,0.6206268,0.3672592
2818,2,1,0.02297507,0.69216454,0.28486037
2819,2,1,0.014185786,0.6472019,0.3386123
2820,1,0,0.73490447,0.2641454,0.0009501545
2821,1,1,0.01140135,0.6002884,0.38831028
2822,2,2,0.0033502348,0.46091536,0.5357344
2823,0,0,0.5694139,0.42688102,0.0037050568
2824,0,1,0.4682252,0.52360547,0.00816938
2825,1,1,0.051849987,0.77485156,0.17329854
2826,2,1,0.021102516,0.6816296,0.29726794
2827,0,0,0.9996668,0.0002932697,3.9983825e-05
2828,0,0,0.9511974,0.04872802,7.460373e-05
2829,0,0,0.9499428,0.049858265,0.00019895956
2830,0,0,0.8680442,0.13167553,0.00028027338
2831,2,2,4.0416977e-05,0.011799136,0.9881605
2832,0,1,0.3258329,0.6588665,0.015300599
2833,0,1,0.31237194,0.6696694,0.017958656
2834,0,1,0.104701355,0.79158914,0.10370949
2835,0,0,0.99561554,0.0043444913,3.9990216e-05
2836,2,1,0.013724491,0.63993907,0.34633648
2837,0,0,0.7430799,0.25614065,0.0007794786
2838,0,0,0.9978001,0.0021599561,3.999216e-05
2839,0,0,0.9026911,0.09714343,0.00016543333
2840,0,0,0.99980396,0.0001561172,3.998687e-05
2841,0,0,0.9998615,9.853478e-05,3.998917e-05
2842,2,2,0.0003575906,0.1675909,0.8320515
2843,0,0,0.8834494,0.11635181,0.00019884632
2844,2,2,5.793538e-05,0.03925125,0.96069086
2845,0,0,0.9753167,0.024638757,4.4538076e-05
2846,1,1,0.3344498,0.6488201,0.016730104
2847,1,2,0.0017112537,0.36911803,0.6291707
2848,2,1,0.047369115,0.7731632,0.1794677
2849,1,1,0.3159159,0.6680845,0.015999613
2850,1,1,0.351869,0.6346519,0.013479132
2851,1,2,0.0016121904,0.3456754,0.6527124
2852,1,1,0.21291827,0.7481607,0.03892107
2853,0,0,0.9550496,0.04488072,6.969408e-05
2854,1,1,0.20771466,0.75366014,0.038625214
2855,2,2,0.0050546722,0.49383822,0.5011071
2856,1,1,0.37708622,0.6101265,0.012787283
2857,1,0,0.61410046,0.38333845,0.0025611657
2858,0,0,0.98933536,0.010624648,3.999045e-05
2859,0,0,0.98766685,0.012291756,4.1454732e-05
2860,0,1,0.39008754,0.59913945,0.010773004
2861,2,2,0.00013167874,0.09524943,0.90461886
2862,2,1,0.007481909,0.54870105,0.443817
2863,0,0,0.9985392,0.001420792,3.9992436e-05
2864,0,0,0.95154774,0.04837957,7.261699e-05
2865,2,2,0.00021139224,0.13172457,0.86806405
2866,1,1,0.031878166,0.7250727,0.24304914
2867,2,2,0.00097532634,0.2541117,0.744913
2868,0,0,0.78689027,0.21256144,0.00054833863
2869,1,0,0.57529074,0.42154968,0.0031595884
2870,0,0,0.91761976,0.08226146,0.00011876586
2871,2,2,3.9995e-05,0.000868737,0.99909127
2872,0,0,0.69871163,0.29995346,0.0013349177
2873,0,0,0.9728627,0.027090814,4.6482106e-05
2874,0,0,0.97844326,0.021507654,4.9111623e-05
2875,2,2,0.0012255162,0.28945795,0.70931655
2876,0,0,0.88614315,0.11361916,0.00023769044
2877,1,1,0.3095911,0.67258793,0.017820915
2878,2,1,0.014948131,0.65053797,0.3345139
2879,1,1,0.0165591,0.6652701,0.3181708
2880,2,1,0.04103837,0.7547301,0.2042315
2881,0,0,0.7011078,0.29754764,0.0013445711
2882,0,0,0.76858103,0.23078044,0.0006385265
2883,1,1,0.4072868,0.58119094,0.011522276
2884,0,0,0.99944717,0.0005128325,3.998968e-05
2885,0,0,0.9016808,0.098107085,0.00021205867
2886,2,1,0.15129499,0.773217,0.075488016
2887,2,2,3.9991653e-05,0.0018673835,0.99809265
2888,0,0,0.7529412,0.24633572,0.0007231171
2889,1,1,0.05529526,0.77584374,0.168861
2890,0,0,0.97819614,0.021760836,4.3026765e-05
2891,1,1,0.2584173,0.71242434,0.029158402
2892,1,1,0.33116192,0.6505967,0.018241381
2893,0,0,0.9917537,0.008206242,4.006897e-05
2894,2,2,5.4900553e-05,0.041578062,0.95836705
2895,1,2,0.0009387625,0.28490844,0.7141528
2896,0,0,0.99537003,0.0045898943,3.9995062e-05
2897,0,0,0.50820094,0.48674434,0.0050547924
2898,1,1,0.40861768,0.58156866,0.009813725
2899,0,0,0.5583515,0.4389348,0.002713685
2900,2,2,0.0031026066,0.44498378,0.5519136
2901,1,1,0.030008715,0.7212986,0.24869268
2902,2,1,0.007023917,0.5344651,0.45851102
2903,1,0,0.7898053,0.20967062,0.00052399497
2904,1,1,0.018790128,0.6684828,0.3127271
2905,1,1,0.14901315,0.7838701,0.06711675
2906,0,0,0.99866176,0.0012982574,3.9994895e-05
2907,1,2,0.0015979358,0.35652143,0.64188063
2908,0,0,0.99920934,0.00075068936,3.998994e-05
2909,0,0,0.99985737,0.00010266897,3.9989005e-05
2910,2,2,0.0018725706,0.3691858,0.62894166
2911,0,1,0.3882125,0.6014552,0.010332303
2912,2,1,0.057865098,0.78352576,0.15860912
2913,1,1,0.35442212,0.6325558,0.013022145
2914,2,2,4.5682464e-05,0.034534857,0.9654194
2915,1,1,0.16279249,0.77506447,0.062143072
2916,2,1,0.059303965,0.7678398,0.17285615
2917,1,1,0.052667454,0.7834668,0.16386577
2918,2,1,0.10025188,0.79468346,0.10506466
2919,0,1,0.25914678,0.71662605,0.02422721
2920,1,1,0.049712118,0.7738522,0.17643565
2921,2,2,3.999248e-05,0.003738623,0.99622136
2922,0,0,0.7608685,0.23849265,0.0006389239
2923,0,1,0.1977303,0.7608901,0.04137958
2924,1,1,0.21337336,0.7487827,0.03784395
2925,2,2,0.0012900652,0.33373618,0.66497374
2926,0,0,0.92687064,0.07300953,0.00011986312
2927,0,0,0.88710356,0.11269601,0.00020045643
2928,1,1,0.30309764,0.675281,0.02162142
2929,1,1,0.07045854,0.7961147,0.1334268
2930,0,0,0.9446774,0.055251017,7.1562055e-05
2931,0,1,0.37677044,0.6115774,0.0116521865
2932,0,1,0.1499834,0.78781146,0.062205166
2933,1,1,0.3746004,0.612301,0.013098596
2934,0,0,0.9970534,0.0029065954,3.9989132e-05
2935,1,1,0.028649688,0.7066482,0.26470217
2936,1,1,0.31663603,0.66702044,0.016343553
2937,1,0,0.9617424,0.038203124,5.452837e-05
2938,0,0,0.9988532,0.0011067953,3.999035e-05
2939,0,0,0.83171797,0.16795199,0.0003300844
2940,0,0,0.921302,0.07859333,0.00010467449
2941,2,2,3.998518e-05,0.0011749518,0.9987851
2942,1,2,0.0036339404,0.4477141,0.548652
2943,0,0,0.83077866,0.16886243,0.0003589216
2944,0,0,0.99930215,0.0006578462,3.9993654e-05
2945,0,0,0.6526581,0.34567526,0.0016666672
2946,2,2,0.00033467996,0.18261424,0.81705105
2947,1,1,0.021298083,0.68599457,0.2927074
2948,2,2,0.0004028152,0.18903069,0.8105665
2949,1,1,0.29588616,0.6827123,0.021401558
2950,1,1,0.018623875,0.6684718,0.31290433
2951,1,1,0.038600713,0.76428646,0.19711287
2952,1,1,0.028602889,0.7104641,0.26093295
2953,0,0,0.9579905,0.04194253,6.688512e-05
2954,0,0,0.91932523,0.08055048,0.00012429657
2955,0,0,0.8269345,0.17260118,0.0004643601
2956,0,1,0.0141342925,0.6340086,0.35185713
2957,1,1,0.2762695,0.7007082,0.023022331
2958,2,2,0.0006151917,0.24229385,0.7570909
2959,1,1,0.09788044,0.79256034,0.10955922
2960,2,2,0.0028596367,0.40744853,0.5896919
2961,1,1,0.08281623,0.7956977,0.12148611
2962,0,0,0.9914109,0.0085491445,3.9990453e-05
2963,1,1,0.076944694,0.7927428,0.13031252
2964,1,1,0.21085015,0.7487359,0.04041397
2965,1,1,0.11973837,0.79938346,0.08087809
2966,1,1,0.11541021,0.79584956,0.088740215
2967,0,0,0.76434016,0.23499858,0.00066125137
2968,2,1,0.007965723,0.5653944,0.4266399
2969,0,0,0.8907229,0.10910541,0.00017176903
2970,0,0,0.90459967,0.09525215,0.00014813874
2971,2,1,0.34102422,0.64395297,0.015022836
2972,0,0,0.7539479,0.24518141,0.00087067805
2973,0,0,0.80196726,0.19739428,0.0006384601
2974,1,0,0.545619,0.45010337,0.004277629
2975,1,1,0.30925477,0.66630906,0.024436183
2976,0,0,0.82462084,0.17489557,0.0004836049
2977,2,2,3.998952e-05,0.003202092,0.99675786
2978,0,0,0.99986625,9.381946e-05,3.998936e-05
2979,1,1,0.1802294,0.7671186,0.05265204
2980,0,1,0.25643012,0.71598077,0.027589155
2981,1,1,0.16861302,0.7796202,0.051766835
2982,1,0,0.53849477,0.45726156,0.0042436887
2983,0,0,0.9717544,0.02819112,5.4483018e-05
2984,2,1,0.0100165475,0.5704464,0.4195371
2985,0,0,0.57180095,0.42489886,0.0033002135
2986,1,1,0.03746017,0.73924816,0.22329172
2987,0,0,0.937535,0.062376697,8.833607e-05
2988,1,1,0.17524639,0.7671386,0.057615045
2989,1,1,0.037778668,0.747865,0.21435632
2990,0,1,0.31500888,0.6685314,0.016459787
2991,0,0,0.9998691,9.096676e-05,3.9989474e-05
2992,0,0,0.9312171,0.06868714,9.582981e-05
2993,2,2,0.0002754525,0.16554567,0.83417886
2994,0,0,0.9985241,0.001435904,3.999183e-05
2995,0,0,0.99904776,0.0009122279,3.9990806e-05
2996,0,0,0.99978423,0.00017580074,3.9986076e-05
2997,1,1,0.023640754,0.70962375,0.2667355
2998,2,2,3.9993516e-05,0.0032860148,0.996674
2999,1,2,0.0019607379,0.38345736,0.61458194
3000,1,1,0.31414324,0.6672239,0.018632874
3001,1,2,0.00421543,0.46594018,0.5298444
3002,1,1,0.009388848,0.59057,0.40004122
3003,0,0,0.9996891,0.00027089033,3.9982275e-05
3004,1,1,0.2813009,0.69406664,0.024632446
3005,1,1,0.05580708,0.7684141,0.1757789
3006,2,2,4.7791098e-05,0.025184223,0.97476804
3007,1,1,0.31997278,0.660691,0.019336203
3008,0,1,0.15584946,0.7849586,0.059191965
3009,2,2,0.0018296893,0.36110437,0.63706595
3010,0,1,0.46485543,0.5282693,0.0068752924
3011,1,1,0.48494077,0.5094427,0.005616616
3012,1,0,0.6541625,0.3440129,0.0018246392
3013,1,1,0.288868,0.6858855,0.02524653
3014,1,1,0.018816985,0.69314194,0.28804106
3015,0,0,0.52945495,0.46626234,0.0042827637
3016,0,0,0.55349827,0.44332463,0.0031771206
3017,0,1,0.076430604,0.8055301,0.11803931
3018,0,0,0.80659395,0.19285946,0.00054664625
3019,0,1,0.4841175,0.50993574,0.005946808
3020,0,0,0.60501903,0.39210695,0.0028740051
3021,0,0,0.91006166,0.08977064,0.00016775531
3022,1,1,0.047846444,0.7714026,0.18075094
3023,0,0,0.99548477,0.004475231,3.998741e-05
3024,0,0,0.9831032,0.01684752,4.9188984e-05
3025,0,0,0.6821236,0.316311,0.0015654288
3026,1,1,0.03877211,0.75603145,0.20519646
3027,1,1,0.03158954,0.7323982,0.23601231
3028,1,1,0.022146935,0.6938336,0.28401944
3029,0,0,0.97521794,0.024724213,5.7874924e-05
3030,1,1,0.06143955,0.78053313,0.15802732
3031,0,0,0.9996642,0.00029585994,3.998372e-05
3032,1,1,0.45858237,0.5348464,0.006571232
3033,2,1,0.010327907,0.59877056,0.3909015
3034,0,0,0.87321925,0.12657687,0.0002038909
3035,1,1,0.21467094,0.74741954,0.03790958
3036,0,0,0.9802984,0.0196572,4.4455366e-05
3037,0,0,0.96346486,0.036474567,6.0605278e-05
3038,0,1,0.02839861,0.73401237,0.23758899
3039,0,0,0.62407565,0.3735914,0.0023330122
3040,0,0,0.9918626,0.008097453,3.998899e-05
3041,1,1,0.2591549,0.71551377,0.025331387
3042,1,0,0.6448437,0.35308915,0.0020671475
3043,0,0,0.8916015,0.108239844,0.00015871193
3044,0,0,0.910747,0.08912659,0.00012641634
3045,0,0,0.9991562,0.0008038475,3.9992705e-05
3046,0,0,0.9998773,8.2713326e-05,3.99898e-05
3047,2,2,0.00043191612,0.18659574,0.81297237
3048,2,2,0.004548098,0.44880977,0.5466421
3049,0,0,0.9996265,0.00033349358,3.998709e-05
3050,1,1,0.0073800264,0.5746493,0.41797072
3051,2,2,4.9682392e-05,0.010172262,0.98977804
3052,2,2,4.491539e-05,0.026906416,0.9730487
3053,0,0,0.9988258,0.0011342028,3.9991704e-05
3054,2,2,4.509616e-05,0.026674952,0.97327995
3055,1,1,0.019778602,0.6550074,0.325214
3056,0,0,0.99907374,0.00088628824,3.9989398e-05
3057,1,1,0.103923716,0.8072869,0.088789426
3058,2,2,0.00073752645,0.26934785,0.72991467
3059,0,0,0.9617093,0.03823524,5.5413173e-05
3060,1,1,0.026955774,0.704999,0.2680452
3061,1,1,0.2451821,0.7238269,0.030991068
3062,0,0,0.99175423,0.008205796,3.9987088e-05
3063,2,2,0.0006353843,0.2546709,0.7446937
3064,2,2,3.999334e-05,0.00341214,0.9965479
3065,1,1,0.33714038,0.6446171,0.018242529
3066,0,1,0.48571908,0.5078376,0.006443319
3067,1,1,0.015954353,0.6325743,0.3514713
3068,1,1,0.040044926,0.7606268,0.1993283
3069,1,1,0.027992979,0.7184621,0.25354493
3070,0,0,0.646143,0.35221484,0.0016421175
3071,0,0,0.95873433,0.041204322,6.127386e-05
3072,0,0,0.9582211,0.041718576,6.037803e-05
3073,0,1,0.23132598,0.73345745,0.035216555
3074,2,2,8.546917e-05,0.057332817,0.9425817
3075,0,0,0.9201691,0.07970054,0.00013034476
3076,1,1,0.015478402,0.64804643,0.33647513
3077,1,1,0.032744333,0.741677,0.2255787
3078,1,2,0.00056110806,0.250208,0.7492309
3079,1,1,0.18019742,0.7715579,0.048244692
3080,2,2,5.604413e-05,0.043329634,0.9566143
3081,0,0,0.7594345,0.23994717,0.00061832735
3082,1,1,0.02246089,0.69091654,0.28662258
3083,0,1,0.4792121,0.5150996,0.0056882985
3084,1,1,0.29978192,0.67389506,0.026322994
3085,2,2,5.9820057e-05,0.049449295,0.9504909
3086,1,1,0.04297849,0.7610272,0.19599438
3087,1,1,0.36974597,0.617189,0.013065064
3088,2,2,0.0011187303,0.31279737,0.6860839
3089,1,1,0.32751593,0.65356535,0.018918762
3090,0,0,0.8138923,0.18562317,0.00048454455
3091,1,1,0.37360346,0.6121994,0.014197162
3092,0,0,0.85963297,0.14014488,0.00022214747
3093,1,1,0.01370116,0.656048,0.33025083
3094,0,1,0.4722181,0.5217743,0.006007636
3095,0,1,0.32485616,0.6601509,0.014993004
3096,1,1,0.059138007,0.77416027,0.1667017
3097,1,1,0.05708681,0.7658053,0.17710789
3098,0,0,0.8272596,0.17225675,0.00048370726
3099,0,0,0.9652157,0.03472305,6.1300096e-05
3100,1,2,0.0017555063,0.3723367,0.6259078
3101,0,1,0.43432128,0.5567178,0.0089609455
3102,0,1,0.41833505,0.57131684,0.01034813
3103,2,1,0.034363434,0.73685354,0.22878304
3104,2,2,9.393051e-05,0.078202434,0.92170364
3105,2,2,0.00024377405,0.154451,0.84530526
3106,0,0,0.98581564,0.01414362,4.0721352e-05
3107,2,2,0.00023396102,0.15798688,0.8417792
3108,0,0,0.9997932,0.00016690153,3.9986437e-05
3109,0,1,0.37216252,0.61611474,0.011722717
3110,1,1,0.14383097,0.78598106,0.070187986
3111,1,1,0.01434359,0.6513257,0.33433068
3112,0,0,0.86698127,0.13277298,0.0002457298
3113,2,1,0.037879568,0.75347257,0.20864779
3114,0,0,0.9940289,0.0059311,3.9992672e-05
3115,1,0,0.6525049,0.34593594,0.0015591164
3116,0,0,0.9746046,0.025345335,5.0076123e-05
3117,1,1,0.025554806,0.7118568,0.26258844
3118,0,0,0.9904869,0.009472949,4.0121708e-05
3119,0,1,0.04311777,0.7688018,0.18808043
3120,1,0,0.58474255,0.41219354,0.0030639097
3121,1,1,0.31565446,0.6674447,0.016900823
3122,0,0,0.991516,0.008434972,4.907501e-05
3123,0,0,0.9260204,0.07388358,9.606874e-05
3124,1,1,0.28197944,0.6834916,0.034528952
3125,0,0,0.9208752,0.07899329,0.00013150607
3126,0,0,0.9616642,0.03828166,5.4117394e-05
3127,2,2,3.9991093e-05,0.006458637,0.99350137
3128,0,0,0.80880004,0.19078821,0.00041178416
3129,1,1,0.037200924,0.73237056,0.23042852
3130,1,0,0.68061423,0.3179105,0.0014752462
3131,0,0,0.89172447,0.10811706,0.00015847925
3132,1,0,0.8186685,0.18088374,0.00044779092
3133,0,0,0.97424316,0.02571114,4.569855e-05
3134,0,0,0.98636454,0.013595371,4.010299e-05
3135,1,1,0.26891357,0.70566773,0.02541871
3136,1,1,0.01939257,0.6813053,0.29930216
3137,1,1,0.31774396,0.6661188,0.016137306
3138,0,1,0.15643246,0.7853463,0.05822122
3139,2,2,5.9427097e-05,0.044722382,0.9552182
3140,1,1,0.3965729,0.5877788,0.015648324
3141,0,0,0.94673073,0.053166885,0.00010238888
3142,1,1,0.0459757,0.7729604,0.18106392
3143,2,2,0.00032285196,0.17403516,0.825642
3144,1,2,0.00078055845,0.27914494,0.72007453
3145,0,0,0.5736463,0.4231218,0.0032319291
3146,2,2,3.9989554e-05,0.0008214341,0.9991386
3147,1,1,0.004916949,0.50483525,0.4902478
3148,0,0,0.8122829,0.18733965,0.0003774307
3149,1,1,0.093182035,0.8072273,0.09959069
3150,1,1,0.08403213,0.7881099,0.12785798
3151,1,1,0.024035322,0.70877224,0.26719242
3152,0,1,0.13505974,0.79604816,0.06889205
3153,0,0,0.7619381,0.23713158,0.0009303635
3154,2,2,0.001952694,0.38167843,0.6163689
3155,1,2,0.00018454966,0.13502984,0.8647856
3156,2,2,0.0001987032,0.1161889,0.88361233
3157,0,0,0.61049294,0.38706404,0.0024430072
3158,1,0,0.53028256,0.4660582,0.0036592544
3159,2,2,5.4581764e-05,0.033352934,0.9665925
3160,0,0,0.98829526,0.011663913,4.078266e-05
3161,2,2,3.9991097e-05,0.00041642872,0.9995436
3162,1,1,0.37191245,0.6160391,0.012048493
3163,1,2,0.0026370613,0.38105887,0.6163041
3164,2,1,0.13912794,0.7832453,0.07762669
3165,1,2,0.0041238954,0.49462757,0.50124854
3166,0,0,0.99928933,0.0006706955,3.99907e-05
3167,0,0,0.9998901,6.9930684e-05,3.9990315e-05
3168,0,0,0.9921658,0.007794221,3.9991373e-05
3169,1,1,0.021421123,0.6890782,0.28950065
3170,1,1,0.11784783,0.7969117,0.08524049
3171,0,0,0.96279657,0.037140388,6.306794e-05
3172,1,2,0.0047828443,0.49699658,0.49822056
3173,0,0,0.99240386,0.007556148,3.999113e-05
3174,0,0,0.9995899,0.00037008146,3.9990508e-05
3175,2,2,0.0013807693,0.33781707,0.6608022
3176,2,2,0.00088481035,0.28212714,0.7169881
3177,0,0,0.9990783,0.0008817305,3.9992035e-05
3178,0,0,0.93806934,0.06183853,9.2146336e-05
3179,0,0,0.94731885,0.052604195,7.697804e-05
3180,1,0,0.75674117,0.24250172,0.00075713155
3181,1,1,0.048232827,0.77458555,0.17718168
3182,2,1,0.00781877,0.5626186,0.42956263
3183,0,1,0.4273622,0.56322694,0.009410831
3184,1,1,0.363976,0.61993045,0.016093524
3185,1,1,0.03241619,0.6585639,0.30901995
3186,2,1,0.040845852,0.76296586,0.19618833
3187,2,2,0.0024162317,0.39578623,0.6017976
3188,2,1,0.008854154,0.5657497,0.42539617
3189,1,1,0.022570385,0.68270594,0.29472366
3190,0,0,0.99635345,0.0036065837,3.999043e-05
3191,1,1,0.1602017,0.78166705,0.05813121
3192,0,0,0.8136489,0.18597272,0.00037836656
3193,0,0,0.97105354,0.028897462,4.9015845e-05
3194,1,1,0.069257595,0.7790514,0.15169099
3195,2,2,3.9992206e-05,0.0007552095,0.9992048
3196,1,1,0.049026784,0.7573973,0.19357592
3197,1,1,0.020684034,0.6733648,0.3059512
3198,1,1,0.006370372,0.54122,0.45240963
3199,1,1,0.016119305,0.64572823,0.33815247
3200,1,1,0.19222307,0.76150966,0.0462673
3201,1,1,0.014794742,0.6427279,0.34247735
3202,0,0,0.9261695,0.073715456,0.00011509179
3203,0,1,0.08756668,0.79184526,0.12058809
3204,0,0,0.8137235,0.18585415,0.000422387
3205,0,0,0.86876,0.13097866,0.0002613885
3206,1,1,0.18271576,0.77168953,0.045594707
3207,2,2,0.00039566978,0.17394249,0.82566184
3208,1,2,8.410983e-05,0.064641476,0.93527436
3209,0,0,0.6471126,0.3514487,0.0014386498
3210,2,2,5.306036e-05,0.042482033,0.95746493
3211,0,0,0.9675448,0.032396346,5.887125e-05
3212,1,1,0.08441405,0.8037353,0.11185059
3213,0,1,0.43257052,0.5592008,0.008228683
3214,0,0,0.88083947,0.11892269,0.00023785794
3215,0,0,0.8469753,0.15277968,0.00024501674
3216,2,2,0.00015990762,0.110184334,0.88965577
3217,0,0,0.9971266,0.0028334782,3.9989623e-05
3218,0,0,0.88117385,0.11865279,0.00017337996
3219,1,0,0.5028767,0.49103725,0.006086085
3220,2,2,5.9347567e-05,0.057979774,0.9419609
3221,1,1,0.20508283,0.753018,0.0418992
3222,0,0,0.99974096,0.0002190933,3.998435e-05
3223,0,0,0.77566767,0.22365879,0.0006735744
3224,0,0,0.8406375,0.15899765,0.00036484207
3225,1,1,0.1877796,0.7629599,0.04926048
3226,2,2,0.00016628396,0.10162636,0.89820737
3227,0,0,0.92791986,0.071960784,0.00011940975
3228,2,2,3.999645e-05,0.00370117,0.99625885
3229,0,0,0.9994223,0.0005377174,3.9996023e-05
3230,0,0,0.833995,0.16560733,0.00039766188
3231,1,1,0.025250046,0.703383,0.27136698
3232,0,1,0.070310816,0.795554,0.1341352
3233,2,2,3.99935e-05,0.0008449953,0.999115
3234,0,0,0.66336095,0.33497402,0.0016650348
3235,0,0,0.99851024,0.0014497607,3.999127e-05
3236,0,0,0.5952087,0.40143794,0.0033533573
3237,1,1,0.4465155,0.54688597,0.0065985513
3238,1,1,0.036809206,0.7393904,0.22380039
3239,2,2,0.0044473014,0.48752326,0.50802946
3240,0,0,0.9901973,0.009762742,3.9990748e-05
3241,0,0,0.5864455,0.41071898,0.0028356002
3242,2,2,0.0015231788,0.3362236,0.66225326
3243,0,0,0.7785943,0.2207876,0.0006181283
3244,0,0,0.99988395,7.611347e-05,3.9990067e-05
3245,0,0,0.9263783,0.07351693,0.000104784056
3246,1,1,0.3413422,0.644594,0.014063762
3247,0,0,0.9991773,0.0007827387,3.998866e-05
3248,0,1,0.19019397,0.76877016,0.041035913
3249,0,1,0.4728586,0.5208945,0.006246888
3250,1,2,0.00019821645,0.12717359,0.8726282
3251,1,0,0.7742076,0.22518095,0.0006113669
3252,0,0,0.9986458,0.0013142232,3.9991824e-05
3253,0,0,0.99868566,0.0012743844,3.9988525e-05
3254,0,0,0.8882449,0.11154175,0.00021337216
3255,1,1,0.43629608,0.5553404,0.008363497
3256,2,1,0.014829726,0.63796175,0.3472086
3257,0,0,0.9944812,0.0054788655,3.999123e-05
3258,0,0,0.9351896,0.06469517,0.000115232666
3259,1,1,0.22464965,0.73496014,0.040390212
3260,1,0,0.61283255,0.38396722,0.0032002693
3261,1,2,0.0026590412,0.42054343,0.57679754
3262,0,0,0.9976875,0.0022725756,3.9990085e-05
3263,1,1,0.0132405795,0.6395094,0.34725007
3264,0,0,0.99973965,0.00022040404,3.9984297e-05
3265,1,1,0.021029536,0.68070364,0.29826683
3266,2,2,4.67218e-05,0.031583283,0.96837
3267,1,1,0.35298014,0.63137305,0.015646847
3268,0,1,0.096221864,0.7968803,0.10689785
3269,1,1,0.41416475,0.57693696,0.008898291
3270,2,2,3.9990573e-05,0.002443562,0.9975164
3271,1,1,0.097931534,0.79412895,0.10793958
3272,0,0,0.8230118,0.1766546,0.00033355117
3273,1,1,0.07500489,0.7843628,0.14063232
3274,0,1,0.30936125,0.6743269,0.016311899
3275,1,1,0.21508257,0.7469147,0.038002748
3276,0,0,0.99985427,0.00010574483,3.998888e-05
3277,2,2,5.299017e-05,0.0136645455,0.98628247
3278,2,2,0.00053410965,0.23904067,0.7604252
3279,0,0,0.8834418,0.11636582,0.00019238201
3280,1,1,0.33785093,0.6433495,0.018799562
3281,2,2,4.5381683e-05,0.027076043,0.9728786
3282,0,0,0.6029488,0.39468214,0.0023690928
3283,1,0,0.741047,0.25762737,0.0013256214
3284,0,0,0.9228982,0.07698257,0.00011925205
3285,0,0,0.92844284,0.07143179,0.00012530827
3286,0,0,0.99965537,0.00030461626,3.9983366e-05
3287,0,0,0.9503573,0.049574893,6.775007e-05
3288,1,1,0.41256863,0.5782048,0.009226502
3289,0,0,0.8163394,0.18328997,0.0003705702
3290,2,2,0.00031216754,0.15560366,0.8440842
3291,2,2,3.9990868e-05,0.012628276,0.98733175
3292,0,0,0.9941477,0.0058123106,3.9992537e-05
3293,2,1,0.13902454,0.7894693,0.07150616
3294,2,1,0.006988214,0.5443014,0.44871038
3295,0,0,0.9814223,0.018534837,4.2849562e-05
3296,0,0,0.9960841,0.0038759364,3.9986975e-05
3297,0,0,0.9983468,0.0016132416,3.9992054e-05
3298,2,2,3.9992352e-05,0.010333384,0.98962665
3299,0,0,0.61097956,0.38626355,0.0027568727
3300,1,0,0.5601862,0.4360825,0.0037313316
3301,1,0,0.9801558,0.019800676,4.3538734e-05
3302,0,0,0.9997287,0.00023135082,3.9983854e-05
3303,1,1,0.005304165,0.50581604,0.4888798
3304,2,2,0.00025873052,0.17323975,0.82650155
3305,0,0,0.7235335,0.27535444,0.0011120852
3306,0,1,0.47508073,0.51823413,0.0066851256
3307,2,2,3.999173e-05,0.0011334114,0.9988266
3308,0,0,0.9694009,0.030547164,5.195518e-05
3309,1,1,0.1772384,0.7705335,0.052228093
3310,0,0,0.9880677,0.011892326,3.9991017e-05
3311,1,1,0.03274094,0.7294122,0.23784685
3312,0,0,0.81928873,0.18031812,0.00039312872
3313,0,0,0.7709631,0.22829671,0.0007402069
3314,2,1,0.01377532,0.632114,0.35411072
3315,2,2,0.0034862268,0.43171537,0.5647985
3316,1,1,0.10650088,0.8031129,0.09038625
3317,1,1,0.016051214,0.63027126,0.3536775
3318,0,0,0.99742174,0.0025382857,3.999167e-05
3319,1,1,0.060368657,0.7952875,0.14434391
3320,1,1,0.43966123,0.55254406,0.007794764
3321,0,0,0.7528821,0.24354075,0.0035771197
3322,0,0,0.96135503,0.038581524,6.346409e-05
3323,0,0,0.7961979,0.20336515,0.00043694748
3324,1,1,0.015609929,0.6569098,0.32748026
3325,0,0,0.9988859,0.0010741015,3.9986782e-05
3326,0,0,0.9082425,0.091613494,0.00014399312
3327,2,2,0.0007129011,0.269887,0.72940016
3328,2,2,0.0006243811,0.2332862,0.7660894
3329,2,2,3.9991308e-05,0.00028909286,0.9996709
3330,0,0,0.99847114,0.0014888376,3.9992156e-05
3331,1,1,0.04040321,0.7398498,0.21974704
3332,2,2,3.9992752e-05,0.005196811,0.9947632
3333,0,0,0.99440736,0.005552668,3.9990708e-05
3334,1,1,0.20592014,0.7532499,0.04083001
3335,0,0,0.9972793,0.0026807843,3.9990853e-05
3336,2,2,5.1758827e-05,0.0330408,0.9669074
3337,1,1,0.16481526,0.78109753,0.054087244
3338,2,2,5.4471442e-05,0.00040479263,0.99954075
3339,0,0,0.9996947,0.00026537402,3.9984938e-05
3340,0,0,0.9990089,0.0009511623,3.9986808e-05
3341,2,2,3.9997733e-05,0.010505566,0.9894544
3342,1,0,0.5695069,0.42757604,0.002917056
3343,0,1,0.39512056,0.5960999,0.008779574
3344,2,1,0.017744862,0.6762775,0.30597764
3345,0,0,0.99583423,0.0041257646,3.9996543e-05
3346,0,0,0.9001133,0.09968962,0.0001970293
3347,0,0,0.76880366,0.23057929,0.0006170238
3348,0,0,0.710387,0.28851485,0.0010981044
3349,2,1,0.20283957,0.7579589,0.039201614
3350,1,1,0.38750267,0.60203254,0.0104648005
3351,2,1,0.09004138,0.8009646,0.10899409
3352,0,1,0.37012306,0.6186034,0.011273586
3353,1,1,0.43210435,0.5590503,0.0088453
3354,0,0,0.9896785,0.010281308,4.019813e-05
3355,1,0,0.7403204,0.2586251,0.001054544
3356,0,0,0.8655772,0.13415009,0.0002727192
3357,1,1,0.17667927,0.7728795,0.050441276
3358,1,2,0.0007657872,0.26854134,0.73069286
3359,2,1,0.006611338,0.561077,0.43231165
3360,0,0,0.99989694,6.3129664e-05,3.9990584e-05
3361,1,0,0.5842229,0.4121034,0.0036737053
3362,0,0,0.99979824,0.00016182801,3.998664e-05
3363,1,1,0.40372863,0.5871336,0.009137783
3364,1,1,0.24384171,0.7215961,0.03456219
3365,2,1,0.31974882,0.6610987,0.0191525
3366,0,0,0.65437156,0.3441241,0.0015043244
3367,1,1,0.26362187,0.70805836,0.028319784
3368,1,1,0.1414293,0.7857041,0.0728666
3369,1,2,0.0047050617,0.47976652,0.5155284
3370,1,1,0.10586031,0.80048776,0.09365198
3371,1,1,0.09136089,0.77867514,0.12996401
3372,0,0,0.8795504,0.1201964,0.00025323255
3373,1,1,0.05891287,0.77950823,0.16157886
3374,1,1,0.0740827,0.79772365,0.12819366
3375,0,0,0.7292018,0.26985818,0.0009400048
3376,2,2,0.00073478173,0.2590075,0.7402577
3377,1,1,0.0064340467,0.49868983,0.49487618
3378,1,0,0.7042974,0.29434848,0.0013540734
3379,2,2,0.0003012022,0.17077841,0.8289204
3380,0,0,0.95687264,0.043065034,6.233233e-05
3381,1,0,0.5619084,0.43493325,0.003158302
3382,1,1,0.4407488,0.5517585,0.0074926373
3383,0,0,0.9981123,0.0018477386,3.999244e-05
3384,2,1,0.025531653,0.70170915,0.27275917
3385,1,1,0.36798912,0.62001514,0.011995745
3386,1,0,0.784373,0.21500917,0.0006177429
3387,0,0,0.62810236,0.36968482,0.0022128425
3388,2,2,4.1580883e-05,0.026103472,0.97385496
3389,0,0,0.93776524,0.06215378,8.100934e-05
3390,0,0,0.9976966,0.0022634363,3.9992898e-05
3391,0,1,0.080034666,0.8033081,0.11665724
3392,2,2,8.385344e-05,0.060786463,0.9391297
3393,0,0,0.9981809,0.0017791061,3.999275e-05
3394,2,2,4.057371e-05,0.018259933,0.98169947
3395,2,1,0.037378147,0.73891133,0.22371055
3396,0,0,0.72363687,0.27520126,0.0011618481
3397,2,2,0.000102856,0.0894266,0.91047055
3398,2,2,0.0013992038,0.33685285,0.661748
3399,1,1,0.17857525,0.7628936,0.058531173
3400,0,0,0.8580147,0.14174093,0.00024436892
3401,1,0,0.551796,0.4441987,0.0040053274
3402,1,1,0.011287287,0.5948713,0.39384142
3403,0,0,0.913979,0.0858976,0.00012344496
3404,1,1,0.34540454,0.6393605,0.015234968
3405,2,2,5.7316887e-05,0.044999532,0.9549432
3406,2,1,0.051408317,0.76790655,0.18068516
3407,2,1,0.1101953,0.79087645,0.09892827
3408,0,0,0.80145466,0.19805975,0.00048563347
3409,2,1,0.0051852735,0.50547963,0.48933512
3410,1,1,0.11998772,0.79481244,0.08519981
3411,0,0,0.9835044,0.016441874,5.37253e-05
3412,1,1,0.13604644,0.78679806,0.077155486
3413,1,1,0.37146607,0.6113362,0.017197734
3414,1,1,0.14039718,0.7887091,0.07089373
3415,0,0,0.9979713,0.0019887043,3.9996572e-05
3416,0,0,0.5609754,0.43587947,0.0031451639
3417,0,0,0.8687956,0.13089982,0.00030456734
3418,0,0,0.7710972,0.22822283,0.00067994796
3419,0,0,0.55839026,0.43869036,0.0029193829
3420,1,1,0.023848426,0.7125442,0.26360735
3421,0,0,0.7887211,0.21065322,0.00062574155
3422,0,1,0.40651077,0.58299136,0.010497913
3423,1,1,0.26370177,0.7106397,0.025658533
3424,1,1,0.16162202,0.77221954,0.066158466
3425,1,1,0.20321757,0.7526339,0.04414839
3426,0,1,0.43845576,0.55405664,0.0074876216
3427,0,1,0.02607402,0.72212625,0.25179973
3428,0,0,0.9713954,0.028554115,5.0443596e-05
3429,0,0,0.72868043,0.27040952,0.00091009017
3430,0,1,0.33796114,0.6469906,0.015048322
3431,2,2,0.00016006883,0.1205257,0.87931424
3432,1,1,0.02088717,0.68822306,0.2908898
3433,0,0,0.92361236,0.0762222,0.00016548861
3434,0,0,0.84222054,0.15741628,0.0003631477
3435,1,1,0.44192213,0.54934853,0.008729423
3436,0,0,0.70947987,0.28949827,0.0010218367
3437,0,0,0.9998838,7.62775e-05,3.999006e-05
3438,1,1,0.013516992,0.659242,0.32724103
3439,0,0,0.8109737,0.18863055,0.00039577569
3440,1,1,0.058080677,0.7825234,0.15939598
3441,1,1,0.08399952,0.8001711,0.11582943
3442,2,2,4.6713e-05,0.0289253,0.971028
3443,2,1,0.2162762,0.7499299,0.033793915
3444,1,1,0.09532721,0.806622,0.09805074
3445,2,1,0.022938576,0.7037639,0.27329752
3446,0,0,0.98038125,0.019576482,4.2295913e-05
3447,1,0,0.84147567,0.15823027,0.00029409654
3448,1,1,0.017121356,0.6699391,0.31293952
3449,0,0,0.9654287,0.03451607,5.5234756e-05
3450,1,1,0.48070446,0.5136637,0.005631843
3451,1,1,0.1744873,0.78003365,0.04547903
3452,1,1,0.034107618,0.7271617,0.23873068
3453,1,1,0.042144023,0.76848197,0.18937409
3454,2,2,0.0026852237,0.41462237,0.58269244
3455,1,1,0.08353692,0.80421114,0.11225191
3456,1,1,0.033051893,0.7491935,0.21775462
3457,0,0,0.5029257,0.49251726,0.004557066
3458,2,2,0.0016584385,0.35330665,0.6450349
3459,0,0,0.9886024,0.011357599,3.9995368e-05
3460,1,1,0.17392032,0.78093356,0.04514617
3461,2,2,0.0006526462,0.21965599,0.77969134
3462,1,1,0.1378271,0.79513264,0.067040235
3463,0,1,0.47050396,0.52338463,0.0061114472
3464,0,0,0.78822345,0.21117024,0.00060638756
3465,1,2,0.004078935,0.41615793,0.5797631
3466,1,0,0.8329932,0.16664308,0.0003637331
3467,2,1,0.008524647,0.56441027,0.4270651
3468,1,0,0.5525588,0.4435783,0.0038629067
3469,0,0,0.9602946,0.03963601,6.941676e-05
3470,1,1,0.19010097,0.7604053,0.049493715
3471,0,0,0.9998644,9.562984e-05,3.998929e-05
3472,0,0,0.9523827,0.047553353,6.398554e-05
3473,0,0,0.92255396,0.07732482,0.00012124518
3474,0,0,0.99920505,0.0007549775,3.9989773e-05
3475,1,2,0.0064860797,0.48064354,0.51287043
3476,1,1,0.010235677,0.6040625,0.38570184
3477,0,0,0.986415,0.013544586,4.0400668e-05
3478,0,0,0.9703288,0.029625053,4.615303e-05
3479,0,0,0.9895786,0.010377112,4.429968e-05
3480,1,1,0.1538901,0.7811613,0.06494853
3481,0,0,0.7589507,0.24016428,0.000885039
3482,1,1,0.0965516,0.8025634,0.100884944
3483,0,0,0.94143957,0.05847383,8.662e-05
3484,1,1,0.005178771,0.5052094,0.48961183
3485,2,2,5.8089267e-05,0.0447709,0.955171
3486,0,0,0.9896485,0.010311422,3.9995703e-05
3487,0,1,0.066786125,0.77896804,0.15424582
3488,1,1,0.22128654,0.7427464,0.03596707
3489,1,2,0.0039475677,0.45121497,0.5448375
3490,2,2,0.00095091853,0.304998,0.694051
3491,1,2,0.0030318142,0.42835414,0.56861407
3492,0,0,0.5409335,0.45517167,0.003894845
3493,0,0,0.9802891,0.019667378,4.3531527e-05
3494,1,0,0.5796278,0.41734588,0.0030263294
3495,1,1,0.36893117,0.6197026,0.011366304
3496,1,1,0.007344851,0.5578415,0.4348137
3497,0,0,0.9998843,7.570394e-05,3.9990082e-05
3498,1,1,0.37982404,0.609551,0.010624945
3499,1,1,0.4274972,0.56183946,0.010663322
3500,0,1,0.42406857,0.5660962,0.009835225
3501,2,1,0.02577233,0.7128399,0.26138774
3502,0,0,0.8719467,0.1278323,0.00022098525
3503,0,1,0.20645541,0.7512504,0.04229421
3504,1,1,0.058054455,0.78830916,0.15363638
3505,0,0,0.93155915,0.068326205,0.000114691655
3506,1,1,0.12033948,0.7955992,0.08406124
3507,2,1,0.01242343,0.62408274,0.3634938
3508,1,1,0.38424033,0.6050274,0.010732335
3509,0,0,0.9699869,0.029957563,5.556397e-05
3510,1,1,0.076328434,0.7913455,0.1323261
3511,0,0,0.93280286,0.06711522,8.192382e-05
3512,2,2,3.9994888e-05,0.00038266854,0.99957734
3513,1,1,0.02659088,0.70180357,0.27160555
3514,0,0,0.95491195,0.04502283,6.519686e-05
3515,0,0,0.9697857,0.03016682,4.7502424e-05
3516,0,0,0.7717583,0.22728829,0.00095337105
3517,0,0,0.9184852,0.08140285,0.00011193361
3518,0,0,0.98813486,0.011825148,3.999372e-05
3519,0,1,0.25595114,0.7157222,0.028326659
3520,0,0,0.7847787,0.21470621,0.00051511975
3521,0,0,0.8679729,0.1317802,0.00024687767
3522,1,2,0.005050604,0.48650518,0.5084442
3523,1,1,0.08747101,0.8044556,0.10807342
3524,2,2,0.00016859129,0.11857303,0.88125837
3525,1,1,0.08507185,0.79208416,0.12284395
3526,0,0,0.9992836,0.0006763702,3.9992912e-05
3527,1,1,0.3485496,0.63728416,0.014166284
3528,1,1,0.08053078,0.8077027,0.1117665
3529,1,1,0.032415967,0.7338749,0.23370911
3530,0,0,0.98115224,0.018804627,4.3166703e-05
3531,0,0,0.7517494,0.24741617,0.00083444425
3532,1,1,0.029310603,0.7146884,0.25600103
3533,2,2,0.00042698003,0.17465866,0.8249144
3534,1,1,0.026222423,0.71735144,0.25642616
3535,2,2,0.003203704,0.39908624,0.59771013
3536,1,1,0.31427494,0.66925603,0.016469076
3537,0,0,0.8508649,0.14879847,0.00033663842
3538,0,0,0.8441547,0.15552396,0.00032137844
3539,2,2,3.999361e-05,0.0018184899,0.9981415
3540,2,1,0.016096206,0.67452914,0.30937466
3541,1,0,0.72460425,0.27447417,0.00092160655
3542,0,0,0.9275197,0.072381794,9.853952e-05
3543,0,0,0.9995153,0.00044470298,3.9994844e-05
3544,2,2,0.00010786867,0.09315315,0.906739
3545,1,1,0.3099505,0.669642,0.020407572
3546,1,1,0.031497665,0.7437241,0.22477823
3547,1,1,0.017097492,0.647234,0.3356685
3548,1,1,0.14245741,0.7843266,0.07321605
3549,2,1,0.022997983,0.6836995,0.29330254
3550,2,2,0.00027290994,0.16555128,0.8341758
3551,1,1,0.09513365,0.78621835,0.118647985
3552,1,1,0.014382273,0.6336405,0.35197723
3553,2,2,0.0014093928,0.3342874,0.6643032
3554,1,2,0.00446051,0.48980397,0.5057355
3555,1,0,0.8914213,0.10842,0.0001586615
3556,1,1,0.09793526,0.797516,0.10454881
3557,1,1,0.21063043,0.75084907,0.038520537
3558,1,1,0.21614136,0.7440894,0.039769202
3559,1,1,0.48207998,0.51079756,0.0071224477
3560,1,1,0.20129263,0.7598785,0.038828854
3561,0,1,0.10626961,0.7951053,0.0986251
3562,1,0,0.6673369,0.33128738,0.0013757437
3563,1,1,0.038924146,0.75345606,0.20761982
3564,0,0,0.9003764,0.09946224,0.00016140347
3565,0,1,0.29058492,0.6865176,0.022897534
3566,2,1,0.018138906,0.66521597,0.31664515
3567,0,0,0.76288515,0.2363626,0.0007522875
3568,0,0,0.7023044,0.29664516,0.001050464
3569,1,1,0.084005445,0.7979617,0.11803278
3570,0,0,0.99963725,0.00032277964,3.9985083e-05
3571,2,1,0.09009891,0.7962285,0.113672554
3572,0,0,0.7859889,0.21349387,0.0005172307
3573,0,0,0.974673,0.025280207,4.682692e-05
3574,1,1,0.2851988,0.6934788,0.02132234
3575,2,2,0.0008227668,0.28879145,0.7103858
3576,0,0,0.99932265,0.0006373305,3.9989583e-05
3577,2,2,0.0031713035,0.45883596,0.5379927
3578,1,1,0.12241809,0.79238844,0.0851935
3579,2,1,0.021508329,0.68691295,0.29157877
3580,1,1,0.048341047,0.7774883,0.17417072
3581,2,2,0.0033184653,0.4368529,0.55982864
3582,0,0,0.5821698,0.41490042,0.002929808
3583,0,0,0.9795987,0.02035761,4.371627e-05
3584,0,0,0.9242238,0.075640455,0.00013575391
3585,1,0,0.69482464,0.30377427,0.0014011035
3586,0,0,0.64904374,0.34914866,0.0018076567
3587,1,1,0.017274547,0.6800705,0.30265495
3588,2,2,5.627671e-05,0.035243835,0.9646999
3589,1,0,0.5337914,0.46226576,0.003942864
3590,0,0,0.9955678,0.004392191,3.9993192e-05
3591,0,0,0.89614534,0.10368736,0.00016732774
3592,2,2,6.8728565e-05,0.052970335,0.9469609
3593,0,0,0.9953264,0.004633639,3.998841e-05
3594,1,1,0.07801841,0.8040225,0.1179591
3595,2,2,3.9994906e-05,0.0023355808,0.99762446
3596,0,0,0.9977815,0.0021785018,3.9991417e-05
3597,2,2,0.00016644309,0.11511329,0.8847203
3598,1,1,0.165124,0.7760904,0.058785614
3599,0,0,0.99953,0.00042999402,3.9990562e-05
3600,0,0,0.99938965,0.00057032984,3.999471e-05
3601,0,0,0.75769186,0.24156031,0.000747852
3602,0,0,0.66539294,0.33327615,0.0013309462
3603,1,1,0.062914,0.7878146,0.1492714
3604,0,1,0.42960876,0.5610279,0.009363396
3605,1,0,0.824329,0.17524281,0.00042825105
3606,1,1,0.07358289,0.7875675,0.13884968
3607,2,2,3.99891e-05,0.001138123,0.9988219
3608,1,1,0.4027175,0.58430177,0.012980786
3609,0,0,0.9034769,0.096358284,0.00016481557
3610,1,1,0.10980357,0.7986512,0.091545194
3611,1,0,0.6584055,0.33981878,0.0017757185
3612,2,1,0.005799809,0.5278326,0.4663676
3613,0,0,0.83207613,0.16746259,0.00046127426
3614,0,0,0.7471701,0.25183415,0.000995822
3615,2,2,4.9940554e-05,0.02780101,0.9721491
3616,1,0,0.625873,0.37219754,0.0019294744
3617,0,0,0.9983681,0.0015919362,3.999291e-05
3618,0,0,0.99878705,0.0011729312,3.998771e-05
3619,0,0,0.9482088,0.05171352,7.76924e-05
3620,0,0,0.9998926,6.741286e-05,3.9990417e-05
3621,1,1,0.26643643,0.7069938,0.026569743
3622,2,1,0.3892839,0.6012454,0.009470737
3623,0,0,0.8501553,0.14953329,0.00031146436
3624,2,2,0.00016427711,0.09299167,0.9068441
3625,2,1,0.005211965,0.49896264,0.49582538
3626,2,1,0.010243907,0.5983591,0.391397
3627,0,0,0.8353585,0.16416332,0.00047818682
3628,1,1,0.14727548,0.7901523,0.062572256
3629,2,2,3.9992097e-05,0.0050912937,0.9948687
3630,0,0,0.99867094,0.0012890723,3.999282e-05
3631,2,2,0.0005137248,0.24056745,0.7589188
3632,1,0,0.89660025,0.103232205,0.0001675481
3633,1,1,0.005661868,0.53508675,0.4592514
3634,0,0,0.9928404,0.0071196007,3.999397e-05
3635,0,0,0.72593564,0.27294484,0.0011195469
3636,0,0,0.82318914,0.17627195,0.0005388357
3637,0,0,0.8630611,0.13670392,0.00023499489
3638,0,0,0.60000557,0.39732575,0.0026687048
3639,1,0,0.6685438,0.32987475,0.0015814626
3640,0,1,0.43284637,0.55999696,0.007156662
3641,2,1,0.022501275,0.6947131,0.2827856
3642,0,0,0.84740984,0.15227519,0.00031503738
3643,0,0,0.99352646,0.006433565,3.9994564e-05
3644,1,1,0.12164078,0.80321574,0.075143486
3645,1,1,0.42381608,0.56773317,0.008450774
3646,2,1,0.16324395,0.78243643,0.054319624
3647,1,1,0.49357146,0.50049967,0.005928887
3648,2,1,0.21479492,0.7450025,0.04020255
3649,0,1,0.40158775,0.5862079,0.012204322
3650,2,2,3.9993614e-05,0.012438469,0.9875215
3651,1,0,0.9720782,0.027865984,5.577754e-05
3652,0,0,0.61886275,0.37890944,0.0022278116
3653,2,2,0.0012741863,0.30562583,0.6931
3654,1,1,0.2512551,0.71846104,0.030283917
3655,2,2,0.0011576578,0.2817308,0.7171116
3656,1,1,0.04662236,0.76146877,0.19190893
3657,1,1,0.014033075,0.653203,0.3327639
3658,0,0,0.6048282,0.39285454,0.0023172875
3659,0,0,0.9871501,0.012809301,4.0649065e-05
3660,0,0,0.83528787,0.16436036,0.00035176886
3661,1,0,0.73523474,0.26384968,0.000915607
3662,0,0,0.81427646,0.18522985,0.00049369165
3663,0,0,0.77848715,0.22083476,0.00067803945
3664,0,0,0.8853664,0.11443364,0.0001999665
3665,2,2,6.59378e-05,0.056077387,0.94385666
3666,2,2,7.078931e-05,0.05632091,0.9436083
3667,1,2,7.303676e-05,0.059824847,0.9401021
3668,0,0,0.78757954,0.21189384,0.0005266578
3669,2,2,0.002239638,0.3987754,0.59898496
3670,0,1,0.3942802,0.5930821,0.012637744
3671,1,1,0.011110319,0.6344595,0.3544302
3672,1,1,0.45651475,0.5362174,0.00726788
3673,1,1,0.015591323,0.645429,0.33897966
3674,0,0,0.9741458,0.02580169,5.2509804e-05
3675,2,2,0.0002009236,0.13860068,0.8611984
3676,0,0,0.9687106,0.031227697,6.170379e-05
3677,0,0,0.8916315,0.108029954,0.00033854393
3678,0,0,0.95892096,0.0410228,5.626693e-05
3679,0,0,0.99871117,0.0012488102,3.9991995e-05
3680,0,0,0.9404652,0.059336506,0.00019833047
3681,0,0,0.7827235,0.21666019,0.0006164008
3682,1,0,0.7367459,0.26246512,0.00078898645
3683,0,0,0.9804955,0.019460691,4.3805067e-05
3684,0,0,0.9086454,0.09120281,0.00015184269
3685,2,2,3.9990795e-05,0.004940328,0.99501973
3686,0,0,0.70193106,0.2960991,0.0019698401
3687,1,1,0.01660041,0.6650582,0.31834137
3688,1,1,0.36129963,0.6258156,0.012884787
3689,1,1,0.39754122,0.5931958,0.009262981
3690,1,0,0.8937012,0.10615142,0.00014738106
3691,1,1,0.017701939,0.66035867,0.3219394
3692,1,1,0.49566364,0.49838105,0.0059553212
3693,0,0,0.999304,0.0006560133,3.9991286e-05
3694,0,1,0.2921004,0.6893555,0.01854415
3695,0,0,0.8519745,0.14768189,0.0003436194
3696,1,1,0.02618425,0.71968997,0.25412577
3697,1,2,0.0007052118,0.25324285,0.74605197
3698,0,0,0.9895518,0.0104082115,3.999426e-05
3699,1,1,0.094253466,0.8002932,0.10545334
3700,0,0,0.987334,0.012625575,4.045291e-05
3701,2,2,0.0007101987,0.26647025,0.73281956
3702,2,2,4.1561143e-05,0.017374704,0.98258376
3703,1,1,0.022836039,0.681309,0.29585496
3704,1,2,0.00034166654,0.18947129,0.81018704
3705,1,1,0.042636354,0.7613384,0.19602522
3706,0,0,0.9997562,0.00020382716,3.9984956e-05
3707,1,1,0.35771024,0.6280877,0.014202055
3708,0,0,0.9998848,7.5197175e-05,3.9990104e-05
3709,1,1,0.09749183,0.80080605,0.101702094
3710,1,0,0.5707155,0.425841,0.0034435173
3711,1,1,0.3226533,0.66160214,0.01574455
3712,0,1,0.21210545,0.75241363,0.035480797
3713,0,0,0.9888489,0.0111108385,4.027609e-05
3714,0,1,0.06501917,0.79104966,0.14393122
3715,1,1,0.38816726,0.59824073,0.013591995
3716,2,2,9.335976e-05,0.08045626,0.9194504
3717,2,2,0.00016581986,0.100220755,0.89961344
3718,2,2,0.00013953753,0.10859924,0.8912612
3719,2,1,0.012620956,0.6243968,0.36298224
3720,2,2,0.00021272675,0.14780566,0.85198164
3721,0,0,0.9750532,0.024901342,4.5483368e-05
3722,0,0,0.9923783,0.00758175,3.9992556e-05
3723,2,1,0.0553907,0.7747925,0.16981682
3724,1,1,0.05933158,0.78885865,0.15180978
3725,1,1,0.061508812,0.79488206,0.14360917
3726,0,0,0.9996071,0.00035292358,3.9988758e-05
3727,2,2,0.0005751777,0.23147468,0.7679501
3728,0,0,0.99982214,0.00013787688,3.9987597e-05
3729,2,2,4.2323503e-05,0.025545068,0.9744126
3730,0,0,0.99964243,0.00031763728,3.9985287e-05
3731,0,0,0.99686664,0.003093408,3.9993884e-05
3732,0,0,0.9966941,0.00326597,3.998942e-05
3733,0,1,0.2094743,0.75153476,0.038990952
3734,0,0,0.94624746,0.053673662,7.8903024e-05
3735,2,2,3.9988467e-05,0.0068902364,0.99306977
3736,1,1,0.4757021,0.51833516,0.0059627653
3737,0,0,0.94503325,0.054880656,8.608151e-05
3738,2,2,0.00038831623,0.1946619,0.80494976
3739,0,1,0.34359747,0.64069206,0.015710467
3740,1,0,0.66967124,0.3286455,0.0016832319
3741,0,1,0.46519578,0.5248572,0.009947031
3742,0,1,0.29008538,0.6889458,0.020968886
3743,0,0,0.7951111,0.2043474,0.0005415101
3744,2,2,0.000508698,0.18384747,0.81564385
3745,0,0,0.9956448,0.0043148473,4.0396175e-05
3746,1,1,0.07569653,0.79967636,0.12462716
3747,2,2,0.00029185112,0.05443254,0.94527566
3748,0,0,0.67614394,0.32226336,0.0015927375
3749,0,1,0.4611469,0.532978,0.005875095
3750,1,1,0.29093322,0.68433636,0.02473047
3751,1,1,0.066993535,0.7915142,0.14149225
3752,0,0,0.9982901,0.0016699034,3.9992232e-05
3753,0,0,0.84413487,0.15538378,0.000481389
3754,0,0,0.6360423,0.36178732,0.0021703953
3755,0,1,0.42657194,0.56471777,0.00871035
3756,0,1,0.3193908,0.6623966,0.018212637
3757,0,0,0.9714233,0.028527955,4.872307e-05
3758,1,1,0.010521982,0.5954629,0.3940151
3759,2,2,0.00011883308,0.09790845,0.9019727
3760,0,0,0.8994879,0.10014617,0.0003659228
3761,0,0,0.5605493,0.43520933,0.004241415
3762,1,1,0.11068405,0.79678327,0.0925327
3763,1,1,0.041563794,0.7475265,0.21090965
3764,0,0,0.99896395,0.0009960362,3.999235e-05
3765,1,0,0.87236035,0.12742394,0.00021572335
3766,1,0,0.60840994,0.38958684,0.0020032788
3767,0,0,0.90186137,0.09796226,0.00017639894
3768,2,2,0.0002171537,0.13790682,0.861876
3769,0,0,0.9453725,0.0545502,7.722771e-05
3770,1,1,0.39839515,0.59165746,0.009947435
3771,2,2,0.0014750012,0.31797,0.680555
3772,2,2,0.001069838,0.31619143,0.6827388
3773,2,2,4.177927e-05,0.014578212,0.98538005
3774,2,2,4.916125e-05,0.027357688,0.9725932
3775,0,0,0.9062009,0.093575925,0.00022320317
3776,2,1,0.066316605,0.76245964,0.17122374
3777,2,1,0.018899709,0.67314655,0.30795375
3778,0,0,0.9991739,0.00078612386,3.998852e-05
3779,2,2,3.9993593e-05,0.00090392877,0.9990561
3780,1,0,0.53569794,0.46047983,0.0038221965
3781,1,1,0.45331997,0.537947,0.008733049
3782,0,0,0.7961857,0.20330326,0.0005110973
3783,0,0,0.91177595,0.08806907,0.0001549841
3784,2,1,0.04778616,0.7748931,0.17732075
3785,0,0,0.9163588,0.08349559,0.0001456122
3786,1,2,0.0012339783,0.32598478,0.6727812
3787,0,0,0.9392572,0.060642153,0.000100656514
3788,0,0,0.7173296,0.28161126,0.0010591126
3789,2,2,0.00026931064,0.1634239,0.8363068
3790,2,2,5.6964276e-05,0.04905481,0.9508882
3791,0,1,0.3250743,0.6578375,0.017088212
3792,2,2,4.5720797e-05,0.028402233,0.9715521
3793,2,2,6.548398e-05,0.053143315,0.94679123
3794,1,2,0.00048667294,0.21351418,0.7859992
3795,0,0,0.9374776,0.06241983,0.00010259445
3796,0,0,0.7929919,0.20631838,0.0006897715
3797,0,1,0.3153802,0.6644493,0.020170586
3798,1,1,0.041644167,0.7659762,0.19237964
3799,1,1,0.02307004,0.67575806,0.3011719
3800,2,1,0.10333509,0.79182696,0.104837954
3801,0,0,0.99475574,0.005204279,3.9992443e-05
3802,1,1,0.28170797,0.69280636,0.02548566
3803,1,1,0.01726446,0.6509887,0.33174685
3804,2,2,0.001585264,0.35508096,0.6433338
3805,0,0,0.9900769,0.009882603,4.0485094e-05
3806,1,1,0.19401725,0.7468381,0.05914466
3807,2,2,3.9989714e-05,0.0003289853,0.99963105
3808,0,0,0.99897015,0.0009898506,3.9992592e-05
3809,1,1,0.15683566,0.78748846,0.055675924
3810,0,0,0.8331707,0.16652788,0.00030133166
3811,0,0,0.9998978,6.225056e-05,3.999062e-05
3812,2,2,9.142039e-05,0.07479641,0.9251122
3813,1,0,0.73163635,0.26743776,0.000925887
3814,0,0,0.98936224,0.010596633,4.110657e-05
3815,0,0,0.9900385,0.009921468,3.9994185e-05
3816,1,1,0.333866,0.64991176,0.016222239
3817,1,1,0.0675474,0.8033019,0.12915072
3818,0,1,0.27130175,0.7047297,0.023968559
3819,1,0,0.6605341,0.33740082,0.002065067
3820,0,0,0.9893765,0.010582503,4.0987896e-05
3821,2,2,0.0014575123,0.31429487,0.6842476
3822,1,1,0.043789994,0.7709492,0.1852608
3823,2,2,0.00064072834,0.22453138,0.7748279
3824,0,0,0.99271655,0.007243491,3.999143e-05
3825,0,0,0.9845362,0.015422519,4.1344912e-05
3826,1,1,0.0061951014,0.5483047,0.44550025
3827,1,1,0.16870676,0.77083284,0.060460396
3828,2,1,0.008284873,0.5608094,0.43090576
3829,2,1,0.008880115,0.51600367,0.47511625
3830,1,1,0.13117158,0.79077476,0.0780537
3831,0,0,0.5590965,0.43587917,0.0050243214
3832,0,1,0.16338377,0.7826282,0.05398802
3833,0,0,0.49757838,0.49751884,0.004902756
3834,0,0,0.5543202,0.44221234,0.0034674304
3835,2,2,0.0010502471,0.2978428,0.70110697
3836,0,1,0.46307194,0.5299057,0.0070223785
3837,0,0,0.94273114,0.057189234,7.960386e-05
3838,0,1,0.22947943,0.73757446,0.032946117
3839,1,0,0.53323185,0.46265018,0.0041179834
3840,1,1,0.014905188,0.63668895,0.3484059
3841,0,0,0.8102912,0.18908665,0.000622137
3842,2,2,0.0050796764,0.49664608,0.49827427
3843,0,0,0.9976165,0.0023435196,3.9992145e-05
3844,2,2,0.003327873,0.4186251,0.57804704
3845,1,0,0.80495846,0.19458658,0.00045494016
3846,0,0,0.59018403,0.40690172,0.00291428
3847,0,1,0.45135906,0.5410182,0.0076227975
3848,0,0,0.7561622,0.24322002,0.0006177282
3849,2,2,0.00038037542,0.17984305,0.81977654
3850,0,0,0.9899218,0.010032913,4.524401e-05
3851,2,1,0.12805592,0.7918943,0.08004979
3852,1,1,0.44225457,0.5510989,0.006646588
3853,0,0,0.98578894,0.014170972,4.0126743e-05
3854,0,0,0.9993123,0.00064774015,3.9991617e-05
3855,0,0,0.68592846,0.31293684,0.0011346845
3856,1,1,0.26433888,0.7097673,0.025893824
3857,1,0,0.80353504,0.19597134,0.0004936429
3858,0,0,0.93520796,0.06469917,9.2860646e-05
3859,2,2,0.0005509345,0.2080666,0.79138243
3860,2,2,0.002235632,0.34188485,0.65587956
3861,0,0,0.6894906,0.30940443,0.0011049566
3862,2,2,0.0005791297,0.15913722,0.84028363
3863,0,0,0.99856734,0.0013926522,3.9991115e-05
3864,0,0,0.9534975,0.046414293,8.818698e-05
3865,0,0,0.9141522,0.08573324,0.00011456415
3866,1,1,0.21413007,0.74263644,0.04323349
3867,1,0,0.9834063,0.01655106,4.2637366e-05
3868,0,0,0.56727445,0.42914566,0.0035798748
3869,2,2,4.9764418e-05,0.040583957,0.95936626
3870,2,2,0.00041942927,0.19113871,0.8084419
3871,0,0,0.9968259,0.0031341105,3.9992257e-05
3872,0,0,0.99902004,0.000939963,3.999215e-05
3873,2,1,0.04311513,0.7836467,0.17323814
3874,1,0,0.94251937,0.057397887,8.276676e-05
3875,0,0,0.9997793,0.00018069403,3.998588e-05
3876,1,0,0.8699644,0.12983358,0.00020202235
3877,2,2,3.999353e-05,0.0143934265,0.98556656
3878,0,1,0.3556829,0.62854743,0.015769638
3879,0,0,0.95525056,0.044685546,6.391291e-05
3880,1,1,0.10252204,0.8004579,0.09702008
3881,0,0,0.94427025,0.05564461,8.5101674e-05
3882,1,1,0.009292174,0.5933573,0.39735052
3883,2,2,4.0139123e-05,0.01972539,0.9802345
3884,2,1,0.12057577,0.79565394,0.083770275
3885,0,0,0.97491425,0.025039542,4.6178553e-05
3886,0,0,0.9990298,0.0009301933,3.999009e-05
3887,0,1,0.07386741,0.7947385,0.13139418
3888,0,0,0.999627,0.00033303475,3.998955e-05
3889,0,0,0.51621985,0.47831625,0.0054639378
3890,2,2,0.00073071336,0.26058912,0.7386801
3891,1,1,0.43697512,0.55388963,0.0091352565
3892,0,0,0.6372427,0.36045823,0.0022990794
3893,0,0,0.50959945,0.48518878,0.005211754
3894,1,1,0.017269302,0.6712264,0.3115043
3895,1,1,0.08535073,0.7970085,0.11764079
3896,0,0,0.9988731,0.0010868974,3.999115e-05
3897,1,1,0.16919658,0.77590126,0.054902215
3898,0,0,0.7815093,0.21793045,0.0005602881
3899,2,2,5.857943e-05,0.020592006,0.97934943
3900,1,1,0.36261302,0.6260469,0.011340072
3901,2,2,3.9988787e-05,0.00071842835,0.9992416
3902,0,0,0.978039,0.021915784,4.521839e-05
3903,0,1,0.14110544,0.7942289,0.06466566
3904,1,1,0.052028455,0.7815572,0.16641435
3905,1,0,0.7952051,0.2042181,0.00057680195
3906,0,0,0.9892638,0.010695919,4.0327774e-05
3907,0,0,0.58980685,0.40771785,0.0024753192
3908,1,1,0.17854731,0.7703288,0.051123857
3909,0,0,0.998564,0.0013960443,3.9990984e-05
3910,0,0,0.68884486,0.3099355,0.0012196151
3911,0,0,0.985273,0.014679965,4.7012865e-05
3912,1,1,0.15731499,0.7812314,0.061453603
3913,2,2,0.00024847593,0.1562627,0.8434889
3914,2,1,0.03804376,0.7526432,0.20931305
3915,0,0,0.999766,0.00019405299,3.9985352e-05
3916,2,2,8.5913925e-05,0.062035643,0.9378785
3917,1,1,0.06746149,0.78835434,0.14418419
3918,2,1,0.02027604,0.6653764,0.31434757
3919,1,1,0.08881779,0.7840782,0.12710403
3920,0,0,0.92044735,0.07941248,0.00014020028
3921,2,2,0.0009766505,0.29619935,0.702824
3922,1,1,0.19623958,0.7599983,0.043762106
3923,1,2,9.7574055e-05,0.08298801,0.91691446
3924,1,1,0.122277744,0.80054915,0.0771731
3925,0,0,0.9998173,0.00014274722,3.9987404e-05
3926,0,0,0.9729344,0.027011205,5.4332475e-05
3927,1,0,0.9148444,0.085045196,0.000110477115
3928,0,0,0.9981833,0.0017767288,3.999284e-05
3929,2,2,0.0024396025,0.38729012,0.61027026
3930,1,0,0.53278214,0.46317118,0.0040467335
3931,1,1,0.009397251,0.5427991,0.44780368
3932,0,0,0.97568995,0.024252422,5.7630405e-05
3933,0,0,0.8679837,0.13178284,0.00023353088
3934,1,0,0.5221338,0.4733686,0.0044975737
3935,0,0,0.9924318,0.0075278454,4.0357314e-05
3936,1,1,0.13086559,0.8018315,0.06730291
3937,1,1,0.010810548,0.600258,0.38893148
3938,1,2,0.0003812262,0.20109513,0.79852366
3939,2,2,3.999043e-05,0.0003721861,0.99958783
3940,0,0,0.5041506,0.4905999,0.0052495063
3941,0,0,0.90208113,0.097747944,0.00017093695
3942,0,1,0.33711702,0.6470785,0.015804458
3943,2,2,7.6298544e-05,0.06676258,0.93316114
3944,2,1,0.16565926,0.7820809,0.052259862
3945,1,1,0.004951674,0.5106769,0.48437145
3946,1,1,0.24536802,0.722752,0.031880055
3947,2,2,0.001312409,0.32109177,0.67759585
3948,0,0,0.99458253,0.005377548,3.999285e-05
3949,2,2,0.000102977596,0.071943305,0.9279537
3950,0,0,0.9998865,7.3565985e-05,3.999017e-05
3951,1,1,0.12900968,0.7864009,0.08458948
3952,0,0,0.99774635,0.002213703,3.9992447e-05
3953,2,2,3.9992694e-05,0.0060526975,0.99390733
3954,0,1,0.049275048,0.7852874,0.1654376
3955,0,0,0.86950535,0.13020895,0.00028566792
3956,2,2,3.9992377e-05,0.006182777,0.9937772
3957,0,1,0.33359787,0.6494365,0.016965674
3958,0,0,0.9995167,0.00044330643,3.9994902e-05
3959,0,0,0.98228055,0.017676558,4.293115e-05
3960,0,1,0.18428516,0.7632618,0.052453075
3961,0,0,0.70032334,0.2985009,0.0011758001
3962,1,1,0.0061207106,0.5326126,0.46126673
3963,0,0,0.89319485,0.10665235,0.00015281269
3964,0,1,0.08748263,0.79196167,0.12055573
3965,0,0,0.9075789,0.09229094,0.00013018977
3966,0,0,0.9998487,0.00011126459,3.998866e-05
3967,1,1,0.36284363,0.6231502,0.014006133
3968,1,1,0.19435088,0.762143,0.04350608
3969,1,1,0.26777795,0.7072554,0.0249666
3970,1,1,0.17427675,0.77035445,0.055368863
3971,2,2,5.213558e-05,0.041462846,0.958485
3972,0,0,0.99981904,0.00014103577,3.998747e-05
3973,1,1,0.21561052,0.7362313,0.04815817
3974,2,1,0.0120204305,0.6194703,0.36850932
3975,2,2,0.0013723399,0.33798194,0.6606457
3976,2,2,3.9986677e-05,0.0018695423,0.99809045
3977,0,0,0.9790193,0.020934105,4.660846e-05
3978,1,2,0.001537622,0.35603303,0.64242935
3979,1,1,0.15822107,0.7774874,0.06429153
3980,0,0,0.99983203,0.0001280003,3.9987994e-05
3981,1,1,0.08838912,0.7900631,0.121547826
3982,0,0,0.9877173,0.012242427,4.0349285e-05
3983,1,1,0.32596508,0.6575391,0.01649581
3984,2,2,0.00017234718,0.12649198,0.8733357
3985,0,0,0.8198943,0.17967522,0.0004304764
3986,0,0,0.9979502,0.002009816,3.9993283e-05
3987,2,2,3.999054e-05,0.001529058,0.99843097
3988,0,1,0.16799647,0.77463627,0.057367235
3989,2,1,0.017345414,0.6658877,0.31676692
3990,1,1,0.12777948,0.7901908,0.08202972
3991,2,2,0.00025509056,0.15618758,0.84355736
3992,1,0,0.8252829,0.17429085,0.0004263281
3993,1,1,0.09151122,0.8080268,0.10046202
3994,2,2,0.0011300597,0.31873375,0.6801362
3995,0,0,0.8613282,0.13842265,0.0002492255
3996,2,1,0.01366495,0.6415655,0.34476954
3997,1,1,0.054418337,0.7795012,0.1660805
3998,0,0,0.907516,0.09234632,0.00013765974
3999,1,1,0.039706185,0.757919,0.2023748
4000,1,1,0.4319504,0.5595165,0.008533175
4001,1,1,0.020762462,0.6675744,0.3116632
4002,0,0,0.99952763,0.0004323951,3.999534e-05
4003,2,2,8.8262175e-05,0.067636445,0.9322753
4004,1,1,0.010708191,0.5965172,0.39277458
4005,2,2,3.999438e-05,0.013701226,0.9862588
4006,0,0,0.7567478,0.2426058,0.00064644613
4007,1,1,0.10108218,0.80390024,0.09501766
4008,1,1,0.064078994,0.77567935,0.16024168
4009,0,0,0.9997959,0.00016416083,3.998655e-05
4010,0,0,0.9609402,0.039000224,5.9593604e-05
4011,2,2,3.9988277e-05,0.0006699967,0.99929
4012,1,0,0.77985185,0.21952747,0.00062067725
4013,1,1,0.12322481,0.8031738,0.0736014
4014,2,2,0.0020368448,0.37617147,0.62179166
4015,1,1,0.015935238,0.6247106,0.35935414
4016,0,0,0.9990673,0.00089267705,3.999404e-05
4017,0,0,0.9995632,0.0003968144,3.9994324e-05
4018,0,0,0.9899057,0.010054324,3.9993763e-05
4019,0,1,0.22481872,0.7409562,0.03422515
4020,1,2,0.002104354,0.39397138,0.60392433
4021,1,0,0.6404036,0.35770938,0.00188701
4022,0,0,0.99827397,0.0016860677,3.9994025e-05
4023,1,1,0.009544345,0.56624615,0.4242095
4024,0,0,0.91211116,0.08773046,0.00015834176
4025,1,1,0.053757288,0.7816883,0.16455443
4026,2,2,3.999235e-05,0.0036199547,0.99634004
4027,0,0,0.999845,0.00011505601,3.998851e-05
4028,2,2,3.9992425e-05,0.017411213,0.98254883
4029,0,0,0.99692976,0.0030303109,3.9989085e-05
4030,0,0,0.8192027,0.18035595,0.00044130115
4031,1,2,0.0005667321,0.23567612,0.76375717
4032,2,2,4.616738e-05,0.027871571,0.97208226
4033,2,2,0.0010575341,0.27479815,0.72414434
4034,0,0,0.8722146,0.12755714,0.00022823976
4035,2,1,0.015048049,0.6495561,0.33539584
4036,0,0,0.99983764,0.00012239236,3.998822e-05
4037,1,1,0.3895536,0.6006409,0.009805524
4038,2,2,7.468451e-05,0.06306959,0.93685573
4039,1,0,0.6863308,0.31228316,0.0013860427
4040,1,1,0.0046302304,0.49867666,0.4966931
4041,1,2,0.0038051193,0.47325873,0.52293617
4042,1,1,0.34716937,0.6353147,0.017515976
4043,2,2,0.00016416221,0.12846707,0.87136877
4044,0,1,0.3624243,0.623348,0.014227707
4045,2,2,0.0037501296,0.46094227,0.53530765
4046,1,1,0.46641657,0.52631617,0.007267231
4047,2,2,0.00031099157,0.19737543,0.80231357
4048,1,1,0.102537915,0.7942443,0.103217795
4049,2,2,5.078951e-05,0.030926771,0.9690224
4050,2,2,0.0063130385,0.47098136,0.5227056
4051,0,0,0.90818936,0.09164927,0.00016137364
4052,1,1,0.05500666,0.78347456,0.16151875
4053,0,0,0.9938964,0.0060636094,3.9992257e-05
4054,0,1,0.4423564,0.54861194,0.009031733
4055,0,0,0.9834341,0.016524557,4.1339863e-05
4056,1,1,0.27428204,0.7006822,0.02503572
4057,1,0,0.6820472,0.31651443,0.0014384446
4058,2,2,3.999101e-05,0.0045688483,0.9953912
4059,0,0,0.8880405,0.11167735,0.00028218093
4060,0,0,0.5444872,0.45232713,0.0031856827
4061,1,0,0.5695827,0.42688206,0.0035352604
4062,0,0,0.85892123,0.14075367,0.000325127
4063,0,0,0.999887,7.308174e-05,3.9990187e-05
4064,0,1,0.39304477,0.5961451,0.010810199
4065,2,1,0.006330873,0.5424722,0.45119697
4066,1,0,0.55811447,0.43868148,0.0032040472
4067,1,2,0.0006732603,0.24716082,0.752166
4068,1,1,0.30220762,0.6782665,0.019525906
4069,2,2,0.00010929085,0.097875625,0.9020151
4070,2,2,0.00036536367,0.1794677,0.82016695
4071,0,0,0.9996599,0.00030013965,3.998599e-05
4072,0,0,0.99987656,8.351795e-05,3.9989776e-05
4073,1,1,0.20585883,0.7553183,0.038822927
4074,1,2,0.0010837102,0.3184458,0.68047047
4075,0,0,0.860822,0.13890389,0.00027411524
4076,0,0,0.7177638,0.2811861,0.0010500955
4077,1,0,0.6686917,0.3299217,0.0013866379
4078,2,2,4.031771e-05,0.020522574,0.9794371
4079,0,0,0.9970563,0.002903754,3.9991708e-05
4080,2,2,3.9991293e-05,0.0060262363,0.9939338
4081,2,2,0.00045998621,0.21819481,0.7813451
4082,1,0,0.6468211,0.3512765,0.0019024492
4083,2,1,0.024612032,0.6834449,0.29194307
4084,0,0,0.9998435,0.00011661253,3.998845e-05
4085,0,0,0.9967997,0.0031603822,3.9993654e-05
4086,1,1,0.38101572,0.60631275,0.012671526
4087,0,0,0.8883466,0.111388035,0.0002653753
4088,1,1,0.07009719,0.8030822,0.12682062
4089,2,2,7.464078e-05,0.07602394,0.92390144
4090,0,0,0.7783428,0.22090676,0.00075037096
4091,1,1,0.47920612,0.51341254,0.007381264
4092,1,1,0.0076899044,0.5416269,0.45068324
4093,2,2,0.0007853473,0.25788707,0.7413276
4094,1,0,0.81975853,0.17980948,0.0004320015
4095,1,1,0.2609497,0.7147666,0.02428368
4096,2,2,5.0835562e-05,0.03796214,0.961987
4097,1,1,0.16524589,0.7786573,0.056096822
4098,0,1,0.49220338,0.50239223,0.005404378
4099,2,2,0.0026622983,0.39009905,0.60723865
4100,1,1,0.189894,0.76335764,0.046748396
4101,1,2,0.003429904,0.46240118,0.53416896
4102,0,1,0.024501655,0.71673304,0.2587653
4103,0,0,0.7089815,0.28967246,0.0013460087
4104,1,1,0.00741568,0.53463334,0.45795104
4105,0,0,0.99966246,0.00029761624,3.998365e-05
4106,0,0,0.9989319,0.0010281468,3.9993498e-05
4107,0,1,0.45849222,0.5349923,0.0065154764
4108,1,1,0.17784038,0.76683635,0.055323265
4109,0,0,0.952308,0.04762522,6.670329e-05
4110,2,1,0.032665994,0.7263932,0.24094078
4111,2,2,0.00020646288,0.13336384,0.8664297
4112,0,0,0.99944204,0.0005179786,3.999192e-05
4113,1,1,0.11096928,0.79608136,0.09294928
4114,2,2,0.0022876172,0.39430133,0.6034111
4115,0,1,0.48653466,0.50780535,0.0056600138
4116,0,0,0.99934924,0.00061079545,3.999065e-05
4117,0,0,0.5771233,0.41990402,0.002972734
4118,0,0,0.94568765,0.054211546,0.00010078677
4119,1,1,0.0447719,0.7453964,0.20983174
4120,1,1,0.17584635,0.77869016,0.04546351
4121,0,0,0.5860045,0.41134664,0.0026488272
4122,1,1,0.19334798,0.7608786,0.045773473
4123,0,0,0.9848868,0.015071499,4.167201e-05
4124,2,1,0.14866878,0.7923991,0.058932144
4125,0,1,0.31991798,0.6627886,0.01729339
4126,0,0,0.66331017,0.3349492,0.0017406145
4127,0,0,0.9991115,0.00084851385,3.999092e-05
4128,1,1,0.45541173,0.53802323,0.0065650484
4129,1,1,0.008395407,0.5666398,0.42496485
4130,0,0,0.72607243,0.27288532,0.0010422282
4131,0,0,0.7497848,0.24950723,0.000707967
4132,2,2,3.999332e-05,0.0068305577,0.9931295
4133,0,0,0.8665771,0.13316226,0.00026066118
4134,1,0,0.6313607,0.36642805,0.0022112795
4135,0,1,0.069183,0.7995939,0.13122308
4136,2,1,0.22175264,0.73796815,0.040279232
4137,0,0,0.8819428,0.117864385,0.00019283085
4138,1,1,0.4078411,0.5825258,0.00963313
4139,0,1,0.20645982,0.750527,0.043013137
4140,0,0,0.8247819,0.17488098,0.00033711642
4141,2,1,0.009000232,0.57040113,0.42059863
4142,0,0,0.99829,0.001670024,3.9992225e-05
4143,0,0,0.97854203,0.0214124,4.5576755e-05
4144,0,0,0.9559332,0.044007562,5.9221475e-05
4145,0,1,0.39126468,0.59919465,0.009540697
4146,0,0,0.99987495,8.510455e-05,3.998971e-05
4147,1,1,0.10796531,0.7984743,0.09356039
4148,1,1,0.023510586,0.713402,0.26308748
4149,1,1,0.49031612,0.50353175,0.006152176
4150,2,2,8.507402e-05,0.067951754,0.9319632
4151,0,0,0.99985147,0.00010853096,3.998877e-05
4152,0,1,0.18538417,0.7705176,0.044098265
4153,1,1,0.08459612,0.80440724,0.11099664
4154,0,0,0.57589376,0.42072135,0.0033849247
4155,1,1,0.086464465,0.791809,0.12172649
4156,1,1,0.06377131,0.78506523,0.15116343
4157,0,0,0.9072678,0.09255006,0.00018215086
4158,2,2,0.00094360014,0.2861643,0.7128921
4159,1,1,0.012231499,0.6252948,0.3624737
4160,1,1,0.42603695,0.56522816,0.0087349005
4161,1,2,0.005124273,0.4948451,0.50003064
4162,0,0,0.92696965,0.072931156,9.923228e-05
4163,0,0,0.99931556,0.0006444585,3.9991748e-05
4164,0,0,0.99454516,0.005414917,3.9991344e-05
4165,0,0,0.73358554,0.26530772,0.001106733
4166,1,0,0.6467273,0.3517123,0.0015604172
4167,0,0,0.9998669,9.310465e-05,3.998939e-05
4168,1,1,0.29132092,0.688419,0.020260096
4169,0,1,0.17662886,0.77286905,0.050502054
4170,2,2,0.0017611742,0.3742298,0.6240091
4171,0,0,0.9603983,0.03953939,6.228009e-05
4172,1,1,0.006846793,0.5343839,0.45876932
4173,1,2,0.0035259281,0.42183763,0.57463646
4174,0,0,0.9980735,0.0018865458,3.9990882e-05
4175,0,0,0.99974465,0.00021539727,3.99845e-05
4176,1,1,0.005284021,0.53168666,0.46302933
4177,2,2,0.00466818,0.4917783,0.5035535
4178,1,1,0.37654278,0.6102702,0.013187027
4179,0,1,0.13795184,0.7826165,0.079431646
4180,0,0,0.9615906,0.038352247,5.7160727e-05
4181,0,0,0.9996406,0.00031948893,3.9985214e-05
4182,0,0,0.91507846,0.084767014,0.0001545725
4183,0,0,0.9389893,0.06092594,8.4718646e-05
4184,1,1,0.21985553,0.73774743,0.04239703
4185,2,1,0.091604464,0.78965473,0.11874073
4186,2,2,0.0034353593,0.4279446,0.56862
4187,1,1,0.032733746,0.7376077,0.22965854
4188,0,0,0.99960697,0.000353047,3.9986313e-05
4189,1,1,0.14265369,0.7836728,0.073673576
4190,1,1,0.13057344,0.79500043,0.07442621
4191,0,0,0.87350726,0.12624517,0.00024758614
4192,1,1,0.052379206,0.7836824,0.1639384
4193,1,1,0.018737467,0.6650184,0.31624418
4194,2,2,0.00043848992,0.21114187,0.78841966
4195,0,0,0.58666617,0.41076526,0.0025686114
4196,0,0,0.9087737,0.09110043,0.00012582935
4197,2,2,0.00022757599,0.14879727,0.85097516
4198,2,2,0.0036149947,0.43461725,0.56176776
4199,0,0,0.75530005,0.244001,0.0006989796
4200,0,0,0.9998553,0.00010471718,3.998892e-05
4201,1,2,0.0024436028,0.41494226,0.5826141
4202,0,0,0.9998789,8.11342e-05,3.9989867e-05
4203,0,0,0.84189236,0.15766375,0.00044385617
4204,2,2,4.2277177e-05,0.02942483,0.9705329
4205,0,0,0.9977141,0.0022459158,3.9993603e-05
4206,0,0,0.99741507,0.0025449833,3.9988958e-05
4207,1,0,0.8947995,0.105006546,0.0001940043
4208,0,0,0.9050926,0.0947651,0.00014235626
4209,2,2,3.998574e-05,0.0002452779,0.99971473
4210,0,0,0.9931512,0.0068088016,3.9991734e-05
4211,2,2,3.9989434e-05,0.0010687464,0.99889123
4212,0,0,0.8816161,0.11818886,0.00019506001
4213,0,0,0.9693393,0.030612553,4.8189304e-05
4214,1,1,0.18944174,0.7586173,0.051941004
4215,0,0,0.9764659,0.023490304,4.383823e-05
4216,0,0,0.62878484,0.3686784,0.0025367863
4217,0,0,0.9506173,0.049289197,9.3513474e-05
4218,1,2,0.00050633564,0.2043903,0.7951034
4219,0,0,0.99660486,0.0033551697,3.999073e-05
4220,2,2,0.0014602594,0.3471905,0.65134925
4221,0,0,0.9986986,0.0012614059,3.998905e-05
4222,2,2,0.0011055844,0.2842942,0.71460027
4223,2,1,0.42694256,0.5651276,0.007929826
4224,1,1,0.22927533,0.7336434,0.037081305
4225,2,2,9.580348e-05,0.0889789,0.9109253
4226,1,1,0.015001302,0.65637946,0.32861927
4227,1,1,0.042652987,0.75065553,0.2066915
4228,0,0,0.59339064,0.40380204,0.0028073445
4229,1,1,0.018869977,0.6561421,0.3249879
4230,0,0,0.9897895,0.010169695,4.0803545e-05
4231,2,2,3.9990548e-05,0.005739474,0.9942205
4232,0,0,0.90303564,0.09683728,0.00012707803
4233,0,1,0.20963866,0.75169677,0.038664583
4234,1,1,0.37120098,0.61788434,0.010914672
4235,1,1,0.47394168,0.51929104,0.006767292
4236,1,1,0.14060462,0.7847986,0.07459681
4237,2,1,0.012009293,0.6042968,0.38369393
4238,2,2,0.0012335496,0.33332688,0.66543955
4239,1,0,0.8832788,0.11653592,0.00018530559
4240,0,0,0.9929505,0.007009291,4.0249193e-05
4241,2,2,0.0001666796,0.10469721,0.8951361
4242,1,2,0.0015056608,0.31462198,0.68387234
4243,1,1,0.016014855,0.67265236,0.3113328
4244,0,0,0.93787456,0.06203538,9.005734e-05
4245,0,0,0.8663173,0.13337168,0.00031107356
4246,1,0,0.58385587,0.41198123,0.004162961
4247,0,0,0.7277435,0.27103394,0.0012225314
4248,2,1,0.020089906,0.6278018,0.35210827
4249,1,1,0.12578583,0.80091536,0.07329881
4250,2,2,5.6674366e-05,0.045934804,0.9540085
4251,1,1,0.25027826,0.72253025,0.027191523
4252,1,0,0.8231006,0.17632964,0.0005697696
4253,1,0,0.84804976,0.15165025,0.00030003497
4254,1,1,0.02640374,0.7111276,0.26246867
4255,0,0,0.9994714,0.0004885921,3.998821e-05
4256,1,1,0.34345835,0.64321846,0.013323233
4257,0,0,0.85820246,0.14150456,0.00029304277
4258,2,2,3.999351e-05,0.010732285,0.9892277
4259,1,0,0.72075194,0.2779509,0.0012971844
4260,2,2,6.548123e-05,0.055143364,0.9447912
4261,2,2,3.9989438e-05,0.00076322944,0.99919677
4262,0,0,0.99984485,0.00011519002,3.9988503e-05
4263,2,2,0.00019692397,0.11636539,0.8834377
4264,2,2,0.0062050354,0.48308805,0.5107069
4265,2,1,0.032561842,0.7485487,0.21888945
4266,0,0,0.825832,0.17383651,0.00033141926
4267,2,2,0.0038211024,0.46438408,0.53179485
4268,1,1,0.030069342,0.73537016,0.23456055
4269,1,1,0.3776512,0.6094267,0.01292209
4270,0,0,0.9876629,0.0122969365,4.014842e-05
4271,1,1,0.06457636,0.78171104,0.1537126
4272,2,2,3.9988805e-05,0.00022968672,0.99973035
4273,1,1,0.11955299,0.7985778,0.08186926
4274,0,0,0.89949816,0.10033798,0.00016386801
4275,0,1,0.48386008,0.5088561,0.007283803
4276,2,2,0.00015677538,0.10463829,0.8952049
4277,2,1,0.12015405,0.78863585,0.09121014
4278,2,2,0.00046312666,0.22713113,0.77240574
4279,1,0,0.6889632,0.30965593,0.0013809027
4280,0,0,0.67832065,0.32023734,0.0014420247
4281,0,0,0.9897224,0.010234452,4.3138007e-05
4282,2,2,4.1959436e-05,0.028702218,0.97125584
4283,0,0,0.9981942,0.0017657771,3.9993276e-05
4284,0,0,0.52203846,0.47324413,0.0047173947
4285,1,1,0.019228078,0.6697977,0.31097424
4286,0,0,0.93090975,0.068997554,9.266066e-05
4287,1,1,0.4236741,0.5682551,0.008070773
4288,2,2,9.939278e-05,0.049645476,0.95025516
4289,1,0,0.95491296,0.045021728,6.532898e-05
4290,2,2,3.9991708e-05,0.00088982994,0.99907017
4291,2,2,0.00012169454,0.0899405,0.9099378
4292,2,1,0.014039727,0.61995417,0.36600608
4293,0,0,0.72261107,0.27650213,0.00088680134
4294,0,0,0.8869093,0.11289945,0.00019126211
4295,0,0,0.8494065,0.15031768,0.00027583007
4296,2,2,5.7358455e-05,0.051010884,0.94893175
4297,0,0,0.62530446,0.37243646,0.002259131
4298,0,0,0.7874999,0.21196634,0.00053374603
4299,0,1,0.04212991,0.7621569,0.19571319
4300,1,1,0.008365845,0.570755,0.42087913
4301,0,0,0.93858963,0.061317176,9.3214585e-05
4302,0,0,0.9696379,0.030286279,7.5850716e-05
4303,0,0,0.97154784,0.028403837,4.8386326e-05
4304,0,1,0.33809662,0.64751065,0.014392739
4305,0,0,0.99931467,0.0006453813,3.9991708e-05
4306,1,1,0.24347089,0.7288548,0.027674353
4307,0,0,0.998533,0.0014269915,3.999219e-05
4308,1,1,0.15613392,0.785298,0.058568124
4309,0,0,0.7284644,0.270475,0.0010606017
4310,1,1,0.007332059,0.5668321,0.42583582
4311,2,2,0.0017110007,0.36289617,0.63539284
4312,0,0,0.979625,0.020331338,4.3710097e-05
4313,1,1,0.12757549,0.78562665,0.08679785
4314,0,0,0.95703197,0.042874638,9.338767e-05
4315,2,2,0.0030501932,0.44653964,0.5504102
4316,0,1,0.24395809,0.7280879,0.027954001
4317,1,1,0.4284469,0.56338775,0.008165377
4318,1,1,0.056539938,0.8000279,0.14343213
4319,0,0,0.97852707,0.021424573,4.833379e-05
4320,0,1,0.18483186,0.7689259,0.046242256
4321,0,0,0.8719941,0.12776068,0.00024520286
