row,y_true,y_pred,p_Low,p_Moderate,p_High
0,0,0,0.5779725424657214,0.40590168998082166,0.016125767553457026
1,0,0,0.8712812062621828,0.124674018629265,0.004044775108552266
2,0,1,0.26001032725799017,0.6366751998715766,0.10331447287043313
3,0,0,0.9528445820825048,0.04624860460191236,0.0009068133155828699
4,0,0,0.9978688013134036,0.0021106668000491387,2.0531886547171735e-05
5,1,1,0.21126672392111195,0.46029358803159254,0.3284396880472955
6,0,0,0.6898248549737891,0.2985856348913717,0.011589510134839337
7,2,2,0.00017506451520579115,0.02845899060534906,0.9713659448794452
8,2,2,0.0008072882344521956,0.05484946824819985,0.944343243517348
9,0,0,0.7914280919647977,0.20374615153067374,0.00482575650452864
10,1,1,0.15530572671803025,0.5311725343452096,0.31352173893676005
11,0,0,0.8965199678854696,0.0994542756726242,0.004025756441906032
12,2,2,0.0014653891112986637,0.11338769313396495,0.8851469177547364
13,0,0,0.957783431666915,0.04071466353121284,0.0015019048018723301
14,2,2,0.05035771587891615,0.4034944583830086,0.5461478257380752
15,0,1,0.31406943188195824,0.5575061883680122,0.12842437975002943
16,2,1,0.05667660319731187,0.4900653466024182,0.4532580502002698
17,0,1,0.356595925662156,0.5673727238766421,0.07603135046120195
18,1,1,0.05746331606238011,0.5296192010540653,0.41291748288355457
19,1,1,0.1599730785239021,0.6547051544963429,0.18532176697975497
20,2,1,0.06946539488224285,0.5287873692668965,0.40174723585086064
21,0,0,0.9964840286008864,0.003486423223489407,2.9548175624370223e-05
22,0,0,0.9929714216190817,0.006959028098977091,6.95502819412393e-05
23,0,0,0.8708988794709475,0.12209612930647101,0.007004991222581444
24,0,1,0.27321462029404336,0.43702928283237386,0.28975609687358267
25,2,2,0.019565184491779748,0.3432865171222557,0.6371482983859645
26,1,1,0.0903580648390672,0.6835853038543217,0.22605663130661105
27,2,2,0.02651744544401823,0.320193990513548,0.6532885640424337
28,0,0,0.913817283105716,0.0838830295702312,0.002299687324052863
29,2,2,0.024173675291336256,0.3405676239413284,0.6352587007673354
30,0,0,0.6730558989216812,0.3079137337628749,0.019030367315444073
31,0,0,0.8681296139811882,0.12621040113658252,0.005659984882229369
32,0,0,0.9254995477785743,0.07318713623639149,0.0013133159850339529
33,0,1,0.4107818630266331,0.5292960417249841,0.059922095248382934
34,2,2,0.020233967878242717,0.45827080251484326,0.521495229606914
35,0,0,0.9321910688263834,0.06666145500680352,0.0011474761668131812
36,0,0,0.736808467436255,0.2512550334930565,0.011936499070688446
37,2,1,0.20951131385869545,0.5917422738242752,0.19874641231702925
38,2,2,0.062392706325084576,0.41176725769327915,0.5258400359816363
39,1,0,0.5663116239011962,0.4124604084210928,0.02122796767771111
40,1,0,0.6949235324258904,0.28259344946764814,0.02248301810646137
41,1,1,0.14826416940483128,0.5350523176789612,0.3166835129162075
42,0,1,0.44422709081827094,0.5179299024351004,0.03784300674662866
43,0,0,0.5223068856773181,0.4472470960650891,0.030446018257592782
44,0,0,0.6058423539534644,0.3511057929781642,0.043051853068371455
45,2,1,0.04183668222606741,0.5191982713181618,0.43896504645577084
46,0,0,0.9758302841048786,0.023516690143041804,0.0006530257520794283
47,1,1,0.15195419412739758,0.5647548706299241,0.2832909352426782
48,0,0,0.9755588819201813,0.02404260445054383,0.0003985136292748836
49,0,0,0.5599971638850358,0.4277301691474966,0.012272666967467514
50,2,2,0.0048632135099205154,0.15782461984038007,0.8373121666496994
51,1,0,0.7909495527913597,0.20183421500907228,0.007216232199567997
52,0,0,0.9972290471022387,0.0027404696022702425,3.0483295491221565e-05
53,0,0,0.804212816547857,0.19008438481970047,0.00570279863244243
54,0,0,0.9508130117712966,0.04717205011478934,0.002014938113914069
55,1,0,0.5213876040816969,0.4469688154564826,0.03164358046182054
56,1,1,0.2231560107562367,0.5648138798514788,0.21203010939228445
57,0,0,0.6840442591604082,0.2827889478792011,0.0331667929603907
58,0,0,0.6447040665046633,0.3269523526116137,0.028343580883722966
59,0,0,0.5673362032320678,0.41532560082923153,0.017338195938700673
60,0,0,0.9103376428441309,0.08733602571636007,0.0023263314395091383
61,1,1,0.3004681609444223,0.5680126466206744,0.13151919243490345
62,2,2,0.03596291250763059,0.4252490286225142,0.5387880588698551
63,1,0,0.6247211270309427,0.338921569036832,0.036357303932225186
64,0,0,0.7277120656677698,0.23626421843056383,0.036023715901666434
65,1,1,0.14844521484280615,0.6056763448947274,0.2458784402624664
66,0,0,0.4311961360485927,0.43107872142804016,0.1377251425233671
67,1,1,0.05505404355195033,0.6483403031685522,0.29660565327949756
68,1,1,0.282490167604083,0.5846755414314141,0.13283429096450283
69,0,0,0.7226839410460819,0.2606620699335008,0.01665398902041727
70,2,2,0.03123438163450181,0.47408844665837757,0.49467717170712067
71,2,1,0.17146976098505579,0.6767876406231202,0.15174259839182405
72,1,1,0.14480818903160694,0.669446291088219,0.18574551988017413
73,1,1,0.31329036054558046,0.5447756455422192,0.14193399391220024
74,1,1,0.2283499770684617,0.6777329765998372,0.09391704633170112
75,2,2,0.007494695639629695,0.13443889146695298,0.8580664128934175
76,1,1,0.24817408013799938,0.6108787439249106,0.14094717593709
77,0,0,0.9445368283506238,0.05316317100665525,0.002300000642720811
78,0,1,0.2214835001324924,0.6109934152693534,0.1675230845981543
79,0,1,0.4510339557431057,0.4986248051060004,0.05034123915089384
80,2,2,0.01248719541691458,0.3747701671294321,0.6127426374536532
81,0,1,0.2406388662170347,0.6483876263402644,0.1109735074427009
82,1,0,0.8840999590718555,0.10780621855538856,0.008093822372756083
83,0,0,0.7564428193429783,0.20631703311793756,0.03724014753908409
84,2,2,7.355945080557029e-05,0.008206096198061003,0.9917203443511334
85,1,1,0.41930374534196124,0.42866442567262636,0.1520318289854124
86,1,0,0.6460828237114787,0.30407475486932206,0.04984242141919915
87,0,0,0.8892497771929339,0.10874007609468139,0.0020101467123848048
88,2,2,0.046635730398709725,0.4483294390470098,0.5050348305542806
89,0,1,0.2548812640239799,0.639359822500122,0.10575891347589808
90,0,0,0.7201741257256714,0.2686329418759167,0.011192932398411825
91,2,2,0.006746182915435416,0.21355511630848828,0.7796987007760763
92,0,1,0.165540158435307,0.4438997802248511,0.3905600613398419
93,0,0,0.7079599592697663,0.27602431619598644,0.016015724534247273
94,0,0,0.730032448448545,0.23663886084627767,0.033328690705177307
95,0,0,0.9681414544189066,0.03144779888668919,0.0004107466944041765
96,1,1,0.3963229103801534,0.5490869241806626,0.05459016543918396
97,1,1,0.4245309576528481,0.5091225213240987,0.0663465210230531
98,0,0,0.8784107669645899,0.11650980392011716,0.005079429115292867
99,2,2,0.014225755020330317,0.20062133047586783,0.7851529145038019
100,1,1,0.30586268376471676,0.5839766144252666,0.11016070181001669
101,0,0,0.9687957433155735,0.030558127597892105,0.0006461290865343599
102,1,2,0.02034454593801223,0.43377792070297033,0.5458775333590175
103,2,2,0.008655296924313594,0.3561077657793392,0.6352369372963472
104,0,1,0.2834413651314679,0.6011716456270285,0.11538698924150359
105,1,1,0.1035891802702978,0.5809604636574631,0.315450356072239
106,1,1,0.07121974659885079,0.6129120900563051,0.31586816334484397
107,1,1,0.08688234816671864,0.5088535027579575,0.40426414907532393
108,0,0,0.8902732500650865,0.1048128834412402,0.004913866493673205
109,0,0,0.9479207030772374,0.050598259896371955,0.0014810370263906674
110,1,1,0.14336109696484675,0.5551980709988039,0.3014408320363493
111,0,0,0.6499722513025747,0.32655424469161415,0.02347350400581115
112,2,2,0.024814692582505946,0.23028753391149265,0.7448977735060015
113,1,2,0.04337106646280678,0.45069600406658833,0.5059329294706049
114,0,0,0.9808950878883347,0.018418460126712576,0.0006864519849527264
115,1,2,0.04148949689031937,0.26516836965990026,0.6933421334497805
116,1,0,0.5108580606025789,0.32674803001067526,0.1623939093867459
117,0,0,0.7805924638875767,0.19952843952994623,0.019879096582476937
118,0,1,0.4354906491847821,0.4972721493421963,0.0672372014730215
119,0,0,0.9789759781708703,0.02087892029336964,0.0001451015357600997
120,0,0,0.9296033499904265,0.067550868898136,0.0028457811114375
121,1,0,0.47155296935484287,0.4271930991995084,0.10125393144564879
122,0,0,0.9835654333080772,0.015685670071017274,0.0007488966209057197
123,2,1,0.08700120249057129,0.6228578339904964,0.29014096351893237
124,1,0,0.6914057941725958,0.29531660999962817,0.013277595827775934
125,0,0,0.7465037004147295,0.242169817458627,0.011326482126643585
126,1,1,0.4624980060079597,0.4969192562223974,0.040582737769642975
127,0,1,0.3609241367597425,0.55225784736209,0.08681801587816752
128,0,0,0.9914718522605792,0.008257532258509136,0.0002706154809115249
129,2,1,0.026953240833131144,0.5082465588863372,0.46480020028053165
130,1,1,0.17154992322534418,0.710132762510745,0.11831731426391077
131,1,0,0.603217927168306,0.3514927847733173,0.04528928805837672
132,1,1,0.2809340362131701,0.6228885923487568,0.09617737143807302
133,1,0,0.4315983966799816,0.41749838728757077,0.15090321603244752
134,1,2,0.021151315086650788,0.43016674748672246,0.5486819374266269
135,2,2,9.948842929586781e-05,0.020531906865810447,0.9793686047048937
136,0,0,0.7359290990573596,0.24740928111803986,0.01666161982460064
137,1,1,0.2539892653557944,0.48775834680054164,0.25825238784366406
138,0,0,0.9963358220831303,0.003635962829482731,2.821508738684739e-05
139,0,0,0.49186903391020165,0.48848919730277396,0.019641768787024498
140,0,0,0.5798246122750865,0.3970694400850419,0.023105947639871702
141,0,0,0.7820684400110999,0.21351127346230422,0.004420286526595818
142,0,0,0.7439872378982275,0.24846675298048876,0.007546009121283721
143,0,0,0.9765010207101484,0.02324613915379019,0.0002528401360614901
144,2,1,0.16425638244261953,0.5734799549040942,0.2622636626532863
145,0,1,0.4879302463025466,0.49279351269045435,0.019276241006998974
146,1,1,0.3216200835114744,0.597194525240338,0.08118539124818763
147,2,2,0.01369188617493801,0.3470397360857283,0.6392683777393336
148,0,0,0.9384936785051359,0.0600461223966683,0.0014601990981958238
149,0,1,0.3208283631619897,0.5958752834969638,0.08329635334104646
150,2,1,0.1380548491445372,0.6581108324976893,0.20383431835777338
151,2,1,0.12164433466214954,0.6143959271819028,0.26395973815594775
152,1,1,0.0946721357490124,0.5876917184715766,0.3176361457794109
153,1,1,0.09624850905548829,0.5429814893883201,0.3607700015561915
154,2,2,0.01918160856707102,0.3874597466004524,0.5933586448324767
155,2,1,0.07125408961841513,0.6826633566237276,0.24608255375785726
156,1,1,0.1548934475538696,0.44186475074372444,0.40324180170240603
157,1,1,0.2809479836373762,0.5917065684097551,0.1273454479528687
158,1,0,0.6750308804961858,0.3080827793168544,0.016886340186959788
159,2,2,0.004967886447257293,0.16677724766400595,0.8282548658887368
160,1,1,0.1292821769306972,0.6555315953894629,0.21518622767983986
161,0,0,0.5250665653454905,0.4389236891915782,0.03600974546293125
162,1,0,0.5969562289274664,0.34437270962720173,0.05867106144533185
163,0,0,0.9032484744161373,0.09229990932820627,0.004451616255656427
164,0,0,0.6097450752972079,0.36980743989674214,0.020447484806049906
165,1,1,0.40665465527409306,0.47423092534326144,0.11911441938264546
166,1,1,0.13627634148155782,0.5454556141494187,0.31826804436902356
167,0,0,0.7288640686303509,0.26097639291430635,0.010159538455342723
168,2,1,0.232609593176033,0.4222387519006542,0.34515165492331285
169,0,0,0.944505515567295,0.05175163030476032,0.003742854127944678
170,0,0,0.5635134261598019,0.40849928491096793,0.027987288929230074
171,1,0,0.5938205012460318,0.35496185683030795,0.05121764192366017
172,0,0,0.9345492612751155,0.06244625083073223,0.003004487894152331
173,1,0,0.6366005306868822,0.311287611772876,0.05211185754024166
174,2,2,0.020656002736413676,0.45260487712245456,0.5267391201411318
175,0,0,0.7777457407521302,0.2019131176085107,0.020341141639359198
176,1,1,0.10838446949978311,0.6064333985613302,0.28518213193888675
177,0,0,0.5360574962708298,0.40330697820164446,0.06063552552752577
178,1,0,0.6883038854978695,0.24279129089570378,0.0689048236064268
179,0,0,0.5451878082789868,0.43485447539371624,0.019957716327296905
180,1,1,0.3242886693388633,0.5690857349522681,0.10662559570886858
181,2,2,0.046529912077974814,0.3445726044698628,0.6088974834521623
182,0,0,0.9855357298977222,0.014123039347169906,0.00034123075510794756
183,2,1,0.17156638034767188,0.7395958499050787,0.08883776974724947
184,0,0,0.9871080928707382,0.012760992516242778,0.00013091461301902125
185,0,0,0.9037989952630077,0.09390595796087907,0.0022950467761132924
186,1,1,0.14827405588872689,0.6016541718475414,0.2500717722637316
187,2,2,0.009333759184861169,0.24427667287560284,0.7463895679395359
188,2,2,0.16367001639489176,0.39519126550817607,0.44113871809693234
189,0,0,0.9206694071090378,0.07750555531157638,0.001825037579386055
190,2,1,0.09560715956885063,0.636183542388737,0.26820929804241245
191,2,2,0.0017811766349749114,0.06494829225710416,0.933270531107921
192,0,0,0.6459877591900954,0.3252375224404494,0.02877471836945513
193,2,2,0.06857233595178581,0.4593138748449998,0.47211378920321434
194,1,1,0.3448292665481778,0.4230444911822516,0.23212624226957054
195,0,0,0.7651293259125734,0.22415588783261145,0.010714786254814961
196,1,1,0.35238742306607107,0.5023922122911846,0.14522036464274424
197,0,0,0.554279845988714,0.3910074716342968,0.054712682376989175
198,0,0,0.8219613976231198,0.1683076684065711,0.009730933970309179
199,2,2,0.004464840732173691,0.11192313447171343,0.883612024796113
200,1,2,0.04716731475898702,0.4461482560946424,0.5066844291463706
201,2,2,0.002337624635194848,0.09020706346833905,0.9074553118964661
202,0,1,0.3849936350877184,0.5730081413602303,0.04199822355205123
203,0,0,0.6472460862602518,0.3028557747495588,0.0498981389901894
204,1,1,0.0931550330870824,0.5887981201909324,0.3180468467219853
205,1,1,0.12623175601139544,0.5253878948977602,0.34838034909084437
206,2,1,0.02650486307865852,0.5297578261473379,0.4437373107740035
207,0,0,0.7592569680611793,0.22637400782327513,0.01436902411554557
208,1,0,0.575035797290151,0.36037204869969486,0.06459215401015417
209,0,0,0.9915809781331925,0.008314803243328263,0.00010421862347928221
210,1,1,0.13061987306041284,0.7170517383521869,0.15232838858740017
211,1,1,0.04685913618878175,0.6506747727358859,0.3024660910753323
212,0,0,0.9775604195828701,0.0208046521120674,0.0016349283050624147
213,1,1,0.17207050388469367,0.7132419773719324,0.11468751874337398
214,1,1,0.13402055390346979,0.6596044184918177,0.20637502760471252
215,1,2,0.03625410666238871,0.30476555072843897,0.6589803426091724
216,0,1,0.38190973563147496,0.5912130527711938,0.026877211597331172
217,0,0,0.9811377794886377,0.018508831464980748,0.0003533890463815494
218,1,1,0.2093940483928759,0.6624528064949609,0.12815314511216327
219,0,0,0.7830336591660281,0.20259154571731192,0.014374795116659988
220,2,2,0.03772778416231591,0.3576805212904803,0.6045916945472037
221,0,0,0.972814063446533,0.026309846087396442,0.00087609046607051
222,0,0,0.8773576372909688,0.11728672620024987,0.005355636508781434
223,1,1,0.2625564289041329,0.6107180624698993,0.12672550862596782
224,1,0,0.6075378567929559,0.3056091239777107,0.0868530192293334
225,0,0,0.9259260400621739,0.07085344517388335,0.003220514763942875
226,1,1,0.35506645220201627,0.5203728330731814,0.12456071472480228
227,2,2,0.0018615440099506587,0.06545340873526188,0.9326850472547875
228,0,0,0.9731142789995741,0.026274230291406925,0.000611490709019052
229,1,1,0.054796110104091425,0.7191029082761208,0.2261009816197878
230,2,2,0.009734343404238645,0.2710904642491635,0.7191751923465979
231,1,0,0.667638898464499,0.3092709769615547,0.023090124573946418
232,0,1,0.36553739627073567,0.5566125777162894,0.07785002601297493
233,1,1,0.17006321122168858,0.5371983965721832,0.29273839220612824
234,0,0,0.590852981103325,0.38027744708708655,0.028869571809588504
235,2,2,0.0011046548497418878,0.09288479921680783,0.9060105459334502
236,2,2,0.006881168274718102,0.21766717767530722,0.7754516540499747
237,1,1,0.04059284672163041,0.5908394095731017,0.368567743705268
238,0,0,0.5603898543673627,0.4067885783295424,0.03282156730309498
239,1,1,0.18211989376052568,0.5193388778981288,0.2985412283413455
240,0,0,0.8314866686563751,0.1584957822906964,0.010017549052928402
241,0,0,0.805032238357142,0.1912134643194161,0.0037542973234418312
242,0,0,0.9275649591419747,0.0715633538449095,0.0008716870131158359
243,1,0,0.5640460479068087,0.3951739209283025,0.040780031164888805
244,1,1,0.31867934625934596,0.5186546922457261,0.16266596149492782
245,0,0,0.7804428791627313,0.20869129155994018,0.010865829277328687
246,0,0,0.8748179636958857,0.11871462242395209,0.006467413880162234
247,0,0,0.7085822975119446,0.27180413004129517,0.01961357244676031
248,2,1,0.22418513705353132,0.5942348037569524,0.18158005918951636
249,0,0,0.7331188337105918,0.21942636678973246,0.04745479949967561
250,1,0,0.6920593172433508,0.2882059090554458,0.019734773701203412
251,1,0,0.5874713080969277,0.3682953769752287,0.04423331492784367
252,2,1,0.028882687316637276,0.5155451200177891,0.4555721926655737
253,0,0,0.8033636487568121,0.18302515373973857,0.01361119750344929
254,2,2,0.031611149418486695,0.3810795856997595,0.5873092648817537
255,0,0,0.9965242694507943,0.0034402333726750293,3.549717653042929e-05
256,1,1,0.3835344694693482,0.5576992379834839,0.05876629254716791
257,0,0,0.9200427090289423,0.07808554321674466,0.00187174775431308
258,0,1,0.33716616366395497,0.6172612686557736,0.04557256768027137
259,2,2,0.01671664783453608,0.4470926223260412,0.5361907298394227
260,2,2,0.00762018468923415,0.3116691643813144,0.6807106509294515
261,0,0,0.6792537585499804,0.3031654128660422,0.017580828583977484
262,0,0,0.9946299765514567,0.005315743085132477,5.428036341067978e-05
263,2,2,0.004639697805746068,0.1599006957896518,0.8354596064046022
264,0,0,0.739737871521927,0.25092248493897823,0.009339643539094826
265,0,0,0.7039488412878672,0.2758029309707632,0.020248227741369577
266,1,1,0.261928711631079,0.6380913868115009,0.09997990155742018
267,2,2,0.03097070976382667,0.3261418659511927,0.6428874242849806
268,2,2,0.00014149669324201757,0.014572424262329929,0.9852860790444281
269,0,0,0.7943887106194687,0.19924432937541886,0.006366960005112401
270,2,1,0.05247737901550314,0.696320902935535,0.25120171804896196
271,1,1,0.0394050682961697,0.4804766692581774,0.480118262445653
272,0,1,0.21775239359600704,0.5341922288450011,0.24805537755899187
273,0,0,0.7696920674423251,0.21489312646509254,0.01541480609258226
274,2,2,0.01020991648061531,0.1817561895960192,0.8080338939233656
275,0,0,0.9067494967313827,0.09158781837940376,0.0016626848892134173
276,1,1,0.08783510889477787,0.5287376390333142,0.3834272520719079
277,0,0,0.9922505251229842,0.007606627409154292,0.00014284746786160534
278,0,0,0.7364604654791905,0.24632334361935104,0.017216190901458414
279,2,2,0.007966019974995981,0.19174777271386323,0.8002862073111408
280,0,1,0.32204824159297635,0.6117873349220655,0.0661644234849582
281,2,2,0.0017628466332219115,0.1048223374200823,0.8934148159466958
282,0,0,0.6131414942013941,0.3580152159506446,0.028843289847961275
283,1,1,0.47265845830267017,0.47942191711113175,0.04791962458619817
284,0,0,0.7301934907022657,0.2527017048652293,0.017104804432505092
285,0,0,0.8295998627698986,0.16541773131501047,0.004982405915090971
286,1,0,0.859105042123776,0.1338727384824592,0.007022219393764705
287,0,1,0.3338672369186197,0.5692595488460005,0.09687321423537973
288,0,0,0.8240146809028347,0.16619719684089385,0.009788122256271379
289,1,0,0.6677540883450535,0.279757195484606,0.052488716170340545
290,0,1,0.4267603151487492,0.5332355831955008,0.04000410165575006
291,1,1,0.07770416321636467,0.4995268407543435,0.42276899602929174
292,1,1,0.3758532818467008,0.5575307787029423,0.06661593945035674
293,1,1,0.05286423948859312,0.6166543768908912,0.3304813836205158
294,1,1,0.23042017790236216,0.5258316962783293,0.24374812581930855
295,2,1,0.07613805269921951,0.5690877478421003,0.3547741994586802
296,0,0,0.9348528222079666,0.06363138314843801,0.001515794643595449
297,1,1,0.16591121961876085,0.6828661638995149,0.1512226164817241
298,1,1,0.06094982300575135,0.48581690299170777,0.4532332740025409
299,1,0,0.6762468646561816,0.31042851850532316,0.013324616838495236
300,0,0,0.8640161871138773,0.13351378067261577,0.0024700322135069583
301,1,1,0.0489024333817884,0.6478627107894783,0.3032348558287332
302,1,1,0.17994639452770375,0.6416887399251482,0.17836486554714817
303,2,2,0.015866059422849223,0.4520210715836838,0.5321128689934669
304,0,0,0.9498661036670576,0.04855860139096656,0.0015752949419758308
305,0,0,0.9456112795275323,0.052849567832103136,0.0015391526403646092
306,0,0,0.8972149528835367,0.09949272033190538,0.003292326784557789
307,0,0,0.9535269265518681,0.04533917667420191,0.0011338967739300053
308,0,0,0.6139748528888513,0.3580882127065674,0.02793693440458129
309,1,1,0.18919918669243302,0.6111337585510724,0.19966705475649454
310,1,1,0.3538471222573809,0.5408245136363596,0.10532836410625944
311,2,2,0.00529690320101555,0.10314739813773098,0.8915556986612535
312,1,2,0.020041689103180608,0.44304781910206703,0.5369104917947524
313,2,1,0.17804208973632882,0.5683310048165269,0.2536269054471444
314,0,0,0.9211635499877191,0.07693379159316426,0.0019026584191166609
315,1,1,0.1621028922325323,0.5353354126577268,0.30256169510974096
316,0,0,0.9118457741954223,0.08176995212250308,0.006384273682074556
317,1,0,0.8513736005821906,0.140514522842558,0.008111876575251555
318,0,0,0.6673157892963879,0.3223997478864492,0.010284462817162984
319,2,2,0.01296282451434583,0.3636810186302812,0.6233561568553729
320,1,1,0.025875314379002836,0.6019872332835778,0.37213745233741935
321,0,0,0.7076124362980111,0.23350708637347667,0.05888047732851218
322,0,1,0.4282562785677357,0.48840860213024656,0.08333511930201766
323,2,2,0.0050265138016177425,0.12892911155422418,0.8660443746441581
324,1,1,0.3165762276405514,0.49889809834543514,0.18452567401401354
325,1,1,0.26430948008931016,0.6833490282575262,0.05234149165316351
326,0,0,0.9927867231806186,0.0070985758392285,0.00011470098015293204
327,1,1,0.2448457906802011,0.3966539761777517,0.3585002331420472
328,0,0,0.6079510161809811,0.37061414424300915,0.021434839576009654
329,0,0,0.9960304920530332,0.003937181423276874,3.232652369010435e-05
330,1,1,0.20628749049875653,0.5601430109059414,0.23356949859530207
331,0,0,0.8260976986899686,0.165592420728071,0.008309880581960251
332,2,1,0.1828533693329922,0.6009952070961491,0.2161514235708587
333,0,1,0.4252824692477985,0.5302759312427783,0.04444159950942325
334,2,1,0.09392723092842278,0.5465889034399631,0.359483865631614
335,0,0,0.6820441457009095,0.28669458311353335,0.03126127118555719
336,0,1,0.4375904042501962,0.4915096311012577,0.07089996464854605
337,1,2,0.08875786648973041,0.3978082138873724,0.5134339196228972
338,0,0,0.8398342178521665,0.153383963330553,0.0067818188172803625
339,2,2,0.03750617191392235,0.34815208200331943,0.6143417460827583
340,0,0,0.8680463298351015,0.12351854052404382,0.008435129640854602
341,2,2,0.012304110820526104,0.3026817842426036,0.6850141049368703
342,2,1,0.20664190811141767,0.5993070878354038,0.19405100405317866
343,1,1,0.4609896493261314,0.4937870370657428,0.04522331360812578
344,0,0,0.9194249586043204,0.07804832875619742,0.0025267126394821265
345,2,1,0.05615017892309941,0.5846305008068616,0.35921932027003894
346,2,2,0.005274291464897234,0.11989122366371176,0.874834484871391
347,1,0,0.410059226280418,0.39358665967076545,0.19635411404881642
348,2,1,0.059249538162677445,0.47282435013592605,0.4679261117013964
349,2,2,0.0049475310076865795,0.23256479506618755,0.7624876739261259
350,0,0,0.5729690119685589,0.3722235658043044,0.054807422227136665
351,1,1,0.12511815972346585,0.6678646291363207,0.20701721114021343
352,0,0,0.6873121586785781,0.2852183271905626,0.02746951413085935
353,0,0,0.9230706531530741,0.07239199854533748,0.004537348301588423
354,0,0,0.9451805797544357,0.05208216333274358,0.0027372569128207257
355,1,1,0.24943214289510557,0.49002658320146664,0.26054127390342774
356,2,2,0.002323773742776871,0.05681613054449709,0.940860095712726
357,0,0,0.4496372754622258,0.41707700173524687,0.1332857228025273
358,0,0,0.5659708438628531,0.41544824793492297,0.018580908202223877
359,1,1,0.32511093592519547,0.586528313046098,0.08836075102870662
360,1,1,0.3124279211090659,0.5904094874293438,0.09716259146159016
361,1,1,0.20806057173995432,0.6323058288306523,0.15963359942939337
362,1,1,0.27748136686893904,0.5739430281380165,0.14857560499304454
363,1,1,0.19302549762141186,0.5686702406078983,0.23830426177068986
364,2,2,0.0396061834359721,0.36055175538274287,0.5998420611812849
365,1,1,0.4066531765182944,0.5083822261987875,0.0849645972829182
366,1,1,0.2728888956564881,0.5862542195584114,0.14085688478510047
367,0,0,0.9474968467892733,0.051409950644713744,0.0010932025660128054
368,2,2,0.018600292558883676,0.3757695849180146,0.6056301225231019
369,1,1,0.38941507288483457,0.5425621544389333,0.0680227726762321
370,1,1,0.31749811572504655,0.6057951531913031,0.07670673108365048
371,1,1,0.3131157683657725,0.4403567956784193,0.24652743595580823
372,2,2,0.0030760718218322204,0.19570282878118908,0.8012210993969788
373,0,0,0.9808079786294388,0.018568844508247064,0.0006231768623141783
374,2,1,0.034849278693253,0.568019874977147,0.39713084632960005
375,1,1,0.2986899396291381,0.5979010330282375,0.10340902734262439
376,1,1,0.09260343495121501,0.6720943156160663,0.2353022494327186
377,1,1,0.18196357517274728,0.5989465480849234,0.21908987674232935
378,1,1,0.20114195959559547,0.7148556043404383,0.08400243606396622
379,1,1,0.18252199348585516,0.6107936405834068,0.20668436593073797
380,1,1,0.05633004635080512,0.7493971318511331,0.1942728217980618
381,0,0,0.5750381845208105,0.40254241239009914,0.02241940308909051
382,0,0,0.7564268555742762,0.23097747956284462,0.0125956648628792
383,0,0,0.8589980328180766,0.13101717433841695,0.009984792843506401
384,0,0,0.7234026779250831,0.25990536266821435,0.01669195940670263
385,0,0,0.49583200045890197,0.42502303671131264,0.07914496282978532
386,1,1,0.1670836121834404,0.6801071364257913,0.1528092513907682
387,0,0,0.5919929614974144,0.375103979733493,0.03290305876909248
388,1,1,0.05104024394505463,0.5958477960952958,0.35311195995964945
389,0,0,0.9868055268266546,0.012754987549069287,0.00043948562427614877
390,1,0,0.7098712599018128,0.25156224349830336,0.0385664965998838
391,1,1,0.03787138736903982,0.6359167871232391,0.326211825507721
392,1,1,0.3521188533741406,0.5045359083761828,0.14334523824967668
393,0,0,0.9189877458260105,0.07663341595067323,0.004378838223316301
394,0,0,0.9148165420761164,0.08366445679390352,0.0015190011299800919
395,0,1,0.11208414059022942,0.6347863893802496,0.253129470029521
396,1,1,0.3877049462042952,0.5609791973236794,0.05131585647202547
397,1,0,0.602728595866492,0.37879541990524335,0.018475984228264797
398,2,2,0.017781047236841718,0.23938739798113565,0.7428315547820227
399,0,0,0.6191052416843985,0.32129187068795545,0.059602887627646116
400,0,0,0.9773596513858972,0.02223771424781588,0.00040263436628690735
401,1,1,0.3528094396485808,0.5585112072020653,0.08867935314935399
402,1,1,0.3406114309665124,0.5201176640322333,0.1392709050012545
403,0,1,0.2563409442149769,0.4928283845424878,0.2508306712425352
404,0,0,0.9799363383255615,0.019753543640178433,0.00031011803426002376
405,1,2,0.07915868170907618,0.31078451993951833,0.6100567983514056
406,0,0,0.8171448382913901,0.1748742569987629,0.007980904709847027
407,0,1,0.3823402040945629,0.5195584239699286,0.09810137193550861
408,0,0,0.8418412875344583,0.1502531883040474,0.007905524161494464
409,0,0,0.6752735806217649,0.29308593420744533,0.03164048517078969
410,0,0,0.8558309102831815,0.13897275624221772,0.005196333474600805
411,2,1,0.018851268252240705,0.5381673851353888,0.4429813466123705
412,2,2,0.006335847829130524,0.37804032403863347,0.615623828132236
413,1,1,0.3582012824830606,0.5579645656116289,0.08383415190531061
414,1,1,0.39367150367437087,0.5555133343299311,0.050815161995698105
415,1,2,0.0236120752337228,0.45540585646778725,0.52098206829849
416,1,1,0.09003452458678554,0.6791222922154452,0.23084318319776934
417,0,0,0.98907466156946,0.01079164013109911,0.0001336982994408659
418,2,2,0.02779308242513347,0.3765560140157838,0.5956509035590828
419,0,0,0.9797983343835595,0.019881796109915657,0.00031986950652481127
420,0,0,0.45957400320910446,0.452179447131073,0.08824654965982248
421,2,1,0.08121601591906494,0.5600618984384164,0.3587220856425186
422,0,0,0.6254314607431958,0.35287258240881586,0.02169595684798834
423,1,1,0.14645382006854876,0.6011536724486765,0.25239250748277486
424,2,2,0.009885390196828103,0.4269869301837678,0.5631276796194041
425,1,0,0.4837423901426593,0.4369790961168498,0.07927851374049094
426,0,0,0.7745974455850688,0.21106507757114334,0.014337476843787764
427,2,1,0.11555313505877883,0.6523164653208405,0.23213039962038073
428,0,0,0.8975790152241853,0.10018561729407022,0.002235367481744467
429,0,0,0.6175150209276096,0.36142040713451506,0.021064571937875497
430,2,2,0.0024649137950113853,0.11760904676685849,0.8799260394381301
431,0,0,0.9940031869728758,0.0059252529708007625,7.156005632351887e-05
432,2,2,0.05769738260431172,0.32260778193308887,0.6196948354625995
433,0,0,0.9865225598685494,0.013339866519018806,0.00013757361243177643
434,0,0,0.8098856599486401,0.17377241294195286,0.016341927109407083
435,1,1,0.12823555256011962,0.4642555542021914,0.407508893237689
436,0,1,0.36770661936187693,0.5537393175649133,0.07855406307320965
437,2,2,0.010503475345848437,0.3522019359234398,0.6372945887307118
438,1,1,0.14574491641996062,0.6702504289828192,0.18400465459722026
439,2,2,0.027708303181959205,0.29611584757280784,0.6761758492452329
440,1,1,0.09917551698644958,0.5570310594866631,0.34379342352688735
441,0,0,0.5467702319665845,0.42952178763113913,0.023707980402276438
442,0,0,0.9196341657463473,0.07615061948396076,0.004215214769691861
443,1,0,0.7268829482996629,0.21448848188229336,0.058628569818043735
444,0,0,0.9692740063964715,0.029526209329255267,0.0011997842742731187
445,0,0,0.7928378849207871,0.20207702712427056,0.0050850879549423295
446,0,0,0.8767233268374732,0.11686012161644266,0.006416551546084164
447,0,0,0.7810563512129067,0.2103091950816711,0.008634453705422051
448,0,0,0.8888150737903335,0.1057253939588633,0.005459532250803272
449,0,0,0.9625136287956052,0.03666252671329438,0.0008238444911003696
450,1,1,0.31414969549455046,0.5956893170281586,0.09016098747729089
451,2,1,0.26212168952490933,0.5978105504603017,0.14006776001478882
452,0,1,0.27206369926162594,0.6240219550970926,0.10391434564128148
453,1,1,0.3731965083356852,0.582597295981917,0.04420619568239782
454,0,0,0.9033294988640547,0.09486808425353277,0.0018024168824126384
455,1,1,0.1731317162312077,0.46600192618678926,0.36086635758200303
456,0,0,0.48911730094817785,0.45766510694248125,0.05321759210934084
457,1,1,0.4161364088213702,0.5092399798443463,0.07462361133428352
458,2,2,0.04002619162535072,0.22931739297308534,0.7306564154015639
459,1,1,0.297247671377778,0.5494280104307718,0.1533243181914502
460,1,0,0.4967196565318231,0.48536165702936335,0.01791868643881344
461,1,0,0.7113118922383884,0.2346997266670152,0.05398838109459633
462,0,0,0.9565871788912591,0.04257342219574197,0.0008393989129988413
463,1,2,0.24010138839321207,0.36484509890425704,0.395053512702531
464,0,1,0.13131654531005432,0.6520972574313604,0.21658619725858524
465,1,1,0.1671469471443841,0.5332505494389588,0.2996025034166572
466,1,1,0.32548339664529674,0.5524704119240765,0.1220461914306268
467,1,1,0.06603366153229183,0.5968044541966474,0.3371618842710607
468,1,1,0.2164372327308309,0.449194704797077,0.3343680624720921
469,1,0,0.5775105398369228,0.394085793076248,0.028403667086829024
470,2,1,0.0960283711212048,0.6310648073678665,0.27290682151092865
471,1,0,0.6324966716031781,0.3212295069140706,0.04627382148275127
472,2,2,0.028296235380376226,0.32553441248864257,0.6461693521309813
473,0,0,0.9645757832604205,0.034402588564910415,0.0010216281746690187
474,0,0,0.7143007785200663,0.2756459096167478,0.010053311863185876
475,1,1,0.27801057548738217,0.6305406421899855,0.09144878232263222
476,0,0,0.9343478947016501,0.06417231045718905,0.0014797948411608656
477,1,1,0.06454637767110576,0.6538875537274341,0.28156606860146005
478,1,1,0.11333235245297581,0.6561284846007587,0.23053916294626553
479,1,1,0.06848775827094647,0.6419362806591933,0.28957596106986033
480,0,0,0.9812111371329084,0.01838576474656684,0.0004030981205246188
481,0,0,0.5890549270079304,0.36557062471046536,0.045374448281604245
482,1,0,0.4481578682036964,0.43372197455423606,0.1181201572420677
483,2,2,0.008999544416328678,0.2480596509349664,0.7429408046487049
484,1,0,0.7326684136024073,0.2531233143363418,0.014208272061250863
485,0,1,0.41532825639455484,0.5271473173104967,0.057524426294948604
486,0,2,0.034072345008246414,0.464343712375125,0.5015839426166286
487,2,1,0.07432417860929275,0.479644199537016,0.44603162185369133
488,2,2,0.01693655618733242,0.15857596772193963,0.824487476090728
489,0,1,0.2598122359539547,0.664352344803858,0.07583541924218738
490,1,1,0.11058720893594456,0.5822970919110904,0.3071156991529651
491,1,0,0.6252905381847887,0.3349704179503639,0.03973904386484741
492,0,1,0.48380029994917406,0.48726776354637347,0.028931936504452447
493,2,2,0.010199029652974275,0.3451467244026115,0.6446542459444141
494,0,0,0.5079430736580703,0.4296860365161811,0.062370889825748684
495,0,0,0.7545535504395436,0.21621556475518075,0.02923088480527573
496,2,2,0.03308580950113493,0.23357274811956383,0.7333414423793012
497,1,1,0.09684663414638643,0.5219553090562046,0.381198056797409
498,1,2,0.09006345500491511,0.4085541946660448,0.5013823503290401
499,0,1,0.4050599230715244,0.5289361556751939,0.06600392125328168
500,1,0,0.647986615050009,0.3123563701464534,0.039657014803537616
501,0,0,0.618454717060903,0.3547215000646009,0.02682378287449611
502,2,2,0.0016175053424775287,0.05499717591025352,0.9433853187472689
503,0,0,0.9262308851447303,0.07187393856617652,0.0018951762890931935
504,0,0,0.9067910053771427,0.08595380230451141,0.0072551923183459335
505,1,1,0.3323610785890302,0.5148952667472556,0.1527436546637142
506,0,0,0.6098363852675418,0.37077510858062496,0.0193885061518331
507,1,2,0.05227578079627107,0.4318239015790774,0.5159003176246515
508,1,0,0.7463263816524984,0.23637130654746086,0.01730231180004081
509,1,1,0.057494968823532173,0.6533378778931385,0.2891671532833294
510,1,1,0.15481712685162521,0.5908502244308658,0.25433264871750905
511,2,2,0.021760433097928116,0.40969192895667006,0.5685476379454018
512,2,2,0.027301699670540792,0.4842644237079861,0.48843387662147314
513,0,0,0.9717613541277047,0.02743329863594195,0.0008053472363533025
514,0,0,0.9280214851317817,0.06899649725676509,0.002982017611453116
515,1,0,0.5125624559230859,0.36603696769302463,0.1214005763838894
516,2,2,0.011347072705062916,0.1906738309206215,0.7979790963743155
517,0,0,0.6068975227485035,0.351076247272544,0.04202622997895243
518,0,0,0.6116940554226427,0.35377784069290985,0.034528103884447575
519,1,1,0.26293911814049264,0.5732430070150232,0.1638178748444841
520,0,0,0.8461688801450163,0.14945314601441928,0.004377973840564446
521,1,2,0.262680752875959,0.3632651670424646,0.3740540800815765
522,0,0,0.9067144175815266,0.09047456941790429,0.0028110130005689978
523,0,0,0.6222288155207915,0.35719100031664247,0.020580184162566052
524,0,0,0.8279232662553614,0.16498628425500372,0.007090449489634855
525,1,1,0.24689386082298106,0.5988823532505635,0.15422378592645547
526,2,2,0.022097552874833688,0.35571842453374647,0.6221840225914198
527,0,0,0.966468501170659,0.03253263550527161,0.0009988633240695835
528,0,1,0.2459159345428993,0.566221503971939,0.1878625614851617
529,0,0,0.9347038071015308,0.06333749223994466,0.0019587006585245676
530,1,0,0.4181615267150587,0.36751262511486243,0.2143258481700789
531,0,0,0.6774694830004048,0.30417860543224295,0.018351911567352355
532,2,1,0.22117759141980373,0.6529287663626896,0.12589364221750662
533,1,1,0.34211666196086116,0.581758280948762,0.07612505709037683
534,0,0,0.9946777478801624,0.005214862905418428,0.00010738921441923299
535,1,1,0.0868680735351655,0.5467619084729313,0.3663700179919033
536,0,1,0.27788045542652534,0.6445321077793904,0.07758743679408411
537,0,1,0.3031969868029263,0.6380159656400927,0.05878704755698106
538,1,2,0.19434192189880595,0.3631360262985122,0.4425220518026817
539,2,2,0.0010027515637073443,0.07890359970611409,0.9200936487301786
540,2,2,0.018104945410998403,0.2177212585619917,0.76417379602701
541,2,2,0.04097073347868086,0.31845027005033844,0.6405789964709806
542,2,1,0.08637174233639129,0.6699550665048734,0.2436731911587355
543,1,1,0.28055941270167467,0.607765230176175,0.11167535712215026
544,0,0,0.9506102449960074,0.04735512574063771,0.0020346292633548423
545,1,0,0.4400872542339305,0.42634007290057196,0.13357267286549754
546,1,1,0.261397927078606,0.6761027690997042,0.062499303821689674
547,0,0,0.6087211449879254,0.348349135414384,0.0429297195976907
548,1,2,0.021226787432726074,0.4178606823756644,0.5609125301916095
549,0,1,0.144593732273484,0.6487453070534996,0.20666096067301645
550,0,0,0.6828868376526992,0.29620249713963165,0.020910665207669273
551,0,0,0.9699436577464352,0.028669156758919997,0.0013871854946447641
552,2,2,0.026223368173857734,0.13005434863800003,0.8437222831881422
553,2,1,0.0393421871497154,0.513882577141251,0.44677523570903355
554,0,0,0.9553207539379822,0.04305099342406699,0.001628252637950854
555,1,1,0.08309006798786481,0.6058863011465697,0.3110236308655654
556,0,0,0.9683058520681913,0.031139123917717854,0.0005550240140909833
557,1,1,0.09984980087285071,0.6574609670095343,0.24268923211761503
558,1,0,0.7890100196464721,0.1959555761577443,0.015034404195783507
559,1,2,0.13551242128053176,0.4275147042259872,0.43697287449348104
560,0,0,0.8814971910107564,0.11507372975754625,0.0034290792316973144
561,1,2,0.056707233668744715,0.36007578684800734,0.5832169794832479
562,2,2,0.057413272559248996,0.41693080761149826,0.5256559198292529
563,2,1,0.23150527814610514,0.6021739767502888,0.16632074510360606
564,2,2,0.009857938251105421,0.3083644824684819,0.6817775792804126
565,0,0,0.6217682166281533,0.31969135639983876,0.05854042697200786
566,1,1,0.4002733765919721,0.48123795750005743,0.11848866590797046
567,0,0,0.9425344812197264,0.05662682328324979,0.0008386954970238746
568,0,0,0.49730285409055863,0.4685268445351399,0.034170301374301444
569,2,2,0.030124147794012734,0.33357075101585826,0.636305101190129
570,0,1,0.24885920395763678,0.6063959760403062,0.14474482000205713
571,1,1,0.451103283977456,0.47538269941431743,0.07351401660822658
572,1,1,0.39737016925496654,0.4855231214328433,0.11710670931219021
573,0,0,0.9665011336643439,0.031767489922312285,0.0017313764133438277
574,2,1,0.08342590437193567,0.7403391564697593,0.17623493915830496
575,0,0,0.624162518029553,0.3336469437737466,0.04219053819670027
576,1,2,0.049482752363268476,0.4731889304534742,0.47732831718325747
577,1,0,0.5962838327928282,0.36428981397408566,0.039426353233086284
578,0,0,0.7003340954273064,0.28204171768015823,0.017624186892535264
579,0,0,0.7138176259860256,0.26770125179079235,0.018481122223181982
580,1,0,0.7063302226206336,0.28069088739681186,0.012978889982554547
581,1,1,0.2649277084990226,0.6581705136295954,0.07690177787138185
582,1,1,0.16612913708450275,0.5341444237212658,0.29972643919423136
583,2,2,0.054898700830502946,0.35953284799214186,0.5855684511773552
584,2,2,0.03967720013569327,0.41266326004885123,0.5476595398154555
585,0,0,0.8300316890614053,0.1624228501357088,0.007545460802885745
586,1,1,0.1956844571897043,0.6006662759179617,0.20364926689233398
587,0,0,0.9416655129170646,0.057149544417799396,0.0011849426651361237
588,2,1,0.012948982142375816,0.5250576550759603,0.461993362781664
589,0,0,0.8552798790679303,0.1399550811746507,0.004765039757418878
590,2,2,0.005821261980216236,0.13161367222748557,0.8625650657922982
591,1,1,0.20312102663300396,0.631566868212968,0.1653121051540279
592,1,1,0.09192172501786712,0.60940023449094,0.29867804049119284
593,1,1,0.06153654835187777,0.6274170196942184,0.3110464319539039
594,1,1,0.02936157746680161,0.5086632871281809,0.46197513540501745
595,2,1,0.0555679943344433,0.6903165052046243,0.2541155004609325
596,0,0,0.48909597899871965,0.4350776646565913,0.07582635634468911
597,0,0,0.5204860001399759,0.43598948380665736,0.04352451605336678
598,0,0,0.5574529519702666,0.42006669111509315,0.022480356914640287
599,0,0,0.8142335240189463,0.17278355331512876,0.012982922665925066
600,1,0,0.612249717735977,0.3585413151460672,0.02920896711795578
601,0,0,0.9891046778872917,0.010790448401030104,0.00010487371167825501
602,0,0,0.8999306440257774,0.09750649440508118,0.002562861569141557
603,2,2,0.00862684063247899,0.22867755534920212,0.7626956040183189
604,1,0,0.5257347535729384,0.38914079306679217,0.0851244533602694
605,0,0,0.902402539403197,0.09532829442369326,0.002269166173109598
606,0,0,0.7548811640087125,0.23296900938499168,0.012149826606295874
607,0,0,0.9264875664216558,0.07183906167147285,0.0016733719068713936
608,0,0,0.8636065625752877,0.13376841838960482,0.0026250190351075186
609,0,0,0.767113976890027,0.2195611988869706,0.013324824223002239
610,2,1,0.03271868898113084,0.49111644234156904,0.4761648686773
611,0,0,0.9725076842112842,0.02669695821263348,0.0007953575760824655
612,2,2,0.0008973634339710892,0.05952945543090139,0.9395731811351274
613,1,1,0.17550716002026007,0.5396133417939077,0.28487949818583214
614,0,0,0.7956740480053073,0.19546947566333464,0.008856476331358066
615,0,1,0.2058618240455922,0.515892443559348,0.27824573239505984
616,0,0,0.9777437476532701,0.021912888761939066,0.0003433635847910076
617,0,0,0.8429404749287458,0.15188249417,0.005177030901254387
618,1,1,0.04010237982888097,0.49162042971211406,0.4682771904590051
619,0,0,0.7020644408945554,0.24587052783043883,0.05206503127500574
620,1,1,0.37218261430915034,0.4652088051567367,0.1626085805341129
621,2,1,0.03700630657428599,0.5665126072003167,0.3964810862253973
622,0,0,0.8579748701239956,0.13291566870272745,0.009109461173276899
623,2,2,0.002267240049907783,0.1468457696069108,0.8508869903431814
624,1,1,0.05987001906185771,0.6328748041731233,0.30725517676501907
625,0,0,0.8964199223648707,0.10138476915025982,0.0021953084848695525
626,1,0,0.5272198888186147,0.3763499474956244,0.09643016368576084
627,0,1,0.4567820031661264,0.5050938822364544,0.03812411459741929
628,2,2,0.001512949307918573,0.09711700009750206,0.9013700505945793
629,0,0,0.8907341800864087,0.10684465419031189,0.002421165723279509
630,0,0,0.7478817388693386,0.24437435169017996,0.00774390944048149
631,2,2,0.000800377708678988,0.03162133505935363,0.9675782872319673
632,2,1,0.1075878905524466,0.5499068619406138,0.34250524750693956
633,0,0,0.6260849451511363,0.34386025181348384,0.030054803035379753
634,1,2,0.0534026721418239,0.4254295006927318,0.5211678271654443
635,0,1,0.41602531226214806,0.5362748197499878,0.0476998679878642
636,0,0,0.7422156223136728,0.24115540804125432,0.016628969645072978
637,0,0,0.8884353192382014,0.10556812271806919,0.005996558043729406
638,2,1,0.38658533795362626,0.4932018190904268,0.12021284295594695
639,1,2,0.023233158134750034,0.3969293929783057,0.5798374488869442
640,0,0,0.6329935809964307,0.3466391091347416,0.020367309868827684
641,0,0,0.8290050192918453,0.15317261219111739,0.017822368517037234
642,1,1,0.3339288606160921,0.5499144291100776,0.11615671027383029
643,1,0,0.4866510195368882,0.4641911729369284,0.04915780752618353
644,0,0,0.6046366023066304,0.3272911423918633,0.06807225530150636
645,1,1,0.19779079187885823,0.5434393440690812,0.2587698640520604
646,2,2,0.008653491681277516,0.18758090570146507,0.8037656026172575
647,0,1,0.45782259492579075,0.4968472741022231,0.045330130971986266
648,0,0,0.5432918946682342,0.439598477813314,0.017109627518451635
649,0,0,0.7763299185510836,0.21600418291576495,0.007665898533151482
650,2,2,3.2656722699936876e-05,0.009688351572429282,0.9902789917048708
651,0,0,0.9645335376842634,0.03483241482167528,0.0006340474940614738
652,2,1,0.08367589403287673,0.5958144301603197,0.32050967580680356
653,1,1,0.031402940742837025,0.5262501038905336,0.4423469553666293
654,2,2,0.012690772323931837,0.29717033309655627,0.6901388945795118
655,1,1,0.14452386079303378,0.6491472702828872,0.20632886892407895
656,0,0,0.6945406100022642,0.292122889397352,0.013336500600383917
657,1,1,0.10823517617548725,0.6736212594837026,0.2181435643408102
658,0,0,0.53019670858465,0.4471031248985113,0.02270016651683876
659,1,1,0.06544602639339356,0.6641118744970442,0.27044209910956213
660,1,1,0.3070018558500382,0.6064091828729989,0.08658896127696293
661,2,2,0.013972750608209555,0.3291325754561537,0.6568946739356367
662,1,0,0.4679902919711931,0.45564172763530364,0.07636798039350341
663,0,0,0.4804956923214668,0.4640986395508523,0.05540566812768085
664,1,1,0.4131197082811087,0.5329830170879297,0.05389727463096159
665,2,2,0.0005949604040118284,0.08343101102874101,0.9159740285672472
666,1,1,0.2728494150684029,0.6542598495012956,0.07289073543030158
667,2,2,0.018396494930618,0.3433700932321527,0.6382334118372294
668,1,0,0.4768897660613997,0.42654988694583906,0.09656034699276132
669,0,0,0.6980173234368383,0.2856613956302607,0.01632128093290093
670,1,1,0.45680600828192774,0.4572500984829983,0.08594389323507402
671,0,0,0.7376204385082827,0.21946295972749985,0.04291660176421752
672,1,1,0.1833811691211205,0.6380870885086934,0.17853174237018596
673,0,0,0.9309219885009998,0.06815538276557857,0.0009226287334214659
674,0,0,0.733582938025909,0.2555973493276309,0.010819712646460063
675,0,0,0.8188825893746716,0.1680673174944298,0.013050093130898615
676,2,2,0.0071354099038546765,0.13657948348463758,0.8562851066115078
677,0,1,0.34432876500006027,0.5774552272357997,0.07821600776414006
678,0,1,0.3018638182359514,0.6235948136537526,0.07454136811029602
679,0,0,0.9413046974249761,0.056315474675461205,0.002379827899562562
680,0,0,0.7291541104419864,0.26108899898253635,0.009756890575477078
681,0,0,0.9063825369333804,0.08850169307733366,0.00511576998928594
682,1,1,0.2064257909678452,0.44159888314172663,0.35197532589042824
683,2,2,0.003963936973502973,0.28453582582067266,0.7115002372058244
684,1,1,0.2662174498065964,0.6330955128931616,0.10068703730024207
685,0,0,0.9568244275797739,0.04215822495315303,0.001017347467072857
686,1,1,0.09730777662991946,0.5015527512759956,0.40113947209408485
687,1,0,0.8216317858988742,0.157133943534122,0.021234270567003766
688,0,0,0.8748538583468083,0.119236395198816,0.005909746454375763
689,2,2,0.004419325298106222,0.1351085945488715,0.8604720801530223
690,1,0,0.47834140764084154,0.3963088208249567,0.12534977153420182
691,0,0,0.8213006758770549,0.17297574241190858,0.005723581711036471
692,0,0,0.9832761248962325,0.016132656068661613,0.0005912190351059361
693,0,0,0.592990150409782,0.3911993267898364,0.01581052280038163
694,0,0,0.563270178731062,0.40665250989734447,0.030077311371593436
695,1,1,0.11894596842002296,0.5407904075627142,0.34026362401726284
696,0,1,0.4828180929034156,0.4836864166841852,0.03349549041239926
697,1,0,0.6406595585013101,0.3346426902013494,0.024697751297340646
698,0,1,0.199648998962427,0.4680650263438404,0.33228597469373267
699,1,1,0.16893520866461453,0.523619784687248,0.30744500664813734
700,0,0,0.7708483969438892,0.22344302801958227,0.0057085750365286686
701,0,0,0.9911206870193682,0.008691250821913098,0.000188062158718717
702,0,0,0.7260944901984027,0.26775226191707435,0.006153247884522949
703,0,0,0.907133061074028,0.08991505995193806,0.002951878974033806
704,0,0,0.7673887675576975,0.22211221481329685,0.010499017629005694
705,1,2,0.05092862511845104,0.41873364650103945,0.5303377283805095
706,2,1,0.040993641731988814,0.604178962916036,0.3548273953519752
707,1,1,0.23792963572623124,0.6151108259256299,0.14695953834813885
708,1,1,0.20454996337736428,0.6769883620102523,0.11846167461238354
709,1,1,0.2428270628355276,0.6665008699812635,0.09067206718320894
710,1,0,0.7501626195407195,0.22447204961658498,0.025365330842695658
711,0,0,0.8853815014017725,0.10987911771224694,0.004739380885980457
712,1,1,0.11861553475224249,0.7347055866802897,0.1466788785674677
713,2,2,0.00031286005982291066,0.011387796677247201,0.9882993432629299
714,2,2,0.008683705249091704,0.3267234824967524,0.6645928122541558
715,1,1,0.411943565168874,0.5214457140343935,0.06661072079673244
716,2,2,0.001784936490348937,0.07782156728301542,0.9203934962266357
717,1,1,0.2597338608608826,0.6216496789952922,0.11861646014382513
718,2,1,0.07518041414629907,0.6204172318517142,0.3044023540019868
719,0,0,0.9106139647235968,0.08395730669087954,0.005428728585523632
720,1,1,0.3949314338646013,0.5705753481438509,0.03449321799154778
721,2,2,0.0300580029089246,0.45057017241380193,0.5193718246772735
722,0,0,0.6084677560516425,0.3583159755277637,0.033216268420593796
723,0,1,0.3670707345787481,0.45528841049157814,0.17764085492967377
724,0,0,0.5654225412372643,0.39738447702412416,0.03719298173861144
725,1,0,0.4779461626740162,0.4549025061479342,0.06715133117804956
726,2,1,0.17619909524040714,0.6034602724541186,0.22034063230547415
727,2,2,0.014050052706494398,0.4133660399654262,0.5725839073280793
728,1,1,0.09955852929128203,0.5495294287490741,0.3509120419596439
729,0,0,0.5471964936545202,0.42465510768041287,0.028148398665066875
730,0,0,0.7956887548946313,0.1868533857991555,0.017457859306213207
731,2,1,0.08766079125827782,0.5716635129564733,0.3406756957852488
732,2,2,0.0016667136278668928,0.15364606863843167,0.8446872177337014
733,1,1,0.09947366299364929,0.6464169654571257,0.25410937154922514
734,0,0,0.953792311716023,0.04563031041371808,0.0005773778702590071
735,2,2,0.0011118298690824735,0.06814639855934883,0.9307417715715688
736,1,2,0.16960324069725424,0.4034094412414139,0.4269873180613318
737,0,1,0.10950666161341596,0.6661739946715018,0.22431934371508214
738,1,1,0.2078857195658722,0.6406971932128306,0.1514170872212972
739,0,0,0.9935955608364926,0.006256157404388193,0.00014828175911909882
740,1,1,0.24173426605060322,0.5738294922991073,0.18443624165028952
741,0,0,0.9853411221289512,0.014399153298666817,0.00025972457238196785
742,2,2,0.04528879317905097,0.353916429499078,0.6007947773218711
743,0,0,0.9782590064326491,0.021343100049715846,0.0003978935176349183
744,2,2,0.00019293905348022404,0.043791987169754513,0.9560150737767652
745,0,1,0.42463149320506816,0.46912618891697183,0.10624231787796014
746,0,0,0.9527253591990699,0.04563610608295091,0.0016385347179791396
747,1,0,0.5021092019918794,0.43070234003005725,0.06718845797806343
748,1,2,0.05303036560179726,0.4327169022092771,0.5142527321889256
749,1,1,0.06710375317751767,0.5201763039402256,0.41271994288225666
750,1,1,0.26299776389032575,0.43411062780088955,0.30289160830878475
751,0,0,0.767294323247669,0.226295100387753,0.006410576364578037
752,0,0,0.8879367184216701,0.1068869403632483,0.005176341215081769
753,0,0,0.6907365676474373,0.2647253575168975,0.04453807483566519
754,0,0,0.9810511067757663,0.018200740103925934,0.0007481531203076918
755,0,1,0.42356140321969504,0.5191538242593436,0.05728477252096126
756,0,0,0.9794649855124546,0.020330894810156337,0.00020411967738900044
757,2,2,0.030560334279256737,0.09227041589108678,0.8771692498296564
758,1,0,0.48232881528904104,0.4314444890772682,0.08622669563369074
759,1,0,0.7637610206767648,0.22728019532549565,0.008958783997739665
760,0,0,0.8724741063618899,0.11990563433109187,0.007620259307018182
761,1,1,0.07970987075384436,0.751250494247908,0.16903963499824765
762,1,1,0.12940223254499758,0.7186597551133661,0.15193801234163626
763,1,1,0.17849323906622114,0.7304062092789806,0.09110055165479827
764,0,0,0.8435900955678591,0.14856689846328616,0.00784300596885466
765,0,1,0.3732114591944174,0.5779635163440926,0.04882502446149006
766,0,0,0.8844046417006537,0.10542693403304654,0.010168424266299794
767,1,2,0.02121707129346048,0.3688046357078648,0.6099782929986747
768,1,2,0.048911027296567565,0.3436155014735744,0.6074734712298581
769,1,1,0.25523036190366727,0.509750358491603,0.23501927960472965
770,2,1,0.12070480858581989,0.627807980137973,0.2514872112762072
771,0,0,0.8717161306116527,0.12437700722232527,0.003906862166022039
772,1,1,0.17790423561106034,0.5871824118347586,0.23491335255418097
773,0,0,0.9929873040593286,0.006957380268804242,5.531567186713785e-05
774,1,1,0.11887204058960575,0.5988232503067231,0.28230470910367106
775,2,1,0.05870448045105733,0.48771586034337183,0.45357965920557075
776,0,0,0.8205125482501999,0.1696491447050512,0.009838307044748747
777,1,0,0.436185293868874,0.4352007484033403,0.12861395772778567
778,2,1,0.25397503639886093,0.5829039865595188,0.16312097704162032
779,0,0,0.8275871497572017,0.15886767338448038,0.013545176858317838
780,0,0,0.8511542762885407,0.1386402731181952,0.010205450593264005
781,0,0,0.8159799720478469,0.16515139905855813,0.018868628893594846
782,1,1,0.18989618494841398,0.7068384880405698,0.10326532701101625
783,0,0,0.9914329842029772,0.008179464972255336,0.00038755082476739453
784,1,1,0.277256235821794,0.5066779944391497,0.2160657697390562
785,1,1,0.26518764298909436,0.593451071045558,0.1413612859653476
786,0,0,0.7907105956861417,0.20269674068709598,0.006592663626762444
787,0,0,0.8476262322300214,0.14067187755189345,0.011701890218085032
788,0,0,0.6188371702855522,0.3306969187877663,0.05046591092668163
789,0,0,0.9024980382702114,0.0931824157150388,0.004319546014749985
790,1,0,0.7209234122104531,0.2533655961987959,0.025710991590751037
791,1,1,0.37165272107123437,0.5734198224470374,0.05492745648172819
792,2,2,0.03415325681993434,0.23309908828894554,0.73274765489112
793,0,0,0.9905984990157105,0.009301176599596476,0.00010032438469291977
794,2,2,0.0003194001880786684,0.030736675027408396,0.968943924784513
795,2,2,0.07266265773863335,0.449463573977322,0.4778737682840447
796,2,2,0.015970808051603894,0.3318935736815191,0.652135618266877
797,1,1,0.44079563444171216,0.5021474218725315,0.05705694368575631
798,0,1,0.42817287130690074,0.46459672087154447,0.10723040782155487
799,0,1,0.43115975550487057,0.5244486161612189,0.04439162833391061
800,1,0,0.5403063420873044,0.407847125288699,0.05184653262399658
801,2,2,0.0006465836637832367,0.07135831299430624,0.9279951033419106
802,0,1,0.32708097534836705,0.6218409431514185,0.05107808150021445
803,2,1,0.023546579364543387,0.5245568083817516,0.4518966122537051
804,1,0,0.4266765627437144,0.3933014882314513,0.18002194902483445
805,0,0,0.9886414647654034,0.011077784758128454,0.00028075047646821153
806,1,1,0.2560608209556121,0.6621417532863286,0.08179742575805936
807,0,1,0.48291062016584724,0.4830599191473108,0.03402946068684189
808,1,0,0.7100951535668178,0.24437454224034874,0.045530304192833305
809,0,0,0.7971905140365813,0.19688557753679176,0.005923908426627082
810,1,1,0.3593928245403338,0.4911173043504797,0.14948987110918652
811,0,0,0.8159937936770801,0.17630330762450752,0.0077028986984124
812,0,0,0.7395299388663448,0.24911522121247215,0.011354839921183036
813,1,1,0.05002330772014834,0.6812508511333065,0.26872584114654524
814,0,0,0.7231465084532082,0.2610191643170975,0.01583432722969432
815,0,0,0.6516378092881919,0.3206162661221667,0.027745924589641372
816,2,2,0.022163314539884602,0.4871004438184865,0.49073624164162893
817,0,0,0.6923519176629336,0.2716896820392633,0.035958400297803166
818,0,0,0.8599231736303736,0.12759710950631087,0.012479716863315629
819,0,0,0.6047035897076174,0.3570440905335232,0.03825231975885932
820,0,0,0.5880946894345025,0.3861808368125716,0.025724473752925785
821,0,1,0.43374955639826207,0.4569657046448251,0.10928473895691285
822,1,2,0.055167517908649176,0.4560753624576664,0.48875711963368446
823,0,0,0.9651556241015562,0.03385121333645923,0.0009931625619844376
824,1,1,0.18961281732458052,0.6606257676323343,0.14976141504308524
825,2,1,0.22581974927518228,0.6317325413693073,0.14244770935551027
826,0,0,0.7016212498811084,0.2870733311611348,0.01130541895775688
827,1,1,0.3153423290199631,0.626288465443939,0.058369205536097875
828,2,2,0.010316100541009617,0.24235985122249912,0.7473240482364912
829,2,2,0.0007433572924192989,0.02701837858393513,0.9722382641236457
830,0,0,0.7185527228244333,0.27023099469774703,0.011216282477819622
831,1,0,0.5136773144563967,0.4415474735122586,0.04477521203134463
832,0,0,0.562107294137198,0.4142894868945758,0.02360321896822643
833,0,0,0.8776643443770286,0.11685521654359796,0.005480439079373453
834,0,0,0.9232069822412645,0.07154303011157456,0.005249987647160882
835,1,1,0.09418508731387264,0.7513780997852484,0.15443681290087896
836,0,1,0.33276341102038565,0.5324793506806783,0.1347572382989361
837,1,1,0.08747262432969254,0.6738755134784608,0.23865186219184661
838,0,0,0.8699072785380001,0.12526547684677217,0.004827244615227944
839,1,1,0.09783152930358693,0.673111723918676,0.229056746777737
840,1,1,0.3238348525245092,0.586198856717917,0.08996629075757372
841,1,0,0.7693669018194567,0.1946550979973371,0.03597800018320609
842,0,1,0.4369426996703863,0.46478957606314447,0.09826772426646918
843,1,1,0.1520659821925305,0.7080785737858973,0.13985544402157218
844,0,0,0.9559190890991621,0.042094730573041306,0.001986180327796487
845,0,0,0.6747817687099129,0.3126487706606218,0.012569460629465387
846,1,1,0.19529377030302492,0.5776123001775159,0.22709392951945917
847,1,0,0.5423018099277735,0.3962096221425277,0.06148856792969878
848,2,2,0.0004127137646093885,0.061560853739230884,0.9380264324961598
849,1,1,0.09265143467776986,0.7610695872044979,0.14627897811773224
850,0,0,0.8510095132987988,0.14209275663354778,0.006897730067653565
851,0,0,0.7380331611501482,0.23464555642813187,0.027321282421719974
852,0,0,0.593171033241272,0.35950361026023014,0.04732535649849794
853,2,1,0.01468143721328432,0.5130377133608807,0.4722808494258351
854,0,0,0.7572077031518911,0.2310751742482006,0.011717122599908399
855,0,0,0.9464057897182984,0.0514026838599611,0.002191526421740412
856,1,2,0.11842026358339464,0.4281161359304666,0.4534636004861388
857,0,0,0.7262131012553797,0.25425524723492593,0.01953165150969436
858,1,1,0.20466118159761706,0.5434767049597315,0.2518621134426514
859,0,1,0.466199202648153,0.47992399331324465,0.053876804038602344
860,1,1,0.36381973875643975,0.492377725317428,0.14380253592613232
861,0,0,0.8804120665624564,0.11161652413682334,0.00797140930072028
862,0,0,0.7335960531080785,0.2547834470185394,0.011620499873382146
863,2,2,0.008404478584839807,0.3834429080975057,0.6081526133176545
864,0,0,0.9881074394523557,0.011646987082488893,0.0002455734651554064
865,2,2,0.0054218906616114535,0.19096074400974342,0.8036173653286453
866,0,0,0.5280320987912638,0.4287369843309042,0.043230916877832044
867,0,0,0.7506880952581999,0.236975365336625,0.012336539405175094
868,1,1,0.34306028041557934,0.5370412689601168,0.11989845062430378
869,2,1,0.0750578915548101,0.5578802808779479,0.367061827567242
870,1,0,0.4768179606815106,0.4177763730218312,0.10540566629665822
871,0,0,0.9477775446039349,0.04981105923274213,0.0024113961633230297
872,0,0,0.6084931248981288,0.3728223133106273,0.018684561791243993
873,1,0,0.7440219176749774,0.2421065348270385,0.01387154749798399
874,2,2,0.0066893889567456455,0.1847147577284419,0.8085958533148124
875,2,1,0.08334471324331537,0.6082650512381644,0.30839023551852024
876,0,0,0.71730892741669,0.2555832545266099,0.027107818056700147
877,0,0,0.7974666321615199,0.18792681687497265,0.014606550963507355
878,0,0,0.6691685963030779,0.3024370702483667,0.02839433344855544
879,1,1,0.30357929157433766,0.6544755889561514,0.041945119469510954
880,0,0,0.9753193268701535,0.023586582718866208,0.0010940904109803377
881,0,0,0.9944495506367558,0.0054895179169606595,6.093144628351843e-05
882,2,2,0.014245727302163277,0.3737758162263268,0.61197845647151
883,0,0,0.9892463709536373,0.01065296971974766,0.00010065932661488652
884,0,1,0.32009848954213826,0.6245843746559142,0.05531713580194756
885,0,0,0.9458636397182985,0.049671981402678644,0.004464378879022793
886,2,2,0.00015705058125231797,0.007705180173490645,0.992137769245257
887,1,1,0.1772284985995523,0.7081325217023172,0.11463897969813042
888,2,1,0.08467694062277907,0.47920832422355597,0.43611473515366506
889,1,1,0.3257281895103654,0.5593613732248968,0.11491043726473779
890,1,1,0.17769462145737053,0.6098750755615979,0.2124303029810316
891,1,2,0.20586936206743014,0.24656570566782957,0.5475649322647403
892,1,0,0.535049573839789,0.4502850496210212,0.014665376539189789
893,1,1,0.18020278812149504,0.618456557603532,0.20134065427497294
894,2,2,0.003431513170402273,0.1518210013732056,0.8447474854563921
895,1,1,0.35903216954686407,0.574647715344258,0.0663201151088779
896,2,2,0.009783758428031196,0.21181661090115766,0.7783996306708113
897,2,1,0.21939397063680677,0.5582919598072842,0.22231406955590916
898,2,2,0.00921026747287347,0.1707321483773032,0.8200575841498233
899,1,1,0.05477332411672283,0.5464115868495851,0.39881508903369206
900,0,0,0.6747714236435415,0.31603233527091235,0.009196241085546149
901,0,1,0.27992760935608446,0.6654306865308782,0.054641704113037474
902,1,0,0.6782670184362947,0.3008818071539601,0.020851174409745217
903,1,1,0.13650420823242027,0.5102082938006822,0.3532874979668975
904,1,0,0.6619997334742519,0.2998853300719521,0.03811493645379605
905,1,1,0.07868504763085181,0.7043837261306727,0.2169312262384755
906,0,0,0.7728074093941155,0.22328441709966287,0.00390817350622159
907,1,1,0.20870603298108611,0.6867663761586575,0.10452759086025627
908,0,0,0.8636302187756777,0.128762494155691,0.007607287068631245
909,1,1,0.1327769645022267,0.5941476878581485,0.27307534763962477
910,2,2,0.028181085652397526,0.37044034625506117,0.6013785680925413
911,1,1,0.15211177550322155,0.5437139035413505,0.30417432095542785
912,1,1,0.46149729868647127,0.5014052083956738,0.037097492917855024
913,0,0,0.9809261985021546,0.017964476898365,0.0011093245994803912
914,1,1,0.37603177706219054,0.5161283372548796,0.10783988568292992
915,0,1,0.15588161493309047,0.6930524412258927,0.1510659438410168
916,0,0,0.9372721038600592,0.060991141029725984,0.001736755110214837
917,0,0,0.9845071577300452,0.01534699632514406,0.00014584594481086688
918,1,1,0.32589364643005936,0.5697054993640546,0.10440085420588609
919,2,1,0.3327460256210677,0.5949688842417201,0.07228509013721217
920,2,1,0.1249327773110948,0.7173095645143586,0.15775765817454665
921,2,2,0.001504667647585441,0.04284346065175043,0.9556518717006641
922,2,2,0.0024774326590052903,0.06893337263601834,0.9285891947049764
923,0,0,0.5961839772601849,0.3550146283521665,0.04880139438764867
924,0,0,0.9828431284937766,0.016922413735141924,0.00023445777108139964
925,0,0,0.7658027176681078,0.2189880681530613,0.01520921417883098
926,1,1,0.22954237916991305,0.6062696124851926,0.16418800834489428
927,0,0,0.7184118630053891,0.2750015998895604,0.006586537105050561
928,0,0,0.8800030646603869,0.11546601470766156,0.004530920631951529
929,1,1,0.4257699450370714,0.5218927657651539,0.052337289197774826
930,0,0,0.8473682405134507,0.14837276865986107,0.0042589908266881474
931,2,2,0.011576387090779149,0.410172863318826,0.5782507495903948
932,2,1,0.08219120572836447,0.5621705728092954,0.3556382214623402
933,0,0,0.9955965756185017,0.0043375387666225946,6.588561487571523e-05
934,1,1,0.13988556001736274,0.5719597867167383,0.288154653265899
935,0,0,0.8116167398301556,0.18247303295780115,0.005910227212043276
936,0,0,0.5461941924850197,0.3836300627062366,0.07017574480874378
937,2,2,0.014981294265157688,0.3363176679213893,0.6487010378134531
938,0,0,0.9481572870694128,0.05018526043327329,0.0016574524973139606
939,0,1,0.42402539822570645,0.4750772868597821,0.10089731491451144
940,0,0,0.9558739395629553,0.04347232076762613,0.0006537396694185547
941,0,1,0.35755597991160293,0.6072701567834689,0.03517386330492837
942,0,1,0.20861571348758068,0.5172029653488003,0.27418132116361904
943,2,1,0.19565464596410007,0.5104930329359542,0.2938523210999458
944,0,0,0.9554977389173213,0.04259914811678547,0.0019031129658934327
945,2,2,0.0563988211727764,0.42108303327555097,0.5225181455516726
946,2,2,0.027338400472664653,0.25671709546016563,0.7159445040671696
947,0,0,0.9487455125366347,0.05032504507865503,0.0009294423847101883
948,1,1,0.1867283767624266,0.7735168793675636,0.03975474387000964
949,0,0,0.8799327765087455,0.11593503504648676,0.004132188444767815
950,0,0,0.9649481157061297,0.03364179012462338,0.0014100941692468032
951,0,0,0.5573412856001412,0.3807948843251427,0.06186383007471613
952,1,1,0.20857697159900648,0.6140714540434737,0.17735157435751972
953,1,1,0.10606263151426566,0.4920852568044866,0.4018521116812478
954,0,0,0.9032472263708454,0.08966648313416957,0.007086290494985036
955,2,1,0.05817878067571766,0.4784479758566095,0.46337324346767284
956,2,1,0.4329414588954574,0.4765878962702295,0.09047064483431307
957,0,0,0.8845135718574852,0.11400903796943648,0.001477390173078212
958,1,1,0.03899542382602091,0.5067943776935598,0.4542101984804191
959,2,2,0.0008948001717118104,0.05543178080949951,0.9436734190187885
960,2,1,0.12879723643020638,0.5381591580688874,0.33304360550090617
961,0,0,0.5607018538217707,0.40849934210309,0.03079880407513927
962,0,0,0.7085460198478708,0.27171786488190003,0.019736115270229195
963,2,2,0.0034333338177740132,0.08445449002562906,0.9121121761565969
964,0,0,0.7615279119604396,0.2268375570837225,0.011634530955837842
965,0,0,0.7108550228737425,0.26483689235138463,0.024308084774872816
966,1,1,0.06689199607171153,0.5685957777664552,0.36451222616183326
967,1,0,0.5178480401395442,0.4007241008023826,0.08142785905807336
968,0,0,0.6564601587638168,0.3186678197479299,0.024872021488253324
969,1,1,0.36680363341347094,0.5828348745322307,0.0503614920542985
970,1,0,0.4255862512409446,0.42537596259094296,0.14903778616811236
971,0,0,0.9961708521906638,0.0037565683908613663,7.257941847493686e-05
972,0,0,0.994346136359102,0.005588213285082695,6.565035581532963e-05
973,1,1,0.3499731645882127,0.5485397999948659,0.10148703541692132
974,2,1,0.06568440563218382,0.5101963359404571,0.42411925842735904
975,1,2,0.07768630374337927,0.21855981299771302,0.7037538832589078
976,1,1,0.20558181612479132,0.6915917261453975,0.10282645772981128
977,0,0,0.9744973624241382,0.024870135078725424,0.0006325024971365342
978,0,0,0.9926374444657273,0.0072602217485806956,0.00010233378569188298
979,2,1,0.012192840916502558,0.7053328960339227,0.28247426304957474
980,0,0,0.9511436479798812,0.04757346803602801,0.0012828839840910214
981,0,0,0.7684733523321363,0.21878065176031333,0.01274599590755026
982,0,0,0.9466944800225733,0.05128558667015871,0.0020199333072679357
983,2,1,0.11349765191344073,0.5929977131590405,0.29350463492751866
984,2,2,0.0003241408275799714,0.03813117203690215,0.9615446871355179
985,0,0,0.9271329380422918,0.07137242338351577,0.0014946385741924975
986,2,2,0.0007410398303133547,0.05943726362700594,0.9398216965426807
987,0,0,0.8810785230819856,0.11056276601823091,0.00835871089978354
988,1,0,0.5410556440837071,0.31024518690662617,0.14869916900966673
989,0,0,0.9795421696927691,0.02005204254301244,0.00040578776421834573
990,0,0,0.5373760248798282,0.4262726819453277,0.03635129317484409
991,2,2,0.003066103236459567,0.15846510806128028,0.8384687887022603
992,0,0,0.9882794434787483,0.0116004433758007,0.00012011314545107361
993,1,1,0.2635598932746953,0.5833934575209236,0.15304664920438096
994,0,0,0.7377374280524268,0.23794065923834812,0.024321912709225083
995,1,0,0.6437250655422166,0.32080287197508023,0.03547206248270311
996,0,0,0.8399057316195809,0.1491032258866962,0.010991042493722887
997,0,0,0.9568142240057156,0.04200803905640507,0.0011777369378791996
998,1,1,0.2152349798177612,0.656363905910675,0.1284011142715638
999,1,1,0.17109415985963272,0.6062883946464246,0.22261744549394266
1000,1,1,0.27084034177591926,0.6026111298133278,0.12654852841075295
1001,1,1,0.36630668474949124,0.36736368138273606,0.26632963386777264
1002,0,0,0.9850661285028743,0.014651106266448485,0.0002827652306772758
1003,0,1,0.42856269977528283,0.43556481523275303,0.13587248499196408
1004,0,0,0.9724970498503153,0.026750396122018093,0.0007525540276665389
1005,1,1,0.11300664601467768,0.5755478353622859,0.31144551862303643
1006,0,1,0.4005648422399227,0.5553358317876719,0.04409932597240541
1007,2,2,0.0057752514773936085,0.13241432518129,0.8618104233413165
1008,2,2,0.0011700224927873382,0.0823343805032648,0.9164955970039478
1009,1,1,0.1281918567067801,0.7514230115115951,0.12038513178162488
1010,0,0,0.9713386567021367,0.027742051423893365,0.0009192918739698885
1011,1,0,0.5859235533864431,0.380883554186089,0.03319289242746794
1012,2,1,0.16101407475756194,0.6700542993601748,0.1689316258822633
1013,1,1,0.11831094859669648,0.6863598174044369,0.19532923399886667
1014,2,2,0.03462828705832063,0.3995747856068603,0.5657969273348191
1015,0,0,0.5741062470813387,0.36592786113510856,0.05996589178355274
1016,2,2,0.02403936622296477,0.38285848164470926,0.593102152132326
1017,0,1,0.2676700206623241,0.6128231427859169,0.11950683655175898
1018,0,1,0.38896679794763234,0.555181916608247,0.05585128544412074
1019,2,1,0.10343878720739853,0.6534027553869017,0.2431584574056998
1020,0,0,0.9824709158095851,0.017052132935155017,0.0004769512552598746
1021,2,2,0.004248450298697535,0.22418355797240416,0.7715679917288982
1022,1,1,0.08628754162407734,0.645839803356209,0.2678726550197138
1023,1,1,0.17803251235899129,0.6495575397057788,0.17240994793522996
1024,1,1,0.3457098479542713,0.5786812978835552,0.07560885416217357
1025,2,1,0.05490908994218648,0.559920222543994,0.38517068751381955
1026,0,0,0.8488264123465086,0.14405416294057705,0.007119424712914245
1027,0,1,0.08846759868329444,0.7143532605342484,0.19717914078245707
1028,1,1,0.06914842557644013,0.5672045448229024,0.3636470296006574
1029,2,1,0.05893162402366999,0.676309042777297,0.26475933319903305
1030,0,0,0.8208392899873803,0.16765385456000909,0.011506855452610609
1031,1,1,0.28466324672321897,0.5924404513005271,0.1228963019762539
1032,0,0,0.9889923424394355,0.010783001285193506,0.0002246562753710989
1033,2,2,0.01025281925965761,0.1905272268886868,0.7992199538516557
1034,1,1,0.219198470815332,0.6716367797568332,0.10916474942783477
1035,0,0,0.6414445289591141,0.3098242896550891,0.04873118138579669
1036,1,0,0.6325734308095056,0.29696419310934513,0.07046237608114926
1037,1,1,0.07834609667620725,0.7812316610216129,0.1404222423021798
1038,2,1,0.05683696914922312,0.5527601633881767,0.3904028674626002
1039,0,0,0.9209754983096229,0.0776671885542283,0.001357313136148887
1040,0,0,0.7591569261444571,0.2297573822633277,0.011085691592215362
1041,1,0,0.6925210997664438,0.25550447639314805,0.0519744238404081
1042,1,1,0.10044849294897988,0.5972064153388104,0.3023450917122098
1043,1,0,0.49956575388038915,0.40972232192290803,0.09071192419670272
1044,0,0,0.9960455873562118,0.0038807701964679742,7.364244732026562e-05
1045,0,0,0.8823289058810861,0.11432010543761173,0.0033509886813022902
1046,1,1,0.4095323847365118,0.48693562697473486,0.10353198828875329
1047,2,1,0.14529331931623915,0.6666717516023779,0.188034929081383
1048,1,1,0.17549600964047213,0.6319818313980365,0.19252215896149144
1049,0,0,0.5727674671169689,0.40673335325516785,0.020499179627863184
1050,0,0,0.8720654513353933,0.120245593992982,0.007688954671624608
1051,2,1,0.052690799145552955,0.548271787194273,0.399037413660174
1052,0,0,0.545803448451729,0.40922061252294983,0.044975939025321036
1053,0,0,0.958517969509685,0.04080564328994711,0.0006763872003676648
1054,2,1,0.0832522254364399,0.529743306886314,0.387004467677246
1055,0,0,0.7880211107739403,0.19257936235294207,0.019399526873117575
1056,2,1,0.01898363258103318,0.5541470848205025,0.42686928259846435
1057,2,1,0.0688656816994205,0.5953017004031017,0.33583261789747776
1058,0,0,0.7565579660368676,0.222863973796532,0.020578060166600243
1059,0,0,0.5839092937084961,0.37697787470505817,0.03911283158644561
1060,0,0,0.9475561536223754,0.05118886804146026,0.0012549783361641821
1061,0,1,0.3614497168309956,0.6066892890138891,0.03186099415511544
1062,0,0,0.8578992068997224,0.1201373263437092,0.021963466756568305
1063,0,0,0.98549167002924,0.014248449710639132,0.00025988026012099374
1064,1,1,0.1970352109565478,0.6680020573988036,0.13496273164464853
1065,0,0,0.9937824984370586,0.006001417416383663,0.00021608414655772872
1066,1,1,0.20865072808232804,0.6517090507902041,0.13964022112746782
1067,2,2,0.012651705372094316,0.37340903027531136,0.6139392643525943
1068,0,0,0.8755821564951469,0.11916991876322494,0.005247924741628178
1069,0,0,0.5177230765589688,0.43140778346011344,0.05086913998091786
1070,0,0,0.8169841292279725,0.16118845365251663,0.02182741711951096
1071,0,0,0.539125775155077,0.38750793715226006,0.07336628769266285
1072,1,1,0.1933310851864243,0.5930484353857977,0.21362047942777804
1073,0,1,0.40641186113490585,0.41864786610950044,0.17494027275559368
1074,0,0,0.8672150703733085,0.12739214347040828,0.005392786156283272
1075,1,1,0.2860145335857367,0.4130396176254677,0.30094584878879554
1076,1,0,0.585482423449793,0.38443485493602747,0.030082721614179686
1077,2,2,0.028931258270746656,0.31641095536342817,0.6546577863658252
1078,0,0,0.9529362230625623,0.04635917789058371,0.0007045990468538643
1079,1,0,0.4958149789891318,0.43344252111449627,0.07074249989637198
1080,0,0,0.8300383825660738,0.15986575610704393,0.010095861326882364
1081,2,1,0.0989527060802522,0.5063406220963663,0.39470667182338137
1082,0,1,0.42329364558015603,0.5241114801893589,0.05259487423048508
1083,0,1,0.2693718210982726,0.4738807221269769,0.2567474567747504
1084,2,2,0.0002996353381420896,0.04355388893426165,0.9561464757275963
1085,2,1,0.10010030023427553,0.5545070057863801,0.3453926939793443
1086,0,0,0.8703212033375834,0.12570001927759797,0.003978777384818592
1087,1,1,0.08432697645124472,0.5663337978254566,0.3493392257232987
1088,1,1,0.2566937087784835,0.6149683538388475,0.12833793738266913
1089,0,1,0.4559838764476997,0.5012166207797267,0.04279950277257358
1090,1,0,0.6001880938968376,0.3461449967597702,0.05366690934339216
1091,0,0,0.6840114584127195,0.2821715640411159,0.03381697754616465
1092,1,0,0.4968387210602728,0.4564640364314986,0.04669724250822845
1093,2,1,0.40818723367127135,0.4798586155580473,0.1119541507706814
1094,0,0,0.9418546406966852,0.05471321794611415,0.0034321413572006845
1095,1,1,0.28410483482471516,0.5442797776028281,0.1716153875724568
1096,0,0,0.4391873626456281,0.422463448988203,0.13834918836616883
1097,0,0,0.9573947305518382,0.04207774015009481,0.0005275292980668723
1098,2,2,0.0024130847339025193,0.0691179716107127,0.9284689436553848
1099,2,2,0.031847032557204766,0.433574845530099,0.5345781219126963
1100,0,0,0.8764518897392055,0.10881885056929122,0.014729259691503245
1101,2,1,0.24352663511077455,0.452891089002223,0.30358227588700243
1102,1,1,0.21205157393054663,0.7211056173211633,0.0668428087482901
1103,0,0,0.7426670450265462,0.24766043156715742,0.009672523406296539
1104,1,1,0.302227350390347,0.5268413171354587,0.17093133247419426
1105,0,0,0.9935154917889095,0.006395247559636629,8.926065145373584e-05
1106,1,1,0.22593837348914733,0.6875629757967553,0.08649865071409749
1107,1,1,0.2011796426937416,0.6770068139721676,0.12181354333409082
1108,1,1,0.42178632392623083,0.5399465678926044,0.03826710818116462
1109,0,1,0.21956674321158154,0.6526740764054836,0.12775918038293485
1110,1,1,0.16809014404052208,0.5839025033341241,0.2480073526253538
1111,2,1,0.1844249564810765,0.606420303330474,0.20915474018844946
1112,2,2,0.0072636410258799435,0.1967331847929294,0.7960031741811906
1113,1,1,0.3010700007333457,0.6188204366227207,0.08010956264393361
1114,1,1,0.10331039333975686,0.5754707700119549,0.3212188366482883
1115,1,1,0.20389764879256364,0.6810019967913339,0.11510035441610234
1116,0,0,0.9210062691866476,0.07529796026643623,0.003695770546916184
1117,0,1,0.31948769825704126,0.5675130006565647,0.11299930108639396
1118,2,1,0.2754701282946003,0.6292853891593388,0.09524448254606092
1119,0,0,0.9733788597257365,0.025954002423655583,0.0006671378506079442
1120,1,1,0.26342531849713297,0.6771973701460756,0.05937731135679154
1121,0,0,0.6697151528146801,0.3012751992352138,0.02900964795010617
1122,1,1,0.4673358167614362,0.4925526495651999,0.04011153367336381
1123,0,0,0.9689900428911803,0.02998448860115845,0.0010254685076612974
1124,1,1,0.07865872553703117,0.46485206692008074,0.456489207542888
1125,0,0,0.8905723975491311,0.1063546726743747,0.003072929776494297
1126,1,1,0.2641422169346398,0.5540301457045261,0.1818276373608341
1127,1,1,0.19213137404959002,0.6642781194156725,0.14359050653473743
1128,1,0,0.8192760657817095,0.15150254138842545,0.02922139282986501
1129,0,1,0.3087458830507652,0.4906280883745803,0.20062602857465447
1130,0,0,0.9878606594976821,0.0120068477175582,0.00013249278475968338
1131,0,0,0.8812898119128253,0.11555287186594713,0.0031573162212276697
1132,0,0,0.5114369009529334,0.45369347411564037,0.034869624931426375
1133,0,0,0.5540526266737469,0.4057128841582021,0.040234489168050974
1134,2,2,0.0021287710886308334,0.07226549179801016,0.9256057371133591
1135,1,1,0.1928731036993632,0.6854682262092242,0.1216586700914125
1136,2,2,0.000264465241389883,0.015255569797790943,0.9844799649608191
1137,1,1,0.1396023484954536,0.603222232128006,0.25717541937654054
1138,2,2,0.027657165715594748,0.3315808088405559,0.6407620254438494
1139,0,0,0.8045486708004596,0.184893572323911,0.010557756875629577
1140,1,2,0.010667679949399145,0.23448648131996688,0.7548458387306339
1141,0,0,0.6504687114628089,0.33966901679106487,0.009862271746126217
1142,0,0,0.6344693106977156,0.3395350225229361,0.025995666779348257
1143,2,2,0.011282677135533388,0.20992606044894044,0.7787912624155262
1144,0,0,0.9566543597636796,0.042918899607479084,0.0004267406288413203
1145,1,1,0.11606253880459574,0.6612693280241249,0.22266813317127931
1146,2,2,0.022432725726098692,0.2709282029973008,0.7066390712766005
1147,0,0,0.6603824317023287,0.3078963553455097,0.03172121295216162
1148,1,1,0.06619999221895001,0.5364329446198388,0.3973670631612112
1149,2,1,0.04095280472205761,0.4868292651815891,0.4722179300963532
1150,2,2,0.0005466283319719124,0.06017870186653719,0.9392746698014909
1151,1,1,0.23714434895267672,0.6174983414769626,0.1453573095703607
1152,2,2,0.0005967792081058806,0.026794503904088177,0.9726087168878059
1153,0,0,0.6511983679040836,0.3365235303807275,0.01227810171518887
1154,1,1,0.22420525724464618,0.6188264456532924,0.15696829710206142
1155,2,2,0.009370998932620939,0.3367183734425463,0.6539106276248328
1156,0,0,0.8990614174172946,0.09684783958653674,0.004090742996168549
1157,2,2,0.005318983856509503,0.2167895826001386,0.7778914335433519
1158,2,1,0.054666389299497416,0.49059555551566897,0.4547380551848336
1159,1,1,0.454780402309969,0.5038717057614839,0.041347891928547
1160,0,1,0.2108712440408389,0.5166386207116881,0.27249013524747306
1161,0,0,0.827950305120895,0.16578637770379775,0.006263317175307259
1162,1,0,0.8379339733849192,0.15692842442777724,0.005137602187303544
1163,1,1,0.25450112880528214,0.5835905098861351,0.1619083613085827
1164,2,1,0.1033921932360071,0.5722235473532234,0.3243842594107694
1165,0,0,0.7227974098099573,0.24734097034876518,0.029861619841277394
1166,1,0,0.6506692140295731,0.33331509991709224,0.016015686053334695
1167,1,0,0.8566200465534599,0.1394031164565945,0.003976836989945688
1168,0,0,0.8274003882849514,0.15777873959961597,0.014820872115432586
1169,0,0,0.9820419186071949,0.017818201429045454,0.000139879963759706
1170,2,2,0.001324552129099863,0.06089362699491377,0.9377818208759864
1171,0,0,0.8420964429273122,0.14900884655909136,0.008894710513596357
1172,0,0,0.9500107303957483,0.048654556634232814,0.0013347129700186922
1173,2,2,0.020682368411564057,0.38328097245624754,0.5960366591321883
1174,2,2,0.007459111650569753,0.172020113524937,0.8205207748244933
1175,1,0,0.5792855732170961,0.3807549088899217,0.03995951789298219
1176,2,2,0.007152161848577824,0.14187026230981642,0.8509775758416058
1177,1,2,0.02513565613552683,0.4730642445612476,0.5018000993032254
1178,1,1,0.17118116110727766,0.6924516174461735,0.1363672214465488
1179,0,0,0.6465643505521685,0.32001690454599974,0.03341874490183161
1180,1,1,0.08867879122295236,0.7904988902794418,0.12082231849760577
1181,1,1,0.44595576476844634,0.4716142395335548,0.08242999569799893
1182,1,1,0.47286400175038,0.487870497597991,0.03926550065162891
1183,0,0,0.9523797527067999,0.04668326877369596,0.000936978519504236
1184,0,1,0.37714527371618595,0.5510617160772076,0.07179301020660647
1185,1,1,0.27114488077380333,0.5544220941520319,0.17443302507416475
1186,2,1,0.05304358470357342,0.5157357406744272,0.43122067462199937
1187,1,1,0.37455042945238626,0.4689517509510436,0.15649781959657014
1188,1,1,0.23235541844509505,0.6241198888620321,0.14352469269287277
1189,0,0,0.6460769862034537,0.3320399235666122,0.021883090229934135
1190,2,2,0.023655115010122633,0.39409958055745675,0.5822453044324206
1191,1,1,0.05088433718552766,0.7945753462438836,0.1545403165705888
1192,0,0,0.5056602680352303,0.4566628025276854,0.03767692943708434
1193,0,1,0.37207907619033465,0.5805955931318464,0.04732533067781899
1194,1,1,0.29322835446166373,0.5918885734457908,0.11488307209254545
1195,0,0,0.961611204162557,0.03774745308515886,0.0006413427522842665
1196,0,1,0.37767678777778657,0.5485575935352842,0.07376561868692916
1197,0,1,0.2824448780629824,0.4921401532092763,0.2254149687277414
1198,0,0,0.9686498885650805,0.030993512802007794,0.0003565986329118776
1199,1,1,0.40743853175020406,0.5361064337669028,0.05645503448289313
1200,1,2,0.01670955784279366,0.370555707413417,0.6127347347437894
1201,0,0,0.9181531634001073,0.07980159371242883,0.002045242887463868
1202,0,0,0.7631883815997677,0.21298127235146644,0.02383034604876598
1203,1,0,0.7331933819571644,0.2503213652392202,0.016485252803615298
1204,0,0,0.843794988151418,0.14915044287808904,0.007054568970493005
1205,0,0,0.9408586837852206,0.057675981322674374,0.0014653348921050626
1206,2,2,0.00045657667511444724,0.02544034636262282,0.9741030769622628
1207,2,2,0.04029440613734974,0.3270599954367898,0.6326455984258604
1208,1,1,0.09714202273238944,0.7177959542363104,0.18506202303130026
1209,2,2,0.2123728196782653,0.3880413881579028,0.39958579216383194
1210,1,1,0.1700537263853347,0.6953855571164332,0.13456071649823217
1211,1,2,0.04334069594409143,0.42330760713706017,0.5333516969188484
1212,1,2,0.0836848251396166,0.4096933805277637,0.5066217943326197
1213,1,2,0.028000601168399874,0.4679788443905778,0.5040205544410222
1214,0,0,0.6887588656557468,0.27849874096795535,0.03274239337629777
1215,0,0,0.8762995755860726,0.12103636897967794,0.002664055434249505
1216,2,1,0.016928026496859802,0.5881491764880423,0.39492279701509786
1217,2,1,0.3612111918271573,0.47987278102175684,0.15891602715108577
1218,1,0,0.8446238046361769,0.14963167164141253,0.005744523722410494
1219,0,0,0.9618951211041566,0.0370389072809837,0.0010659716148597779
1220,0,0,0.8962651776494754,0.1015913644497852,0.0021434579007393794
1221,0,0,0.7011099300439638,0.2706838230500602,0.028206246905975917
1222,0,0,0.6118702611308795,0.3561439824028613,0.031985756466259216
1223,1,2,0.29378585651089956,0.29694181308605466,0.40927233040304584
1224,1,0,0.5401294251828138,0.413620884041871,0.04624969077531523
1225,1,1,0.3223701107021867,0.5674586880908669,0.11017120120694647
1226,0,0,0.9651137790419829,0.03299213919839474,0.0018940817596222047
1227,1,1,0.2543212727632649,0.7085037879254216,0.03717493931131355
1228,0,0,0.7043215259721841,0.2822627538541755,0.013415720173640386
1229,2,2,0.03708052266308498,0.37720500370676424,0.5857144736301508
1230,1,1,0.12133525830917195,0.5665366999835969,0.3121280417072312
1231,0,0,0.7982522057683117,0.18827829121686152,0.01346950301482671
1232,1,1,0.398069330797568,0.5258746214704841,0.07605604773194787
1233,1,1,0.3250813965140763,0.620505220849324,0.05441338263659974
1234,1,1,0.21671882706557774,0.5816275256441111,0.20165364729031113
1235,2,2,0.016117407987330776,0.3680220065642668,0.6158605854484024
1236,0,1,0.2537873167852172,0.6713184891613551,0.07489419405342777
1237,0,0,0.7398314017153742,0.23190126831678726,0.028267329967838453
1238,0,0,0.5809241301997891,0.32589683114885515,0.09317903865135586
1239,1,1,0.25152118949827945,0.6009903395364463,0.1474884709652743
1240,0,0,0.6945082445919499,0.2964656373162282,0.00902611809182188
1241,0,1,0.2962247632123571,0.5601224830288059,0.14365275375883704
1242,0,1,0.34471564393597204,0.5181253977319418,0.1371589583320861
1243,0,0,0.7027639507186954,0.28687256424665264,0.010363485034652035
1244,0,0,0.7540501771619063,0.23808605896994012,0.00786376386815365
1245,0,1,0.41954115043880547,0.5119687872016206,0.06849006235957397
1246,0,1,0.4133289409307341,0.5272503529673545,0.05942070610191145
1247,2,2,0.0075696796065744055,0.25822076856582465,0.7342095518276008
1248,2,2,0.005557720061280249,0.14298071100619156,0.8514615689325282
1249,1,1,0.3071711326988042,0.43967264437179293,0.2531562229294029
1250,1,1,0.27183003145958856,0.6285168133517237,0.09965315518868767
1251,0,0,0.8820847736677055,0.10766697580415605,0.01024825052813842
1252,1,0,0.5532812816952944,0.38159900664550656,0.06511971165919889
1253,0,0,0.7954391321994546,0.1839844922828963,0.020576375517649063
1254,1,1,0.052329693340730725,0.5761234991345359,0.37154680752473335
1255,0,0,0.9687710018444753,0.030898411426033053,0.00033058672949156016
1256,1,1,0.08830832800946549,0.7750483907578986,0.13664328123263586
1257,0,0,0.5079548470696299,0.4399230359965906,0.05212211693377952
1258,1,1,0.1239096523209976,0.4771540525167061,0.39893629516229634
1259,1,1,0.059934977407577646,0.5711561779490203,0.36890884464340196
1260,1,0,0.5298126421793674,0.4386121566008872,0.0315752012197453
1261,1,1,0.07294611880506517,0.5842584528274178,0.342795428367517
1262,0,0,0.646424860713301,0.340709700113443,0.012865439173255977
1263,0,0,0.7998415068668706,0.18585828715382363,0.01430020597930588
1264,0,0,0.9144153506787921,0.08411605506238987,0.0014685942588178896
1265,0,0,0.9905261178096878,0.009272641874449428,0.00020124031586272347
1266,1,1,0.28686088429698514,0.5356669476642839,0.17747216803873098
1267,0,1,0.3953871373568645,0.5638958017768108,0.040717060866324706
1268,0,0,0.9489080276719485,0.04870009135646667,0.0023918809715849413
1269,1,1,0.4274880913922404,0.4801889039077404,0.09232300470001918
1270,0,0,0.7176717264963377,0.2572420049259449,0.025086268577717473
1271,0,0,0.870859410632705,0.1259315734962376,0.0032090158710575034
1272,2,2,0.04263769682802741,0.3996346422133698,0.5577276609586027
1273,1,0,0.5415942677651492,0.4135988710365807,0.04480686119826997
1274,0,0,0.8290325244104917,0.16305667968423312,0.007910795905275197
1275,0,0,0.9794606329945439,0.020125046871860786,0.00041432013359537936
1276,0,0,0.9768064659746867,0.022752069223500933,0.00044146480181228006
1277,0,0,0.9431895212702284,0.05504101023721433,0.0017694684925572582
1278,0,0,0.8082667310233149,0.18771109558824964,0.004022173388435515
1279,1,1,0.41531072673639446,0.43904147939481664,0.1456477938687889
1280,1,0,0.5474162721092426,0.4038368820843082,0.04874684580644907
1281,0,0,0.721049808717466,0.26732071486937803,0.01162947641315594
1282,0,0,0.6767724164705993,0.29395530248426643,0.029272281045134362
1283,0,0,0.9726366618467719,0.02649215751959509,0.0008711806336328925
1284,0,0,0.9859910886774665,0.013673786400989008,0.00033512492154446933
1285,2,1,0.0676700717705806,0.5629352952465142,0.36939463298290515
1286,1,1,0.08687965509516651,0.5396676839168579,0.3734526609879756
1287,1,1,0.0681936431167885,0.4682445978370547,0.4635617590461568
1288,0,0,0.9541561745130214,0.04455818429378679,0.001285641193191716
1289,0,0,0.8671220454894795,0.12893667750537094,0.003941277005149616
1290,0,0,0.7281300460235851,0.24728911978348117,0.0245808341929337
1291,0,0,0.7051501093650726,0.2757003521408932,0.019149538494034245
1292,0,1,0.36193049683027834,0.5613395308266305,0.07672997234309113
1293,0,0,0.9741152963870869,0.025069359068245152,0.0008153445446678497
1294,1,1,0.36224482411718056,0.4984870339365806,0.1392681419462387
1295,1,1,0.21570971193255584,0.6002571794097951,0.18403310865764905
1296,1,2,0.045559304365076214,0.47566191699715776,0.478778778637766
1297,0,0,0.8915734863069199,0.09684027529323583,0.011586238399844217
1298,1,0,0.7357944395284937,0.2516607069095361,0.01254485356197009
1299,0,0,0.9571540294014874,0.04143417289994498,0.0014117976985675114
1300,2,2,0.0016873701991839414,0.07236674005712725,0.9259458897436887
1301,1,1,0.15033874434601596,0.6502535010603587,0.1994077545936253
1302,0,0,0.7584149019898738,0.2252500351412474,0.01633506286887875
1303,1,1,0.1873466986794045,0.6896405653145418,0.1230127360060537
1304,0,0,0.9209146222884703,0.07559626621807933,0.003489111493450257
1305,0,0,0.9934357427403362,0.006506226184389153,5.803107527482218e-05
1306,0,1,0.45350834303562115,0.4893411067016997,0.05715055026267902
1307,0,0,0.8694402583060551,0.124684986324297,0.005874755369647792
1308,0,0,0.7860880750757896,0.20157552603881657,0.012336398885393797
1309,2,2,0.009768816036990473,0.29221950911387257,0.698011674849137
1310,2,1,0.1520987598820487,0.760120492179223,0.08778074793872838
1311,0,0,0.9083648388871832,0.08645961909322797,0.005175542019588764
1312,1,1,0.06886794981494836,0.5505628646174954,0.38056918556755626
1313,0,0,0.8441900360277886,0.152140822459803,0.00366914151240841
1314,0,0,0.980918213749531,0.018781112365722562,0.00030067388474653634
1315,1,1,0.40579371575556494,0.4986803133976676,0.09552597084676756
1316,1,1,0.07577246417424578,0.5633951543770033,0.36083238144875096
1317,2,2,0.03162730443236233,0.44971712169131356,0.5186555738763241
1318,1,1,0.11507419331023282,0.6842330113802649,0.20069279530950232
1319,2,1,0.025248296037491513,0.6841664282244736,0.29058527573803483
1320,0,0,0.9609127576221926,0.03851763325246954,0.0005696091253376752
1321,0,0,0.5939392170450761,0.37702278722346294,0.02903799573146083
1322,0,0,0.8756099477927866,0.12101957720943661,0.0033704749977767406
1323,1,2,0.04105540329307744,0.35678270801803635,0.6021618886888861
1324,1,1,0.1942908482945802,0.667804023298276,0.13790512840714372
1325,2,2,0.0008548481340178492,0.05009375836900686,0.9490513934969752
1326,1,1,0.3873244943973604,0.47402750767818097,0.13864799792445878
1327,2,1,0.12240259624992961,0.5946264753310486,0.2829709284190217
1328,0,0,0.8559322113047769,0.1397027088487725,0.004365079846450615
1329,1,1,0.29369380568159975,0.62861869045493,0.07768750386347012
1330,0,0,0.9269356388892412,0.071846394508723,0.0012179666020356258
1331,0,0,0.5303259020329109,0.4168014452049709,0.052872652762118236
1332,1,1,0.06601214242563129,0.4690894391802054,0.4648984183941633
1333,1,1,0.07673221379915074,0.5909437893002261,0.33232399690062314
1334,1,0,0.7585777393454562,0.2114296557097281,0.029992604944815638
1335,2,2,0.0316469763113596,0.3727038395767359,0.5956491841119045
1336,2,2,0.007265304321963973,0.11295804574866024,0.8797766499293758
1337,0,1,0.1739457453494791,0.7545700791184192,0.07148417553210176
1338,1,1,0.276279084003151,0.5922315802774851,0.1314893357193638
1339,1,1,0.3638186938664154,0.5065824657962519,0.1295988403373327
1340,2,1,0.06935253490615464,0.5677678269469504,0.36287963814689506
1341,0,0,0.9763610451781148,0.02327404506138668,0.0003649097604985462
1342,1,1,0.4424535016306993,0.5212645858655914,0.036281912503709206
1343,1,1,0.19311753209770527,0.6051543423820402,0.20172812552025443
1344,1,0,0.5398944900857054,0.4342905112212335,0.025814998693061038
1345,0,0,0.6738426112291047,0.3047788130224181,0.02137857574847722
1346,1,0,0.6201736966449625,0.31623590229277915,0.06359040106225838
1347,0,0,0.5784944960296458,0.39488309215661804,0.02662241181373611
1348,2,2,0.019110088216058523,0.37804365753549396,0.6028462542484476
1349,0,0,0.48328621048725334,0.47707695143127826,0.03963683808146832
1350,0,0,0.9514664582489064,0.04740055737048285,0.001132984380610646
1351,1,2,0.01037342710151845,0.30788326549953127,0.6817433073989503
1352,0,1,0.4451502008867811,0.5013992323934513,0.05345056671976771
1353,2,2,0.012412926623394617,0.216677501351971,0.7709095720246344
1354,0,1,0.2610458837108061,0.5557855932842976,0.1831685230048962
1355,2,1,0.07194071668984928,0.6470972670341641,0.2809620162759866
1356,1,1,0.0938537626793877,0.599592231277319,0.30655400604329336
1357,0,0,0.8138013546144877,0.17699211084067806,0.009206534544834138
1358,2,1,0.24486317172370073,0.5843503168011432,0.17078651147515603
1359,1,1,0.3390498098055506,0.6090451723261217,0.051905017868327734
1360,0,0,0.9733339940479422,0.026195798850587752,0.0004702071014700025
1361,0,0,0.9868179539450078,0.012994427953560978,0.00018761810143118647
1362,0,0,0.9441150785602821,0.054159870435552405,0.001725051004165371
1363,0,0,0.9894561429015419,0.010364305691433866,0.00017955140702426438
1364,2,2,0.032155450900942656,0.3259082368980935,0.6419363122009637
1365,2,2,0.001377582512740819,0.06897423544092113,0.9296481820463381
1366,1,1,0.3487597292250873,0.5103747838783064,0.14086548689660638
1367,0,1,0.44379509862565225,0.5225238944886819,0.03368100688566591
1368,0,0,0.9039913068683463,0.09319487202982615,0.0028138211018276372
1369,0,0,0.5618963192006347,0.3999041833203103,0.03819949747905503
1370,0,0,0.7753990898021219,0.21575337897118674,0.008847531226691248
1371,2,1,0.1074154871742254,0.48814051375206424,0.40444399907371037
1372,0,1,0.16829020795559957,0.6408744150744238,0.19083537696997666
1373,2,1,0.15853277331806695,0.4818416772973276,0.3596255493846054
1374,0,0,0.9756761354639769,0.02391510210170157,0.00040876243432154565
1375,0,0,0.5342102058980887,0.4329518965805197,0.03283789752139159
1376,0,0,0.6700374805716828,0.31312799602603303,0.016834523402284193
1377,1,1,0.13856483866655164,0.5969418558305354,0.2644933055029129
1378,1,0,0.6024661141956212,0.3720395758607743,0.025494309943604396
1379,1,0,0.75631424016551,0.21575038396012583,0.027935375874364152
1380,0,0,0.7435231961638057,0.2239715591295203,0.03250524470667399
1381,0,0,0.5111016102625182,0.4077054592966665,0.08119293044081521
1382,1,1,0.037712876638012684,0.5020537629976146,0.4602333603643726
1383,1,1,0.24980493496519418,0.5381710353081248,0.21202402972668102
1384,0,0,0.8963109975366065,0.09999737169424905,0.0036916307691445757
1385,2,2,0.01775077861036644,0.3771227793475753,0.6051264420420582
1386,0,0,0.9881275825156579,0.011672564502326952,0.0001998529820151406
1387,0,1,0.20309293014860347,0.5861224171472962,0.21078465270410035
1388,0,0,0.9439377187970044,0.055249501051638915,0.0008127801513565212
1389,1,0,0.5834396444040428,0.3641233183328396,0.052437037263117534
1390,1,1,0.1487866847332609,0.7080270501486934,0.1431862651180456
1391,1,1,0.0633594533611821,0.6109398148153182,0.32570073182349973
1392,2,2,0.037353822412875326,0.3515265647393206,0.611119612847804
1393,2,2,0.0010008186965982976,0.056052115234106706,0.9429470660692949
1394,1,1,0.4798400885480126,0.4864004291511914,0.03375948230079599
1395,1,1,0.14059940247402308,0.5845434133973776,0.2748571841285993
1396,2,1,0.15267813753458004,0.5492329643378692,0.29808889812755074
1397,0,1,0.19066893144222535,0.6183030197313497,0.19102804882642496
1398,1,1,0.3923952609825533,0.4935211262934843,0.11408361272396235
1399,0,0,0.8021967966345385,0.19017564683195762,0.007627556533504007
1400,0,0,0.9637680405595096,0.03539521458475428,0.0008367448557361268
1401,2,1,0.15940434204302398,0.693593818525532,0.14700183943144404
1402,1,1,0.3893742562457914,0.5684999608447923,0.042125782909416334
1403,1,1,0.1824053587427157,0.7121616243021552,0.10543301695512919
1404,0,1,0.09322533846861017,0.5943605005214934,0.3124141610098964
1405,0,0,0.6222032388360167,0.3641858359923618,0.013610925171621406
1406,1,1,0.23087130619082735,0.5220682233002387,0.24706047050893387
1407,0,0,0.9548431519060366,0.04410295976543078,0.0010538883285325664
1408,0,1,0.4663342689932397,0.4986746984794163,0.03499103252734391
1409,1,1,0.17213877321920706,0.5946226772983297,0.23323854948246323
1410,1,0,0.7903803111256992,0.18589274675944817,0.023726942114852764
1411,0,0,0.8657277411011823,0.1312251337987544,0.0030471251000632324
1412,1,1,0.08305341143384723,0.5493345186079782,0.3676120699581745
1413,2,1,0.050945873524281204,0.551986049742782,0.3970680767329368
1414,2,2,0.02520671473582751,0.4700393102896218,0.5047539749745507
1415,0,0,0.8262967410859465,0.16521208529006184,0.008491173623991535
1416,0,1,0.1774931905008298,0.7121503812141359,0.11035642828503424
1417,0,0,0.9457135746764587,0.05062564156513348,0.003660783758407791
1418,0,0,0.8834031490769451,0.11206615679253418,0.004530694130520786
1419,1,0,0.562711362738405,0.39847702453262634,0.03881161272896859
1420,1,1,0.13661162190672782,0.6577566607599574,0.20563171733331473
1421,0,0,0.9548723575771688,0.04457347916540545,0.0005541632574257274
1422,1,1,0.3661291480416842,0.5573392090225188,0.07653164293579696
1423,2,1,0.12712103890489843,0.6122016321329061,0.2606773289621954
1424,2,2,0.004766548152884374,0.16506830315182186,0.8301651486952938
1425,0,0,0.5892870388208573,0.3760183332317901,0.03469462794735256
1426,1,0,0.5076908896160528,0.4488751627852537,0.04343394759869351
1427,1,1,0.42903600441118517,0.5100542004268757,0.06090979516193926
1428,0,0,0.8672516829221153,0.12807768546557552,0.0046706316123090365
1429,0,0,0.9803474955954077,0.019331310948855505,0.0003211934557369622
1430,1,1,0.05087037543766358,0.5153878668979979,0.4337417576643386
1431,0,0,0.8280284290093528,0.1672027123600449,0.004768858630602247
1432,1,1,0.09038086772718068,0.7326327400597439,0.17698639221307538
1433,1,0,0.6421505449919995,0.34119865454713283,0.016650800460867646
1434,2,2,0.0023286164846646573,0.09731379726422806,0.9003575862511073
1435,1,1,0.3876941259246218,0.5138865069776413,0.0984193670977369
1436,1,0,0.5426848172162726,0.41918823684384415,0.038126945939883104
1437,2,1,0.1904788455842217,0.44907559786304196,0.3604455565527363
1438,0,0,0.779140901888203,0.19913407500923896,0.02172502310255822
1439,1,1,0.35234824674967813,0.5941432012252222,0.053508552025099694
1440,0,0,0.899950281921533,0.09631023740649267,0.0037394806719742734
1441,0,1,0.3121730202425639,0.5261350300632424,0.1616919496941937
1442,2,2,0.006352040583554116,0.18296331396661863,0.8106846454498272
1443,0,0,0.8916408322698829,0.10211457997307241,0.00624458775704481
1444,2,2,0.036063198650643405,0.37574252754388493,0.5881942738054716
1445,0,0,0.9008939017465653,0.09591794997559483,0.00318814827783997
1446,1,0,0.577369317226856,0.40758223233696594,0.015048450436177975
1447,2,2,0.012519018421579093,0.19200961279714032,0.7954713687812806
1448,1,1,0.27035303640475433,0.6351433866740265,0.09450357692121912
1449,0,1,0.44052572716262733,0.5055476777206077,0.053926595116764925
1450,0,1,0.3099305445361442,0.6045833154115998,0.085486140052256
1451,1,1,0.16471513516352915,0.5977103677920178,0.2375744970444531
1452,1,1,0.05890244931786784,0.5567560901828312,0.38434146049930085
1453,0,0,0.935812635623918,0.06363178056864133,0.0005555838074406776
1454,1,0,0.5791539066989208,0.3778698430674509,0.04297625023362834
1455,1,1,0.07232136945097081,0.6015483936726732,0.32613023687635606
1456,0,0,0.9098590841984328,0.08775322987785504,0.0023876859237122092
1457,0,1,0.19828604811273096,0.6823451518806363,0.11936880000663286
1458,0,0,0.8347719641320783,0.16009730541169415,0.0051307304562274725
1459,0,0,0.8169855529360752,0.16929995674550152,0.013714490318423287
1460,0,0,0.9255033413824421,0.07292832816492888,0.001568330452629042
1461,0,0,0.6557390493876397,0.30537702205250467,0.038883928559855716
1462,0,1,0.19799702973034733,0.5833745117177087,0.21862845855194396
1463,2,2,0.005085198406242648,0.13770096493380773,0.8572138366599497
1464,2,2,0.009723840208917459,0.39301192055824236,0.5972642392328401
1465,2,1,0.17888033022256095,0.4331049956297446,0.38801467414769436
1466,1,1,0.35300017407731904,0.5240179903015425,0.1229818356211386
1467,1,1,0.2990601110601126,0.5540719414288718,0.14686794751101556
1468,2,1,0.2266092611205528,0.5620037448813711,0.21138699399807603
1469,0,0,0.6368461005274312,0.33414516863575416,0.02900873083681452
1470,1,1,0.13902780889257224,0.5519031461260883,0.3090690449813394
1471,1,1,0.17862694830423761,0.6265774386232105,0.1947956130725519
1472,1,0,0.5797742672486164,0.3509040882269901,0.06932164452439346
1473,0,0,0.8664974650105145,0.12772545550128692,0.005777079488198574
1474,1,1,0.18745672307059577,0.5912578877160274,0.22128538921337684
1475,0,0,0.9969590222483798,0.0029471896493210997,9.378810229912579e-05
1476,0,0,0.8727143408279334,0.11950728167854982,0.00777837749351682
1477,0,0,0.6738137229937509,0.3073101527482819,0.01887612425796717
1478,1,0,0.752564189584395,0.2339226539565775,0.013513156459027703
1479,2,2,0.04391174136810587,0.3817972441528589,0.5742910144790353
1480,0,0,0.9778233349542855,0.021849822564551327,0.00032684248116312696
1481,0,0,0.7391796599903298,0.24674903170746035,0.014071308302209984
1482,0,0,0.9396076504689819,0.05819945125056339,0.0021928982804545645
1483,1,1,0.2255593076062549,0.6909496833697286,0.08349100902401654
1484,1,2,0.1338727809973394,0.3743500557521174,0.4917771632505432
1485,0,0,0.8867212530156678,0.10125904864558627,0.012019698338745891
1486,2,2,0.03106678976053019,0.4584396604646096,0.5104935497748603
1487,1,2,0.008490889395471083,0.2862117847341585,0.7052973258703704
1488,0,1,0.13065859856275813,0.6437184587142192,0.22562294272302272
1489,1,1,0.06251170108034335,0.5252236177957849,0.41226468112387166
1490,1,2,0.021653758728678738,0.4537151923444088,0.5246310489269124
1491,1,1,0.2771533173901832,0.6028829910173985,0.11996369159241844
1492,0,0,0.5565416000092344,0.410990534713258,0.0324678652775076
1493,0,0,0.6692624750622606,0.31399262826787666,0.016744896669862827
1494,0,0,0.7771442957377653,0.2171305776416287,0.00572512662060583
1495,0,0,0.7324163777542256,0.2536788780108177,0.01390474423495672
1496,0,0,0.668026532425537,0.31866745428730464,0.013306013287158306
1497,0,0,0.8142145876559153,0.18179230091697696,0.003993111427107911
1498,0,0,0.8447924954359425,0.1464562631409555,0.008751241423101921
1499,2,1,0.0671964615657128,0.5921616850074254,0.34064185342686193
1500,0,0,0.6094884926126858,0.35210329972069027,0.03840820766662396
1501,1,2,0.01599996200595934,0.2203662259264826,0.7636338120675581
1502,1,1,0.18626382151285534,0.6166085779842635,0.1971276005028811
1503,1,1,0.20988245947377596,0.6374875494973528,0.15262999102887131
1504,0,0,0.9210431904103502,0.07688179971085554,0.0020750098787942436
1505,1,1,0.4029353698752497,0.5413309997034477,0.055733630421302596
1506,0,0,0.7557343491517066,0.22538797582528783,0.018877675023005698
1507,1,1,0.17948547403666043,0.6842816366737023,0.13623288928963712
1508,1,1,0.30270653016356813,0.5260848170565336,0.1712086527798983
1509,1,2,0.007812168391288726,0.12757023188050626,0.864617599728205
1510,0,0,0.7101951372838048,0.2793046479144434,0.010500214801751694
1511,0,0,0.9951213541273889,0.0047709554238537745,0.0001076904487574287
1512,0,0,0.7883377379771823,0.18824136696303947,0.023420895059778207
1513,0,0,0.5261409906924877,0.44792935581612336,0.02592965349138907
1514,0,0,0.999125352238185,0.0008646057053748419,1.0042056440009033e-05
1515,0,0,0.636422069356162,0.3178638705256483,0.04571406011818965
1516,1,2,0.03128071828750152,0.3791925571921078,0.5895267245203907
1517,1,0,0.7619555740048967,0.21155829411783209,0.02648613187727127
1518,0,0,0.8922252659436725,0.10533329778711403,0.002441436269213433
1519,1,1,0.10633567556054384,0.6363952487521362,0.25726907568732
1520,1,1,0.3268628360713899,0.5443796940118034,0.12875746991680662
1521,0,0,0.9620639423803518,0.037462896696065215,0.00047316092358299315
1522,1,1,0.1808175373517936,0.6312356601212528,0.18794680252695367
1523,0,0,0.8336699293759561,0.160028005516495,0.0063020651075488794
1524,2,1,0.07769330213064973,0.7016407221901321,0.2206659756792182
1525,1,0,0.5689859386317433,0.3520452798276667,0.07896878154059
1526,0,0,0.885833072911021,0.11142338906419554,0.0027435380247835244
1527,2,1,0.08594021149176145,0.6991166970840822,0.21494309142415643
1528,1,1,0.07549801858931894,0.6515213457438694,0.27298063566681163
1529,2,2,0.013658906810677034,0.3274843593934055,0.6588567337959175
1530,1,0,0.6756703447091919,0.27088161677540856,0.053448038515399546
1531,2,1,0.20832298900347987,0.49698733632260766,0.29468967467391255
1532,0,0,0.7687025404457066,0.21461692348562664,0.016680536068666783
1533,1,1,0.3413687830885854,0.575907370430836,0.08272384648057853
1534,2,1,0.05551115526644415,0.501026934343864,0.44346191038969185
1535,1,0,0.48764420688353477,0.48447442112072686,0.027881371995738518
1536,0,0,0.880698931029167,0.11546700066432405,0.0038340683065090668
1537,0,0,0.7960821379791058,0.1975582083518767,0.006359653669017531
1538,0,0,0.8795804577108215,0.11771817526681469,0.0027013670223636817
1539,1,1,0.2343210797955887,0.5218104931435901,0.2438684270608213
1540,2,1,0.13040687858243988,0.5811111842234179,0.2884819371941422
1541,0,0,0.9973133244055243,0.0026313227350072896,5.535285946844537e-05
1542,1,2,0.1456423101430235,0.3652295418504487,0.4891281480065277
1543,1,0,0.49082471509144554,0.48197158807770174,0.027203696830852626
1544,0,0,0.8665573441133603,0.12944681488697307,0.003995840999666676
1545,0,0,0.6861377160720703,0.29315964874143446,0.02070263518649521
1546,0,1,0.3819577504946326,0.5773607604303512,0.04068148907501619
1547,0,0,0.5453310545940335,0.41859382472593587,0.03607512068003061
1548,0,0,0.7299585836458077,0.23042389145029496,0.03961752490389741
1549,1,1,0.2632136946771593,0.642269429982259,0.0945168753405817
1550,2,1,0.2054645439825944,0.5760790885376988,0.21845636747970684
1551,0,0,0.6581820890122149,0.3263975072569146,0.015420403730870537
1552,0,0,0.916044178281367,0.08061246808620326,0.0033433536324296675
1553,2,1,0.02651768991718138,0.5030199661453286,0.47046234393748987
1554,0,0,0.6714817733746384,0.3162769973736322,0.012241229251729518
1555,2,2,0.005268305814156269,0.2113309186383262,0.7834007755475175
1556,2,2,0.002047108258242712,0.10350083284618293,0.8944520588955744
1557,0,1,0.4387952332958433,0.5152732708670946,0.045931495837062054
1558,2,2,0.00024085736110169038,0.02191012627954363,0.9778490163593546
1559,0,0,0.8718481209362968,0.12364544473355428,0.004506434330148966
1560,0,0,0.9019121347599042,0.0948034497875779,0.0032844154525177877
1561,1,1,0.22424537828847552,0.6360828522167195,0.13967176949480517
1562,2,2,0.004534747369349775,0.1539686823782189,0.8414965702524313
1563,0,1,0.4074212092024091,0.47534640352135327,0.11723238727623746
1564,0,0,0.7829194526392392,0.19717957219822432,0.01990097516253647
1565,0,0,0.6008407980595363,0.35121733477725325,0.0479418671632106
1566,0,0,0.8233291451013209,0.16656442825111273,0.010106426647566292
1567,1,0,0.5731914263215204,0.3752581152497541,0.0515504584287253
1568,0,0,0.8990951609519074,0.09779168334980974,0.0031131556982829244
1569,1,0,0.6171791382810269,0.36649998287447766,0.016320878844495394
1570,2,1,0.4510579230727965,0.47432670255129555,0.07461537437590783
1571,1,1,0.3199913379897558,0.5675777616195857,0.11243090039065837
1572,2,2,0.015964388816697515,0.26787388627905817,0.7161617249042443
1573,1,0,0.5650784976359383,0.41404519535565265,0.020876307008409065
1574,2,2,0.030875479088996478,0.27775391531093296,0.6913706056000706
1575,2,2,0.0035524430614808926,0.1646974056384349,0.8317501513000842
1576,1,2,0.18450576263465007,0.30338778364812274,0.5121064537172272
1577,0,1,0.23805468860287407,0.6218403848413989,0.14010492655572707
1578,0,1,0.11059270357083098,0.627639006878823,0.26176828955034614
1579,1,1,0.2542628821284077,0.5304080665495149,0.21532905132207744
1580,1,0,0.7177235297168406,0.2588707169257504,0.023405753357409055
1581,0,0,0.9598296550064378,0.03860981521563285,0.0015605297779294953
1582,1,1,0.11448325594614724,0.6241449131175303,0.2613718309363224
1583,0,0,0.9334879621782375,0.061707487316256665,0.004804550505505742
1584,1,1,0.29328463786138764,0.4740591879624483,0.2326561741761641
1585,2,1,0.07009235405256553,0.6044038030122538,0.3255038429351806
1586,0,0,0.5060598075547693,0.42447642047910844,0.0694637719661222
1587,2,1,0.056368229120904605,0.5349883964933342,0.4086433743857612
1588,2,2,0.008112197422929408,0.3255018648708354,0.6663859377062352
1589,0,0,0.8361432025328506,0.1501443961961513,0.013712401270998034
1590,2,2,0.0530992305448206,0.3448839765046246,0.6020167929505547
1591,1,1,0.20803417583887374,0.6744938382856915,0.11747198587543464
1592,0,1,0.21321153179233315,0.6663265552042831,0.12046191300338363
1593,0,1,0.41053405428560136,0.4918058409382815,0.09766010477611718
1594,2,1,0.24377171716075058,0.6233494965983327,0.13287878624091667
1595,0,0,0.9474963094016997,0.051606366988410105,0.0008973236098903603
1596,0,0,0.919886915715265,0.0776602350209374,0.002452849263797477
1597,0,1,0.3502920848732648,0.5690858594200442,0.080622055706691
1598,0,0,0.7349096947281905,0.22635412500542115,0.03873618026638839
1599,1,1,0.22134241753379977,0.5905120408217388,0.18814554164446143
1600,0,0,0.9068489813548449,0.08907241856898646,0.0040786000761685835
1601,1,1,0.21096628810508486,0.418063059961608,0.37097065193330714
1602,0,0,0.9088654830687017,0.08790796939399406,0.003226547537304137
1603,1,0,0.5585428262716745,0.3709650660488923,0.07049210767943317
1604,2,1,0.2900228107204966,0.42239275935088855,0.28758442992861477
1605,1,1,0.35655175147897755,0.6069158154840848,0.03653243303693766
1606,0,1,0.11131243037262871,0.5560397034103313,0.3326478662170402
1607,2,2,0.03751042141292542,0.4729380584817306,0.489551520105344
1608,0,0,0.5468212137145765,0.4159060610973322,0.037272725188091355
1609,1,1,0.17853849961549284,0.6057286628401592,0.21573283754434783
1610,0,0,0.8944947621999012,0.10031680706617395,0.005188430733924927
1611,1,1,0.29980711129866705,0.5937917899067574,0.10640109879457561
1612,0,0,0.8168014227956423,0.17894223752876043,0.004256339675597137
1613,2,1,0.05038627838281696,0.5986351557978026,0.3509785658193805
1614,1,0,0.7827721605087322,0.2057604759257174,0.011467363565550412
1615,0,0,0.9469300769340893,0.049310235375350654,0.0037596876905601584
1616,0,0,0.6407936583993971,0.3204787169759817,0.03872762462462129
1617,0,0,0.9079643703052694,0.08786444836710514,0.0041711813276254
1618,0,1,0.3568718655623949,0.5220439951736972,0.121084139263908
1619,1,1,0.137059461543651,0.5281000823679058,0.33484045608844326
1620,0,0,0.8465370495785327,0.15075472394306821,0.0027082264783988633
1621,1,0,0.5529890338849152,0.3808361574044088,0.06617480871067592
1622,0,1,0.4651232805082242,0.47004786658883846,0.06482885290293731
1623,1,1,0.17228950212036892,0.6212474714992557,0.20646302638037525
1624,0,0,0.5123523735069974,0.3799813721762317,0.107666254316771
1625,2,1,0.3221489011916878,0.5356785109251694,0.14217258788314277
1626,0,0,0.9166673007330499,0.08081394447466572,0.0025187547922844136
1627,1,1,0.35240566248348026,0.5016337726762069,0.14596056484031283
1628,1,0,0.7820084558755035,0.2132322147115231,0.004759329412973268
1629,0,0,0.7774063507058748,0.21358748519381754,0.009006164100307742
1630,2,1,0.11462328926068611,0.5244800750639489,0.36089663567536495
1631,0,0,0.6752835909525393,0.2340284321617085,0.09068797688575217
1632,1,1,0.23983498196418251,0.6867202067924205,0.07344481124339701
1633,2,1,0.10541397031515841,0.6823200774756937,0.21226595220914793
1634,2,2,0.001922818019214551,0.0891508429351488,0.9089263390456366
1635,1,0,0.6195245654955447,0.34135714282372,0.039118291680735225
1636,1,1,0.12528831826878456,0.5262496700321763,0.3484620116990392
1637,2,1,0.45447901487100184,0.4725208191138741,0.07300016601512395
1638,1,1,0.11529269028824692,0.5368107272936715,0.3478965824180816
1639,0,0,0.9467439120924522,0.05111604422293339,0.002140043684614317
1640,0,0,0.8705166159426003,0.1258406070852785,0.0036427769721211305
1641,0,0,0.729184612736244,0.25595840617492077,0.014856981088835243
1642,0,1,0.4178905647889019,0.5121425338406943,0.06996690137040384
1643,1,0,0.6066088615825438,0.3549731232428009,0.03841801517465531
1644,2,1,0.04727447124821044,0.5344027349940653,0.4183227937577244
1645,1,1,0.1640225242316055,0.6463237957664956,0.18965368000189886
1646,1,1,0.14555504943711556,0.6325764944706207,0.2218684560922638
1647,1,2,0.001914413144822553,0.10393500383738345,0.894150583017794
1648,0,0,0.93895262210944,0.05895617304912326,0.0020912048414367997
1649,1,1,0.047506190406782084,0.5279981776781045,0.42449563191511347
1650,2,2,0.04916761082581702,0.29805294935317894,0.652779439821004
1651,0,0,0.8177716268719198,0.17658543241581587,0.005642940712264286
1652,1,1,0.4579389989571216,0.4639460640415438,0.07811493700133457
1653,1,1,0.2356346684239956,0.6527394664308274,0.11162586514517704
1654,1,1,0.20477723210669777,0.553382889193213,0.24183987870008936
1655,0,0,0.5511122853870645,0.4388194896615846,0.01006822495135087
1656,1,0,0.6546190553279576,0.32928741481832347,0.01609352985371881
1657,0,0,0.47087467603448135,0.4706175502102322,0.05850777375528636
1658,0,0,0.5466825570286168,0.4159395622348847,0.03737788073649844
1659,0,0,0.5621566673215538,0.3960688635842567,0.04177446909418955
1660,0,0,0.7095671428166141,0.26328661581183815,0.02714624137154783
1661,0,0,0.5819008775336307,0.3930466585161241,0.025052463950245126
1662,1,2,0.03116757734651807,0.3615837954694803,0.6072486271840016
1663,0,0,0.9279608304462151,0.06780755399669024,0.004231615557094764
1664,1,1,0.24601821252034184,0.6891863754218731,0.06479541205778493
1665,1,0,0.5977174065502304,0.3165516464291049,0.08573094702066482
1666,0,1,0.2303003678131244,0.604057214305774,0.16564241788110162
1667,0,0,0.9789002403122307,0.020797432011268515,0.0003023276765007826
1668,2,1,0.08472490244116686,0.5933661693868665,0.3219089281719666
1669,2,2,0.015100241158325608,0.25702844595948654,0.7278713128821879
1670,0,0,0.8635511227098867,0.12011838583873706,0.016330491451376203
1671,1,1,0.3198946847975553,0.6165296627987626,0.0635756524036821
1672,2,2,0.01001370014082965,0.3327765710542186,0.6572097288049518
1673,2,1,0.165885577250601,0.6711782516316589,0.16293617111774011
1674,0,0,0.5117099998695183,0.46039706300064415,0.02789293712983761
1675,1,2,0.015746170049566008,0.48810801342094373,0.4961458165294904
1676,1,1,0.2094026660749372,0.6405014902938116,0.15009584363125117
1677,1,1,0.19767758653701362,0.5631118299857314,0.23921058347725496
1678,0,1,0.4652436093181179,0.48711869783037504,0.04763769285150701
1679,1,0,0.5236760833785866,0.4309428393553023,0.04538107726611107
1680,2,1,0.2708839228954803,0.6299304645511447,0.09918561255337502
1681,0,0,0.9647788517697463,0.034586028110576386,0.0006351201196772556
1682,1,1,0.23753363853454854,0.6149039544416908,0.1475624070237608
1683,1,0,0.5418555659467839,0.422317745014701,0.035826689038515
1684,1,0,0.6301555500736647,0.3517700163531132,0.01807443357322216
1685,1,1,0.16966632730303474,0.5484602021608793,0.28187347053608597
1686,0,0,0.9670245541685081,0.03135481354862581,0.0016206322828661388
1687,0,0,0.6371189439128043,0.3384406709488817,0.024440385138313966
1688,0,0,0.9296762388575662,0.06590451159024013,0.00441924955219381
1689,1,0,0.5125706621192108,0.40057908088436,0.08685025699642923
1690,0,0,0.8451509516074077,0.14657762509188557,0.008271423300706812
1691,2,1,0.048069922495138355,0.4866940198949976,0.465236057609864
1692,2,2,0.04491699700063851,0.27694971755472014,0.6781332854446414
1693,2,1,0.28437196815805643,0.42692015766203084,0.28870787417991267
1694,2,1,0.10449550934628582,0.5128172820267904,0.3826872086269238
1695,2,1,0.2265368663686043,0.5608274385426787,0.212635695088717
1696,2,1,0.0848259497526,0.5687839112192907,0.3463901390281093
1697,0,0,0.9066761382448169,0.08936194842644195,0.003961913328741149
1698,1,1,0.27723722986332866,0.4935658092376348,0.22919696089903657
1699,0,0,0.9553105951007814,0.04254326959899159,0.002146135300226793
1700,1,1,0.30246474091133896,0.5955257449444475,0.10200951414421355
1701,2,1,0.0839084395852674,0.5885407675091406,0.32755079290559186
1702,2,2,0.005729984514421054,0.2429858039759704,0.7512842115096086
1703,2,2,0.002810723833155926,0.13687688180692612,0.8603123943599179
1704,2,1,0.3422280548083272,0.4864370998750249,0.17133484531664783
1705,0,0,0.8857558362897859,0.10945778647973785,0.00478637723047631
1706,1,1,0.25289058470030795,0.5628237026963949,0.184285712603297
1707,1,1,0.20303989604353417,0.6562471413282557,0.14071296262821018
1708,0,1,0.3842016612430217,0.5608591248033109,0.05493921395366742
1709,1,1,0.3671636221030457,0.48384773336924936,0.1489886445277051
1710,1,2,0.05673279240034705,0.3921530977553336,0.5511141098443193
1711,0,0,0.6192648171588733,0.363044005982459,0.017691176858667754
1712,0,0,0.539337727773049,0.43325446924772215,0.027407802979228863
1713,0,0,0.5977402024858623,0.3848982907598761,0.01736150675426153
1714,1,2,0.01650088994829703,0.4075812578839276,0.5759178521677755
1715,0,0,0.8926865077436574,0.10141167550885496,0.005901816747487638
1716,0,0,0.8823680028822658,0.11109581715375606,0.006536179963978146
1717,0,0,0.8721317158291569,0.12397758026169439,0.003890703909148699
1718,1,1,0.414198018072436,0.5157646914029973,0.07003729052456668
1719,0,0,0.8640483730291414,0.1307582861406495,0.005193340830209181
1720,0,0,0.9726186526640321,0.027066748544579057,0.00031459879138882093
1721,2,1,0.30552065624191854,0.632298683069137,0.06218066068894451
1722,1,0,0.6055758718328134,0.3692619243462683,0.025162203820918314
1723,2,2,0.01045567630147021,0.19343196909559437,0.7961123546029353
1724,0,0,0.9700702032790154,0.029042507995692527,0.0008872887252922056
1725,0,0,0.9923763088202394,0.00749680926727992,0.0001268819124807248
1726,0,0,0.9699835702507902,0.029637827950994518,0.0003786017982154628
1727,2,1,0.0826926119534478,0.553588572811007,0.36371881523554517
1728,1,1,0.23619343736752432,0.684319243063582,0.07948731956889359
1729,0,0,0.7512358575131565,0.24066954861387466,0.008094593872968967
1730,2,2,0.02019904904986109,0.36801698946095124,0.6117839614891877
1731,1,1,0.06605534347196972,0.6259369048154351,0.30800775171259526
1732,1,1,0.19786372501826718,0.6875250341971738,0.11461124078455891
1733,1,1,0.13414322998400482,0.5083495640391211,0.3575072059768739
1734,1,2,0.15402106393657095,0.3970555228299554,0.4489234132334737
1735,0,0,0.7010549261295798,0.27886882636726007,0.020076247503160154
1736,1,1,0.21905129418314026,0.4938556434069037,0.28709306240995613
1737,0,0,0.9250687162942024,0.07313074626259893,0.001800537443198648
1738,0,1,0.4579263129068293,0.5007802593762639,0.041293427716906805
1739,1,1,0.06538750619040272,0.5896380458770888,0.3449744479325085
1740,0,0,0.9623379750007918,0.0360519967927101,0.0016100282064981225
1741,0,0,0.9674937832848113,0.03194180901511321,0.0005644077000754897
1742,0,0,0.7786338812161686,0.20236338277542096,0.019002736008410473
1743,1,1,0.41812766929059025,0.4962222258808071,0.08565010482860266
1744,1,2,0.03645281192600084,0.3930718290949104,0.5704753589790889
1745,0,1,0.38713312731443167,0.5267822597911659,0.08608461289440239
1746,0,0,0.8814154181485118,0.11636516630533798,0.00221941554615015
1747,2,2,0.0008110937432566352,0.039899725961864654,0.9592891802948788
1748,1,1,0.26090480131608246,0.5584085924759132,0.18068660620800434
1749,2,1,0.101131587974986,0.6457776620606682,0.25309074996434583
1750,1,0,0.6294863796708644,0.35245706348849926,0.01805655684063628
1751,0,0,0.9045663275238266,0.0918209898757934,0.0036126826003799726
1752,1,0,0.4706567202005474,0.4508310908014018,0.07851218899805074
1753,1,1,0.07971546741661406,0.6967694066896094,0.22351512589377645
1754,1,0,0.7489939910898343,0.22709214968110283,0.02391385922906283
1755,0,0,0.9841744738745707,0.015593405370256769,0.00023212075517264379
1756,0,0,0.6582099106354856,0.32545829237085955,0.01633179699365474
1757,0,0,0.9281014551052343,0.06897631767653374,0.002922227218231964
1758,1,0,0.5258054795857222,0.4465779966794162,0.027616523734861564
1759,0,0,0.7058517523453717,0.25443863507284425,0.03970961258178401
1760,1,0,0.6664094667941912,0.28507669538222985,0.04851383782357895
1761,0,0,0.5911773734861522,0.37999201211217815,0.02883061440166965
1762,0,0,0.9506205685344716,0.04654285586756532,0.002836575597963078
1763,1,1,0.1832048725937652,0.5715078254432443,0.2452873019629905
1764,2,2,0.0023705910293743623,0.13204990899473298,0.8655794999758926
1765,0,0,0.8780675305199793,0.11332213992263468,0.008610329557386037
1766,1,1,0.049775248807630505,0.5987434805819447,0.35148127061042483
1767,0,1,0.16926983488187955,0.5635036430911562,0.2672265220269642
1768,0,0,0.6820077016302106,0.3040456849921207,0.013946613377668565
1769,2,2,0.001139004769326934,0.05116702306295144,0.9476939721677217
1770,0,0,0.4656114200792847,0.3835488977856267,0.15083968213508867
1771,0,0,0.591895126965984,0.36746607561983574,0.04063879741418027
1772,2,2,0.002639562361228937,0.08422317986624431,0.9131372577725267
1773,1,0,0.654710574285846,0.3045678457153224,0.04072157999883158
1774,1,1,0.04527336749229922,0.744290123952439,0.21043650855526175
1775,0,0,0.949111778656006,0.04878879653045218,0.00209942481354184
1776,1,1,0.3462703777739464,0.5596439867297314,0.09408563549632207
1777,0,1,0.3006284632900737,0.6618940894868013,0.03747744722312506
1778,2,1,0.09559878247675278,0.5857654655562086,0.3186357519670385
1779,1,1,0.1870943948525807,0.594676977215166,0.21822862793225337
1780,2,1,0.06823051077714905,0.6481629031237801,0.28360658609907075
1781,0,1,0.3632479598031935,0.507033207125974,0.12971883307083257
1782,0,0,0.970208428798477,0.029532888167240333,0.00025868303428245806
1783,1,0,0.5222364284146792,0.42963038535779824,0.048133186227522426
1784,2,1,0.18406922199572345,0.678294658330226,0.13763611967405062
1785,0,0,0.7876686810817078,0.20118567216303912,0.011145646755253084
1786,1,2,0.045357021160208615,0.4450228580579814,0.50962012078181
1787,1,0,0.7617934771460104,0.22067427728995084,0.017532245564038734
1788,1,2,0.019587759643390948,0.39367769377474815,0.586734546581861
1789,0,0,0.6879676269840558,0.29432462696796086,0.01770774604798333
1790,0,0,0.8671703351268318,0.115789777865292,0.01703988700787618
1791,0,1,0.3559472869136751,0.5271226207126931,0.11693009237363171
1792,0,0,0.7349039502609747,0.2516323800749948,0.013463669664030398
1793,1,1,0.1401507345196936,0.6629520421992359,0.19689722328107054
1794,2,2,0.0037703040579192795,0.1418888415547913,0.8543408543872895
1795,2,2,0.010446695140037718,0.23001972331558557,0.7595335815443768
1796,0,0,0.8936214849914942,0.09993075168383023,0.0064477633246755
1797,0,0,0.6793114872150444,0.30874561803755074,0.011942894747404844
1798,2,2,0.07990802711939249,0.4457245269958518,0.4743674458847558
1799,2,1,0.08363033188319753,0.5791005707548239,0.3372690973619785
1800,1,0,0.7738482321060938,0.21685783443378207,0.00929393346012414
1801,0,0,0.9725096924417541,0.02640740870452395,0.001082898853721885
1802,0,0,0.9888377931962651,0.010879121996511455,0.00028308480722330585
1803,0,0,0.970461725248401,0.028713189793224892,0.000825084958374269
1804,1,1,0.12712776919309599,0.7925165901298338,0.08035564067707045
1805,0,0,0.6783034708920095,0.3067138691088073,0.014982659999183237
1806,0,1,0.27539104783262697,0.5325477717869994,0.19206118038037362
1807,1,0,0.554485409451654,0.4260008394495412,0.01951375109880468
1808,2,2,0.006903353180859541,0.12872311355204533,0.8643735332670952
1809,0,0,0.6624905893563361,0.3147815916971209,0.022727818946543014
1810,0,0,0.8388858227446818,0.15697309174694804,0.004141085508370224
1811,2,2,0.006227595257432171,0.17991238615373326,0.8138600185888346
1812,2,2,0.06522748193647852,0.36025765504049806,0.5745148630230235
1813,0,0,0.8139376756088821,0.17369500692494738,0.012367317466170574
1814,0,0,0.8993215193021886,0.09699950840761547,0.003678972290195907
1815,2,2,0.0005383441306094964,0.039133195969267925,0.9603284599001226
1816,1,1,0.1926015415162562,0.6161928037243447,0.1912056547593991
1817,1,1,0.12292357273936266,0.5478645168732931,0.3292119103873443
1818,2,2,0.007221506919709576,0.23794785902086146,0.754830634059429
1819,0,0,0.9436065614751425,0.054379915211328414,0.0020135233135290514
1820,1,0,0.576509317468335,0.3440636127880426,0.07942706974362254
1821,1,1,0.28321974536761996,0.5987935607200372,0.11798669391234283
1822,2,1,0.0842753276293896,0.7169782757348981,0.19874639663571225
1823,2,2,0.0004647946105745723,0.038828411936875175,0.9607067934525504
1824,0,0,0.9935349754005136,0.0063267121804425,0.00013831241904380953
1825,2,2,0.028611660639906486,0.2503984757780647,0.7209898635820289
1826,2,1,0.06744751484777083,0.5992276964389796,0.33332478871324955
1827,0,0,0.9233107314471194,0.07511240840307577,0.0015768601498050293
1828,0,0,0.6909028534967134,0.2923744085625081,0.016722737940778477
1829,1,1,0.09762244968331403,0.4916711024534913,0.4107064478631948
1830,0,0,0.9963242413771238,0.0035925632787887113,8.319534408757876e-05
1831,0,0,0.8313834297046035,0.16443464366387248,0.004181926631524073
1832,0,0,0.5163096236126906,0.45923970439478373,0.02445067199252566
1833,1,1,0.11782230383395013,0.4768207270429622,0.4053569691230878
1834,1,1,0.06260419357823561,0.5584946934674665,0.37890111295429785
1835,0,0,0.9668188721834041,0.031709226125564996,0.0014719016910308554
1836,0,0,0.90347704358995,0.0940024981739223,0.002520458236127967
1837,0,0,0.9158233725024951,0.08007833616125341,0.004098291336251358
1838,1,1,0.3152696971705208,0.6291853134491876,0.05554498938029173
1839,1,0,0.5154845521774473,0.4381514030059317,0.0463640448166211
1840,1,1,0.13752484972036133,0.46350516225321076,0.398969988026428
1841,2,1,0.06719264686317128,0.4832120623533092,0.4495952907835196
1842,1,1,0.05972830926720151,0.48542729346435687,0.4548443972684417
1843,1,1,0.11052923282055281,0.5279836877613902,0.361487079418057
1844,0,0,0.8057823471302334,0.18780417345641442,0.006413479413352218
1845,1,1,0.2944315169855696,0.6005373986412675,0.10503108437316276
1846,1,1,0.25552933544759365,0.5820786877399643,0.16239197681244202
1847,0,1,0.3356685792378784,0.5774798086226619,0.08685161213945967
1848,1,0,0.8432863457760926,0.14285735652172038,0.013856297702186923
1849,2,2,0.01453842442650762,0.34943234552779634,0.636029230045696
1850,0,0,0.7880812781141795,0.19262838394941853,0.01929033793640213
1851,1,0,0.8483965358437483,0.14556818285689407,0.0060352812993575864
1852,0,0,0.6480710072776241,0.3345938384446419,0.01733515427773394
1853,0,0,0.7929289753177479,0.1988657340832363,0.008205290599015914
1854,2,2,0.02617006086049045,0.3362021649917716,0.6376277741477381
1855,1,1,0.14058060859673677,0.6117614716670148,0.24765791973624843
1856,0,0,0.8203361529384149,0.16913052433367057,0.010533322727914511
1857,0,0,0.7878921801684718,0.1981476291958965,0.013960190635631671
1858,0,0,0.9929124874224518,0.006989504071010223,9.800850653796363e-05
1859,2,1,0.0411864527129065,0.5560039174714072,0.40280962981568624
1860,1,1,0.29122852605809496,0.49879786117931346,0.20997361276259163
1861,0,0,0.9907069015965748,0.009116076736577088,0.00017702166684803127
1862,1,1,0.2059886463814666,0.6353203387373563,0.1586910148811771
1863,1,0,0.5578003404889558,0.4176965987605063,0.024503060750537965
1864,1,1,0.17182916137946383,0.6753602107027443,0.1528106279177918
1865,0,0,0.9050370506085225,0.08949895875968569,0.005463990631791718
1866,1,0,0.569624602491005,0.4041751673207729,0.026200230188222123
1867,2,2,0.05957249199363312,0.44280106130193997,0.4976264467044269
1868,2,2,0.009679486256556026,0.2035295413875757,0.7867909723558681
1869,2,2,0.0051763047378441075,0.2345934071248726,0.7602302881372833
1870,2,2,0.030042590455045877,0.3201405884892863,0.6498168210556677
1871,2,2,0.005779157436919972,0.1906896256564167,0.8035312169066633
1872,0,0,0.7272008858842941,0.2674024378249698,0.005396676290736165
1873,1,0,0.7813703981691855,0.204994525752086,0.013635076078728403
1874,0,0,0.5919101776066176,0.3691758481694078,0.038913974223974655
1875,1,1,0.15118260747153717,0.7541146894697509,0.0947027030587118
1876,2,2,0.005957411160632173,0.17179213648883518,0.8222504523505327
1877,0,0,0.8054081472344887,0.18866270214158318,0.005929150623928062
1878,0,1,0.35146312077799907,0.49987363717591754,0.14866324204608333
1879,0,0,0.9636166325369891,0.03495603163922129,0.0014273358237895158
1880,1,1,0.299502978747705,0.5419970025653988,0.15850001868689623
1881,1,1,0.41790972017357103,0.46422142351455054,0.11786885631187854
1882,0,0,0.9687654258307627,0.030282973929868777,0.000951600239368347
1883,0,0,0.7107517145289739,0.273011293262945,0.016236992208081166
1884,1,1,0.2508122192677184,0.5546732322849399,0.19451454844734162
1885,2,1,0.12224916321546635,0.7716583866978148,0.10609245008671886
1886,1,1,0.11759756349461556,0.6810043789286616,0.20139805757672288
1887,0,0,0.8909946738441403,0.10137974385069598,0.007625582305163773
1888,1,0,0.7348157673331215,0.251678307720607,0.013505924946271572
1889,0,1,0.25342631072053057,0.5673402134050508,0.1792334758744186
1890,1,1,0.35199300848679765,0.5595502514490533,0.08845674006414897
1891,1,1,0.2466292766700354,0.6649430606370597,0.08842766269290499
1892,0,0,0.8981175515200737,0.09971557371952795,0.0021668747603984817
1893,0,0,0.9029085970536688,0.09239762986864482,0.004693773077686557
1894,0,0,0.6635053737554737,0.31922937715004285,0.017265249094483476
1895,2,2,0.006956325756081055,0.1762618388513386,0.8167818353925804
1896,1,1,0.4377221048413996,0.4946887646560939,0.06758913050250658
1897,0,0,0.9647301631704136,0.03471580247494758,0.0005540343546386478
1898,1,0,0.756264764038005,0.22304838932719023,0.020686846634804842
1899,0,0,0.9201590908206435,0.07601376697183408,0.003827142207522428
1900,0,0,0.6689399907536295,0.29886603251080823,0.03219397673556234
1901,0,0,0.4860493097152239,0.47570266393340926,0.03824802635136689
1902,1,1,0.13562550091558515,0.547455515205084,0.3169189838793309
1903,0,0,0.9604000240286966,0.038601830953289486,0.0009981450180139718
1904,1,1,0.08708691942966641,0.7594283887266887,0.15348469184364485
1905,1,1,0.1938499033602321,0.6419601637132768,0.16418993292649112
1906,0,0,0.966399816102928,0.03270567447126813,0.0008945094258038198
1907,1,0,0.6843158220064938,0.29766173963864306,0.018022438354863127
1908,0,1,0.4802013044125384,0.502783174276675,0.01701552131078659
1909,0,0,0.8847058214675353,0.11061349734675344,0.00468068118571124
1910,0,0,0.8136252037288513,0.1654496958662143,0.02092510040493435
1911,2,2,0.04028059925661126,0.28200446974901294,0.6777149309943757
1912,1,2,0.07855795761232662,0.45815773276109667,0.4632843096265765
1913,1,1,0.033976668061387785,0.5872615052066277,0.3787618267319844
1914,1,1,0.15161758856593924,0.5906499630554594,0.2577324483786015
1915,2,2,0.001978886009356425,0.10644285371787322,0.8915782602727704
1916,2,2,0.02166100820396024,0.22231539946560083,0.7560235923304389
1917,1,0,0.7670336006956208,0.21917735689238613,0.013789042411993092
1918,1,1,0.1501386152366798,0.5001257109320767,0.34973567383124354
1919,1,0,0.7739976890242142,0.21781924870412897,0.008183062271656867
1920,2,2,0.01979199050072442,0.31979153535578114,0.6604164741434945
1921,0,0,0.860674750940937,0.1301476087340524,0.009177640325010655
1922,0,0,0.4830977587135572,0.4490779081992771,0.06782433308716566
1923,1,1,0.39813483155651297,0.5244342283363298,0.0774309401071571
1924,0,0,0.920277294369753,0.07661378858497885,0.0031089170452680403
1925,2,1,0.2522028898757697,0.5955712240190052,0.1522258861052251
1926,0,0,0.8993144523144193,0.08965431310265014,0.011031234582930542
1927,2,2,0.01368202545524412,0.19660116512494824,0.7897168094198076
1928,1,1,0.0747490121409057,0.5268892087144408,0.3983617791446534
1929,1,1,0.34504868068693534,0.5670677454245233,0.0878835738885415
1930,0,0,0.7950421642484385,0.1954525626146143,0.009505273136947138
1931,2,1,0.05293095170977769,0.563247171346053,0.3838218769441694
1932,0,0,0.6900714141467105,0.2904614345341637,0.01946715131912595
1933,0,1,0.18966796724995205,0.583411401051209,0.22692063169883891
1934,0,0,0.5619621865704323,0.3598404456182593,0.07819736781130839
1935,0,0,0.9987674786723759,0.0012220400172581495,1.0481310365796465e-05
1936,2,2,0.003120570078180262,0.17850874890622848,0.8183706810155913
1937,0,1,0.16897805544768565,0.6638185588542367,0.16720338569807766
1938,1,1,0.2515905107240912,0.6538478691665385,0.09456162010937043
1939,1,0,0.6550626063653261,0.29857253022185337,0.04636486341282062
1940,1,1,0.24631119980258873,0.48849504516887,0.2651937550285413
1941,2,2,0.02450195826692471,0.3785906860185222,0.5969073557145531
1942,1,1,0.04898649916051832,0.4816236923064605,0.4693898085330212
1943,1,1,0.21433431529383223,0.414743852785303,0.37092183192086475
1944,0,1,0.32384147386969775,0.5150449391752933,0.161113586955009
1945,2,1,0.0957475295656569,0.6152264693276163,0.2890260011067268
1946,1,0,0.5499129941338918,0.3631031369936523,0.08698386887245585
1947,1,1,0.30476436356604664,0.4415492445830779,0.2536863918508754
1948,0,0,0.8977056479149935,0.09884249785042636,0.003451854234580137
1949,1,0,0.45915653628568803,0.4001110255907082,0.14073243812360384
1950,0,0,0.9530598168833413,0.0422496694356692,0.004690513680989595
1951,1,1,0.130227985611907,0.7483732139628526,0.12139880042524032
1952,0,0,0.996612103571023,0.0033521516956975376,3.5744733279302765e-05
1953,1,1,0.19508332453101207,0.5395735178262403,0.26534315764274763
1954,1,1,0.3362935382001204,0.5694379830631489,0.09426847873673068
1955,0,0,0.7695308985131069,0.21264365393243245,0.017825447554460683
1956,0,0,0.9861978417652241,0.013700971029166523,0.00010118720560942034
1957,1,1,0.1674759987353055,0.641439942502836,0.19108405876185852
1958,0,0,0.6176958331719727,0.3570810919471817,0.02522307488084542
1959,1,1,0.058471962387211494,0.5434140988033659,0.39811393880942264
1960,2,2,0.01614783958226946,0.1957834990984693,0.7880686613192613
1961,1,1,0.2904058918428907,0.631971957986559,0.07762215017055027
1962,0,0,0.7658068441360262,0.21725382849380018,0.016939327370173583
1963,0,1,0.4037179273576403,0.5126868199473074,0.08359525269505234
1964,0,1,0.23230747473809493,0.5269615791774233,0.2407309460844818
1965,1,0,0.5603178580627736,0.4086539517468015,0.03102819019042494
1966,0,0,0.8604394525798182,0.12315230447992614,0.016408242940255644
1967,0,0,0.9836682263404418,0.016157273536843465,0.00017450012271465884
1968,2,2,7.143632004477689e-05,0.020697228857516962,0.9792313348224383
1969,1,1,0.07863206900955672,0.6322678828002934,0.2891000481901499
1970,0,0,0.7771155790791503,0.21601308850583215,0.006871332415017439
1971,0,1,0.41263628675633984,0.49146444215710355,0.09589927108655674
1972,2,2,0.0050065125922456296,0.1991174330930626,0.7958760543146917
1973,0,1,0.2580548264882787,0.5995034533655349,0.14244172014618633
1974,0,0,0.9664691124191782,0.03290300309951149,0.0006278844813104106
1975,0,0,0.6552327704489453,0.2695599435784199,0.07520728597263465
1976,0,0,0.9930023688896018,0.006908143581401817,8.948752899644512e-05
1977,0,0,0.8631407063788404,0.13366644237003605,0.0031928512511236106
1978,1,1,0.11629107564965836,0.5743597768824673,0.30934914746787434
1979,0,0,0.9595893475691604,0.03974416436409911,0.0006664880667406441
1980,1,0,0.5478300471253148,0.4057227437186817,0.046447209156003526
1981,1,1,0.38865062178544646,0.5247490013672974,0.0866003768472562
1982,0,0,0.8185684294375187,0.17446511100039414,0.006966459562087037
1983,0,0,0.9670244088604171,0.032422156276758624,0.0005534348628242179
1984,0,0,0.839008735970226,0.1551788005396217,0.005812463490152424
1985,2,1,0.07141891935036418,0.5033118076009442,0.42526927304869167
1986,1,0,0.7760164667246602,0.19913470220226512,0.024848831073074663
1987,0,0,0.6918617306192381,0.27619162623711596,0.03194664314364592
1988,1,1,0.14183728920727298,0.5732943648098715,0.2848683459828556
1989,0,1,0.4233019576417564,0.5427056682238491,0.033992374134394494
1990,2,2,0.006053881059257695,0.20049327302380693,0.7934528459169354
1991,2,2,0.06088227156966603,0.333067288311657,0.6060504401186769
1992,2,2,0.011524830349240072,0.17679418555527576,0.8116809840954842
1993,0,0,0.9477199241413495,0.05048061909915341,0.0017994567594970517
1994,0,0,0.9270187217660109,0.07097586454317736,0.0020054136908116997
1995,2,1,0.07170799189166095,0.7325902834024373,0.1957017247059017
1996,0,0,0.6189336119110673,0.36040073846361986,0.0206656496253128
1997,0,0,0.8841034870638957,0.11020203892033016,0.005694474015774161
1998,1,0,0.7794995637724864,0.21656655043818668,0.003933885789326786
1999,0,0,0.7216534655000222,0.2569859077240786,0.021360626775899182
2000,0,0,0.9485538495515647,0.05037879852298945,0.0010673519254459616
2001,0,0,0.9895634171956411,0.010234572288702873,0.0002020105156559937
2002,2,2,0.0036179391760344953,0.1535071900749624,0.842874870749003
2003,1,1,0.15241267490788232,0.7004461815582127,0.1471411435339051
2004,0,0,0.49767646864155696,0.4641347460578463,0.03818878530059667
2005,1,1,0.15503261688468273,0.6945142361259513,0.150453146989366
2006,1,1,0.26981935177190547,0.5368526282720619,0.19332801995603266
2007,0,0,0.8958833506322486,0.10206129967048326,0.0020553496972681978
2008,1,0,0.710976207621999,0.27220040282486585,0.016823389553135244
2009,1,1,0.3392121411382936,0.571390961382268,0.08939689747943835
2010,2,2,0.03961923021392337,0.3885862501600598,0.5717945196260169
2011,1,1,0.15752337115380677,0.6869307215409589,0.15554590730523438
2012,0,0,0.9431161469093438,0.055005047176729195,0.0018788059139269488
2013,0,0,0.4943468570078821,0.48425264776059396,0.021400495231524073
2014,0,1,0.4397417515430765,0.5017077897705925,0.05855045868633098
2015,0,0,0.7025873893082432,0.2733908940947025,0.02402171659705443
2016,0,0,0.810149502997504,0.15999320350341698,0.029857293499079035
2017,0,0,0.8838683375467156,0.10885197460517836,0.007279687848105915
2018,0,0,0.8018296301611716,0.1836169571907719,0.014553412648056622
2019,1,0,0.4597596164013804,0.45913909927655916,0.08110128432206049
2020,0,1,0.4169252445397926,0.480507903446086,0.10256685201412132
2021,0,1,0.40277628536357973,0.5515190515032927,0.04570466313312749
2022,1,1,0.14037414416211375,0.630110171419722,0.22951568441816428
2023,1,2,0.059460519987582144,0.3668627756134442,0.5736767043989737
2024,2,2,0.19147803918484732,0.3883635768785904,0.4201583839365623
2025,1,1,0.40909358696985415,0.4138043300886018,0.17710208294154403
2026,1,1,0.0725808281176744,0.5375769844610548,0.38984218742127075
2027,1,0,0.4202749067586721,0.41869308602011673,0.1610320072212111
2028,1,0,0.6200321156227105,0.33973955585385573,0.04022832852343371
2029,1,1,0.2876577726740873,0.5765601040745952,0.13578212325131747
2030,0,0,0.7930329232134249,0.19389098822003095,0.013076088566544011
2031,1,2,0.0155215851384873,0.27538159353675107,0.7090968213247616
2032,0,0,0.5867909080921754,0.3952571641407227,0.017951927767102048
2033,0,0,0.9706353333709934,0.028611884122230896,0.0007527825067756567
2034,1,0,0.5480559235750052,0.40585170547041133,0.046092370954583496
2035,0,0,0.7626825053519416,0.2017017417387307,0.035615752909327655
2036,0,0,0.9929841792704993,0.006941609443624726,7.421128587602303e-05
2037,1,1,0.11268512367923691,0.5425661746559809,0.3447487016647822
2038,2,2,0.04035520504455978,0.4007172704295852,0.558927524525855
2039,0,0,0.6753159360425565,0.3075835513337367,0.01710051262370687
2040,0,0,0.6724272530945606,0.3051199487602356,0.0224527981452038
2041,1,1,0.2942890567984056,0.523209655188867,0.1825012880127274
2042,1,1,0.3888330551173756,0.5748864962592055,0.03628044862341903
2043,0,0,0.6051304420499717,0.3662269527211815,0.028642605228846773
2044,0,0,0.9150063740823204,0.08198436846409181,0.0030092574535876167
2045,1,1,0.31606413529523103,0.568748652170083,0.11518721253468583
2046,0,0,0.5250682399173662,0.42252234731011046,0.05240941277252331
2047,0,0,0.5761883765980701,0.365545083868029,0.05826653953390101
2048,1,1,0.10715732530604309,0.7103593222734111,0.18248335242054572
2049,1,1,0.05949964631567243,0.5417835749570692,0.39871677872725847
2050,2,2,0.012826878754013374,0.3114771924849435,0.6756959287610431
2051,0,0,0.8823523384644353,0.10584589536050203,0.011801766175062765
2052,1,1,0.1138505447538882,0.7043762517623883,0.1817732034837235
2053,2,2,0.01714357809759179,0.23284494274492987,0.7500114791574783
2054,1,1,0.18771119608701214,0.6906721309559822,0.12161667295700575
2055,0,0,0.9958701145167933,0.004082009298621473,4.7876184585234617e-05
2056,0,0,0.9057079196276836,0.09199589147513004,0.002296188897186419
2057,2,2,0.013298677426801075,0.1887380528616593,0.7979632697115396
2058,0,0,0.9497708779053378,0.04919148207344557,0.0010376400212166513
2059,2,2,0.004428359396857932,0.15872758177340615,0.8368440588297359
2060,0,1,0.07344835869112767,0.5049751334987859,0.42157650781008654
2061,0,0,0.9184671806727848,0.07952559885236378,0.0020072204748513615
2062,2,1,0.2979827932162951,0.5612864234970982,0.14073078328660668
2063,1,1,0.25638172261140213,0.5882252533948252,0.15539302399377256
2064,0,0,0.9870230388662325,0.012530358623561992,0.0004466025102055044
2065,1,1,0.11148897292789967,0.7222762068582972,0.16623482021380315
2066,0,0,0.9497656533206632,0.04934466470903644,0.000889681970300289
2067,0,0,0.9523739794596504,0.04489616812511086,0.002729852415238575
2068,0,1,0.37128006916835665,0.5767410674590528,0.05197886337259038
2069,0,0,0.9549828586686799,0.041634414939555095,0.003382726391765079
2070,0,0,0.8857759052154539,0.10972868601735046,0.004495408767195694
2071,0,0,0.9703078358169871,0.02901279075446123,0.0006793734285516109
2072,1,1,0.08563168379470064,0.5539919247985223,0.36037639140677696
2073,1,2,0.03410657794599182,0.4313537463545006,0.5345396756995076
2074,0,0,0.5650596070809324,0.3945874561677871,0.040352936751280384
2075,0,1,0.3092709895262658,0.6053805469966248,0.08534846347710943
2076,0,0,0.9689463423159439,0.030411437160227005,0.0006422205238291255
2077,0,0,0.9587535416084745,0.04084271272846858,0.0004037456630567806
2078,2,2,8.81297243903282e-05,0.015793076500364097,0.9841187937752456
2079,0,0,0.91102653339037,0.08674465248712354,0.0022288141225064706
2080,0,0,0.689469196091253,0.30407030229926246,0.0064605016094844946
2081,0,0,0.7049178165731038,0.2846865749698396,0.010395608457056636
2082,2,2,0.02511772102367334,0.41565738981866096,0.5592248891576657
2083,0,0,0.6630299920328698,0.3052582938669966,0.031711714100133695
2084,1,1,0.15304324478701972,0.6371980776444305,0.20975867756854974
2085,0,0,0.8466680588421842,0.14609190033859754,0.007240040819218251
2086,1,1,0.11505814141171697,0.7305261009559583,0.1544157576323246
2087,0,0,0.6672963761908004,0.31517612748480517,0.017527496324394442
2088,0,0,0.8368060096855622,0.1561009633653598,0.00709302694907807
2089,0,0,0.9793479666901741,0.020173580158705025,0.00047845315112074986
2090,2,2,0.03137808781037773,0.39370265518566144,0.5749192570039607
2091,1,1,0.15623788195664082,0.6703770771013068,0.17338504094205237
2092,1,1,0.21038546015975407,0.689353902085884,0.10026063775436204
2093,2,2,0.01675379098914878,0.42508539206947077,0.5581608169413805
2094,2,2,0.05540136480336989,0.38428863890361714,0.5603099962930129
2095,0,0,0.4787711246458002,0.46361889490980035,0.05760998044439942
2096,2,2,0.015096596382063388,0.25459438549257823,0.7303090181253583
2097,0,0,0.9596893189809658,0.039717120123980106,0.0005935608950541455
2098,1,0,0.4813159186933891,0.4485529986867524,0.0701310826198585
2099,1,1,0.3884431926575344,0.5765531590391233,0.035003648303342294
2100,1,1,0.3784124239088517,0.5306500522064864,0.09093752388466182
2101,1,0,0.5362206485138613,0.3143370210008041,0.1494423304853346
2102,0,0,0.6011827432255926,0.3651387498463078,0.03367850692809952
2103,1,1,0.19952074967328343,0.7190171319670358,0.08146211835968072
2104,1,1,0.25893092265592516,0.46714191657985665,0.27392716076421825
2105,0,0,0.904188173361029,0.0895471991423064,0.00626462749666464
2106,0,0,0.6350559430172168,0.3345646685095456,0.0303793884732375
2107,0,0,0.980961864989279,0.018895813132356415,0.00014232187836458744
2108,2,1,0.07906779125989968,0.6325213119271859,0.2884108968129144
2109,1,1,0.33211063598386376,0.5672923331887917,0.10059703082734464
2110,1,1,0.12974669091329843,0.5883601003906526,0.281893208696049
2111,2,2,0.06715425031250015,0.29138713784761405,0.6414586118398858
2112,1,1,0.10739504364832612,0.5900058978641949,0.30259905848747914
2113,0,1,0.38616833117240895,0.5294815401475214,0.08435012868006973
2114,1,2,0.03504836073856404,0.45027965016339905,0.5146719890980369
2115,0,0,0.9747706618394364,0.02487276446070974,0.0003565736998537944
2116,1,1,0.10273730562466016,0.7204358873821876,0.17682680699315229
2117,2,2,0.0007193432722560159,0.06166642281572278,0.9376142339120211
2118,0,0,0.8867497193937518,0.10793188220218762,0.005318398404060442
2119,1,1,0.1027284083803955,0.580914432381034,0.31635715923857033
2120,1,0,0.6001011688648235,0.3401431840208506,0.059755647114325974
2121,0,0,0.94715187150251,0.050845295513730626,0.0020028329837592906
2122,1,1,0.33974019328248084,0.5050440463680552,0.15521576034946383
2123,1,1,0.3486039978534187,0.5126593207594198,0.13873668138716158
2124,2,2,0.010390425764567647,0.1441784431826663,0.845431131052766
2125,0,0,0.9549776168174937,0.044161298307562255,0.0008610848749439399
2126,0,0,0.6357713769219263,0.3384182406842107,0.025810382393862942
2127,0,0,0.7985564598122716,0.18293690915466954,0.0185066310330589
2128,0,0,0.8032010016421945,0.1767080722816891,0.020090926076116265
2129,0,0,0.8892505217266735,0.10814675503112514,0.002602723242201339
2130,2,1,0.033551527031533246,0.5392639336715754,0.4271845392968914
2131,2,2,0.1351628821307211,0.3321806136559382,0.5326565042133407
2132,2,2,0.020320850197744128,0.26834884817029286,0.7113303016319631
2133,1,1,0.3746468837811368,0.4770905863729789,0.14826252984588434
2134,0,0,0.8432642596934545,0.1509044672344878,0.005831273072057758
2135,0,0,0.4886278971434053,0.47577313154851336,0.03559897130808129
2136,1,1,0.11189377703381923,0.6647013131388531,0.22340490982732772
2137,1,1,0.18565392935886504,0.6793023408986523,0.13504372974248277
2138,0,0,0.4672180824506164,0.4388614306857262,0.09392048686365745
2139,1,0,0.6241657717327108,0.3351941011181196,0.040640127149169605
2140,1,1,0.1232645372303062,0.7667774082345457,0.10995805453514822
2141,1,1,0.3893480773674748,0.5455091514788848,0.06514277115364044
2142,0,0,0.9019474582024531,0.09605856295274202,0.0019939788448048107
2143,1,1,0.3060595283715007,0.6354890804838409,0.058451391144658305
2144,1,1,0.3313153204353921,0.4718712762718663,0.1968134032927416
2145,2,2,0.024310743846712276,0.40498099367146034,0.5707082624818274
2146,1,0,0.605804835374463,0.35692204282044004,0.03727312180509714
2147,1,1,0.04396939482240951,0.7453711286395412,0.21065947653804917
2148,1,1,0.22143087651973198,0.5508312667276407,0.22773785675262723
2149,0,0,0.5992747535071185,0.3906184155444963,0.010106830948385293
2150,1,1,0.30804511515225425,0.5622250852059382,0.12972979964180764
2151,1,1,0.13705623136699738,0.7232603331294151,0.13968343550358753
2152,0,0,0.9756240575757684,0.023982456684294457,0.00039348573993710037
2153,0,1,0.1261224607871281,0.6004555485997378,0.2734219906131341
2154,1,2,0.22331472079012124,0.35754346880004084,0.4191418104098379
2155,0,0,0.7040261757988158,0.27412853932923786,0.021845284871946327
2156,2,1,0.042531760392439666,0.618312926418838,0.3391553131887224
2157,1,1,0.34610741196811307,0.4335491569381412,0.22034343109374563
2158,0,0,0.6369748802787848,0.34463567510699045,0.018389444614224797
2159,0,0,0.9087742308003746,0.08853747460065424,0.0026882945989710545
2160,1,0,0.49091052022929715,0.37762302788162705,0.1314664518890759
2161,2,2,0.01055948457966781,0.2187557306462376,0.7706847847740945
2162,1,1,0.2442003234140693,0.6678949298880618,0.08790474669786885
2163,2,2,0.01678225517149453,0.41628759738534243,0.5669301474431631
2164,2,1,0.15015099351213806,0.5259518142313597,0.3238971922565022
2165,0,0,0.7204843631556903,0.27462600184460206,0.0048896349997077085
2166,1,1,0.10326282122473963,0.6032374928274876,0.29349968594777265
2167,0,0,0.7775692596815307,0.20047828568018555,0.02195245463828372
2168,2,2,0.17905181540666887,0.3716133150512368,0.4493348695420943
2169,2,1,0.07988533471175994,0.5203717947198074,0.3997428705684327
2170,2,1,0.09828047261581833,0.5027583933401666,0.3989611340440151
2171,2,2,0.015273725685586076,0.29606508639657353,0.6886611879178404
2172,1,0,0.6761111556372362,0.2984976700445553,0.025391174318208448
2173,2,2,0.014255147107907182,0.16805333690902363,0.8176915159830691
2174,1,1,0.1255223026155007,0.7608678436393419,0.11360985374515742
2175,0,1,0.3967650753392352,0.5462213047132957,0.05701361994746911
2176,1,1,0.1877902258280289,0.6549987911693614,0.15721098300260977
2177,1,2,0.20606293871546946,0.33016286905322717,0.46377419223130323
2178,0,0,0.5164854045826331,0.4121058093608499,0.071408786056517
2179,0,0,0.5884302687047749,0.3674034187826926,0.04416631251253254
2180,0,0,0.8208772056596804,0.1634079989919161,0.015714795348403518
2181,1,0,0.4112843096868226,0.3847249136860792,0.20399077662709814
2182,0,0,0.9004714211218241,0.09644560023710247,0.0030829786410733763
2183,1,1,0.048771162405063094,0.5786676585603401,0.37256117903459673
2184,0,0,0.9970175257193743,0.0029451445297875314,3.7329750838218634e-05
2185,0,0,0.9510284244211634,0.048028824246882484,0.0009427513319541045
2186,0,0,0.5650455256659139,0.36856141364677003,0.06639306068731607
2187,1,1,0.44430071307710195,0.4532567863160045,0.10244250060689351
2188,2,2,0.015353205531226481,0.2766726199653327,0.7079741745034409
2189,1,1,0.30396839420145455,0.381623249747855,0.3144083560506903
2190,0,0,0.5074220427910924,0.4595311889282754,0.033046768280632355
2191,2,1,0.16362435138830214,0.6476341134677776,0.1887415351439204
2192,1,1,0.25204106810202087,0.6544796508844265,0.09347928101355273
2193,0,0,0.7821861944736297,0.21311956890524356,0.0046942366211267204
2194,2,1,0.03964020211116787,0.5726089517075603,0.3877508461812718
2195,0,0,0.8831857496747506,0.11010922263415955,0.0067050276910898396
2196,1,0,0.6836522706138517,0.29933611241992086,0.017011616966227314
2197,1,1,0.11737473313458312,0.7668165157866987,0.11580875107871834
2198,1,0,0.6153298277001237,0.2971530209539557,0.08751715134592061
2199,0,0,0.5491324924832446,0.43104420979330904,0.0198232977234464
2200,2,1,0.06726009421230204,0.6446937383265616,0.2880461674611363
2201,2,2,0.003538350392579235,0.1492619257444356,0.8471997238629851
2202,0,0,0.7839335027473852,0.19639916177557917,0.019667335477035634
2203,1,1,0.2582945672154174,0.5225520194300426,0.21915341335453997
2204,1,0,0.7161139627015543,0.2731108664072868,0.010775170891158856
2205,0,1,0.35908844011960533,0.6175054750281508,0.023406084852243866
2206,0,1,0.2580382292214346,0.532364818697458,0.20959695208110743
2207,2,2,0.09794904587948763,0.40779842543908584,0.49425252868142666
2208,1,1,0.11013517195837517,0.5297081156111679,0.3601567124304569
2209,0,0,0.657035424125602,0.2831853079468237,0.059779267927574285
2210,0,0,0.889046251229704,0.10765663090687136,0.003297117863424737
2211,0,0,0.9724400751843323,0.026861807887539446,0.0006981169281283711
2212,0,0,0.9966509428104556,0.0032919285238671397,5.7128665677311057e-05
2213,2,1,0.052044211399814765,0.5536022569857688,0.39435353161441644
2214,0,0,0.9417859794615974,0.05715385114408062,0.0010601693943220237
2215,1,1,0.2685408947558867,0.6189125778476039,0.11254652739650943
2216,0,0,0.9187355269761982,0.07845064984818644,0.0028138231756153686
2217,0,0,0.7696669432219057,0.21884669750652422,0.011486359271570086
2218,0,0,0.9445726042551083,0.05332084322537374,0.002106552519518148
2219,1,1,0.3489374002041033,0.5517972236204101,0.09926537617548663
2220,2,2,0.00861283493949419,0.21183237920448572,0.7795547858560201
2221,2,2,0.001066177059452658,0.07153390356223216,0.9273999193783151
2222,1,1,0.28665138745144514,0.5765470437704878,0.13680156877806704
2223,0,0,0.9243425299439054,0.07392348206488651,0.001733987991208128
2224,0,0,0.6369015517587787,0.33460669561363604,0.02849175262758522
2225,2,2,0.009914014700735366,0.2814153923217008,0.7086705929775639
2226,0,1,0.4585541535791075,0.49735944484593003,0.044086401574962505
2227,1,1,0.053647188147991826,0.7034821245510542,0.24287068730095382
2228,1,1,0.1298441872403781,0.5698980696304033,0.3002577431292186
2229,0,0,0.9557899566970223,0.043644135754942325,0.0005659075480354427
2230,1,1,0.45366069502514433,0.505267714298929,0.041071590675926674
2231,2,2,0.006065100977446131,0.2885589312077487,0.7053759678148052
2232,2,2,0.00038333283762850444,0.034511322536196626,0.9651053446261748
2233,2,2,0.023205927412156095,0.36898027214418627,0.6078138004436576
2234,0,0,0.9702540903764602,0.029031448387565183,0.0007144612359746645
2235,1,1,0.4421210975413875,0.519747706825763,0.03813119563284949
2236,0,0,0.9500061871557895,0.047507421390807145,0.0024863914534034295
2237,1,1,0.12660672215433386,0.5341808159434359,0.33921246190223014
2238,0,0,0.7855930852161007,0.1904719129308655,0.023935001853033835
2239,0,0,0.8000920080152664,0.19423805072583922,0.005669941258894493
2240,0,1,0.1386647849773602,0.7268350436764909,0.13450017134614886
2241,0,0,0.9244861850081624,0.0735958705763416,0.0019179444154960046
2242,0,1,0.17351333595628615,0.5998148999966539,0.22667176404705996
2243,2,2,0.14654697893305063,0.3929677517654457,0.4604852693015037
2244,2,1,0.0820353269121613,0.4902595513039216,0.427705121783917
2245,2,1,0.06609279267522186,0.7412492992173737,0.19265790810740452
2246,0,0,0.9700379356502808,0.029658587291107152,0.00030347705861194144
2247,1,1,0.032195250476412286,0.6043095925429577,0.36349515698063006
2248,0,0,0.9871266683572341,0.012340601664197866,0.0005327299785681116
2249,0,1,0.37852019477952487,0.48243425057018285,0.1390455546502922
2250,2,2,0.030454834046139995,0.4252968409994557,0.5442483249544042
2251,1,0,0.5614224823625545,0.3862733667255979,0.05230415091184749
2252,0,0,0.643151495671189,0.33325530382730834,0.02359320050150254
2253,1,1,0.3181408996433493,0.6167537734536249,0.06510532690302577
2254,1,2,0.07655635965773468,0.4359195257424028,0.4875241145998626
2255,0,0,0.7786016029872526,0.1916452037093716,0.02975319330337582
2256,0,0,0.6835409736719007,0.29909355881905775,0.01736546750904157
2257,2,2,0.021871655483557594,0.3421363879664998,0.6359919565499424
2258,1,1,0.1287562534825406,0.6319954525423438,0.2392482939751156
2259,2,2,0.0003137774287929678,0.03334380480988605,0.966342417761321
2260,1,0,0.4080303974282742,0.3941180696139061,0.19785153295781965
2261,0,0,0.9508100770965989,0.04789388864243369,0.0012960342609674162
2262,0,0,0.8091530532084072,0.18628173349161595,0.0045652132999767035
2263,2,2,0.013104194308117888,0.31874878623019354,0.6681470194616885
2264,0,1,0.4225086967162481,0.497501290710354,0.07999001257339795
2265,0,0,0.9966742170841816,0.003292621311681514,3.3161604137015875e-05
2266,0,0,0.9726841690063027,0.026905984955921693,0.00040984603777565685
2267,0,0,0.6758445245168612,0.3150252116141928,0.009130263868945918
2268,0,0,0.7638650507825541,0.2231740490034136,0.012960900214032301
2269,0,0,0.9282037370806511,0.06757356391369863,0.004222699005650317
2270,0,0,0.9910453717978815,0.00875360635725954,0.00020102184485892797
2271,0,0,0.6061129954737214,0.3562300816754934,0.0376569228507852
2272,0,0,0.9484257049202373,0.04880035729750048,0.002773937782262145
2273,2,2,0.004043784418804607,0.22559229550599258,0.7703639200752028
2274,0,0,0.8628985337804965,0.1325859770775456,0.004515489141957733
2275,0,1,0.39426370872985755,0.5511854754606359,0.05455081580950656
2276,0,0,0.9696824707204987,0.029950848703918093,0.0003666805755831154
2277,1,0,0.485151408539994,0.4557747724603259,0.05907381899968022
2278,1,0,0.487332149110184,0.4317953345400708,0.08087251634974525
2279,0,0,0.9738623498109973,0.025925924494911053,0.0002117256940916025
2280,0,0,0.4832763370343554,0.4540184547516639,0.06270520821398076
2281,0,0,0.8913338480822048,0.10401646407040754,0.004649687847387796
2282,0,0,0.9867201235623714,0.013018392741960873,0.0002614836956675981
2283,0,0,0.9922542111986987,0.007612114785184478,0.00013367401611692395
2284,0,0,0.8937291350248315,0.09794693739826307,0.008323927576905426
2285,0,1,0.20987681206728126,0.6817544978908917,0.10836869004182698
2286,0,0,0.5349157255663718,0.4238825732715939,0.041201701162034296
2287,1,0,0.5892593604337334,0.2831152387574294,0.12762540080883722
2288,2,2,0.03824897915354697,0.28858622383589255,0.6731647970105604
2289,0,1,0.2605972373320464,0.6572998143366875,0.08210294833126602
2290,0,0,0.7201283580694164,0.25930093442576774,0.020570707504815867
2291,0,0,0.6973174619650246,0.2787585269497642,0.02392401108521116
2292,2,2,0.005709770286667182,0.12461803533000676,0.869672194383326
2293,0,0,0.9982319876267027,0.0017476551740856889,2.035719921163002e-05
2294,2,2,0.0018981083419364626,0.07624322277590038,0.9218586688821632
2295,1,1,0.1425603861936812,0.5299625261546962,0.3274770876516227
2296,2,1,0.20022675591292463,0.7214724384436805,0.07830080564339474
2297,1,1,0.05425237843450276,0.6480976149976329,0.2976500065678644
2298,0,0,0.83835364211689,0.15283116279505904,0.008815195088050896
2299,0,1,0.45705093063966573,0.5162116473865414,0.02673742197379288
2300,2,2,0.0315335609623794,0.4781166553613534,0.49034978367626736
2301,0,0,0.553516694970587,0.4144942927772166,0.03198901225219638
2302,0,0,0.7780421011907191,0.20581330818851692,0.016144590620763996
2303,1,1,0.24473888554863335,0.6034663660894225,0.15179474836194412
2304,1,1,0.346515083783376,0.48479225794921793,0.16869265826740615
2305,1,1,0.07373257970913435,0.5864634030176805,0.3398040172731851
2306,1,1,0.11815927078371606,0.7672399578658228,0.11460077135046118
2307,1,1,0.3560243037780962,0.4499257023383738,0.1940499938835301
2308,0,0,0.5861779628223925,0.3914448814348107,0.022377155742796695
2309,0,0,0.9044539327310962,0.09263586612956576,0.0029102011393380644
2310,0,0,0.8928263785328475,0.10244305210303631,0.004730569364116203
2311,0,0,0.9637138953959375,0.03480850408722021,0.0014776005168422339
2312,0,1,0.19440056141576742,0.45376899901211154,0.351830439572121
2313,0,0,0.6544402646905356,0.3224858428004645,0.023073892508999896
2314,1,1,0.14080626176589373,0.6501734188160819,0.20902031941802426
2315,0,0,0.7872851214614969,0.2089321252941223,0.003782753244380732
2316,0,1,0.41138736702183476,0.46626440419213006,0.12234822878603509
2317,1,1,0.3331253210151877,0.6062637287565208,0.06061095022829146
2318,1,1,0.1969566648131864,0.6977216392934085,0.10532169589340512
2319,0,0,0.7157324650998886,0.2720006736067145,0.012266861293396904
2320,0,0,0.8933166355603194,0.10059104126452459,0.006092323175155882
2321,2,2,0.000928336259539565,0.14881414820689196,0.8502575155335684
2322,2,1,0.037239247522159485,0.6884364645921346,0.2743242878857059
2323,1,0,0.6783231851029576,0.3011491209267814,0.020527693970261017
2324,0,0,0.9427322680351417,0.05523188457940675,0.0020358473854515686
2325,1,0,0.5208683227934513,0.442243171522066,0.03688850568448278
2326,0,0,0.8899704520936931,0.10321157801407456,0.006817969892232261
2327,0,0,0.8742957156711498,0.12139535812503459,0.0043089262038154925
2328,0,0,0.5537647507479806,0.4242360468510018,0.02199920240101765
2329,2,2,0.01383188264376659,0.23380862693533377,0.7523594904208996
2330,0,0,0.9654629229622268,0.033044736269491726,0.0014923407682816095
2331,0,0,0.8112618614632587,0.18023509950784827,0.008503039028892967
2332,0,0,0.8695217905146121,0.12370792166739371,0.006770287817994298
2333,1,1,0.04940467509468709,0.7317622822123265,0.21883304269298626
2334,0,0,0.9984683583840552,0.0015185472135087156,1.3094402436035251e-05
2335,1,1,0.30316690757431014,0.5991537782447127,0.09767931418097714
2336,2,2,0.0004602445889732253,0.046246070281271943,0.9532936851297549
2337,0,0,0.6967886810838583,0.2867434296520876,0.016467889264054215
2338,2,2,0.003496267843271958,0.2094151231172329,0.7870886090394953
2339,0,1,0.3219505313947576,0.5606390588740063,0.11741040973123594
2340,1,1,0.23117311328944234,0.6649807487566641,0.10384613795389348
2341,0,0,0.781969891343252,0.20872047282869693,0.009309635828051149
2342,1,0,0.7512837766540152,0.22442664356874176,0.02428957977724304
2343,1,1,0.41523215503024374,0.5309011023705367,0.05386674259921952
2344,1,0,0.5475197110987425,0.4224354668723585,0.030044822028898997
2345,0,0,0.4575661895937708,0.4506917472455107,0.09174206316071844
2346,0,0,0.9564002211228736,0.04192009105877086,0.0016796878183555934
2347,1,2,0.03394498774359099,0.25646022039320693,0.7095947918632021
2348,2,2,0.014766562345821809,0.3135351081611244,0.6716983294930539
2349,2,2,0.010347150568710075,0.22729007633910958,0.7623627730921803
2350,1,0,0.6795891122518073,0.30462545946834957,0.015785428279843236
2351,0,0,0.9676279283801478,0.0303388890371893,0.0020331825826629024
2352,1,1,0.18489381112778563,0.7321190380053796,0.08298715086683461
2353,1,1,0.04265718132951197,0.687277539446102,0.270065279224386
2354,0,1,0.1355847305147021,0.6150244652827267,0.2493908042025712
2355,1,1,0.043497217262156676,0.5685861761885482,0.38791660654929505
2356,1,1,0.3380216409641842,0.5762460007951226,0.08573235824069333
2357,0,0,0.741760881871478,0.24160423099279899,0.01663488713572298
2358,1,1,0.3036458419361704,0.5456554810212474,0.15069867704258222
2359,1,1,0.20231758578701717,0.6883515397037316,0.1093308745092512
2360,0,0,0.9050917664973996,0.09202643874889943,0.0028817947537009827
2361,2,2,0.036735407138705004,0.33390081873700406,0.629363774124291
2362,1,1,0.199622717744577,0.5899830404377663,0.21039424181765665
2363,1,0,0.46565513992468394,0.46115961454177473,0.07318524553354135
2364,0,1,0.1817153043410257,0.6187978213235956,0.19948687433537865
2365,0,0,0.9900320731132145,0.009760749804930531,0.00020717708185505172
2366,0,1,0.46771489677342754,0.48665133519746884,0.04563376802910358
2367,0,0,0.5302152152808449,0.32018229554126343,0.14960248917789162
2368,1,1,0.1522306052425609,0.5173228022858442,0.330446592471595
2369,0,0,0.82749715801126,0.16166573551611943,0.010837106472620667
2370,0,0,0.6324388344840335,0.32333706069001,0.044224104825956456
2371,1,1,0.0800294788178844,0.6303054489268939,0.2896650722552218
2372,0,0,0.6783166468716981,0.30814682676272975,0.013536526365572154
2373,2,2,0.022516067405762043,0.22340054429913433,0.7540833882951036
2374,1,0,0.6967169374015043,0.2710393610292848,0.03224370156921097
2375,1,2,0.03769986596612406,0.38802058365820563,0.5742795503756702
2376,1,1,0.2927856484674527,0.5840227390439217,0.12319161248862565
2377,0,0,0.9871118465182372,0.012712994455351857,0.00017515902641093868
2378,2,1,0.10226929158254956,0.7008721517298409,0.19685855668760968
2379,0,0,0.756256443143072,0.23442541624061755,0.009318140616310299
2380,0,1,0.31744386624674653,0.5854968406009509,0.09705929315230254
2381,1,1,0.14270900608175763,0.6858015112559943,0.17148948266224806
2382,1,1,0.07065640962019618,0.47067053598835223,0.4586730543914516
2383,1,1,0.07281788607614136,0.5575763210169219,0.3696057929069369
2384,0,1,0.22944763519247716,0.652709821235486,0.1178425435720368
2385,0,1,0.4004443197702527,0.5386046425920891,0.06095103763765831
2386,1,1,0.1066942037177833,0.6150210569516258,0.2782847393305909
2387,0,0,0.9105537774878962,0.08725265417977365,0.0021935683323300575
2388,1,1,0.2681412241659816,0.6467891865118985,0.08506958932211989
2389,1,1,0.26049296744688993,0.6448142334325494,0.09469279912056063
2390,2,1,0.11187899013427234,0.48344995532583995,0.4046710545398876
2391,1,1,0.24019674913712935,0.6581869356379416,0.10161631522492914
2392,0,0,0.9660839013575905,0.03353189044259257,0.00038420819981697577
2393,0,0,0.9371404344885923,0.06134506058285212,0.0015145049285554513
2394,0,0,0.8140187390244672,0.172769327207259,0.01321193376827384
2395,0,0,0.8549666845248384,0.13744667150194184,0.007586643973219643
2396,1,2,0.030459528379224207,0.2909953585260091,0.6785451130947667
2397,2,2,0.005439172420190967,0.2832804658316491,0.71128036174816
2398,0,0,0.8540241489699435,0.13428845452142232,0.011687396508634242
2399,0,0,0.9187027706213493,0.07712449031334641,0.004172739065304195
2400,1,1,0.34775935577800915,0.5581924030716602,0.09404824115033067
2401,1,1,0.09678763145825421,0.5552262951204907,0.3479860734212551
2402,0,0,0.9604843264054583,0.038937155058872464,0.0005785185356691384
2403,0,0,0.966568721086326,0.033024185185588896,0.00040709372808514526
2404,0,0,0.8272639438405941,0.15984215602559879,0.012893900133807134
2405,1,0,0.8665813377603955,0.12197937412183252,0.011439288117772204
2406,0,0,0.7616811010520512,0.21220928422185353,0.026109614726095298
2407,1,0,0.48354857377564686,0.3400671077495497,0.17638431847480335
2408,0,0,0.7988279758529966,0.1807902511296165,0.02038177301738697
2409,2,1,0.05757099686342041,0.6050246279070589,0.3374043752295207
2410,0,0,0.5762468933147364,0.31275967968687457,0.11099342699838906
2411,0,0,0.8389516900610452,0.14458157395635812,0.016466735982596684
2412,0,0,0.7435299885744298,0.23486319085998453,0.021606820565585726
2413,0,0,0.9759137159856028,0.02247772602927393,0.0016085579851231797
2414,0,0,0.751032410597008,0.23101406908061944,0.017953520322372574
2415,1,2,0.01793565313735569,0.4129500457996995,0.5691143010629448
2416,0,0,0.804795065736468,0.18300590921039075,0.01219902505314121
2417,0,0,0.9905835617051199,0.009333132751917522,8.330554296259283e-05
2418,1,2,0.07044227001351172,0.3132224881861574,0.616335241800331
2419,0,0,0.559601898216532,0.418084370204169,0.022313731579298987
2420,0,0,0.6254724365217519,0.34370468048679603,0.030822882991452083
2421,2,1,0.058122589950049604,0.5656015941798095,0.37627581587014103
2422,1,0,0.8105174788820253,0.1849170510058626,0.004565470112111983
2423,0,0,0.9295125432087499,0.06930811368505473,0.0011793431061954411
2424,1,2,0.17319864756447287,0.37692533927496624,0.44987601316056086
2425,1,1,0.3133731096753143,0.4160920200404916,0.2705348702841941
2426,1,1,0.04758597744650313,0.533598995259887,0.41881502729360987
2427,0,1,0.21824519175347343,0.6199329470268442,0.1618218612196825
2428,0,0,0.8689778338877251,0.11636292364789415,0.014659242464380638
2429,0,0,0.938448744056763,0.05921431056497756,0.0023369453782596025
2430,1,2,0.0981803436495806,0.4483888749644771,0.4534307813859422
2431,0,0,0.5194348957981014,0.4535361084825364,0.027028995719362108
2432,1,1,0.4410973254187672,0.47109380710727555,0.08780886747395719
2433,1,1,0.31699583673714254,0.5588330556304264,0.12417110763243107
2434,0,0,0.9599129889074806,0.03944273208276112,0.000644279009758399
2435,0,0,0.8433996221756586,0.1496633651257951,0.006937012698546193
2436,0,0,0.8742627630510912,0.11737885111143133,0.008358385837477427
2437,0,0,0.9028267601598554,0.09141283440162115,0.00576040543852335
2438,0,0,0.4787121817042203,0.45678555948727073,0.06450225880850906
2439,1,1,0.13914448001009241,0.4476177215062017,0.41323779848370584
2440,2,2,0.008712170836684732,0.2226925089965355,0.7685953201667797
2441,0,0,0.7779352398058366,0.21315457523459266,0.008910184959570846
2442,2,1,0.18920077397696614,0.5188041435370588,0.29199508248597505
2443,0,0,0.9392827291279603,0.05768362727220076,0.00303364359983894
2444,0,1,0.377210858406934,0.5590490344898984,0.06374010710316749
2445,0,0,0.9035100008936671,0.0943637077382016,0.0021262913681313624
2446,2,2,0.026339354180362717,0.4176001313255176,0.5560605144941196
2447,1,0,0.9363287890542872,0.06223922852249685,0.001431982423215879
2448,1,1,0.18405294180397153,0.5591025845637325,0.256844473632296
2449,1,0,0.818190854134864,0.17801333595805818,0.003795809907077745
2450,1,1,0.32846840425331525,0.5759624512879712,0.09556914445871356
2451,1,1,0.27067713123226167,0.5712894008991506,0.1580334678685877
2452,1,1,0.1707022846261355,0.5560327155937298,0.27326499978013474
2453,2,1,0.11741075303858688,0.5269857571132257,0.35560348984818746
2454,2,2,0.058127725830111734,0.26053316661317544,0.6813391075567128
2455,1,1,0.22646725995697,0.6357671809852585,0.13776555905777146
2456,0,1,0.3808240677107442,0.5479826360305864,0.0711932962586694
2457,2,1,0.07003915987065523,0.6649236203480996,0.2650372197812451
2458,0,1,0.21874950163913826,0.4488316045237561,0.33241889383710577
2459,1,1,0.362220309725974,0.5935409774873956,0.04423871278663024
2460,1,0,0.7599139245907597,0.1733248110639212,0.06676126434531907
2461,2,2,0.005227646379085356,0.29929770515486803,0.6954746484660466
2462,0,1,0.46421469080041927,0.49384198947573393,0.041943319723846795
2463,0,1,0.3837428274197717,0.5111709675702306,0.10508620500999769
2464,1,1,0.09762397951497138,0.685017276852712,0.21735874363231653
2465,1,0,0.4996426063998218,0.45623683813717736,0.044120555463000706
2466,1,1,0.21726352046493866,0.6775906330257729,0.1051458465092884
2467,0,0,0.5349883119135204,0.4506246871611883,0.014387000925291413
2468,2,2,0.00032314866529515424,0.04317252850101723,0.9565043228336876
2469,0,1,0.19026147594420947,0.7109475551806618,0.09879096887512875
2470,0,0,0.615038031369254,0.3634104905755069,0.0215514780552392
2471,1,1,0.2119575385993177,0.6811985194268376,0.10684394197384472
2472,0,0,0.9600330118645953,0.03889152601483799,0.0010754621205667308
2473,0,0,0.4933092236025084,0.45681506424418034,0.04987571215331129
2474,0,0,0.8258351696682473,0.16049582378577273,0.013669006545979846
2475,0,0,0.7263740563241973,0.25453703059159566,0.019088913084207126
2476,0,0,0.6480015241798373,0.32509908584681185,0.026899389973350944
2477,1,1,0.0630824860345455,0.5955820610289769,0.3413354529364776
2478,1,1,0.041949216968133335,0.7938631781712886,0.1641876048605781
2479,0,0,0.7261813916424219,0.23711360098312348,0.03670500737445467
2480,0,0,0.8537481673145682,0.14099412588866733,0.005257706796764556
2481,0,0,0.8596526009506429,0.13637953283841486,0.003967866210942303
2482,1,0,0.6601388574250613,0.31821470842497435,0.021646434149964335
2483,2,2,0.020161421525594168,0.3572574757234797,0.6225811027509262
2484,1,1,0.11541150216313657,0.6815882395823595,0.20300025825450405
2485,0,0,0.9638532172132249,0.03459848164001761,0.0015483011467574105
2486,1,1,0.2826409651544059,0.5495664972072724,0.16779253763832183
2487,1,1,0.056720740494237816,0.6608354541084281,0.2824438053973341
2488,2,1,0.11810652050055445,0.5067243320839794,0.37516914741546625
2489,2,2,0.029406531758013162,0.33296167617410266,0.6376317920678841
2490,2,1,0.12569651480885638,0.5805644510703482,0.29373903412079555
2491,1,1,0.15157637133152446,0.7708860695467522,0.07753755912172333
2492,0,0,0.994958476544094,0.004979273401143223,6.225005476280317e-05
2493,1,1,0.19360602487731576,0.7364411620704212,0.069952813052263
2494,0,0,0.7748801425847816,0.20508013877418063,0.020039718641037804
2495,1,0,0.7237969356618639,0.2639215174722165,0.012281546865919644
2496,0,0,0.7364140038879544,0.25114636841908605,0.012439627692959563
2497,0,0,0.8259068938217069,0.16147951908232816,0.012613587095964973
2498,0,0,0.7655312428871129,0.22706750834862588,0.007401248764261114
2499,0,0,0.9728092265003451,0.026094510022715647,0.0010962634769392013
2500,0,0,0.8927626821365349,0.09045931717076497,0.016778000692700152
2501,1,1,0.39055067723353826,0.5399935807381839,0.06945574202827796
2502,0,0,0.9616251604517447,0.03792745518390507,0.00044738436435006666
2503,2,1,0.02206223137818335,0.5009774604271278,0.47696030819468893
2504,0,0,0.4841230517658559,0.4797857372711533,0.036091210962990616
2505,1,1,0.40682014931398885,0.48892309516957927,0.10425675551643171
2506,1,1,0.40256301893392504,0.5316071771961036,0.06582980386997128
2507,0,0,0.9739911331937393,0.02452403187495607,0.0014848349313044693
2508,0,0,0.6920700095174034,0.2916210154172718,0.01630897506532477
2509,0,0,0.671182732866727,0.24395120410092713,0.08486606303234578
2510,1,1,0.2093810666431311,0.6473469148886942,0.1432720184681747
2511,0,0,0.6343873516708525,0.3043624233086281,0.06125022502051945
2512,1,1,0.409680346511839,0.5219085324130024,0.06841112107515865
2513,0,0,0.6564348989498338,0.3169257874432888,0.026639313606877477
2514,1,0,0.6625574486064836,0.30956183705041657,0.02788071434309996
2515,1,0,0.600947321882294,0.32775600671069904,0.07129667140700705
2516,1,1,0.3079077294543304,0.6327330397488614,0.05935923079680819
2517,1,1,0.2816894068921578,0.5609716513946825,0.15733894171315968
2518,1,1,0.10813714086549364,0.5300826749093901,0.36178018422511626
2519,0,0,0.610169075010881,0.28537250848017104,0.10445841650894795
2520,0,0,0.9119881960793995,0.08551264161288859,0.0024991623077120473
2521,0,0,0.8986954109684501,0.09799727922363509,0.0033073098079148392
2522,1,0,0.48730901386995146,0.4820074902206135,0.03068349590943507
2523,1,1,0.09404666887224156,0.5180232019902019,0.38793012913755653
2524,0,0,0.7794784583271424,0.1966089499791334,0.023912591693724266
2525,1,0,0.5790507925576205,0.3892411114645334,0.031708095977846094
2526,1,1,0.2340138514126658,0.6637115611957105,0.10227458739162361
2527,1,1,0.15889993927456939,0.5042229171961675,0.33687714352926307
2528,0,0,0.9349603501467985,0.06377988757526616,0.0012597622779353757
2529,1,1,0.02146250687158485,0.5107736545402771,0.4677638385881381
2530,0,0,0.6597379344005978,0.3142410013948073,0.026021064204594865
2531,2,2,0.05020291516185685,0.30176173701926523,0.6480353478188778
2532,0,1,0.37194483793436134,0.5841794651227812,0.0438756969428574
2533,2,1,0.1693790862277468,0.5992893995968849,0.23133151417536832
2534,2,1,0.19136449425578114,0.7111177236152905,0.0975177821289284
2535,0,0,0.8391477082686383,0.15788016750819805,0.002972124223163836
2536,0,0,0.6072822729437972,0.3487593788003406,0.04395834825586214
2537,0,0,0.9613601782087895,0.03694528697869825,0.0016945348125122254
2538,0,0,0.8863424845685763,0.10800270768060379,0.005654807750819832
2539,0,0,0.8591357924909911,0.128594430741014,0.012269776767994888
2540,1,0,0.5692000600964283,0.36402078065984317,0.06677915924372849
2541,2,2,0.0017065670546604964,0.1207421906955084,0.877551242249831
2542,2,2,0.03302634529687132,0.36781686238924544,0.5991567923138833
2543,1,1,0.1415423771450496,0.6998089612645635,0.15864866159038696
2544,0,0,0.9785717199459214,0.021090627064747187,0.00033765298933144736
2545,0,1,0.4376203860523618,0.5116367759766629,0.0507428379709753
2546,1,2,0.0929742856794049,0.37149387859316074,0.5355318357274343
2547,0,0,0.7064692166553777,0.2828764228715402,0.010654360473082207
2548,0,0,0.9739814198022652,0.025671639551157005,0.00034694064657779907
2549,1,1,0.31496103701687794,0.6110989270623125,0.0739400359208096
2550,1,0,0.679119396073466,0.28815637674069694,0.03272422718583703
2551,1,0,0.6104875233243549,0.3752650231042678,0.014247453571377303
2552,2,2,0.0009332307907165756,0.03763946365616597,0.9614273055531175
2553,1,1,0.09086852926712616,0.6847021507597092,0.2244293199731647
2554,0,0,0.8754381765567438,0.1139434206272623,0.010618402815993909
2555,2,1,0.11619130613976408,0.6179965098267375,0.26581218403349854
2556,2,2,0.09315145789991496,0.42917822576403897,0.477670316336046
2557,1,1,0.08436931695518979,0.5668736577965274,0.3487570252482828
2558,2,1,0.41589513073787243,0.45532638100057776,0.1287784882615499
2559,0,0,0.7775666054158187,0.21288439597861297,0.009548998605568154
2560,1,1,0.29884983131759457,0.5897141614786473,0.11143600720375801
2561,0,0,0.9339763755540211,0.06443755332377422,0.001586071122204692
2562,1,1,0.34752092250616656,0.4954711565496163,0.1570079209442171
2563,2,2,0.0013742336474126887,0.11399817017998783,0.8846275961725995
2564,0,0,0.9452184148834987,0.051036677396361745,0.0037449077201395465
2565,1,1,0.0575445027166535,0.7181405653788793,0.22431493190446716
2566,2,1,0.0428146731765753,0.6339665742526231,0.3232187525708016
2567,0,0,0.9223137576612384,0.07582459118786938,0.001861651150892131
2568,1,0,0.8360508489912486,0.15653389418872463,0.007415256820026764
2569,0,0,0.7347081325927476,0.22849104250242994,0.03680082490482238
2570,1,1,0.2178703831909538,0.49088134200136446,0.29124827480768173
2571,2,2,0.03646348406626003,0.4439783498247712,0.5195581661089688
2572,0,1,0.2831592547166547,0.5463314209971474,0.17050932428619783
2573,0,0,0.7250484840713928,0.2417231689485169,0.033228346980090306
2574,1,0,0.5023161953355906,0.4611060577683986,0.03657774689601084
2575,0,0,0.9855303284026928,0.01414201200398588,0.0003276595933214528
2576,0,0,0.861140214051473,0.1314824123695794,0.007377373578947713
2577,1,1,0.16705383650606379,0.691534964835392,0.14141119865854412
2578,0,1,0.4217270935063017,0.4869899385417198,0.09128296795197836
2579,2,2,0.0027824406139711076,0.08952761271595192,0.9076899466700769
2580,2,2,0.0010803145584713906,0.11481618211998872,0.88410350332154
2581,1,1,0.11368771592161443,0.7529027171379119,0.1334095669404736
2582,1,1,0.08675513555369876,0.68416614449876,0.22907871994754125
2583,2,1,0.17876888584897052,0.6892062445183796,0.13202486963264976
2584,1,0,0.7587337586505651,0.2276835027129757,0.013582738636459254
2585,0,0,0.6198531101383142,0.3406238392721936,0.03952305058949217
2586,0,1,0.10001504628009812,0.6867812183238177,0.2132037353960843
2587,0,0,0.8637609377162454,0.12750616322682515,0.008732899056929486
2588,2,1,0.13778745754570976,0.5837502491100458,0.2784622933442445
2589,0,0,0.8322079570927147,0.16107837487738913,0.006713668029896224
2590,2,2,0.001143365212548623,0.05739364877822665,0.9414629860092247
2591,0,0,0.980813240808318,0.018309642355746947,0.0008771168359351201
2592,0,0,0.6512275079236113,0.3170192152017017,0.031753276874687104
2593,1,1,0.10474258071071521,0.47754312878606303,0.41771429050322184
2594,1,1,0.03432724649880036,0.51194960398611,0.4537231495150897
2595,2,2,0.003883604147211174,0.18615004566964063,0.8099663501831482
2596,0,0,0.7304257747207966,0.26046514956685196,0.009109075712351594
2597,1,0,0.5089450262521303,0.4021420123989101,0.08891296134895953
2598,1,1,0.20981751696448164,0.43108955631583873,0.3590929267196797
2599,1,1,0.4474139457819357,0.512700145233625,0.039885908984439326
2600,1,1,0.15593687206560256,0.646910937635425,0.19715219029897246
2601,0,0,0.7898370659996723,0.1962869236584705,0.01387601034185709
2602,0,0,0.9022004161367683,0.09583957407487344,0.0019600097883583317
2603,1,0,0.49088742480864306,0.39275272926136034,0.11635984592999649
2604,1,2,0.01570420718256257,0.15679473033860955,0.8275010624788278
2605,0,0,0.8458441011706754,0.14169797119502328,0.012457927634301239
2606,0,0,0.984654183724088,0.01495116921946773,0.0003946470564441457
2607,1,0,0.4911420839687963,0.46338854700908744,0.04546936902211634
2608,0,0,0.9416356316708984,0.05712812163843199,0.0012362466906696526
2609,1,0,0.46113379026222384,0.3970766727583349,0.14178953697944138
2610,0,0,0.9856118078242126,0.013918892759060324,0.00046929941672691107
2611,0,1,0.4727324928360695,0.5038620598908303,0.0234054472731002
2612,2,1,0.09434149676181525,0.6526947500018503,0.2529637532363345
2613,0,0,0.9667079945475767,0.032730136104861765,0.0005618693475615091
2614,2,2,0.010437296867502341,0.2106758029523619,0.7788869001801356
2615,0,0,0.9397605579559775,0.057791403245558016,0.0024480387984645363
2616,0,0,0.6069467253807709,0.373150223356356,0.019903051262873096
2617,1,1,0.3872897002561926,0.5168450593679047,0.09586524037590267
2618,2,0,0.5580597292065791,0.3999002371488266,0.042040033644594375
2619,0,0,0.9489802908370644,0.04906371444632201,0.0019559947166134708
2620,0,1,0.4725361994009199,0.499011795438403,0.02845200516067709
2621,0,0,0.7928508097542166,0.1831689315127409,0.023980258733042513
2622,1,1,0.1683085714778148,0.648124001016988,0.1835674275051972
2623,2,2,0.04193536855336667,0.3393443587441872,0.6187202727024461
2624,0,1,0.33720809780327593,0.6061529696916184,0.05663893250510567
2625,1,1,0.17094565613414844,0.5743778056128257,0.25467653825302583
2626,0,0,0.7262026570707099,0.2583769953547491,0.015420347574540956
2627,2,2,0.08504018488372281,0.35881664781269024,0.556143167303587
2628,0,0,0.9121360989516887,0.08588490621745137,0.001978994830859915
2629,1,2,0.27249910552232753,0.3354247621771099,0.3920761323005626
2630,0,0,0.7513806181943969,0.22919118672591215,0.019428195079690926
2631,1,1,0.3789766731707028,0.49537212130342606,0.12565120552587092
2632,0,0,0.8981041559252957,0.09702613616602697,0.004869707908677385
2633,0,0,0.9638951992078796,0.03531022379257184,0.0007945769995486702
2634,0,1,0.4400308046669212,0.4801274911798777,0.07984170415320116
2635,0,0,0.994767152719223,0.005183017150158677,4.983013061828525e-05
2636,0,0,0.9202412858002802,0.07253194854225797,0.007226765657461632
2637,0,0,0.7211534523375941,0.24576706478936325,0.03307948287304267
2638,0,0,0.47554626447216425,0.47535103584592436,0.04910269968191149
2639,2,1,0.04144986190454987,0.7244681503425838,0.23408198775286632
2640,0,0,0.6829899081592158,0.3091694210520504,0.007840670788733784
2641,1,1,0.3592988859251791,0.6018638793177644,0.03883723475705643
2642,1,1,0.15614456457774284,0.7176375938915931,0.12621784153066398
2643,1,1,0.07376952357541208,0.6063864039759935,0.3198440724485944
2644,0,0,0.9469527792847513,0.05151734173291446,0.00152987898233418
2645,1,2,0.01417336069122745,0.39047202289445265,0.5953546164143199
2646,0,1,0.24858522894943968,0.4984353509633606,0.2529794200871997
2647,0,0,0.9150364278541365,0.08397467872962067,0.0009888934162429512
2648,2,2,0.011273963585167574,0.24726704452808757,0.7414589918867448
2649,1,1,0.28388682356621003,0.6283343076307047,0.08777886880308519
2650,1,0,0.8442051325763135,0.1327451279753508,0.02304973944833595
2651,2,1,0.03386240277567111,0.5483267250065862,0.41781087221774277
2652,1,1,0.4105765787176621,0.5310518974595998,0.05837152382273808
2653,1,2,0.025216575233387214,0.43680340326088835,0.5379800215057244
2654,0,0,0.9009788184101248,0.08941048037579374,0.009610701214081386
2655,1,2,0.08440485010480439,0.42861079414461956,0.48698435575057614
2656,1,1,0.11025247567864782,0.7933770590139151,0.09637046530743694
2657,0,0,0.7883509716174576,0.19659263431259633,0.015056394069946005
2658,0,0,0.8941973470107818,0.09994034667648312,0.005862306312735046
2659,1,1,0.08287421172274231,0.7026922975702486,0.21443349070700907
2660,0,0,0.5612877254664711,0.36196715047321193,0.0767451240603169
2661,1,1,0.15879461447612817,0.6012961425194752,0.23990924300439667
2662,1,0,0.8149146344050683,0.16151541706873837,0.02356994852619333
2663,0,0,0.8370183366575608,0.1576101782982414,0.00537148504419786
2664,1,1,0.32029729703852095,0.6456672103453833,0.03403549261609579
2665,0,0,0.7621609851417247,0.21986622417434776,0.017972790683927476
2666,2,2,0.019817973131649524,0.21694586872183166,0.7632361581465187
2667,1,0,0.8048120198728826,0.1714851202808628,0.02370285984625469
2668,0,0,0.6995201748946865,0.27963982483892313,0.020840000266390355
2669,1,0,0.587773321458087,0.3814075123492375,0.03081916619267543
2670,0,0,0.9620755731960565,0.03680138793362798,0.001123038870315706
2671,0,0,0.9214430055076238,0.07640545828980969,0.0021515362025665598
2672,0,0,0.8852787169457251,0.11331586190344631,0.001405421150828593
2673,0,0,0.9386432387074416,0.058785291611958876,0.0025714696805993857
2674,0,0,0.7483717325070639,0.24668720800883392,0.004941059484102104
2675,1,1,0.3790166246314445,0.5861917682121419,0.03479160715641375
2676,1,1,0.2895021531416974,0.630085426029068,0.08041242082923453
2677,0,0,0.6951394741865732,0.21857557570182434,0.08628495011160243
2678,1,0,0.5173384387885223,0.44229475162058346,0.040366809590894136
2679,1,1,0.3266727140903796,0.565291759807147,0.10803552610247347
2680,1,1,0.4142846357918684,0.5020276708770707,0.08368769333106091
2681,2,1,0.06740257704857404,0.5654306484475357,0.36716677450389024
2682,1,0,0.6345066530550438,0.3196701187129291,0.04582322823202711
2683,1,1,0.12860410644269424,0.7022896356461341,0.16910625791117176
2684,0,0,0.6558529143382897,0.32166290833182787,0.022484177329882345
2685,0,0,0.8844167190231098,0.1128514857643486,0.0027317952125416466
2686,1,1,0.16615685730878202,0.671259299767681,0.16258384292353711
2687,0,1,0.30605220291041046,0.586520769872628,0.10742702721696153
2688,1,1,0.1445249371271229,0.6357530756784399,0.21972198719443722
2689,0,0,0.6992868699018315,0.2603043748123995,0.040408755285769114
2690,0,0,0.7831468980706824,0.20594110605093796,0.010911995878379582
2691,0,0,0.8306642938197036,0.16336706241191112,0.005968643768385216
2692,0,0,0.9492582374226637,0.04852558060169292,0.002216181975643457
2693,0,0,0.9636886479550898,0.03553178300884865,0.0007795690360614217
2694,0,0,0.9534944428805889,0.045312695919690546,0.0011928611997205647
2695,2,1,0.013319529269365228,0.5768023564945841,0.4098781142360507
2696,1,2,0.08085654650612893,0.40474349877932775,0.5143999547145434
2697,0,0,0.8962936174819641,0.1017510740768833,0.0019553084411524885
2698,1,1,0.02396047082463613,0.5777208143486715,0.3983187148266923
2699,2,2,0.07553585971852272,0.418913857547017,0.5055502827344602
2700,1,1,0.13935777191998377,0.6788332658794971,0.18180896220051906
2701,0,0,0.8903875347408523,0.10717556520483902,0.0024369000543085907
2702,1,0,0.49823489299367485,0.44534563064088917,0.056419476365435935
2703,1,1,0.14988971554776856,0.5801330889281164,0.269977195524115
2704,2,2,0.014825532497478235,0.24641827904248803,0.7387561884600338
2705,1,1,0.11844483354212365,0.4422283649946961,0.4393268014631802
2706,1,1,0.11279528932465109,0.6242594614725793,0.2629452492027695
2707,1,1,0.11237469125702373,0.5117384678603921,0.3758868408825841
2708,1,1,0.09647321644068481,0.7411157646513479,0.16241101890796728
2709,2,2,0.01849658585500523,0.28613456292938694,0.6953688512156078
2710,0,0,0.9362022532257704,0.061153681363926744,0.0026440654103029064
2711,1,0,0.6881708991926294,0.2942864033008182,0.01754269750655228
2712,1,1,0.10111956429090627,0.5763628562661294,0.3225175794429644
2713,0,0,0.8815421181448204,0.11193922001171855,0.006518661843461094
2714,0,0,0.992408710895971,0.007387698917472507,0.00020359018655636573
2715,0,0,0.905995436958886,0.08718415167269808,0.0068204113684159195
2716,0,0,0.5304818500049132,0.42365883764169765,0.045859312353389185
2717,0,0,0.9163544574125654,0.07941444629179613,0.004231096295638572
2718,1,1,0.13855454431213549,0.6489705021698572,0.21247495351800746
2719,0,0,0.7635619136255803,0.2309656439647782,0.005472442409641339
2720,1,1,0.1110056054386564,0.6638478701225417,0.22514652443880193
2721,1,1,0.3711374590508166,0.5689428279765415,0.059919712972641974
2722,1,1,0.12099623298245289,0.7608623958246896,0.1181413711928574
2723,2,2,0.002888512356448648,0.20397825583372664,0.7931332318098246
2724,0,0,0.7971449862827313,0.1936796790071148,0.009175334710153827
2725,2,2,0.002190397431696525,0.13049421161036284,0.8673153909579406
2726,0,0,0.5306242468460733,0.41509531156077073,0.05428044159315584
2727,0,0,0.8633082227759311,0.12669184374154985,0.00999993348251895
2728,0,0,0.49237710755349096,0.45719816102537614,0.05042473142113305
2729,1,1,0.13200743175322283,0.5910654546916836,0.27692711355509353
2730,1,1,0.13480216730717282,0.671630686081436,0.1935671466113912
2731,1,1,0.2707649681931357,0.6576005324876876,0.07163449931917662
2732,1,1,0.06016630337660529,0.6542221302354223,0.28561156638797247
2733,1,1,0.40902550998025805,0.4812671688413388,0.10970732117840311
2734,0,0,0.7798330337171119,0.20754074332544867,0.012626222957439403
2735,0,0,0.8445262380194716,0.15165022431323735,0.0038235376672910836
2736,0,0,0.620633050037316,0.34863968660912165,0.030727263353562437
2737,1,2,0.014467427621526826,0.3644659984525305,0.6210665739259428
2738,2,2,0.014239416718666931,0.2500497766059326,0.7357108066754006
2739,0,0,0.9754042303468077,0.023823735253185336,0.0007720344000070965
2740,0,0,0.963625256826687,0.034110433503956906,0.002264309669356
2741,0,0,0.7291738327886479,0.2572829546969457,0.013543212514406433
2742,0,0,0.5180973186309811,0.4507982050571382,0.031104476311880628
2743,2,2,0.048070284701638495,0.39213048552092444,0.559799229777437
2744,0,0,0.9024060158866957,0.09539249357395792,0.0022014905393462256
2745,1,1,0.11990056819317393,0.520139018789555,0.35996041301727105
2746,2,1,0.08683123957865717,0.5459114335803891,0.36725732684095375
2747,0,0,0.9848417135896903,0.014774976083882514,0.0003833103264271827
2748,0,0,0.933695555562939,0.061076444705405804,0.005227999731655115
2749,0,0,0.8247331032954051,0.1684724907421296,0.006794405962465237
2750,1,1,0.1625490261616774,0.6932794838302473,0.14417149000807536
2751,1,1,0.0804579231682682,0.6910686210844488,0.228473455747283
2752,0,0,0.772011540179221,0.2124576550217972,0.015530804798981833
2753,1,1,0.13726101642847377,0.6266845725491266,0.2360544110223997
2754,0,0,0.5696642227042098,0.3950394048842875,0.03529637241150273
2755,2,2,0.06240901712524452,0.36769105706763094,0.5698999258071246
2756,0,0,0.9734623964476222,0.02621022187428619,0.00032738167809165007
2757,2,2,0.0007834044356546177,0.06846773376690157,0.9307488617974438
2758,0,0,0.9598794888183462,0.0395717140156771,0.000548797165976784
2759,1,1,0.2439727059421972,0.6859948572896811,0.07003243676812167
2760,1,1,0.24283108617816831,0.5064234033669873,0.25074551045484444
2761,0,0,0.8666678978686433,0.12651539340744614,0.006816708723910678
2762,1,1,0.09317777483991382,0.6328459960186389,0.27397622914144726
2763,0,0,0.5796964765315403,0.3759841213475628,0.044319402120896724
2764,1,0,0.606064452075005,0.3288358996206507,0.0650996483043443
2765,0,1,0.2714281746747072,0.6782111848927597,0.050360640432533084
2766,1,0,0.8572349645369518,0.13585539763148052,0.006909637831567588
2767,0,0,0.6533228922154739,0.3202859058101751,0.026391201974351068
2768,0,1,0.39491008449813914,0.5227972001187942,0.0822927153830667
2769,1,1,0.11010079385896084,0.4868488242566247,0.4030503818844144
2770,0,0,0.882544922701123,0.09828708448269435,0.01916799281618272
2771,1,1,0.3738233358087687,0.5038064154962357,0.12237024869499562
2772,1,1,0.1117028146888501,0.7535409776226751,0.1347562076884748
2773,0,0,0.6460834518316542,0.31313977395199366,0.04077677421635205
2774,1,1,0.14220039327235573,0.6201276722488477,0.23767193447879642
2775,0,0,0.9710900903067192,0.027869534634371036,0.0010403750589098482
2776,0,0,0.5747795950009672,0.38308338407442705,0.042137020924605875
2777,2,2,0.09024078514693434,0.4411758328386514,0.4685833820144143
2778,1,0,0.6401245434937677,0.3190672694468173,0.040808187059414955
2779,0,0,0.49892270133560673,0.4628723392704346,0.03820495939395862
2780,1,1,0.10859912309453766,0.7030180021991076,0.18838287470635487
2781,1,1,0.083930798556455,0.6018285813152645,0.31424062012828063
2782,1,1,0.4159484968015269,0.5395594280548689,0.044492075143604246
2783,1,0,0.46401875600773196,0.43892330317466255,0.09705794081760545
2784,2,1,0.3368218904949963,0.5662764551863079,0.09690165431869581
2785,0,1,0.1034970188438196,0.5209372405560084,0.3755657406001719
2786,1,2,0.03299859236549909,0.4157243403080168,0.5512770673264842
2787,0,0,0.9135681889440487,0.08495326202300704,0.0014785490329444024
2788,0,0,0.7430615618183323,0.23424996017754526,0.0226884780041224
2789,0,0,0.5570621988412581,0.42307324604346946,0.01986455511527244
2790,1,1,0.34687033602287826,0.4252524894439324,0.22787717453318937
2791,0,0,0.9545007306053701,0.044946243072319605,0.0005530263223104692
2792,0,0,0.5746460163284914,0.38580886626793826,0.039545117403570286
2793,2,1,0.051926350515868566,0.6698299951822435,0.27824365430188797
2794,2,1,0.03679647469657954,0.598996193818505,0.3642073314849154
2795,0,1,0.44651226202421257,0.4804188182018734,0.07306891977391397
2796,2,1,0.04729621343110212,0.5671521906007776,0.38555159596812044
2797,0,0,0.8896830891943918,0.10844534550062054,0.0018715653049877568
2798,0,1,0.4528050487755082,0.5124075609919054,0.034787390232586285
2799,1,0,0.7075996414057668,0.28160071636649936,0.010799642227733839
2800,0,0,0.92828000159628,0.06764168544424848,0.004078312959471734
2801,0,0,0.986930893421011,0.012907970314847984,0.0001611362641410784
2802,0,0,0.8742613496401981,0.12333517658006242,0.0024034737797394953
2803,2,2,0.04366728452301637,0.4415170046984172,0.5148157107785664
2804,0,0,0.6210163732536403,0.350355550758142,0.02862807598821757
2805,0,0,0.652890707072969,0.3170536043152981,0.03005568861173288
2806,1,1,0.21056677674304972,0.588157184125835,0.2012760391311153
2807,0,2,0.17196526353405703,0.33580044542048654,0.4922342910454566
2808,0,0,0.9408788062563976,0.057861952419055444,0.0012592413245470153
2809,1,1,0.28278321501709414,0.563395521050841,0.15382126393206497
2810,1,1,0.15255074821344952,0.6600186678244665,0.18743058396208387
2811,0,0,0.6589406718731345,0.2901443917073727,0.05091493641949267
2812,1,1,0.07695681547667758,0.5725614477680406,0.3504817367552817
2813,0,0,0.7248474731370513,0.2555145092842704,0.01963801757867832
2814,1,2,0.03637617526207152,0.4779666216084675,0.48565720312946103
2815,1,1,0.3615333693693906,0.4793572774124657,0.15910935321814362
2816,1,0,0.7874257714357219,0.17883593143535753,0.03373829712892054
2817,1,2,0.11630356431025309,0.43911224698418677,0.4445841887055602
2818,2,1,0.11534622144817165,0.5940663421069385,0.2905874364448899
2819,2,1,0.0426300691708077,0.5784839233826237,0.37888600744656853
2820,1,1,0.4787555370299661,0.5017070819203028,0.019537381049731094
2821,1,2,0.0902043992190981,0.3770689341222439,0.532726666658658
2822,2,1,0.05722087796400067,0.624548098128272,0.31823102390772723
2823,0,1,0.4242230998202885,0.5404559915898394,0.03532090858987217
2824,0,0,0.7046681935084039,0.26229938297612754,0.033032423515468465
2825,1,1,0.1403836167369291,0.605355835196029,0.254260548067042
2826,2,1,0.17945119126164516,0.5745286803103886,0.24602012842796628
2827,0,0,0.9861451994156816,0.013704498924615909,0.0001503016597024027
2828,0,0,0.8117240570802841,0.1714573653101611,0.016818577609554825
2829,0,0,0.9312756509255871,0.06491822128481778,0.003806127789595357
2830,0,0,0.7429294709442149,0.23515742911724133,0.021913099938543696
2831,2,2,0.010116761470832404,0.16265432835787116,0.8272289101712964
2832,0,1,0.42736629714193236,0.485447021660637,0.08718668119743059
2833,0,1,0.24201799590350037,0.6282860390919063,0.1296959650045935
2834,0,1,0.28684519522494767,0.4351334201510491,0.2780213846240033
2835,0,0,0.9411147098331115,0.05759174869186948,0.0012935414750191632
2836,2,1,0.11245863291608667,0.49421066141440617,0.39333070566950723
2837,0,1,0.3471170380451285,0.5946710205937421,0.0582119413611293
2838,0,0,0.9701323592273984,0.029482756634101735,0.0003848841384998757
2839,0,0,0.8561645779786559,0.13097464918455887,0.012860772836785358
2840,0,0,0.9870045610245597,0.01278427879882667,0.00021116017661373956
2841,0,0,0.9955554174493938,0.004378879617890553,6.570293271573858e-05
2842,2,2,0.04701976035818272,0.2576941575190427,0.6952860821227744
2843,0,0,0.8214270194906291,0.17161304769755073,0.006959932811820119
2844,2,2,0.027554262458387446,0.23175973917563822,0.7406859983659745
2845,0,0,0.8703109461710443,0.12623132550940278,0.0034577283195529824
2846,1,0,0.5200044225764078,0.4139135112367202,0.06608206618687193
2847,1,1,0.041671283984876316,0.5124451749431617,0.44588354107196204
2848,2,1,0.20944880942271862,0.45777031538055274,0.3327808751967287
2849,1,1,0.17320540523906353,0.7462703561903917,0.08052423857054473
2850,1,1,0.4065513577916909,0.5095871744125314,0.08386146779577779
2851,1,1,0.04207533585268911,0.5644997081364231,0.39342495601088784
2852,1,1,0.2969167073491101,0.5784426586724736,0.12464063397841636
2853,0,0,0.7698695425687483,0.22042072424754172,0.009709733183710007
2854,1,1,0.3841310560410905,0.4790535940988675,0.13681534986004187
2855,2,1,0.033526294562776046,0.6315509618917129,0.3349227435455111
2856,1,0,0.5412787552136958,0.3866209283407481,0.07210031644555598
2857,1,1,0.47868681421726217,0.480754794995838,0.04055839078689987
2858,0,0,0.8841032483306719,0.11139369102873979,0.004503060640588313
2859,0,0,0.8816919054421114,0.1147840534461227,0.003524041111765825
2860,0,1,0.26755723883474836,0.6658642447721493,0.06657851639310232
2861,2,2,0.021045156085051173,0.34521189426975896,0.63374294964519
2862,2,1,0.08467419468215891,0.5407733567492445,0.37455244856859654
2863,0,0,0.9177164811482765,0.08098045206182802,0.0013030667898953985
2864,0,0,0.7354015195158677,0.25689709014151507,0.007701390342617216
2865,2,2,0.025335851047961305,0.1546257147511656,0.8200384342008731
2866,1,1,0.1628313173091664,0.5478622394097199,0.28930644328111377
2867,2,2,0.06257184560783105,0.32417199313817996,0.613256161253989
2868,0,0,0.5871229501758739,0.38976547137856193,0.023111578445564246
2869,1,0,0.6894419202836863,0.2793293138171453,0.03122876589916842
2870,0,0,0.8414931694474181,0.1504622860384828,0.008044544514099057
2871,2,2,0.0003706828957873289,0.04946095166872896,0.9501683654354838
2872,0,0,0.6293242647308879,0.3427303774982215,0.02794535777089061
2873,0,0,0.8348472221896295,0.15824165999601914,0.0069111178143515094
2874,0,0,0.7918189983717944,0.2003539346801868,0.00782706694801885
2875,2,2,0.05232850805752313,0.42071190799597447,0.5269595839465023
2876,0,0,0.5744315909450541,0.41241223240033503,0.013156176654610717
2877,1,1,0.23296470420835794,0.6646379797050435,0.10239731608659854
2878,2,2,0.07893089807888087,0.43373964199990966,0.48732945992120935
2879,1,1,0.11288915318452582,0.5766064806439715,0.3105043661715026
2880,2,1,0.27337930598439797,0.6053686014169966,0.12125209259860553
2881,0,0,0.564450786836641,0.39813981645813584,0.03740939670522318
2882,0,0,0.6441284846704117,0.31729139521045824,0.038580120119129965
2883,1,1,0.4067465656855601,0.5530082864714866,0.04024514784295322
2884,0,0,0.9513796818785907,0.047760712320095135,0.000859605801314248
2885,0,0,0.7795355927071975,0.20273658071968548,0.017727826573117056
2886,2,1,0.3354698973520771,0.5001379897564453,0.16439211289147762
2887,2,2,0.0010481985661961951,0.07443431791786179,0.924517483515942
2888,0,0,0.7416766688898113,0.23290544900176824,0.025417882108420376
2889,1,1,0.12369887117870168,0.5326839855741684,0.3436171432471298
2890,0,0,0.9334496088206082,0.06305896741535177,0.0034914237640400374
2891,1,0,0.4696800704786708,0.46869722913043166,0.06162270039089763
2892,1,0,0.5534183285749619,0.4092265298046865,0.03735514162035157
2893,0,0,0.9252507007560208,0.07295522290159316,0.001794076342386068
2894,2,2,0.004908898202136837,0.1843901482388121,0.8107009535590511
2895,1,2,0.0403061695458151,0.3501145644284122,0.6095792660257727
2896,0,0,0.9386714700916114,0.05972484599995909,0.0016036839084294686
2897,0,1,0.36269235025046775,0.5092459349157816,0.12806171483375067
2898,1,0,0.5291283331428714,0.44557152858786897,0.025300138269259705
2899,0,0,0.5136404498471915,0.45857528066928943,0.02778426948351907
2900,2,2,0.0814465800471655,0.4270720856741293,0.49148133427870516
2901,1,1,0.09391780907752023,0.5978512132561881,0.3082309776662917
2902,2,1,0.08933748103171542,0.6868646044956707,0.2237979144726139
2903,1,0,0.7374282528972768,0.24782836368754477,0.014743383415178618
2904,1,1,0.0805007475763594,0.6755698810822652,0.24392937134137527
2905,1,1,0.3262163685768572,0.6025711212514655,0.07121251017167737
2906,0,0,0.9612296363789378,0.037525909217899056,0.0012444544031630137
2907,1,1,0.0657252232190136,0.525521836953407,0.40875293982757943
2908,0,0,0.9867914460931178,0.012818380932433324,0.0003901729744490538
2909,0,0,0.9960881255750138,0.003874337129014556,3.7537295971628916e-05
2910,2,2,0.05985626164707074,0.35007820235374204,0.5900655359991872
2911,0,1,0.45835921003116675,0.48625372740535056,0.055387062563482754
2912,2,1,0.20645327420169243,0.5833563108208486,0.21019041497745894
2913,1,1,0.37723781030426107,0.519560025110198,0.1032021645855409
2914,2,2,0.012394942521735355,0.2587073875863062,0.7288976698919585
2915,1,0,0.46475158591805366,0.45733051148288645,0.07791790259905983
2916,2,1,0.2361781361574234,0.6047686403000224,0.15905322354255422
2917,1,1,0.1944953258869261,0.6532581519635439,0.15224652214953
2918,2,1,0.3173488168326507,0.5126430381178114,0.17000814504953785
2919,0,1,0.3658560245314263,0.5620869426030988,0.07205703286547488
2920,1,2,0.06207658676264376,0.43931815131216534,0.498605261925191
2921,2,2,0.002311883277911484,0.08145731105526247,0.9162308056668261
2922,0,0,0.6702379706347585,0.31323284265727364,0.01652918670796783
2923,0,1,0.3478568459755656,0.5049146694031565,0.14722848462127777
2924,1,1,0.2903925957603401,0.5217455006037849,0.18786190363587488
2925,2,1,0.0417087306119983,0.5497367385664539,0.4085545308215478
2926,0,0,0.8875506238962778,0.09605894971322004,0.016390426390502283
2927,0,0,0.8800067285215729,0.11236958593158429,0.007623685546842879
2928,1,0,0.7126561936185972,0.24647822199755828,0.04086558438384449
2929,1,0,0.4044807639062415,0.31784346189303697,0.2776757742007216
2930,0,0,0.886074458295334,0.1099850415294834,0.003940500175182474
2931,0,1,0.3907719182011047,0.5293994532988683,0.07982862850002695
2932,0,1,0.18001514430137822,0.6987400919381677,0.12124476376045422
2933,1,1,0.4554946513968789,0.47619052822517205,0.06831482037794913
2934,0,0,0.9689645238090676,0.03042039836166914,0.0006150778292632197
2935,1,1,0.12427914855049295,0.5858900699957224,0.28983078145378477
2936,1,1,0.19871569794043864,0.601464175398234,0.19982012666132717
2937,1,0,0.9112452213402417,0.08537200843340252,0.0033827702263559377
2938,0,0,0.9637534632247056,0.035333139982740826,0.0009133967925535346
2939,0,0,0.5780201533834668,0.401705645132987,0.02027420148354634
2940,0,0,0.8711547758053216,0.12517287436161637,0.003672349833061919
2941,2,2,0.0007400305484490281,0.04804548814174855,0.9512144813098025
2942,1,2,0.04760359400468722,0.42890751507909614,0.5234888909162166
2943,0,0,0.7302296264064223,0.24564289404383158,0.024127479549746013
2944,0,0,0.9719503024410215,0.027763424838497846,0.00028627272048057734
2945,0,0,0.6725795465062784,0.3121318583140376,0.015288595179684028
2946,2,2,0.021771589776476464,0.35823018893827646,0.619998221285247
2947,1,1,0.10592382177214033,0.5427111980509381,0.3513649801769215
2948,2,1,0.07096090322926434,0.5553406252018647,0.3736984715688709
2949,1,1,0.298781301855832,0.6234566274153266,0.07776207072884132
2950,1,1,0.284167497602386,0.4595807040763354,0.2562517983212786
2951,1,1,0.08946035228639393,0.7850087230648978,0.12553092464870833
2952,1,1,0.20320833483122328,0.6118731095105244,0.1849185556582523
2953,0,0,0.8232306591205355,0.1681160890706995,0.008653251808765154
2954,0,0,0.7507053487143164,0.2406700976369105,0.008624553648773191
2955,0,0,0.5046404576667762,0.4517476029664373,0.043611939366786444
2956,0,1,0.09208516188802635,0.7146406760772077,0.19327416203476588
2957,1,1,0.20797934668324414,0.6366137889641568,0.15540686435259912
2958,2,1,0.015576766612177925,0.5475328579422469,0.43689037544557513
2959,1,1,0.20108783627555002,0.5788450138662086,0.22006714985824136
2960,2,1,0.07855972394634389,0.6077794205665022,0.3136608554871539
2961,1,1,0.27591398864901623,0.6233369673506096,0.1007490440003743
2962,0,0,0.9103506115435724,0.08801779606812883,0.0016315923882986583
2963,1,1,0.24226259587960958,0.6291153103616838,0.12862209375870665
2964,1,1,0.25481930205414444,0.5544485766311565,0.1907321213146991
2965,1,0,0.4477747714975764,0.4331631831224699,0.11906204537995373
2966,1,1,0.07147713032533912,0.6030030256377333,0.32551984403692746
2967,0,0,0.6546530749473729,0.3179148135585196,0.027432111494107597
2968,2,1,0.06801926090516063,0.5357254220549267,0.3962553170399127
2969,0,0,0.8048068097090979,0.17751061355799316,0.017682576732908923
2970,0,0,0.8595710494262898,0.13220894126948413,0.008220009304225942
2971,2,1,0.4749291717355307,0.48343315088000466,0.04163767738446457
2972,0,0,0.5357705343039781,0.40231180527058313,0.06191766042543879
2973,0,0,0.8655943259044286,0.12241835231691588,0.011987321778655517
2974,1,0,0.601290175653199,0.3461160155557273,0.05259380879107384
2975,1,0,0.5849086526009942,0.3245377772936804,0.0905535701053254
2976,0,0,0.841329869588136,0.14259802466434426,0.01607210574751952
2977,2,2,0.0035929603323687402,0.13948201225652196,0.8569250274111094
2978,0,0,0.9945377108748249,0.0053778064150845455,8.44827100904688e-05
2979,1,0,0.47531021165987,0.4197152294012393,0.10497455893889067
2980,0,1,0.2001134319657109,0.707798175693908,0.09208839234038098
2981,1,1,0.2902595880482023,0.5631675332125753,0.14657287873922237
2982,1,0,0.6699038920948756,0.3073791748502891,0.022716933054835447
2983,0,0,0.9250459330881611,0.07115697233915395,0.003797094572685031
2984,2,1,0.09107718305445393,0.5772725113825202,0.33165030556302594
2985,0,1,0.34076212383246046,0.5916674496051914,0.06757042656234814
2986,1,1,0.1606114914493791,0.5836762768135646,0.2557122317370564
2987,0,0,0.8473969873587865,0.1385109792743112,0.014092033366902425
2988,1,1,0.29909784811483464,0.3786362169211838,0.3222659349639815
2989,1,1,0.09467101215819756,0.5418013486594798,0.36352763918232267
2990,0,1,0.2871267860853586,0.578287099394232,0.13458611452040944
2991,0,0,0.9942961583587325,0.00558121495346944,0.00012262668779800413
2992,0,0,0.8672417283349697,0.12771624185128988,0.005042029813740474
2993,2,2,0.0115393233967454,0.2009931907349672,0.7874674858682875
2994,0,0,0.9684919782978462,0.03017927154078631,0.0013287501613674449
2995,0,0,0.9502314613837404,0.049215118798065664,0.0005534198181939795
2996,0,0,0.9835460209299549,0.015829236006810472,0.0006247430632345653
2997,1,1,0.05547974770926187,0.7075658795705985,0.23695437272013964
2998,2,2,0.0020684292775389923,0.05284831510934286,0.945083255613118
2999,1,1,0.030712319701428844,0.5755156271776486,0.3937720531209225
3000,1,1,0.3094825222557001,0.5953266342560408,0.09519084348825897
3001,1,1,0.0779328773648107,0.5019783040443594,0.4200888185908299
3002,1,1,0.10755586154920502,0.5794353760838314,0.31300876236696346
3003,0,0,0.9725307936793302,0.027087322138869836,0.00038188418180002206
3004,1,1,0.37491270621536954,0.5816071272005051,0.04348016658412537
3005,1,1,0.20462307701513188,0.5566844916775745,0.23869243130729367
3006,2,2,0.005411240048990939,0.2445365952510414,0.7500521646999676
3007,1,1,0.2652123287265274,0.658203939137469,0.07658373213600364
3008,0,1,0.19244960803385344,0.6594097281441995,0.148140663821947
3009,2,1,0.05835557888711815,0.6383220636334055,0.3033223574794764
3010,0,0,0.6228063039258916,0.29987482658211184,0.07731886949199654
3011,1,0,0.6767983903687365,0.27717788259152654,0.046023727039736964
3012,1,0,0.5896752384985205,0.38002569723077706,0.03029906427070235
3013,1,0,0.5065102823494593,0.4172412608128691,0.07624845683767158
3014,1,1,0.09852091819046084,0.7005599460873434,0.20091913572219577
3015,0,0,0.5412365181831227,0.4215950546299433,0.037168427186934014
3016,0,0,0.653575248949913,0.32663751120981405,0.01978723984027297
3017,0,1,0.1385517314852389,0.6380589256836435,0.2233893428311175
3018,0,0,0.7105422369626555,0.27355222719461314,0.015905535842731407
3019,0,1,0.47698469757199113,0.48013363653228985,0.04288166589571912
3020,0,0,0.5639144382052063,0.4091805329510891,0.02690502884370466
3021,0,0,0.805620756432652,0.18163690590336168,0.012742337663986528
3022,1,1,0.09386947047662683,0.7315936663340467,0.17453686318932643
3023,0,0,0.9303278998782751,0.06879784444340731,0.0008742556783175054
3024,0,0,0.747226758420416,0.2477719948826448,0.0050012466969392485
3025,0,0,0.7991152050535779,0.18034939450668352,0.020535400439738533
3026,1,1,0.08229648894842118,0.5984507238331088,0.31925278721847
3027,1,1,0.19688865865293012,0.5666242379933503,0.2364871033537197
3028,1,1,0.16170178843712166,0.6484802608215169,0.18981795074136143
3029,0,0,0.8552859809798332,0.1382911446514544,0.006422874368712328
3030,1,1,0.19197123036601654,0.5482332730226943,0.2597954966112891
3031,0,0,0.9726121467135534,0.026406818828542206,0.000981034457904279
3032,1,0,0.6483473719839821,0.3152493889239364,0.03640323909208154
3033,2,1,0.08239635612511204,0.6082359862170572,0.3093676576578308
3034,0,0,0.6652795426384259,0.3205125100855317,0.014207947276042382
3035,1,1,0.29596181356735435,0.6226907220207715,0.08134746441187422
3036,0,0,0.9591873293507635,0.03870581914704028,0.0021068515021962853
3037,0,0,0.8989117449508433,0.09682333604236443,0.0042649190067923235
3038,0,1,0.11185148780785995,0.6447009316013155,0.24344758059082455
3039,0,0,0.6343645289073461,0.33744480855916953,0.028190662533484307
3040,0,0,0.9197312229916615,0.07735709328032245,0.002911683728016165
3041,1,1,0.23462360385468642,0.693905745639493,0.07147065050582066
3042,1,0,0.526771904766017,0.44074855871179147,0.03247953652219149
3043,0,0,0.6656236164504253,0.3056003140664083,0.028776069483166328
3044,0,0,0.7522807464108638,0.2284989470960835,0.019220306493052636
3045,0,0,0.9789555558395542,0.020765411355319167,0.0002790328051266747
3046,0,0,0.9937912886793927,0.006114615911213923,9.409540939342258e-05
3047,2,2,0.017366782902470203,0.3282568396364067,0.6543763774611231
3048,2,2,0.08844441754089376,0.3365933214760275,0.5749622609830788
3049,0,0,0.9800067340575898,0.01945066531453319,0.0005426006278770993
3050,1,2,0.04086150008661363,0.41772426329923035,0.541414236614156
3051,2,2,0.013045792542883971,0.2881686945796821,0.698785512877434
3052,2,2,0.007826046254277241,0.21251158023929356,0.7796623735064292
3053,0,0,0.9601753656268793,0.039172683167314974,0.0006519512058056173
3054,2,2,0.006712474643897788,0.28122218755133255,0.7120653378047695
3055,1,1,0.3501904933489515,0.4292301222477182,0.22057938440333016
3056,0,0,0.9673524262161806,0.031607498068667826,0.0010400757151515525
3057,1,1,0.2142600903525444,0.6025687647971328,0.18317114485032268
3058,2,1,0.03446013724866786,0.48525279181662917,0.48028707093470296
3059,0,0,0.8779241972454082,0.1174912014756257,0.004584601278966023
3060,1,1,0.3695036185277594,0.4910569345110599,0.13943944696118063
3061,1,1,0.29474786031431016,0.5861528579179806,0.11909928176770936
3062,0,0,0.9054629455298591,0.09266270519329525,0.001874349276845652
3063,2,2,0.019716594211864332,0.3124566875392374,0.6678267182488984
3064,2,2,0.0014875299268702832,0.09085837052989099,0.9076540995432387
3065,1,1,0.24870963159697923,0.5731134370682612,0.1781769313347595
3066,0,0,0.5002142914228331,0.44587366976859727,0.05391203880856964
3067,1,1,0.15358128790434777,0.4284778073472985,0.41794090474835366
3068,1,1,0.09740959282670118,0.6205867492509534,0.2820036579223454
3069,1,1,0.08856537421291072,0.7146630505272357,0.19677157525985367
3070,0,0,0.6447152177221871,0.3370270484683279,0.01825773380948506
3071,0,0,0.7628037857188766,0.23034915697915065,0.006847057301972751
3072,0,0,0.7646701694765125,0.23159122127303935,0.003738609250448232
3073,0,1,0.27468484700123696,0.6301629435622365,0.09515220943652647
3074,2,2,0.011901377855214893,0.28964815540869177,0.6984504667360933
3075,0,0,0.640768635556585,0.3462397988709471,0.012991565572467932
3076,1,1,0.07853462684335823,0.6477717535317964,0.2736936196248453
3077,1,1,0.061717344593989525,0.5471148396675098,0.3911678157385006
3078,1,2,0.03541256995816874,0.44604592686552713,0.5185415031763042
3079,1,1,0.2976747930882573,0.5981532288225029,0.1041719780892399
3080,2,2,0.006452320725946759,0.19108376488210924,0.8024639143919441
3081,0,0,0.6611084010583624,0.31589325026240445,0.022998348679233147
3082,1,1,0.1058565589019239,0.6935053391162337,0.20063810198184232
3083,0,0,0.5331892857387849,0.4212691900503747,0.04554152421084042
3084,1,0,0.5541129346931143,0.2942830395940953,0.1516040257127904
3085,2,2,0.009426647755563,0.2166201339652323,0.7739532182792047
3086,1,1,0.12008820661147303,0.5817182711633864,0.29819352222514056
3087,1,0,0.6980981793212032,0.25610346223117486,0.04579835844762194
3088,2,1,0.0320246224387293,0.5642393851556685,0.4037359924056022
3089,1,0,0.4956295852457127,0.3676161107480549,0.13675430400623237
3090,0,0,0.7211239506502504,0.26284279750124073,0.016033251848509046
3091,1,1,0.27870109582178465,0.6159533556545996,0.10534554852361576
3092,0,0,0.6971697783696243,0.2957315208912916,0.007098700739084086
3093,1,1,0.083033473975306,0.5836226214023535,0.3333439046223405
3094,0,1,0.34809986036558255,0.625683230200178,0.02621690943423937
3095,0,1,0.3935874418172571,0.478146679991714,0.1282658781910289
3096,1,1,0.20732665411195275,0.6346441367555778,0.15802920913246946
3097,1,1,0.2697160710872635,0.5709155139196377,0.15936841499309876
3098,0,0,0.7086164660016605,0.26740581344617376,0.0239777205521657
3099,0,0,0.8425540933888792,0.15231822796782277,0.005127678643298051
3100,1,1,0.02431715333065658,0.5347213384011115,0.44096150826823205
3101,0,1,0.37987789398328536,0.5269422177828864,0.09317988823382825
3102,0,0,0.6245130493998493,0.3410798728605452,0.03440707773960558
3103,2,1,0.1986789680449949,0.61982102734789,0.18150000460711496
3104,2,2,0.009286739350582928,0.24610116177835428,0.7446120988710627
3105,2,2,0.011652503407380627,0.2430278960282999,0.7453196005643195
3106,0,0,0.9313315419275993,0.06406655792317366,0.004601900149227114
3107,2,1,0.012112906289647547,0.5369007935168265,0.45098630019352587
3108,0,0,0.9885855398536919,0.011283221937160075,0.00013123820914803818
3109,0,1,0.27641104961069635,0.6242849095810173,0.09930404080828638
3110,1,1,0.2800931887570704,0.5103803664652243,0.20952644477770535
3111,1,1,0.11998795017828923,0.5605987020969213,0.31941334772478946
3112,0,0,0.7614870000269848,0.22132945238928495,0.01718354758373041
3113,2,1,0.07722398114563432,0.5763897845942814,0.3463862342600843
3114,0,0,0.8980277174944861,0.0994933006687791,0.0024789818367347794
3115,1,0,0.5442713593359308,0.4281386400517733,0.02759000061229581
3116,0,0,0.8562484015306538,0.13281854636524357,0.01093305210410273
3117,1,1,0.13120943432161497,0.6809801355193547,0.18781043015903034
3118,0,0,0.9354438373891932,0.061760799937174975,0.0027953626736319567
3119,0,1,0.10346386325037793,0.6232913728411485,0.2732447639084736
3120,1,0,0.6899262385114406,0.2730110562583829,0.037062705230176504
3121,1,1,0.37445431407713775,0.4361706254558806,0.18937506046698163
3122,0,0,0.9353208323152428,0.06079887540752712,0.003880292277230028
3123,0,0,0.7981946542244077,0.19665059410891825,0.005154751666674094
3124,1,0,0.40995424801372626,0.34125301470178265,0.248792737284491
3125,0,0,0.8163404123706032,0.1691548670189225,0.014504720610474375
3126,0,0,0.8079373655883672,0.18838730091022143,0.003675333501411452
3127,2,2,0.0033575170319488307,0.2091719267818134,0.7874705561862378
3128,0,0,0.6734567413970985,0.3181503041581489,0.008392954444752637
3129,1,1,0.11967912245482852,0.6453842043641685,0.23493667318100295
3130,1,0,0.6295996747353816,0.30099618728997835,0.06940413797464001
3131,0,0,0.7797929879791273,0.2122643683331161,0.007942643687756724
3132,1,0,0.7002278866496161,0.2721967482425788,0.02757536510780516
3133,0,0,0.8933559402301063,0.10363244466749709,0.003011615102396523
3134,0,0,0.9093237845035836,0.08901501380029637,0.001661201696119992
3135,1,1,0.38762080161920337,0.4996175879506511,0.11276161043014554
3136,1,1,0.049352779660282294,0.5950479415948632,0.35559927874485464
3137,1,1,0.30815208998947835,0.5811536747134444,0.11069423529707727
3138,0,1,0.16491201246630333,0.7505255269540885,0.08456246057960826
3139,2,2,0.01035448221104988,0.226182705322464,0.7634628124664861
3140,1,1,0.256606957361687,0.491213976672112,0.252179065966201
3141,0,0,0.9017099302395982,0.09364241935809,0.004647650402311722
3142,1,1,0.08267993287420067,0.5689274954616977,0.34839257166410165
3143,2,2,0.02769525749290481,0.3380171537755074,0.6342875887315879
3144,1,1,0.035338878912601526,0.59554561605691,0.3691155050304884
3145,0,0,0.7525195922122333,0.22679689077920215,0.020683517008564488
3146,2,2,0.0007092035929088382,0.0451837054065962,0.954107091000495
3147,1,2,0.026559004014424403,0.4539558129375205,0.519485183048055
3148,0,0,0.7028857674015359,0.27720446782090447,0.019909764777559808
3149,1,1,0.284012181504858,0.4970454789117498,0.21894233958339213
3150,1,1,0.23891520489673881,0.5220002294772146,0.23908456562604657
3151,1,1,0.06982898415925959,0.6749951766440139,0.2551758391967265
3152,0,1,0.15750614293065412,0.7156162785006639,0.1268775785686821
3153,0,0,0.846066108499723,0.13412436674520156,0.01980952475507547
3154,2,2,0.05686793016463403,0.40295093328734977,0.5401811365480162
3155,1,2,0.008451669270027435,0.2971343393359545,0.694413991394018
3156,2,2,0.008247138117199921,0.1964316308581565,0.7953212310246437
3157,0,0,0.48143114289476874,0.4583349926414476,0.06023386446378374
3158,1,1,0.4069060890233388,0.5295844237517247,0.06350948722493654
3159,2,2,0.01944632594233609,0.20986329967949524,0.7706903743781688
3160,0,0,0.904632721214124,0.09206435117267449,0.0033029276132014156
3161,2,2,0.00042937688153452856,0.026998026097017257,0.9725725970214482
3162,1,1,0.29146484305999315,0.6271638342127149,0.08137132272729194
3163,1,1,0.09001968557484005,0.503227134201283,0.406753180223877
3164,2,1,0.4627011832146373,0.47016582702532295,0.06713298976003973
3165,1,2,0.04704876980711049,0.44381487959074317,0.5091363506021463
3166,0,0,0.9697216491371405,0.029677376794855725,0.0006009740680037372
3167,0,0,0.9962279720422945,0.0037383372265475186,3.369073115796517e-05
3168,0,0,0.9329108880311118,0.06442452872732024,0.002664583241568017
3169,1,1,0.13387087292256947,0.5536673865595736,0.31246174051785686
3170,1,1,0.1326677637150026,0.722839547195286,0.14449268908971147
3171,0,0,0.8744987781238299,0.11863540058815142,0.006865821288018674
3172,1,2,0.0493542146242291,0.4119700241658377,0.5386757612099331
3173,0,0,0.9169837586455122,0.08128690797312059,0.0017293333813670289
3174,0,0,0.986282714581311,0.013549504967561915,0.0001677804511271141
3175,2,2,0.04423877735601859,0.3880084714396147,0.5677527512043666
3176,2,1,0.08442079332343089,0.5816286266691125,0.3339505800074566
3177,0,0,0.9755991997824358,0.023769609511366863,0.0006311907061972837
3178,0,0,0.8411924299660981,0.15112478222674572,0.007682787807156166
3179,0,0,0.8164954816211009,0.1751835125051326,0.008321005873766635
3180,1,0,0.6235934552489472,0.3346861458389673,0.0417203989120854
3181,1,1,0.14543324934710536,0.6116263722087673,0.24294037844412733
3182,2,1,0.07240277027765196,0.5193926241548289,0.4082046055675191
3183,0,0,0.5841340679455349,0.34482016287554645,0.07104576917891868
3184,1,1,0.42386803242458976,0.4889885654153709,0.0871434021600394
3185,1,2,0.026242802604269505,0.3228984061964683,0.6508587911992622
3186,2,1,0.12456946202907604,0.7218499118498117,0.15358062612111223
3187,2,2,0.04881852884189342,0.33328294670768016,0.6178985244504264
3188,2,1,0.09168564504742477,0.46243927089313924,0.44587508405943593
3189,1,2,0.16404675038869912,0.40704222484084507,0.4289110247704558
3190,0,0,0.9647719118400946,0.033235427487666114,0.001992660672239381
3191,1,1,0.14548765396649144,0.7624714535866426,0.09204089244686595
3192,0,0,0.6668880639699749,0.314858322809183,0.018253613220842086
3193,0,0,0.8599065595038502,0.13397050828843346,0.006122932207716422
3194,1,1,0.30401921798421644,0.6125422999893032,0.0834384820264802
3195,2,2,0.0009454336331803726,0.0894412371223869,0.9096133292444327
3196,1,1,0.14649332552492808,0.5431388519900775,0.3103678224849945
3197,1,1,0.07347065505924304,0.6344835430702714,0.2920458018704854
3198,1,1,0.06033779634213136,0.5745933730373268,0.36506883062054185
3199,1,1,0.06950398146633531,0.5446542500311689,0.38584176850249574
3200,1,1,0.30073391810428696,0.6032462030904889,0.09601987880522413
3201,1,1,0.26732493064751417,0.4787631189660996,0.25391195038638625
3202,0,0,0.8090577106809526,0.18096537808397373,0.009976911235073863
3203,0,1,0.1522062606344423,0.614879825010638,0.23291391435491987
3204,0,0,0.8053580274669265,0.1867630714821822,0.007878901050891302
3205,0,0,0.6783290710812043,0.2979695798006734,0.023701349118122224
3206,1,1,0.17139320433101277,0.7079370941687164,0.12066970150027087
3207,2,2,0.04684713836236269,0.27484332827000507,0.6783095333676322
3208,1,2,0.014349653115501043,0.21395834008233386,0.7716920068021651
3209,0,1,0.46703892380417816,0.5149823505658079,0.0179787256300139
3210,2,2,0.0082009053530724,0.271333035540433,0.7204660591064947
3211,0,0,0.8558238512763193,0.13170793064485514,0.012468218078825453
3212,1,1,0.12611473126650286,0.65882155626052,0.21506371247297718
3213,0,0,0.5147409420936063,0.4212376569241722,0.0640214009822214
3214,0,0,0.7442206325904978,0.23238805781503316,0.023391309594469053
3215,0,0,0.7109708504726975,0.272566652479248,0.016462497048054456
3216,2,2,0.03406828857410631,0.35797564920566954,0.6079560622202241
3217,0,0,0.9592145750260321,0.0401077051773214,0.0006777197966463931
3218,0,0,0.8286578160564558,0.1545629516640312,0.016779232279513077
3219,1,0,0.5727348182534561,0.3949356281119528,0.03232955363459102
3220,2,2,0.0035947988608146975,0.13036160469718083,0.8660435964420046
3221,1,1,0.24431037452220664,0.6765941848945981,0.07909544058319522
3222,0,0,0.9790669863180398,0.02066181733934341,0.0002711963426168412
3223,0,0,0.7385638903909056,0.2526666189740331,0.008769490635061133
3224,0,0,0.841681630701573,0.14853176479255575,0.009786604505871212
3225,1,0,0.4886534081041824,0.32016495879520046,0.1911816331006172
3226,2,2,0.018828291186073466,0.2793314249078893,0.7018402839060371
3227,0,0,0.8369255289184906,0.1555110044357514,0.007563466645758064
3228,2,2,0.001937269727964062,0.12147417942990994,0.876588550842126
3229,0,0,0.9607645724175626,0.038596655949167495,0.000638771633269882
3230,0,0,0.705631086113234,0.26943626701861095,0.02493264686815492
3231,1,1,0.15300944394121635,0.4931539665509263,0.35383658950785735
3232,0,1,0.166582013826151,0.6924634491101798,0.14095453706366928
3233,2,2,0.0015532978712981477,0.10260981355673698,0.895836888571965
3234,0,0,0.7181211475605149,0.2615404075374896,0.020338444901995427
3235,0,0,0.9735932551835533,0.025463206881972785,0.000943537934474005
3236,0,1,0.45158345788909887,0.47775087658239784,0.07066566552850331
3237,1,1,0.3066553289971524,0.6526769658681476,0.040667705134699875
3238,1,1,0.177972410349121,0.47823140730870634,0.34379618234217285
3239,2,2,0.08302530721023489,0.38450775903477813,0.532466933754987
3240,0,0,0.9263786307324359,0.07138836943843417,0.0022329998291300843
3241,0,0,0.5271739601739825,0.42475135329309477,0.048074686532922524
3242,2,1,0.07310644809256191,0.501798543044445,0.42509500886299306
3243,0,0,0.5118288839900051,0.44203899823496007,0.04613211777503475
3244,0,0,0.9957971592180564,0.00416766402731349,3.517675462996817e-05
3245,0,0,0.8975616806815155,0.0955093759804593,0.006928943338025172
3246,1,1,0.3236640451962925,0.6475169673504081,0.028818987453299413
3247,0,0,0.9225959725661149,0.07624503538768024,0.0011589920462047457
3248,0,1,0.2959115355905076,0.5854811251040059,0.11860733930548648
3249,0,0,0.5224104427728983,0.4478436520252512,0.02974590520185053
3250,1,2,0.021758271289688713,0.38054519152535027,0.5976965371849611
3251,1,0,0.6799769656832434,0.3090745415170948,0.010948492799661787
3252,0,0,0.9620680095005402,0.0371631472577032,0.0007688432417566715
3253,0,0,0.9667120634502162,0.032405595690750806,0.0008823408590329272
3254,0,0,0.7350256064106627,0.24833806246765133,0.016636331121685975
3255,1,0,0.4681191354892914,0.458727283136348,0.07315358137436068
3256,2,1,0.0693013956925006,0.6545571790148645,0.27614142529263475
3257,0,0,0.9538046952245904,0.044943638357294244,0.0012516664181152222
3258,0,0,0.8349028633087837,0.15622977429017265,0.008867362401043594
3259,1,1,0.13037779569135136,0.4774813896449828,0.39214081466366574
3260,1,0,0.6855027464938159,0.28526975435948765,0.02922749914669633
3261,1,1,0.02217120156035761,0.519350388488058,0.45847840995158434
3262,0,0,0.9338369075082789,0.06533202799536529,0.0008310644963557919
3263,1,1,0.15073390160231973,0.5852640710424403,0.2640020273552401
3264,0,0,0.981532647095563,0.017874452249022763,0.0005929006554141468
3265,1,1,0.2356761512172887,0.566385952625799,0.19793789615691226
3266,2,2,0.004685914177924748,0.18556045298605237,0.8097536328360228
3267,1,0,0.5028491656333993,0.40014403245550395,0.09700680191109669
3268,0,1,0.08884944137433722,0.5669935283253753,0.3441570303002875
3269,1,1,0.3008624763522267,0.6149360721944634,0.08420145145330987
3270,2,2,0.0013367426553275946,0.15743977344737992,0.8412234838972925
3271,1,1,0.28992580736071544,0.5614008329661303,0.1486733596731543
3272,0,0,0.8299851348735182,0.16186895215510466,0.008145912971377171
3273,1,1,0.20375456677905193,0.6115384104289858,0.1847070227919623
3274,0,1,0.2006943490290206,0.6961825730022002,0.10312307796877905
3275,1,1,0.321314817280156,0.5347752936122782,0.14390988910756583
3276,0,0,0.9956405487661684,0.004297465182983432,6.198605084809884e-05
3277,2,1,0.02291152972401729,0.5317960030421092,0.4452924672338735
3278,2,2,0.02318268610105086,0.3288380741405699,0.6479792397583792
3279,0,0,0.8128317497247515,0.1793592708456211,0.00780897942962741
3280,1,0,0.4992261617134227,0.42677323688825886,0.0740006013983185
3281,2,2,0.011576338319642316,0.2809272629079853,0.7074963987723724
3282,0,1,0.4750729829764719,0.47971203874116053,0.04521497828236755
3283,1,0,0.7642000144910297,0.22256968676528227,0.013230298743688154
3284,0,0,0.840327167676032,0.15574594899128047,0.003926883332687583
3285,0,0,0.8411890705431988,0.15466645925560493,0.004144470201196132
3286,0,0,0.9481662399954043,0.04975795803966398,0.0020758019649316736
3287,0,0,0.8394873153689697,0.15440472395798033,0.006107960673050037
3288,1,0,0.5300065376629837,0.40574381358205003,0.06424964875496618
3289,0,0,0.6955133654354126,0.2939263322524963,0.01056030231209114
3290,2,2,0.040278610890592786,0.38974405395727557,0.5699773351521316
3291,2,2,0.004012513022811624,0.12714303186728404,0.8688444551099044
3292,0,0,0.9557019719531051,0.04169584039739629,0.0026021876494987644
3293,2,0,0.46849637449642606,0.382094617157102,0.14940900834647194
3294,2,2,0.06067108527489474,0.4069541650241913,0.532374749700914
3295,0,0,0.8687104286743309,0.12663341434469486,0.004656156980974254
3296,0,0,0.9758911606059543,0.022881779214369447,0.0012270601796762815
3297,0,0,0.8725149628689287,0.12547144727925377,0.0020135898518176716
3298,2,2,0.0036047897147389535,0.06917407586227788,0.9272211344229832
3299,0,0,0.5363417755876864,0.3875537180683602,0.07610450634395344
3300,1,0,0.5353430647231805,0.4327585255990194,0.03189840967780013
3301,1,0,0.8984176434262465,0.09594885545754221,0.005633501116211395
3302,0,0,0.9875212274270693,0.012071255499303843,0.00040751707362684164
3303,1,1,0.0830441207502027,0.7004887425152314,0.21646713673456575
3304,2,2,0.014204964769095631,0.4149453324258061,0.5708497028050982
3305,0,0,0.657118558053825,0.31116288514239593,0.031718556803779
3306,0,1,0.3677947144568003,0.5591269802062464,0.07307830533695345
3307,2,2,0.0007928787284924126,0.07373133144075637,0.9254757898307512
3308,0,0,0.8571453503692237,0.1356482810848507,0.007206368545925766
3309,1,1,0.25642664606704046,0.5587197118899974,0.18485364204296204
3310,0,0,0.9046883556678206,0.09335819622511432,0.0019534481070649875
3311,1,1,0.06993546021588992,0.8140460002381606,0.11601853954594939
3312,0,0,0.6526115934042274,0.33545722491926133,0.011931181676511247
3313,0,0,0.7333284501518013,0.2532303510834885,0.013441198764710222
3314,2,1,0.05009532846458927,0.5217831739679089,0.4281214975675018
3315,2,1,0.05965638949280769,0.4890766164359093,0.4512669940712831
3316,1,1,0.2592518690146419,0.5976799789224868,0.14306815206287124
3317,1,1,0.07804615492278222,0.57317223590271,0.3487816091745077
3318,0,0,0.9439816350113549,0.054134321955179386,0.0018840430334658433
3319,1,1,0.19536135561553242,0.4331469697639649,0.3714916746205027
3320,1,1,0.4146505311916071,0.5083654789935039,0.07698398981488885
3321,0,0,0.5507895949997444,0.3000445360216634,0.1491658689785922
3322,0,0,0.869891293855335,0.1264691059057106,0.00363960023895432
3323,0,0,0.585777102325001,0.39988095164418663,0.014341946030812359
3324,1,1,0.06657153577791843,0.58725890083691,0.34616956338517163
3325,0,0,0.917524280035744,0.08100809109632534,0.0014676288679306782
3326,0,0,0.7874524459763675,0.1933605380450713,0.019187015978561067
3327,2,2,0.023685423863167337,0.4876979840297761,0.48861659210705666
3328,2,2,0.05598838266288524,0.44354494037168807,0.5004666769654267
3329,2,2,0.00015590937129821727,0.01001532955667496,0.9898287610720269
3330,0,0,0.9437481834221695,0.055354126857566396,0.0008976897202639616
3331,1,1,0.17197002809952108,0.6158325871807532,0.2121973847197258
3332,2,2,0.0012406690496432333,0.07399158458560408,0.9247677463647527
3333,0,0,0.9300882733795317,0.06618961963571762,0.0037221069847507508
3334,1,1,0.40062414058716644,0.4323098767881293,0.16706598262470432
3335,0,0,0.9564755816820822,0.04289722916574729,0.0006271891521703856
3336,2,2,0.004900845566651555,0.13078429995137808,0.8643148544819703
3337,1,1,0.2631105955710239,0.5694000127985706,0.1674893916304056
3338,2,2,3.3883166356241676e-05,0.006222230269091803,0.993743886564552
3339,0,0,0.9839567682213566,0.01568008955084611,0.0003631422277973365
3340,0,0,0.984761613561765,0.014404800006291981,0.0008335864319430334
3341,2,2,0.002548574374361911,0.12751719785617266,0.8699342277694654
3342,1,0,0.5372871047963024,0.4240008526863759,0.038712042517321694
3343,0,1,0.3234089741555738,0.6107801279138604,0.06581089793056577
3344,2,1,0.08271602140424406,0.5622660750095553,0.35501790358620067
3345,0,0,0.938452809193964,0.06029369169304129,0.0012534991129946895
3346,0,0,0.9054755734020355,0.08916019368101791,0.005364232916946324
3347,0,0,0.5743831728907353,0.39930021138098853,0.02631661572827619
3348,0,0,0.756636899561221,0.21061839792399337,0.03274470251478561
3349,2,1,0.3462624033554225,0.5158553670467938,0.13788222959778368
3350,1,1,0.3644868915518421,0.5690894830913602,0.06642362535679767
3351,2,1,0.23181494002610217,0.6769492413104483,0.09123581866344953
3352,0,1,0.24100948088759575,0.719864054103489,0.03912646500891536
3353,1,0,0.49257747125374196,0.4609252237740471,0.046497304972210975
3354,0,0,0.8331472198269795,0.16122391834908026,0.005628861823940292
3355,1,0,0.5070780491060303,0.4746367147242788,0.018285236169690876
3356,0,0,0.753696382910352,0.23089106509375187,0.015412551995896114
3357,1,1,0.2622786407514289,0.5976033528459448,0.14011800640262628
3358,1,2,0.02188162712234282,0.2518993120481791,0.7262190608294781
3359,2,1,0.08192588399723671,0.6214547363820587,0.2966193796207046
3360,0,0,0.9980594311181905,0.0019203463215637729,2.022256024576875e-05
3361,1,0,0.5649893484885427,0.3810487999954075,0.053961851516049875
3362,0,0,0.9898865315136027,0.009996812037241943,0.00011665644915538715
3363,1,1,0.4512065035175871,0.49863496177992833,0.0501585347024845
3364,1,1,0.3391561987665396,0.5437921761034016,0.1170516251300588
3365,2,0,0.47749765074211226,0.36021676991287865,0.16228557934500906
3366,0,1,0.4811882176329005,0.487637908450913,0.03117387391618654
3367,1,1,0.3636812609769136,0.5263251976662963,0.10999354135679007
3368,1,1,0.22095887595575828,0.5800117833744686,0.19902934066977324
3369,1,2,0.05703923596092472,0.4520234202770334,0.4909373437620418
3370,1,1,0.14066140051207804,0.6670418368824427,0.19229676260547934
3371,1,1,0.3815016157856774,0.4862273867570136,0.132270997457309
3372,0,0,0.8619798235319843,0.1278886586115121,0.010131517856503729
3373,1,1,0.24224497918885526,0.6281866577080821,0.1295683631030627
3374,1,1,0.1637303919512203,0.7084675076688117,0.12780210037996798
3375,0,0,0.5407696147318459,0.42514863599252006,0.034081749275634
3376,2,2,0.025130122372065543,0.4552008828624888,0.5196689947654458
3377,1,2,0.09709551944964659,0.3875137296266164,0.5153907509237371
3378,1,0,0.7515046591281052,0.20707856490571383,0.04141677596618117
3379,2,2,0.023373845570696085,0.15571424136178816,0.8209119130675158
3380,0,0,0.8626986191100501,0.13153513078911128,0.0057662501008386895
3381,1,0,0.5216491046000044,0.4459017180092528,0.032449177390742816
3382,1,1,0.45740231915696383,0.5088331679347742,0.033764512908262025
3383,0,0,0.9058194006522555,0.09202794342131794,0.002152655926426715
3384,2,1,0.15263436350797496,0.5092736904637158,0.33809194602830916
3385,1,1,0.39563489890001785,0.5170313187783335,0.0873337823216486
3386,1,0,0.5854086761961108,0.4004855597882241,0.01410576401566511
3387,0,0,0.545044086185355,0.42290118222306333,0.032054731591581676
3388,2,2,0.013434758089689696,0.25960524144540864,0.7269600004649017
3389,0,0,0.8183150766131456,0.1722830491439081,0.00940187424294643
3390,0,0,0.9549846067699004,0.0433393338170007,0.0016760594130989113
3391,0,1,0.26636650878657503,0.5395935005199158,0.19403999069350916
3392,2,2,0.0045500585816711705,0.3470391500258018,0.648410791392527
3393,0,0,0.8892413512455576,0.10826073252759574,0.002497916226846609
3394,2,2,0.0025106271072068737,0.10792105684656629,0.8895683160462268
3395,2,1,0.21584320362495443,0.6037382211121615,0.18041857526288402
3396,0,0,0.612363267170616,0.3416402623312649,0.0459964704981191
3397,2,2,0.02085606957406982,0.2998459583632191,0.6792979720627111
3398,2,1,0.03798177137376571,0.5395651090922058,0.4224531195340285
3399,1,1,0.26467916895091664,0.4343544793216855,0.30096635172739783
3400,0,0,0.6797095506784658,0.3051040627207762,0.015186386600757938
3401,1,1,0.4480041880966949,0.49986869251005195,0.05212711939325328
3402,1,1,0.10344763653840232,0.5526034242247201,0.34394893923687764
3403,0,0,0.8040995132032668,0.1807286904006786,0.015171796396054704
3404,1,0,0.47785610133315476,0.45993717658671984,0.06220672208012539
3405,2,2,0.009226250106925927,0.3546865496870917,0.6360872002059823
3406,2,1,0.13709560040243274,0.5355493672354391,0.32735503236212815
3407,2,1,0.38512593826775354,0.4315521757835912,0.18332188594865526
3408,0,0,0.726948132355965,0.24368906732688816,0.029362800317146668
3409,2,2,0.040306319009324486,0.41068923987572786,0.5490044411149477
3410,1,1,0.34043238523349595,0.4380200213115702,0.22154759345493372
3411,0,0,0.9275124384472372,0.06755664331819822,0.004930918234564741
3412,1,0,0.4930895546757556,0.41774895714055954,0.0891614881836849
3413,1,0,0.4667960778368229,0.46360867281705537,0.06959524934612173
3414,1,1,0.19652172530173584,0.6522564373324299,0.1512218373658343
3415,0,0,0.961756860515834,0.037621872548204725,0.0006212669359611383
3416,0,1,0.4527692504341894,0.49239516506791375,0.05483558449789678
3417,0,0,0.755767389614919,0.2235004805848104,0.020732129800270588
3418,0,0,0.6545104198503875,0.32597503202284495,0.01951454812676749
3419,0,1,0.45125797582045213,0.47785590343785356,0.0708861207416944
3420,1,1,0.10639572504603746,0.47866880328479067,0.41493547166917183
3421,0,0,0.7789413047030775,0.18489737416738336,0.036161321129539
3422,0,0,0.5837162702654505,0.3663845143380602,0.04989921539648942
3423,1,1,0.23258482219643611,0.6684934616069713,0.09892171619659261
3424,1,0,0.49449694263618654,0.42170351219301194,0.0837995451708015
3425,1,0,0.5561627450063895,0.36790820437329724,0.07592905062031322
3426,0,0,0.561844193972101,0.3697669750825667,0.06838883094533227
3427,0,1,0.21814723764465427,0.6167309665908353,0.16512179576451064
3428,0,0,0.9069652242989314,0.08909148370455001,0.0039432919965186625
3429,0,0,0.6344647506742035,0.34541473963525127,0.0201205096905452
3430,0,1,0.34481718347885654,0.5306577168115052,0.12452509970963825
3431,2,2,0.022468712400871095,0.34628501186433963,0.6312462757347892
3432,1,1,0.11118810992503926,0.5852030059080027,0.3036088841669582
3433,0,0,0.7586767940279587,0.20575348166556934,0.035569724306471935
3434,0,0,0.7043467468061466,0.2798634446653209,0.01578980852853238
3435,1,0,0.5402238375878629,0.4152008195896114,0.04457534282252575
3436,0,1,0.42237191866372725,0.5435844038023825,0.034043677533890225
3437,0,0,0.9976761540448,0.002308521221277698,1.5324733922150803e-05
3438,1,1,0.14971193002284788,0.5719346977436078,0.2783533722335443
3439,0,0,0.6778432756338514,0.30364157430605276,0.01851515006009591
3440,1,1,0.2204975795978406,0.5661455273441842,0.21335689305797517
3441,1,1,0.24456822841899667,0.5477007863776083,0.20773098520339503
3442,2,2,0.009318877139198802,0.19781391217849642,0.7928672106823047
3443,2,1,0.41197661289406895,0.5447391787839488,0.04328420832198215
3444,1,1,0.2293752456322365,0.6610756956121147,0.1095490587556489
3445,2,2,0.0807450490880052,0.4316484598656441,0.48760649104635073
3446,0,0,0.9263989264370242,0.07030803948847432,0.0032930340745014686
3447,1,0,0.8477350571157881,0.14254586361726582,0.00971907926694605
3448,1,1,0.07179013011970083,0.6115310379885704,0.3166788318917286
3449,0,0,0.7824531227732637,0.20545561982971663,0.01209125739701955
3450,1,1,0.45926804152277473,0.47014085902639263,0.0705910994508326
3451,1,1,0.3477359349845223,0.4668940450189295,0.18537001999654812
3452,1,1,0.17382838958565358,0.6418255731657974,0.18434603724854903
3453,1,1,0.15658260170811464,0.6051858840803105,0.23823151421157482
3454,2,2,0.03327121974742568,0.2775737328671499,0.6891550473854244
3455,1,1,0.1985827830607453,0.6895258558231606,0.1118913611160941
3456,1,1,0.10835484793355597,0.5577044703019299,0.333940681764514
3457,0,0,0.6395066295206332,0.3236724871021388,0.03682088337722803
3458,2,2,0.03871754054705795,0.18466714861572564,0.7766153108372165
3459,0,0,0.8361845737674145,0.16153463764431306,0.002280788588272497
3460,1,1,0.24436254082771375,0.6177646146150563,0.13787284455722998
3461,2,2,0.021721500038751583,0.3232194993969634,0.6550590005642851
3462,1,1,0.1893255841562278,0.6373808969388632,0.17329351890490893
3463,0,1,0.4279294504476283,0.5123206276492495,0.05974992190312225
3464,0,0,0.7493710009972984,0.24124688207514988,0.00938211692755171
3465,1,2,0.1439146003862706,0.41244285798929536,0.44364254162443406
3466,1,0,0.8504532677940962,0.14009091495353304,0.009455817252370845
3467,2,1,0.03401072334888163,0.7203289071714476,0.24566036947967074
3468,1,0,0.6099656706642905,0.34606013264786545,0.04397419668784404
3469,0,0,0.7500484130761191,0.23581306052200732,0.014138526401873547
3470,1,1,0.2151558326548654,0.7069306879894384,0.07791347935569624
3471,0,0,0.992722328816015,0.007169009892275801,0.00010866129170919973
3472,0,0,0.780289465759908,0.21019326032948601,0.009517273910605925
3473,0,0,0.6663633341729449,0.32067678715442,0.012959878672635051
3474,0,0,0.9745197422687898,0.024966428167169263,0.000513829564040973
3475,1,2,0.09413489898289301,0.4522740239053491,0.4535910771117579
3476,1,1,0.05940839362212825,0.5928383957819553,0.3477532105959164
3477,0,0,0.8878057448783088,0.10848945749808958,0.0037047976236016596
3478,0,0,0.868009311042169,0.12948944256530381,0.002501246392527065
3479,0,0,0.8835414113622111,0.11115311415371455,0.0053054744840743285
3480,1,1,0.2498115810057102,0.6506499857034705,0.09953843329081932
3481,0,0,0.6634015465303253,0.3219549808760785,0.014643472593596172
3482,1,1,0.13470684139851447,0.7189080909012595,0.1463850677002261
3483,0,0,0.9101656437838117,0.08530296976258411,0.00453138645360405
3484,1,1,0.06411314990244218,0.5884000351334459,0.3474868149641119
3485,2,2,0.010991042345826091,0.25022139589680026,0.7387875617573736
3486,0,0,0.9638803360906,0.03474547725801936,0.0013741866513805828
3487,0,1,0.36929001319962945,0.49787568839016993,0.1328342984102005
3488,1,0,0.4822128649050042,0.4695097233266269,0.04827741176836885
3489,1,1,0.06642291239012305,0.7061403377963353,0.22743674981354153
3490,2,2,0.021446822222406348,0.4366253495246752,0.5419278282529184
3491,1,1,0.062278156545292014,0.6654660628525074,0.2722557806022006
3492,0,0,0.5433985746712912,0.405325575251719,0.05127585007698987
3493,0,0,0.9163658624059186,0.0797061160431572,0.0039280215509242865
3494,1,1,0.4633241249012438,0.5016348060291707,0.03504106906958558
3495,1,1,0.3060784131320873,0.6196049010548742,0.07431668581303855
3496,1,1,0.05967702992707517,0.6798841151247453,0.2604388549481796
3497,0,0,0.9926830843740757,0.007197374228740887,0.00011954139718345657
3498,1,1,0.33752496211253535,0.5637254618654883,0.09874957602197634
3499,1,0,0.7285966488235439,0.24401230031334922,0.02739105086310682
3500,0,1,0.4570470205859706,0.49543848775790833,0.04751449165612107
3501,2,1,0.0654214045448362,0.6848810478965738,0.24969754755859003
3502,0,0,0.886310273869223,0.09832592833619803,0.015363797794579023
3503,0,0,0.5240827197791161,0.37143243378500124,0.1044848464358826
3504,1,1,0.1366444490538683,0.7301196649488927,0.13323588599723907
3505,0,0,0.7545783081552649,0.22803425577410366,0.017387436070631417
3506,1,1,0.25175105424203453,0.5487410238547645,0.199507921903201
3507,2,1,0.05035755788784749,0.5666408189163165,0.383001623195836
3508,1,0,0.505886593798614,0.4422880077188912,0.0518253984824948
3509,0,0,0.9211745861857584,0.07484127544573209,0.003984138368509437
3510,1,1,0.15504692274113605,0.5661351305961192,0.27881794666274484
3511,0,0,0.7834549290822336,0.21172316909433456,0.004821901823431825
3512,2,2,0.0003701241573497372,0.03911899096764191,0.9605108848750085
3513,1,1,0.20601843352824525,0.49916964200698044,0.29481192446477433
3514,0,0,0.9130219228614862,0.08432813919195346,0.0026499379465604617
3515,0,0,0.8481641431971616,0.14537814081028141,0.006457715992556855
3516,0,0,0.7427281581090754,0.23696032153727145,0.020311520353652992
3517,0,0,0.8393174444366543,0.15456971654425875,0.006112839019086946
3518,0,0,0.9477196417004806,0.05066711183756968,0.0016132464619497016
3519,0,0,0.4845963016741426,0.4471264789940397,0.06827721933181771
3520,0,0,0.6056564865946729,0.3788980645738681,0.01544544883145903
3521,0,0,0.8244369764954125,0.14837851211950834,0.027184511385079137
3522,1,1,0.05786425536147211,0.5547883939241615,0.38734735071436643
3523,1,1,0.18718635702201966,0.6086328389731612,0.2041808040048191
3524,2,2,0.03553362504890719,0.3118623598952227,0.6526040150558702
3525,1,1,0.2631030280333925,0.5903909769300194,0.146505995036588
3526,0,0,0.9549513733530877,0.043915095990573784,0.0011335306563384606
3527,1,1,0.4635547433279038,0.49346252250500283,0.04298273416709322
3528,1,1,0.26290715365877587,0.5741263807244745,0.1629664656167497
3529,1,1,0.07275195861815302,0.6603685864495257,0.26687945493232135
3530,0,0,0.8803811473611185,0.11617211786356074,0.003446734775320792
3531,0,0,0.7810851034070709,0.2051959571472257,0.013718939445703496
3532,1,1,0.10820686347641872,0.6270894380614565,0.26470369846212477
3533,2,1,0.03833243691940773,0.5179138642432954,0.4437536988372969
3534,1,1,0.08573043179286467,0.5889705548019358,0.3252990134051996
3535,2,1,0.0696380126882702,0.7149138565096255,0.21544813080210423
3536,1,1,0.34075382496493906,0.600954776293578,0.05829139874148292
3537,0,0,0.8022836287436357,0.18746817711192934,0.010248194144435027
3538,0,0,0.7981444813141504,0.1884161138021492,0.013439404883700332
3539,2,2,0.00030796793847870873,0.03638275690598782,0.9633092751555334
3540,2,2,0.03802244649864465,0.4809077852828681,0.48106976821848724
3541,1,1,0.41607047241810624,0.5477937297995473,0.03613579778234647
3542,0,0,0.8360054077826099,0.15295228958645377,0.01104230263093626
3543,0,0,0.9790684701411235,0.02074207318544583,0.00018945667343075247
3544,2,2,0.011680092914157477,0.39782128616469625,0.5904986209211462
3545,1,1,0.3141042509358051,0.6100408906779714,0.07585485838622354
3546,1,1,0.15819133311361805,0.5789477846521925,0.2628608822341895
3547,1,1,0.1253287607223461,0.5837604558894983,0.29091078338815557
3548,1,1,0.4086226402027087,0.4278761945885814,0.16350116520870991
3549,2,1,0.1511806926170316,0.7022617504565718,0.14655755692639655
3550,2,2,0.02002249395292303,0.26052466409475933,0.7194528419523177
3551,1,1,0.37581297683688253,0.5185987986129104,0.10558822455020704
3552,1,1,0.09400109030665006,0.6503591475459901,0.2556397621473598
3553,2,2,0.027301817479067313,0.34780193004221516,0.6248962524787176
3554,1,2,0.04658314064827286,0.4506052337367266,0.5028116256150005
3555,1,0,0.7008258300241367,0.2929106666604911,0.006263503315372175
3556,1,1,0.2329381566310464,0.5654452204241875,0.20161662294476604
3557,1,1,0.2652748363557095,0.5779414817935239,0.1567836818507667
3558,1,1,0.3406131672873401,0.5240487440147787,0.13533808869788122
3559,1,0,0.6760307089441278,0.29144505141644755,0.032524239639424704
3560,1,1,0.3069854104878672,0.6022952885963796,0.09071930091575314
3561,0,1,0.3168976970669597,0.44253076419084736,0.24057153874219284
3562,1,0,0.5393601641611799,0.4346281477816048,0.026011688057215206
3563,1,1,0.05571944647683054,0.7808660575792191,0.16341449594395038
3564,0,0,0.814772816999504,0.17659086395883583,0.008636319041660219
3565,0,1,0.4239140527874669,0.4565167828290043,0.11956916438352876
3566,2,1,0.14966794929604907,0.4537462618961072,0.39658578880784373
3567,0,0,0.48537979083164434,0.4826472321278099,0.031972977040545726
3568,0,0,0.6334828414964195,0.3322353810525941,0.034281777450986456
3569,1,1,0.4192882807772696,0.4605700701548172,0.1201416490679132
3570,0,0,0.9832421268742955,0.016448625615450272,0.00030924751025417714
3571,2,1,0.2752447575676546,0.5542677677523372,0.17048747468000822
3572,0,0,0.6498447636726623,0.3338382768028829,0.016316959524454874
3573,0,0,0.9582850568720265,0.040433163418794146,0.0012817797091793912
3574,1,0,0.639276747442982,0.2942127765410135,0.06651047601600453
3575,2,2,0.018480247064226296,0.3081429729384868,0.673376779997287
3576,0,0,0.9840045510276425,0.015731428236906157,0.00026402073545131016
3577,2,1,0.029639741350665216,0.7680922982926247,0.20226796035670994
3578,1,1,0.2986702907988156,0.6173656889612552,0.08396402023992922
3579,2,1,0.08028306834370764,0.5182671138513285,0.4014498178049638
3580,1,1,0.11827639102969839,0.6717831932963196,0.20994041567398194
3581,2,1,0.06636187802058906,0.4847782984417989,0.4488598235376121
3582,0,0,0.6341855861383551,0.3386325072442546,0.02718190661739026
3583,0,0,0.8986579958139561,0.09980072430737708,0.0015412798786668023
3584,0,0,0.8877056077451272,0.10248364489196601,0.00981074736290676
3585,1,0,0.6425053815915087,0.32467571503340936,0.03281890337508196
3586,0,0,0.6843721493596422,0.278529108252122,0.03709874238823573
3587,1,1,0.09324001068745578,0.5684467068311776,0.33831328248136666
3588,2,2,0.006240903956610024,0.21731923928128918,0.7764398567621008
3589,1,0,0.534443348757132,0.4505020125430023,0.015054638699865648
3590,0,0,0.9601336971685465,0.038321105860319754,0.001545196971133699
3591,0,0,0.8276483218638856,0.1650953766885502,0.0072563014475642285
3592,2,2,0.010840621275583329,0.22440338529885595,0.7647559934255607
3593,0,0,0.921947653770665,0.076321846663463,0.0017304995658719425
3594,1,1,0.1158457376883647,0.7197683418549113,0.16438592045672396
3595,2,2,0.0013274804203027668,0.09096742924583287,0.9077050903338643
3596,0,0,0.9629975831144871,0.036300702855564276,0.0007017140299484519
3597,2,2,0.014658562791522192,0.36669407015714967,0.6186473670513282
3598,1,1,0.199605392248841,0.6630979627360302,0.13729664501512884
3599,0,0,0.9860412413257998,0.01337135573477492,0.0005874029394252191
3600,0,0,0.9809708283608912,0.01830917039813981,0.0007200012409689292
3601,0,0,0.6000507787422256,0.37417735316511347,0.025771868092661077
3602,0,0,0.5159187390721611,0.4700272219566261,0.014054038971212865
3603,1,1,0.16993624667709145,0.7231899078300162,0.10687384549289229
3604,0,0,0.5256244985924258,0.3967729511611595,0.07760255024641473
3605,1,0,0.7164876028887023,0.2643504822172447,0.019161914894053025
3606,1,1,0.2690410159986847,0.5262393286086394,0.20471965539267584
3607,2,2,0.0004778151164728684,0.048814936374039795,0.9507072485094873
3608,1,1,0.4458523318874602,0.4880040842827319,0.06614358382980802
3609,0,0,0.6918667964462025,0.2911454306670191,0.016987772886778527
3610,1,1,0.18096560186337274,0.7186666741913308,0.10036772394529653
3611,1,1,0.39680735395457756,0.4994387500326832,0.10375389601273913
3612,2,1,0.07759996253180872,0.5292758302586519,0.39312420720953933
3613,0,0,0.7650450568023985,0.21652024915553475,0.018434694042066543
3614,0,0,0.5380614617339811,0.4304375737986842,0.03150096446733469
3615,2,2,0.023456340942271326,0.26936325332254407,0.7071804057351846
3616,1,0,0.5911959749122354,0.39432464352858815,0.01447938155917641
3617,0,0,0.9478039642184651,0.050591921606264315,0.001604114175270516
3618,0,0,0.9691869449901721,0.029945588871522738,0.0008674661383052887
3619,0,0,0.7908963527800806,0.20191583874866756,0.007187808471251728
3620,0,0,0.9964145662200916,0.003562231507419751,2.3202272488811557e-05
3621,1,1,0.2908311186726714,0.5986574086385872,0.1105114726887414
3622,2,0,0.6364105756232857,0.3215195644320969,0.04206985994461746
3623,0,0,0.8145118247844264,0.17240711567013373,0.01308105954543985
3624,2,2,0.042021895205390486,0.3084003211848217,0.6495777836097878
3625,2,1,0.038003073370421206,0.6063841979413724,0.3556127286882063
3626,2,1,0.11121531612188344,0.6120313461366917,0.2767533377414247
3627,0,0,0.5419970533557794,0.3957872579545915,0.062215688689629
3628,1,1,0.19876827755468554,0.7000213597490179,0.10121036269629649
3629,2,2,0.000949732926213528,0.06827279518532559,0.9307774718884608
3630,0,0,0.9745398211763702,0.02500199131556431,0.0004581875080656619
3631,2,2,0.0260207979487603,0.47914207210885584,0.4948371299423838
3632,1,0,0.6557600436261298,0.320211970180748,0.024027986193122186
3633,1,1,0.02670957788574487,0.4937811914996908,0.47950923061456435
3634,0,0,0.9522008244312672,0.04666383612078329,0.0011353394479495557
3635,0,0,0.5192169368915114,0.46041886921056574,0.020364193897922777
3636,0,0,0.8784378926364199,0.10979817441247236,0.01176393295110782
3637,0,0,0.7544818592972237,0.22710195196306698,0.018416188739709304
3638,0,0,0.6213423551408682,0.35078212326565905,0.027875521593472702
3639,1,0,0.7660045198065768,0.20828365145955602,0.02571182873386705
3640,0,0,0.4985652854778547,0.44969713409164946,0.0517375804304959
3641,2,1,0.18153636046543317,0.6556055491402147,0.16285809039435215
3642,0,0,0.6102384426974523,0.35227723861593174,0.03748431868661598
3643,0,0,0.9466687471729944,0.04971157893978078,0.0036196738872248495
3644,1,1,0.28005370422976344,0.5544690362177733,0.16547725955246337
3645,1,1,0.3548493420969421,0.5444681520750341,0.10068250582802392
3646,2,1,0.2698043630329464,0.5974206376317489,0.13277499933530465
3647,1,0,0.5165795697076236,0.3978891637409285,0.08553126655144785
3648,2,1,0.3889685392184499,0.48520243453040124,0.1258290262511487
3649,0,0,0.6475615137571976,0.3070448396795589,0.04539364656324352
3650,2,2,0.0029670742832067875,0.0977371785350081,0.8992957471817852
3651,1,0,0.8299632978477413,0.16059829240617102,0.009438409746087822
3652,0,1,0.42697664648054556,0.5318337909112888,0.04118956260816555
3653,2,2,0.0656264127871062,0.35416358794055974,0.580209999272334
3654,1,1,0.35160689137351625,0.5722766459870307,0.07611646263945313
3655,2,2,0.028937336941958425,0.3640695780422309,0.6069930850158107
3656,1,1,0.137037782096641,0.6976823300792211,0.16527988782413788
3657,1,1,0.034817001209991046,0.588684993512099,0.37649800527791
3658,0,0,0.5920529794276649,0.36639294173140563,0.041554078840929494
3659,0,0,0.9189454974005394,0.07976041713815382,0.001294085461306855
3660,0,0,0.8468585850382605,0.14524770134592088,0.007893713615818585
3661,1,0,0.6616222504301561,0.3073691474522382,0.031008602117605803
3662,0,0,0.7135917942824079,0.26432105351856366,0.02208715219902843
3663,0,0,0.7223681372736197,0.26592039871879486,0.011711464007585404
3664,0,0,0.7414277775309507,0.24415156022364487,0.014420662245404389
3665,2,2,0.012757433461596945,0.28349046129644206,0.703752105241961
3666,2,2,0.0035108421326800567,0.14532848634196235,0.8511606715253575
3667,1,2,0.011758858974857454,0.293746436478963,0.6944947045461796
3668,0,0,0.778079294325283,0.2059658483407743,0.015954857333942817
3669,2,1,0.11908177793760652,0.6260337519190928,0.2548844701433006
3670,0,1,0.32838876431934494,0.613260086452867,0.05835114922778806
3671,1,1,0.06567895081743848,0.529025878737111,0.40529517044545055
3672,1,0,0.5526323861834277,0.3761808065993509,0.07118680721722133
3673,1,1,0.07290527899457154,0.6978880777632401,0.22920664324218834
3674,0,0,0.8369911877626913,0.1501124347721373,0.01289637746517141
3675,2,2,0.00485250567469295,0.16037284029398327,0.8347746540313238
3676,0,0,0.7768444091411592,0.21357259315385557,0.009582997704985208
3677,0,0,0.8355268650880816,0.14517741885245197,0.019295716059466516
3678,0,0,0.8472811842133594,0.14655174513189984,0.006167070654740761
3679,0,0,0.9259848916376586,0.07194048014728516,0.002074628215056152
3680,0,0,0.6298891689473808,0.26221560529956695,0.1078952257530522
3681,0,0,0.7768707513316553,0.20439347388994003,0.0187357747784047
3682,1,0,0.5368359270222233,0.436757606861755,0.026406466116021755
3683,0,0,0.9242962765098225,0.07425399650310628,0.0014497269870713345
3684,0,0,0.6027996305069249,0.3600183139531164,0.03718205553995864
3685,2,2,0.0014560926103538681,0.05949984015430055,0.9390440672353457
3686,0,0,0.6535274932829257,0.30798990532628123,0.0384826013907931
3687,1,1,0.36672046673656133,0.49032109648208055,0.142958436781358
3688,1,1,0.23839717407593164,0.6483746723860195,0.11322815353804883
3689,1,1,0.4204280672881461,0.5158580545464276,0.06371387816542631
3690,1,0,0.7962284299651837,0.19407812395024931,0.009693446084567077
3691,1,1,0.13717399490240517,0.678842729123928,0.18398327597366684
3692,1,0,0.521292467416894,0.40707459231152004,0.07163294027158594
3693,0,0,0.9662814372018511,0.033094484046163476,0.000624078751985436
3694,0,1,0.3483494776603266,0.5381704340520047,0.1134800882876688
3695,0,0,0.7359778583931774,0.24225668595327832,0.02176545565354434
3696,1,1,0.20163688144984337,0.608064006821813,0.19029911172834363
3697,1,2,0.022398069853059355,0.31579405390078336,0.6618078762461572
3698,0,0,0.9276244166881539,0.07085497220396789,0.0015206111078781873
3699,1,1,0.1917041593350143,0.6231041074255532,0.18519173323943258
3700,0,0,0.920106252966666,0.07843829634582382,0.001455450687510152
3701,2,2,0.02605506691288242,0.2757833266202562,0.6981616064668613
3702,2,2,0.00813946598008897,0.250306568305393,0.7415539657145181
3703,1,1,0.10545648292502093,0.6943132510089233,0.20023026606605596
3704,1,2,0.03705064340725431,0.28882699915123955,0.6741223574415062
3705,1,1,0.15088293595977698,0.6201128731413758,0.2290041908988473
3706,0,0,0.981486236325238,0.01834914763282991,0.0001646160419321345
3707,1,1,0.4329269519967192,0.4962479606310337,0.070825087372247
3708,0,0,0.9925389832512543,0.007392108659541976,6.89080892035696e-05
3709,1,1,0.20746765386871402,0.7060044331901266,0.0865279129411592
3710,1,1,0.25910244768048996,0.6910491073161794,0.049848445003330535
3711,1,1,0.1883609460203856,0.652870459706219,0.15876859427339537
3712,0,1,0.4042099169957965,0.5034017980884983,0.0923882849157053
3713,0,0,0.9083280794419694,0.08923741741710675,0.0024345031409239897
3714,0,1,0.13477208251949793,0.6674239813131161,0.19780393616738598
3715,1,0,0.6446870690247021,0.3216275969245937,0.03368533405070418
3716,2,2,0.007030898135255503,0.28434894305803016,0.7086201588067143
3717,2,2,0.030790628692001318,0.23224239331124996,0.7369669779967488
3718,2,2,0.029568616941297955,0.25951039187706276,0.7109209911816392
3719,2,1,0.10250437183656867,0.6094701257044164,0.28802550245901487
3720,2,2,0.017279592353908746,0.3449027450876233,0.637817662558468
3721,0,0,0.9215761119951382,0.07565373202781064,0.0027701559770510627
3722,0,0,0.8928563439809367,0.10368520107179836,0.003458454947264913
3723,2,1,0.09678498081632259,0.6041455660328078,0.2990694531508697
3724,1,1,0.12257566374207363,0.6238491896312649,0.2535751466266615
3725,1,1,0.25688191689388445,0.5159001494731289,0.22721793363298667
3726,0,0,0.9854537955969462,0.014227872624537752,0.0003183317785161094
3727,2,2,0.03815267955422846,0.47070208094623556,0.4911452394995361
3728,0,0,0.9879332224047779,0.011935858486900498,0.00013091910832156267
3729,2,2,0.007406653938814787,0.2770741520778718,0.7155191939833133
3730,0,0,0.9853832584632505,0.014449782466808924,0.00016695906994067226
3731,0,0,0.9431505670670874,0.05569295698429642,0.0011564759486161107
3732,0,0,0.953378085997365,0.04577779772815777,0.0008441162744772695
3733,0,1,0.2984242828139372,0.5838889645875921,0.11768675259847079
3734,0,0,0.877210612036627,0.1157184374415592,0.007070950521813674
3735,2,2,0.0027121092785864845,0.17979159724081903,0.8174962934805945
3736,1,1,0.30821253212070754,0.6052569875847476,0.08653048029454483
3737,0,0,0.8538247001182429,0.14314582879862925,0.0030294710831279266
3738,2,2,0.025691255632898462,0.3937736389334218,0.5805351054336797
3739,0,1,0.26650370260741824,0.6077988868021438,0.12569741059043804
3740,1,0,0.6475513837978453,0.306506458023832,0.04594215817832272
3741,0,0,0.609476120886303,0.18043581275134513,0.2100880663623519
3742,0,1,0.3500735782661837,0.6166930704507931,0.03323335128302308
3743,0,0,0.7094014750391736,0.2745110227806831,0.016087502180143202
3744,2,2,0.03876861129972599,0.4762691380252511,0.4849622506750228
3745,0,0,0.8687077748381723,0.12652558295442112,0.00476664220740661
3746,1,1,0.18599383361223204,0.6174179434256344,0.1965882229621335
3747,2,2,0.025752393491020122,0.18647713503464117,0.7877704714743387
3748,0,0,0.7351791453916746,0.2457265359790559,0.019094318629269597
3749,0,1,0.3022500139926174,0.615327376149408,0.08242260985797462
3750,1,0,0.6586256705320157,0.2685018738705167,0.07287245559746763
3751,1,1,0.15633813790844658,0.6803144687914278,0.16334739330012554
3752,0,0,0.8860885119268487,0.11264040524945673,0.0012710828236945663
3753,0,0,0.835848426458951,0.15574052765909993,0.008411045881949146
3754,0,0,0.719909174558571,0.2456903022704828,0.034400523170946155
3755,0,0,0.48368481393008966,0.48282640096936236,0.033488785100548056
3756,0,1,0.44107382230424574,0.45737104424418373,0.1015551334515705
3757,0,0,0.8853505235386081,0.10735216656083409,0.0072973099005578315
3758,1,1,0.09253209130979602,0.5912963409389902,0.3161715677512137
3759,2,2,0.015475468578522998,0.3306460525837162,0.6538784788377607
3760,0,0,0.535618490482558,0.40501429732936095,0.05936721218808095
3761,0,0,0.4803368232720944,0.44745981157829384,0.07220336514961172
3762,1,1,0.2577563759403198,0.4930360767705217,0.24920754728915848
3763,1,1,0.20455793832432526,0.5231003228262966,0.2723417388493781
3764,0,0,0.9603921181564493,0.03907889087327744,0.0005289909702733046
3765,1,0,0.8544135205313869,0.13672274246335078,0.008863737005262402
3766,1,0,0.5346561131684939,0.44346680989577425,0.02187707693573169
3767,0,0,0.8568097886223816,0.11523315877727998,0.027957052600338442
3768,2,1,0.03569045901231206,0.5522580442307445,0.4120514967569434
3769,0,0,0.9384470102879385,0.05755206503453792,0.004000924677523573
3770,1,0,0.4805082028551336,0.4484649764719038,0.0710268206729626
3771,2,2,0.0565537208317347,0.39980122169399024,0.5436450574742749
3772,2,2,0.015302972752221883,0.32187283392859106,0.6628241933191871
3773,2,2,0.0018174419339389248,0.06892183715426428,0.9292607209117969
3774,2,2,0.008220134577800377,0.19741079831485314,0.7943690671073464
3775,0,0,0.6196096372295294,0.3374173898937643,0.0429729728767062
3776,2,0,0.352243471591207,0.33937725952292086,0.30837926888587197
3777,2,1,0.10415155407841722,0.6083859558533031,0.2874624900682797
3778,0,0,0.9904669251275579,0.009178995113890203,0.00035407975855178967
3779,2,2,0.000967672594538089,0.1279603643021615,0.8710719631033004
3780,1,1,0.4386943603229107,0.522769074268938,0.03853656540815112
3781,1,0,0.5878046373987975,0.3030613200827341,0.10913404251846846
3782,0,0,0.7718212041482361,0.21792339051814902,0.010255405333614897
3783,0,0,0.6088465144733379,0.3633313556134689,0.027822129913193237
3784,2,1,0.16484472938888026,0.5029671499199426,0.33218812069117715
3785,0,0,0.8954194759108937,0.10014480867451687,0.0044357154145894225
3786,1,1,0.045071788079005116,0.5060600332625217,0.44886817865847317
3787,0,0,0.6638488240826074,0.32040719687106184,0.015743979046330844
3788,0,0,0.5777563214493547,0.40194030822413224,0.020303370326513144
3789,2,2,0.018108065524705244,0.21087778062529627,0.7710141538499985
3790,2,2,0.009321677600239478,0.2501138464935836,0.740564475906177
3791,0,1,0.35128670440212306,0.5831440187013736,0.06556927689650337
3792,2,2,0.008000649514156341,0.1305706451411095,0.8614287053447343
3793,2,2,0.01438754977062789,0.298307503504061,0.6873049467253111
3794,1,2,0.022678977958392188,0.42829267038053676,0.5490283516610711
3795,0,0,0.8600384565591196,0.13172072483799602,0.0082408186028844
3796,0,0,0.6535272860196782,0.2944753430435677,0.05199737093675402
3797,0,0,0.565405948755039,0.37719215592789507,0.05740189531706597
3798,1,1,0.11991312649120789,0.659015701762127,0.22107117174666516
3799,1,1,0.1620384254249931,0.5797021354499821,0.25825943912502475
3800,2,1,0.251478538375118,0.5080003313227551,0.24052113030212674
3801,0,0,0.9446013676914954,0.05366154318556161,0.0017370891229431646
3802,1,1,0.37039512200124725,0.46419811423284335,0.16540676376590935
3803,1,1,0.0919600302978023,0.7703336903371198,0.13770627936507787
3804,2,2,0.06518264813547316,0.34147905910973053,0.5933382927547962
3805,0,0,0.9487796140587965,0.049808110410237943,0.0014122755309654714
3806,1,0,0.55422356217598,0.3294114533855984,0.11636498443842155
3807,2,2,0.0003741106889915727,0.036233556899264094,0.9633923324117444
3808,0,0,0.9698030703886616,0.029797398691799867,0.00039953091953846056
3809,1,1,0.2979581322940524,0.5723888537417512,0.12965301396419648
3810,0,0,0.7748535219027235,0.21523918226395897,0.009907295833317573
3811,0,0,0.9967791931936885,0.003188088736810348,3.2718069501032155e-05
3812,2,2,0.008154711292008664,0.34765932279834993,0.6441859659096415
3813,1,0,0.6804142996798649,0.30455188409485134,0.015033816225283773
3814,0,0,0.8994794925891486,0.09705887395118183,0.0034616334596694297
3815,0,0,0.9293906338059371,0.06828583187668463,0.0023235343173781844
3816,1,1,0.34709763965916746,0.5152601186071142,0.13764224173371833
3817,1,1,0.12000874900014864,0.4886978095149404,0.39129344148491096
3818,0,1,0.28218141881580566,0.6403739110618243,0.07744467012237
3819,1,0,0.6390324977815639,0.30665081357006274,0.05431668864837336
3820,0,0,0.9123795535574404,0.08515685999887636,0.002463586443683129
3821,2,1,0.08827014283845613,0.492631938848329,0.41909791831321475
3822,1,1,0.08836615459068581,0.736215881952299,0.17541796345701516
3823,2,2,0.06383959348619513,0.4432782407535442,0.4928821657602605
3824,0,0,0.9433391439158509,0.05476378560436585,0.0018970704797831028
3825,0,0,0.8754722215704017,0.12198406282984366,0.0025437155997545475
3826,1,1,0.05114385960712281,0.49918152028207907,0.4496746201107982
3827,1,1,0.20398642058993371,0.6262023645862927,0.16981121482377357
3828,2,1,0.08893667603908428,0.6321853879719412,0.27887793598897453
3829,2,2,0.15526805583101708,0.3261273751964327,0.5186045689725501
3830,1,1,0.20050805664105073,0.7087456121417989,0.09074633121715035
3831,0,0,0.8801413243781647,0.11004279360100361,0.009815882020831616
3832,0,1,0.2150129301897503,0.575991433259825,0.20899563655042477
3833,0,0,0.523349832276234,0.43422196673688723,0.0424282009868788
3834,0,0,0.6982240086003648,0.25968749619979364,0.04208849519984145
3835,2,1,0.08281404126062901,0.5959325245051829,0.32125343423418806
3836,0,1,0.4619850653807081,0.48856828650011636,0.04944664811917555
3837,0,0,0.8711045494969899,0.12216536889468373,0.006730081608326321
3838,0,1,0.26698247545605946,0.5593821962470616,0.17363532829687875
3839,1,1,0.44430177711260055,0.473348332124738,0.08234989076266147
3840,1,1,0.1841120592715099,0.5838382777889298,0.2320496629395603
3841,0,0,0.7568130887867204,0.22173480772123252,0.021452103492047157
3842,2,1,0.09166748533208106,0.5131081799440191,0.3952243347238999
3843,0,0,0.9478073138768492,0.05077203676937258,0.001420649353778221
3844,2,2,0.24092013408860555,0.3472547614518079,0.41182510445958653
3845,1,0,0.7082234837818274,0.2724075664439534,0.01936894977421925
3846,0,0,0.5639387263188214,0.40587495460274686,0.030186319078431823
3847,0,1,0.4635948265655828,0.48703766823709066,0.04936750519732651
3848,0,1,0.48189391680678556,0.4975626016940919,0.020543481499122607
3849,2,2,0.06948636697082784,0.4442736647957618,0.4862399682334104
3850,0,0,0.9102915811104467,0.0800441681513582,0.00966425073819514
3851,2,1,0.2963928509260953,0.5749965740183727,0.12861057505553206
3852,1,1,0.33222051512756934,0.6226498529246367,0.04512963194779388
3853,0,0,0.875960718172999,0.12127988894439051,0.002759392882610372
3854,0,0,0.9847173209610535,0.015023975509985773,0.0002587035289609255
3855,0,0,0.4993590540866796,0.4662118914340499,0.0344290544792705
3856,1,1,0.3264377458633324,0.5038327760362211,0.16972947810044653
3857,1,0,0.6668133472084511,0.3099539364678036,0.02323271632374539
3858,0,0,0.8275353731702033,0.16489698133394248,0.007567645495854128
3859,2,2,0.07956434940586131,0.33439926783757407,0.5860363827565646
3860,2,1,0.07897925167654377,0.4733811439692268,0.44763960435422945
3861,0,0,0.6488130858307635,0.33543904825765086,0.015747865911585675
3862,2,2,0.03910751177822294,0.16241734347768025,0.7984751447440969
3863,0,0,0.9488870737287682,0.050106140556392745,0.0010067857148391749
3864,0,0,0.6839158125935114,0.30466058059553697,0.011423606810951652
3865,0,0,0.7722797460921765,0.22145227896052522,0.006267974947298245
3866,1,1,0.38098898658319685,0.5109226021494316,0.1080884112673716
3867,1,0,0.849257408749326,0.14672366035628423,0.0040189308943897415
3868,0,0,0.7200652443956489,0.2605286576222413,0.01940609798210984
3869,2,2,0.003917752935695987,0.13850758227732063,0.8575746647869834
3870,2,2,0.02840652014381436,0.2663336840564635,0.7052597957997221
3871,0,0,0.9358367171183878,0.06273078251267039,0.0014325003689417797
3872,0,0,0.9830857983896808,0.016415090318578303,0.0004991112917410454
3873,2,2,0.0576858408330379,0.41070183115360587,0.5316123280133563
3874,1,0,0.8296836039918625,0.16596581389005324,0.004350582118084418
3875,0,0,0.9817584611721969,0.017757874080599804,0.0004836647472033418
3876,1,0,0.8936758702714491,0.10056083803377604,0.005763291694774872
3877,2,2,0.0033298453359913464,0.08382511258744788,0.9128450420765608
3878,0,0,0.4597712486941397,0.40890467081220583,0.13132408049365446
3879,0,0,0.871057821669207,0.12371668936273778,0.005225488968055326
3880,1,1,0.22557593653419672,0.6388664401415718,0.13555762332423146
3881,0,0,0.7398310953824262,0.2502281684994903,0.009940736118083554
3882,1,1,0.0469032360010884,0.6409972758162019,0.31209948818270966
3883,2,2,0.004243097504203728,0.137112758331029,0.8586441441647673
3884,2,1,0.14933919634501774,0.746424584445134,0.10423621920984827
3885,0,0,0.8626920203576451,0.13389773076880881,0.003410248873545954
3886,0,0,0.9715494104231249,0.027839896203297288,0.0006106933735776881
3887,0,1,0.137173049129187,0.6956284035907594,0.16719854728005368
3888,0,0,0.9736621815838176,0.02610037617085859,0.00023744224532368892
3889,0,0,0.6028616570124764,0.330867004486089,0.06627133850143457
3890,2,2,0.03713924517122062,0.4635279044071798,0.49933285042159964
3891,1,0,0.6391283170957158,0.3109668028705119,0.04990488003377241
3892,0,0,0.5470263627561389,0.4244257987075902,0.028547838536270825
3893,0,0,0.541262952816899,0.416402085324828,0.042334961858273075
3894,1,1,0.05345388790375775,0.7505550958049256,0.19599101629131666
3895,1,1,0.13585462762567524,0.6861994551692269,0.17794591720509795
3896,0,0,0.9637458853890671,0.034972369117905876,0.0012817454930270414
3897,1,1,0.2068174499098865,0.6034255429652137,0.1897570071248998
3898,0,0,0.7089767725373199,0.26772580866426865,0.02329741879841147
3899,2,2,0.015153861540878145,0.31898481124236877,0.6658613272167532
3900,1,1,0.3166330454869071,0.5867981560962617,0.09656879841683112
3901,2,2,0.0005471456096536413,0.035573797139345026,0.9638790572510012
3902,0,0,0.8838296753346135,0.11275636259034698,0.0034139620750396307
3903,0,1,0.2264024561029306,0.6250563610542222,0.14854118284284715
3904,1,1,0.11328257667097331,0.6492774016739061,0.23744002165512063
3905,1,0,0.6438568575685977,0.3342201938830888,0.021922948548313462
3906,0,0,0.8442610632545178,0.15230855496776885,0.0034303817777134025
3907,0,1,0.4689129547365524,0.4968560715245204,0.03423097373892715
3908,1,1,0.33279891289399516,0.6079061030095629,0.0592949840964418
3909,0,0,0.9631453062569192,0.03598909900093282,0.0008655947421479042
3910,0,0,0.7907772309297398,0.18705062857160007,0.02217214049866006
3911,0,0,0.7983050915363082,0.18368231527008827,0.018012593193603606
3912,1,1,0.20216435876436892,0.6190950936974982,0.1787405475381328
3913,2,2,0.033034913167328935,0.35229837064893027,0.6146667161837408
3914,2,1,0.10732895779391055,0.6467641423955499,0.24590689981053956
3915,0,0,0.9854153158313291,0.014451309219225788,0.0001333749494450987
3916,2,2,0.030184712430636616,0.23996855508184334,0.72984673248752
3917,1,1,0.16262579441639305,0.7108062054804083,0.12656800010319874
3918,2,1,0.11384958839331726,0.6052991512992285,0.28085126030745433
3919,1,1,0.3790635045192599,0.49595881100686323,0.12497768447387683
3920,0,0,0.888191986760092,0.0988350304095226,0.012972982830385536
3921,2,2,0.04643390360941787,0.4413091928182612,0.512256903572321
3922,1,1,0.31934833267160617,0.5670998465616807,0.11355182076671311
3923,1,2,0.015114539967044646,0.2966872589430616,0.6881982010898937
3924,1,1,0.3788945246054693,0.5654677295500604,0.055637745844470315
3925,0,0,0.9838328481523707,0.016007342479711664,0.00015980936791761265
3926,0,0,0.7634915368308468,0.2201146574926968,0.0163938056764565
3927,1,0,0.7919805490227831,0.20033643087544442,0.007683020101772618
3928,0,0,0.9655168144785038,0.033363408854961765,0.0011197766665345
3929,2,1,0.05672355051002543,0.5027070756817337,0.44056937380824085
3930,1,0,0.5696094655649614,0.3893461703506344,0.041044364084404227
3931,1,2,0.09893396864022623,0.42216683047702286,0.4788992008827508
3932,0,0,0.8978030987491916,0.0997951189567143,0.002401782294094291
3933,0,0,0.79973150668684,0.18149095777479476,0.018777535538365274
3934,1,0,0.7447824959499993,0.22939444894549613,0.02582305510450458
3935,0,0,0.9555163789966918,0.04349898393420621,0.0009846370691018174
3936,1,1,0.1357620562591729,0.7016399495595006,0.1625979941813264
3937,1,1,0.13537783027654443,0.43628716588091354,0.428335003842542
3938,1,2,0.020509290018471703,0.28340846554549104,0.6960822444360372
3939,2,2,0.0001940229625450272,0.024833069523171502,0.9749729075142834
3940,0,0,0.49229108031197527,0.4600987712758565,0.047610148412168304
3941,0,0,0.6500145986666589,0.32559586116076245,0.02438954017257878
3942,0,1,0.3013182704150984,0.6242200674481185,0.07446166213678299
3943,2,2,0.011125947786729571,0.21487598787120218,0.7739980643420682
3944,2,1,0.20562382774076074,0.6408531133161233,0.15352305894311602
3945,1,1,0.09592956019558417,0.6577323216452308,0.2463381181591851
3946,1,1,0.4601192529335697,0.4923647673158903,0.04751597975053997
3947,2,2,0.023853073706328505,0.4182453238058313,0.5579016024878403
3948,0,0,0.9638451785629016,0.03332200175845726,0.002832819678641203
3949,2,2,0.018951239131246234,0.1898530866940386,0.7911956741747151
3950,0,0,0.9942129633289912,0.005695822527472359,9.121414353644037e-05
3951,1,1,0.44318622029036325,0.46184489810503976,0.09496888160459697
3952,0,0,0.9132230766584865,0.08395550468668726,0.002821418654826363
3953,2,2,0.0015183432384928085,0.14487846765486348,0.8536031891066438
3954,0,1,0.12932580738571248,0.47791772333451465,0.39275646927977276
3955,0,0,0.9043843648023326,0.09079859173151121,0.004817043466156208
3956,2,2,0.008112259420621,0.15897875974967526,0.8329089808297037
3957,0,1,0.35341427155277083,0.5842497423511319,0.06233598609609731
3958,0,0,0.9785935457220926,0.02110120116853306,0.00030525310937433724
3959,0,0,0.8940879784447334,0.10316418042501375,0.002747841130252703
3960,0,1,0.33731313624042736,0.5686180317864121,0.09406883197316063
3961,0,0,0.7086290221857157,0.26630723396340905,0.025063743850875276
3962,1,1,0.09088310329137232,0.5543801621891297,0.35473673451949805
3963,0,0,0.7877189365305283,0.20453204435965802,0.007749019109813756
3964,0,0,0.4623144242275188,0.402496087142135,0.13518948863034624
3965,0,0,0.8575608209685684,0.13754939494297075,0.004889784088460917
3966,0,0,0.9889908872097143,0.010752807888335093,0.00025630490195053445
3967,1,0,0.5161476195811509,0.4341015138964451,0.049750866522404076
3968,1,1,0.3049280377739535,0.5235741995770776,0.17149776264896882
3969,1,1,0.3301966228746171,0.5834972195545979,0.08630615757078494
3970,1,1,0.4179440392862397,0.4742255941469147,0.10783036656684573
3971,2,2,0.006614452804823605,0.2612964194562271,0.7320891277389493
3972,0,0,0.991213576081573,0.008670018633814901,0.00011640528461212514
3973,1,0,0.45186281052210503,0.3965901635307671,0.1515470259471279
3974,2,1,0.05917800559079973,0.5970463627577637,0.34377563165143665
3975,2,2,0.033644735355672854,0.36405962413597204,0.602295640508355
3976,2,2,0.002085158910315018,0.1050266218833323,0.8928882192063528
3977,0,0,0.9413441010921724,0.05413901649708031,0.004516882410747277
3978,1,2,0.0648710202980641,0.3979358672544554,0.5371931124474806
3979,1,1,0.25913105694835603,0.38133403534591376,0.3595349077057302
3980,0,0,0.9867277683950828,0.013142958194663084,0.0001292734102541693
3981,1,1,0.3360418750655276,0.5009869037758091,0.16297122115866328
3982,0,0,0.9314806023540614,0.06595806193315866,0.002561335712779927
3983,1,1,0.32563307868039953,0.576827836448417,0.09753908487118337
3984,2,2,0.01547018604618881,0.44218341562744296,0.5423463983263682
3985,0,0,0.7102024547851977,0.26806225515630117,0.021735290058501198
3986,0,0,0.9384049729648,0.0601895653096003,0.0014054617255998597
3987,2,2,0.0009290800046427495,0.06096032665352726,0.93811059334183
3988,0,1,0.3427472334423082,0.5703402617684522,0.0869125047892397
3989,2,1,0.12064124797832018,0.5994138668155878,0.27994488520609195
3990,1,1,0.21884589376445976,0.6120788812965141,0.16907522493902616
3991,2,2,0.050259697618778625,0.33332567851881295,0.6164146238624084
3992,1,0,0.7618847807176917,0.21213269361449724,0.025982525667811132
3993,1,1,0.24724806533181687,0.5207313888674896,0.2320205458006934
3994,2,2,0.026525211907253647,0.44789604199884575,0.5255787460939007
3995,0,0,0.80405637569515,0.18354672121269114,0.012396903092159002
3996,2,1,0.05652120005833252,0.499023135236745,0.4444556647049225
3997,1,1,0.20198068603064134,0.6758948191404218,0.12212449482893682
3998,0,0,0.7894532531722469,0.20545389464605848,0.005092852181694591
3999,1,1,0.19589138988706117,0.6944604125486562,0.10964819756428261
4000,1,0,0.5541271332154304,0.41686564626131967,0.029007220523249787
4001,1,1,0.12957369834817006,0.5384990643043093,0.3319272373475206
4002,0,0,0.9574911149037888,0.04092568909137936,0.0015831960048317615
4003,2,2,0.016792320892648812,0.4320793788444422,0.5511283002629089
4004,1,1,0.09210661837864721,0.5770592581502357,0.3308341234711171
4005,2,2,0.002882288347823942,0.0944375076157083,0.9026802040364678
4006,0,0,0.8203850362310293,0.1705497301939017,0.009065233575069113
4007,1,1,0.18885268785896248,0.6164995079740702,0.1946478041669673
4008,1,1,0.24362566410661105,0.5391997866983301,0.2171745491950588
4009,0,0,0.992794773907836,0.007081616626221711,0.000123609465942239
4010,0,0,0.9115337765307141,0.08357987806598863,0.004886345403297381
4011,2,2,0.000934783300736602,0.06634700978230787,0.9327182069169556
4012,1,0,0.7065655111992024,0.2688680009823385,0.02456648781845914
4013,1,1,0.09585891301116814,0.739271916849729,0.1648691701391029
4014,2,2,0.041233263438177285,0.4519794213798258,0.5067873151819969
4015,1,1,0.16793062046975057,0.5328797758970915,0.29918960363315805
4016,0,0,0.984048010998957,0.015657817821165532,0.00029417117987753645
4017,0,0,0.9094698967393643,0.08817859580271631,0.0023515074579193804
4018,0,0,0.9220572744127725,0.07503161510389099,0.0029111104833364123
4019,0,1,0.28028908707272354,0.619154419875303,0.10055649305197353
4020,1,1,0.02788530167350101,0.6430778392820333,0.3290368590444656
4021,1,0,0.4955230087576127,0.4734487039194139,0.03102828732297353
4022,0,0,0.9517339075596372,0.04741064203467306,0.0008554504056897964
4023,1,1,0.07805656723296439,0.6680107120535188,0.25393272071351686
4024,0,0,0.8635936861487165,0.1296140850256459,0.00679222882563771
4025,1,1,0.1589537097555256,0.6652375032017108,0.17580878704276354
4026,2,2,0.0014665021974538154,0.1366412732966556,0.8618922245058905
4027,0,0,0.986423870411561,0.013463005612924767,0.00011312397551417569
4028,2,2,0.0028788413642703847,0.09172413774389318,0.9053970208918365
4029,0,0,0.9681954814301973,0.030665677823171963,0.001138840746630821
4030,0,0,0.6533689343882959,0.29927095870119497,0.04736010691050912
4031,1,2,0.019628140257692432,0.36185594696479867,0.618515912777509
4032,2,2,0.010099170972065138,0.24351769311322186,0.746383135914713
4033,2,2,0.03644502073861174,0.44350302608482883,0.5200519531765594
4034,0,0,0.6771931750598512,0.3071421069128844,0.015664718027264338
4035,2,2,0.08743792242865352,0.45583000475104823,0.4567320728202983
4036,0,0,0.9837575353920783,0.01607360384417106,0.00016886076375057215
4037,1,1,0.387247019130386,0.5437167389233614,0.06903624194625259
4038,2,2,0.00813273543244461,0.14072354081796487,0.8511437237495906
4039,1,0,0.7494223001200938,0.22471933398787167,0.025858365892034548
4040,1,1,0.041159476544244435,0.618598721934082,0.3402418015216735
4041,1,1,0.027179978105468912,0.529467164269945,0.4433528576245861
4042,1,1,0.370375920647079,0.5544926055417387,0.07513147381118225
4043,2,2,0.020901970039161118,0.338386339809921,0.6407116901509178
4044,0,1,0.4272266391199018,0.5333454972385265,0.039427863641571685
4045,2,1,0.0760271726174627,0.648747045200752,0.27522578218178523
4046,1,0,0.6611342648855083,0.28103086271619215,0.05783487239829964
4047,2,2,0.0143524481440605,0.3065658604958598,0.6790816913600797
4048,1,1,0.23109788783529106,0.5820005053841091,0.18690160678059983
4049,2,2,0.0062561358472110196,0.13419778010724995,0.859546084045539
4050,2,1,0.12357595239230197,0.5287437665830669,0.34768028102463117
4051,0,0,0.8729158098709854,0.11916214787035931,0.007922042258655351
4052,1,1,0.22541935148205816,0.5515103525458259,0.22307029597211606
4053,0,0,0.9204486712634761,0.07436493610609579,0.005186392630428168
4054,0,0,0.8075799068874377,0.16548540673347722,0.026934686379084975
4055,0,0,0.8589051754457807,0.13612633164096374,0.004968492913255389
4056,1,0,0.6915391596607043,0.2158964703576199,0.09256436998167582
4057,1,0,0.5493322810540996,0.407451425805188,0.04321629314071233
4058,2,2,0.002110773428962682,0.1471069678733547,0.8507822586976826
4059,0,0,0.8116138169191273,0.17288785264517598,0.015498330435696837
4060,0,1,0.4347521857698898,0.5298192131158943,0.03542860111421591
4061,1,0,0.6096464585564728,0.3413317803402734,0.04902176110325378
4062,0,0,0.7450291701405817,0.24586386695699092,0.009106962902427436
4063,0,0,0.9958306961889464,0.004126305921944445,4.2997889109166244e-05
4064,0,1,0.39310307416402646,0.5008872884135975,0.10600963742237587
4065,2,1,0.06113403504803757,0.5697344020809191,0.3691315628710434
4066,1,0,0.5524046830820234,0.4010047864030342,0.04659053051494245
4067,1,2,0.03568688118260254,0.34162470913657367,0.6226884096808238
4068,1,0,0.4691122588415325,0.40201698340381364,0.12887075775465381
4069,2,2,0.009984264896682742,0.46096072514091446,0.5290550099624027
4070,2,1,0.01861476853742775,0.49886091185319154,0.48252431960938064
4071,0,0,0.9837067105241991,0.01601804437061812,0.0002752451051826105
4072,0,0,0.9949632121126081,0.0049879676329261545,4.8820254465839334e-05
4073,1,1,0.3130602206059418,0.5461236261335223,0.14081615326053593
4074,1,2,0.01868655306202622,0.3351352093205874,0.6461782376173865
4075,0,0,0.8131758144485915,0.18029776876218714,0.006526416789221369
4076,0,0,0.6595166914798806,0.3148052212241585,0.02567808729596093
4077,1,0,0.5089722900665284,0.4519078536002647,0.03911985633320683
4078,2,2,0.0029942010936491194,0.1080469504722065,0.8889588484341443
4079,0,0,0.9413660111945196,0.057869703934940064,0.0007642848705405144
4080,2,2,0.0024360035967002265,0.07884677840009728,0.9187172180032026
4081,2,2,0.018537982869910423,0.3524998989440345,0.628962118186055
4082,1,0,0.545124863354558,0.420961740059957,0.033913396585484985
4083,2,1,0.08224872618396065,0.5200624426005191,0.39768883121552023
4084,0,0,0.9886546472004281,0.011105932291189646,0.0002394205083823567
4085,0,0,0.9655540169639641,0.03351084799231495,0.0009351350437209351
4086,1,1,0.3477253840286104,0.5782822658170719,0.07399235015431774
4087,0,0,0.5180183697577925,0.4602954272679264,0.021686202974281196
4088,1,1,0.13176332413509387,0.6996189613106332,0.16861771455427296
4089,2,2,0.0057738319892636355,0.14407108183184852,0.8501550861788878
4090,0,0,0.7426129187647971,0.21604186901573866,0.04134521221946427
4091,1,0,0.6230018503068062,0.35699500045338023,0.02000314923981354
4092,1,1,0.09007723391610331,0.7177481729376644,0.1921745931462325
4093,2,2,0.04598719094935147,0.38373277993145327,0.5702800291191952
4094,1,0,0.7904907307318846,0.2035905837119243,0.005918685556191267
4095,1,1,0.2962073944381436,0.6254752998614864,0.07831730570036992
4096,2,2,0.004263229023712921,0.16402000959530097,0.8317167613809862
4097,1,1,0.14844137962457396,0.7709708780189974,0.08058774235642867
4098,0,1,0.4613809810853118,0.47352935654532063,0.06508966236936752
4099,2,1,0.09137403688291194,0.6129484042902527,0.29567755882683544
4100,1,1,0.2578622677868302,0.6446152556730942,0.09752247654007568
4101,1,1,0.10615056759441388,0.6327157392129363,0.2611336931926498
4102,0,1,0.050643285540940254,0.5728906980231753,0.3764660164358845
4103,0,0,0.8212846245229586,0.16858849528577682,0.010126880191264544
4104,1,1,0.0844883819599222,0.549571881985983,0.3659397360540949
4105,0,0,0.9508560558544442,0.048516520646751674,0.0006274234988041923
4106,0,0,0.9478644709398246,0.05085211633337014,0.001283412726805258
4107,0,0,0.546239443201264,0.4296533610250203,0.024107195773715766
4108,1,1,0.22623595779630357,0.5786776649557563,0.19508637724794006
4109,0,0,0.796668092266144,0.1939267708672175,0.00940513686663847
4110,2,1,0.11525489467065936,0.6551013614638376,0.22964374386550312
4111,2,2,0.0260923475694478,0.39371521496252465,0.5801924374680276
4112,0,0,0.9844414941808887,0.015183209600085842,0.00037529621902555134
4113,1,1,0.22364801177194432,0.6505146872340591,0.1258373009939966
4114,2,1,0.05152600575751515,0.6086700762566971,0.33980391798578774
4115,0,0,0.5857092613437354,0.30714466997111656,0.10714606868514805
4116,0,0,0.9820590382723011,0.017516275046111827,0.0004246866815869319
4117,0,0,0.7344891081567883,0.24332039969951028,0.0221904921437015
4118,0,0,0.8263571776426247,0.16011321991112287,0.013529602446252446
4119,1,2,0.10452258214978168,0.43144561748254767,0.4640318003676707
4120,1,1,0.26607164202613887,0.6530177258080441,0.08091063216581708
4121,0,1,0.45023567167568174,0.5103089945512169,0.0394553337731014
4122,1,1,0.302904381564917,0.4948475180422219,0.20224810039286106
4123,0,0,0.8835705039573698,0.11130307650191065,0.005126419540719685
4124,2,1,0.2397231543684008,0.6079236320935593,0.15235321353803985
4125,0,1,0.316840363964353,0.5839109170270077,0.09924871900863917
4126,0,0,0.6902066282496621,0.2513483042275543,0.05844506752278373
4127,0,0,0.9648772563437551,0.034576002432264004,0.0005467412239808008
4128,1,1,0.41582229077986294,0.5532825727237582,0.03089513649637889
4129,1,2,0.04715585696228553,0.41848081008485416,0.5343633329528603
4130,0,0,0.834941029773483,0.15407738978366767,0.010981580442849425
4131,0,0,0.5812961750873467,0.3902158862386792,0.02848793867397424
4132,2,2,0.002062366623671321,0.10672674769941885,0.8912108856769098
4133,0,0,0.7052961347835778,0.2722664073477735,0.02243745786864885
4134,1,0,0.5060305814947526,0.42970593572734533,0.06426348277790218
4135,0,1,0.2200512285555736,0.5968381793239674,0.18311059212045894
4136,2,0,0.470415687997963,0.4262816687856194,0.10330264321641745
4137,0,0,0.6051750695267132,0.36722948496085667,0.027595445512430063
4138,1,1,0.31066486905964136,0.6465118063945897,0.04282332454576884
4139,0,1,0.28320780731174255,0.519262945358279,0.19752924732997848
4140,0,0,0.48983649194311657,0.4741499516582224,0.03601355639866101
4141,2,2,0.05611295996974113,0.34768055576431717,0.5962064842659416
4142,0,0,0.9648401057133689,0.03413809379716063,0.0010218004894704867
4143,0,0,0.8404017858290199,0.15403079259870456,0.005567421572275583
4144,0,0,0.811485394275624,0.18420276725791143,0.004311838466464496
4145,0,1,0.4236497703486775,0.5124679503776676,0.06388227927365486
4146,0,0,0.9935062370737018,0.006425414770564059,6.834815573400069e-05
4147,1,1,0.2384185699362722,0.5704007925889244,0.19118063747480335
4148,1,1,0.07878392830409092,0.6593714799195369,0.2618445917763721
4149,1,0,0.6877161688627459,0.2616241955879124,0.05065963554934164
4150,2,2,0.014280963119745919,0.3042393200073246,0.6814797168729294
4151,0,0,0.9951920936615577,0.004761096071483859,4.6810266958244045e-05
4152,0,1,0.3126148103338715,0.5823430061303292,0.10504218353579933
4153,1,1,0.1744267660845159,0.7075102532343506,0.11806298068113354
4154,0,1,0.36790249878881087,0.6083387924364787,0.023758708774710414
4155,1,1,0.3587811379203295,0.5283020681322437,0.11291679394742686
4156,1,1,0.18485974168326583,0.6537668416597758,0.16137341665695842
4157,0,0,0.6791134825236896,0.2904944056768106,0.030392111799499816
4158,2,2,0.06879740033950839,0.46551164911273896,0.4656909505477526
4159,1,2,0.10313237415497671,0.3967581278633207,0.5001094979817026
4160,1,0,0.45675909841590123,0.4544677166056702,0.08877318497842863
4161,1,1,0.07395108764669928,0.5264038862451283,0.3996450261081723
4162,0,0,0.7748091036599434,0.21624853661127003,0.008942359728786566
4163,0,0,0.9733613842891661,0.026181873815974022,0.00045674189485976966
4164,0,0,0.8765882549874403,0.11941200677668727,0.003999738235872389
4165,0,0,0.5107370403898905,0.44075293059648124,0.048510029013628275
4166,1,0,0.5763232711304846,0.3916603185174371,0.0320164103520781
4167,0,0,0.9982056624465212,0.0017782386068055118,1.6098946673369098e-05
4168,1,1,0.3764070985764002,0.5373228849809675,0.0862700164426324
4169,0,1,0.2103192090315201,0.730449736734349,0.05923105423413084
4170,2,1,0.01983010621494675,0.49841758807297476,0.48175230571207855
4171,0,0,0.8687005888259888,0.1257262488066764,0.00557316236733473
4172,1,1,0.1729782252313536,0.5036276966225048,0.32339407814614163
4173,1,2,0.08764125718333325,0.3879575869253431,0.5244011558913236
4174,0,0,0.9202708521701345,0.07815117788320015,0.0015779699466653336
4175,0,0,0.989847921097415,0.010006852520335615,0.00014522638224933002
4176,1,1,0.02862754781985993,0.5498713373125439,0.4215011148675961
4177,2,1,0.09165785596082845,0.4801215759621221,0.4282205680770494
4178,1,0,0.4881568042738073,0.4404104089167716,0.07143278680942115
4179,0,0,0.4586004240429542,0.385023115794751,0.15637646016229484
4180,0,0,0.8224168612775975,0.1703067309273932,0.007276407795009439
4181,0,0,0.9601631775215185,0.039214772436581696,0.0006220500418998184
4182,0,0,0.807823516590516,0.18149645771439613,0.010680025695087983
4183,0,0,0.8178219782508687,0.17489273802215835,0.007285283726973061
4184,1,1,0.39499670738163,0.4338611676396638,0.17114212497870623
4185,2,1,0.22074511339960037,0.6214511067151007,0.15780377988529903
4186,2,2,0.04475294322131347,0.4455331810729223,0.5097138757057643
4187,1,1,0.2488832334541205,0.38330541771542637,0.3678113488304532
4188,0,0,0.9610629313967712,0.03831968353085993,0.0006173850723687953
4189,1,1,0.2507178453329812,0.5707585875318625,0.17852356713515627
4190,1,1,0.27451425533478585,0.6326877411324999,0.09279800353271424
4191,0,0,0.7409597441821439,0.25055264278288997,0.008487613034966182
4192,1,1,0.1284312401236769,0.499638349929642,0.37193040994668103
4193,1,1,0.12371035129836011,0.538030395920891,0.33825925278074903
4194,2,2,0.014635944804632962,0.3795590468375262,0.6058050083578409
4195,0,0,0.6480593864665687,0.31998808187405586,0.03195253165937546
4196,0,0,0.8091800784399297,0.1832424592973481,0.007577462262722211
4197,2,2,0.012197880647619251,0.34174689587362406,0.6460552234787567
4198,2,1,0.07758441411009467,0.47141211719261106,0.45100346869729435
4199,0,0,0.6771987744517471,0.29994559030347573,0.02285563524477721
4200,0,0,0.9898274042647223,0.010016452523131669,0.00015614321214589422
4201,1,2,0.022952128156643416,0.3688493420477144,0.6081985297956423
4202,0,0,0.9962726989891607,0.0036786291880958593,4.8671822743594596e-05
4203,0,0,0.7903010633977142,0.18869911975508927,0.020999816847196724
4204,2,2,0.003602578265542877,0.12935749078971367,0.8670399309447435
4205,0,0,0.8697965130758788,0.12697691220105098,0.00322657472307013
4206,0,0,0.9261344468179914,0.06962628850618303,0.004239264675825554
4207,1,0,0.7420176020389242,0.2378566041284048,0.02012579383267103
4208,0,0,0.7618882710655964,0.22625241776546728,0.01185931116893639
4209,2,2,0.0002460011422992077,0.03589058444370047,0.9638634144140005
4210,0,0,0.9718807610082971,0.027460871744723944,0.0006583672469788727
4211,2,2,0.00055258737529632,0.06953801463294723,0.9299093979917565
4212,0,0,0.7394580740381416,0.2533784714200188,0.007163454541839697
4213,0,0,0.8126331737883559,0.18308467483491214,0.004282151376731859
4214,1,0,0.5250624588147028,0.32885111431793135,0.14608642686736575
4215,0,0,0.8943545471812142,0.1018261178600275,0.0038193349587581533
4216,0,0,0.6529344396822558,0.27727458816118133,0.06979097215656278
4217,0,0,0.5792666199262424,0.40769973627728895,0.013033643796468656
4218,1,2,0.03613821731283216,0.21979433528277847,0.7440674474043895
4219,0,0,0.9537730740492466,0.04499432894007134,0.0012325970106818547
4220,2,2,0.04426782668689533,0.4196096609788714,0.5361225123342332
4221,0,0,0.9485119333156738,0.05062987402791796,0.0008581926564081704
4222,2,2,0.024647066194279026,0.4237517903392186,0.5516011434665025
4223,2,1,0.4596149999092804,0.48808128601554857,0.05230371407517109
4224,1,1,0.4306622065262921,0.5013006930160255,0.06803710045768238
4225,2,2,0.005859935047067826,0.32905892830804573,0.6650811366448863
4226,1,1,0.062423635888838404,0.6216261800549908,0.3159501840561707
4227,1,1,0.13268483138293327,0.5622384082394565,0.3050767603776101
4228,0,1,0.46360971244386456,0.48465412627756044,0.051736161278574964
4229,1,1,0.059336078103588284,0.5095350638609731,0.4311288580354386
4230,0,0,0.8917811739828897,0.10414644600000991,0.004072380017100313
4231,2,2,0.005293240379644957,0.18169939073318864,0.8130073688871664
4232,0,0,0.7757652844529586,0.21734285405457165,0.006891861492469706
4233,0,1,0.28844119875603214,0.563658166676659,0.1479006345673089
4234,1,1,0.24756154557381999,0.6234569016890563,0.12898155273712367
4235,1,0,0.5610171400286776,0.3845118968082799,0.0544709631630424
4236,1,1,0.23245264379659264,0.6370527474887017,0.13049460871470564
4237,2,2,0.06981973549444201,0.3423844567268264,0.5877958077787316
4238,2,2,0.029700863125278826,0.43038811765872503,0.5399110192159962
4239,1,0,0.8541798679278685,0.1338861771944568,0.011933954877674768
4240,0,0,0.8808671993613667,0.11590990507615627,0.0032228955624770956
4241,2,2,0.0338275170513456,0.4289573059949839,0.5372151769536705
4242,1,1,0.045812486195762454,0.6597613548883543,0.2944261589158832
4243,1,1,0.05823720189937457,0.5215069671140389,0.4202558309865865
4244,0,0,0.8940272771914617,0.09954572610543323,0.006426996703105215
4245,0,0,0.7457069586888591,0.24090102514608874,0.013392016165052176
4246,1,0,0.5993251236933471,0.3367659428670334,0.06390893343961938
4247,0,0,0.7474879017851642,0.22403604148329082,0.028476056731545085
4248,2,2,0.13856317609990526,0.33119672700300706,0.5302400968970877
4249,1,1,0.1683634847949999,0.6809598973030377,0.15067661790196238
4250,2,2,0.024186337773154747,0.26818052693391065,0.7076331352929347
4251,1,1,0.2346726869429367,0.6783400433872393,0.08698726966982406
4252,1,0,0.9022912211285891,0.09268386871337547,0.005024910158035373
4253,1,0,0.7756325650617253,0.203427132577791,0.020940302360483665
4254,1,1,0.09507251094727506,0.5609229394602606,0.34400454959246424
4255,0,0,0.9558534404636646,0.04281339089239694,0.0013331686439385106
4256,1,1,0.37760489476859255,0.480781318995062,0.14161378623634535
4257,0,0,0.6941667900074803,0.2908772161902029,0.014955993802316879
4258,2,2,0.005055448528837656,0.14896589309896394,0.8459786583721983
4259,1,0,0.5989202074012047,0.3730247112036149,0.028055081395180384
4260,2,2,0.01150017428014432,0.35801262995045174,0.6304871957694039
4261,2,2,0.0004593285999029437,0.038670544465569584,0.9608701269345276
4262,0,0,0.9936396879703548,0.0062668488595284105,9.34631701167822e-05
4263,2,2,0.029131773489604818,0.20050794558272667,0.7703602809276686
4264,2,2,0.06874687938478066,0.43968955633202744,0.49156356428319203
4265,2,1,0.13504326220460322,0.6154312621116106,0.24952547568378625
4266,0,0,0.6992772171857861,0.2888933052082481,0.011829477605965952
4267,2,1,0.07460550836993704,0.6292958850127538,0.29609860661730913
4268,1,1,0.09934237435663579,0.531850733512968,0.36880689213039625
4269,1,1,0.31897361147595726,0.5595818216689182,0.1214445668551245
4270,0,0,0.8923104885140466,0.10493274418500925,0.0027567673009442606
4271,1,1,0.10957053562229749,0.5392343711816082,0.3511950931960942
4272,2,2,4.664838480064964e-05,0.01193051454039386,0.9880228370748055
4273,1,1,0.1494062476999072,0.7521650286625411,0.0984287236375517
4274,0,0,0.6127321074310591,0.3695646905482871,0.01770320202065368
4275,0,1,0.40501647880122743,0.44649217112569994,0.14849135007307257
4276,2,2,0.021241776676360753,0.4202418332254088,0.5585163900982305
4277,2,1,0.29589169069180427,0.4427300841794428,0.26137822512875286
4278,2,1,0.045832535137631115,0.5634893040953524,0.39067816076701656
4279,1,0,0.5794113277021252,0.3701463455271443,0.05044232677073033
4280,0,0,0.6375088303353847,0.32067514438512,0.04181602527949525
4281,0,0,0.6753712441874885,0.30622214665958986,0.01840660915292177
4282,2,2,0.004872859746998599,0.2093372830268051,0.7857898572261962
4283,0,0,0.9565160657933823,0.042680119911766075,0.0008038142948516611
4284,0,0,0.5634435459792961,0.4128548325226973,0.023701621498006704
4285,1,1,0.1673945493345883,0.6202371687553484,0.21236828191006324
4286,0,0,0.6262633269232987,0.3565135854017798,0.017223087674921433
4287,1,0,0.5321977361614169,0.4098583745590609,0.057943889279522244
4288,2,1,0.017982166788642007,0.618996514606495,0.363021318604863
4289,1,0,0.8376999677178028,0.15325765634909838,0.00904237593309892
4290,2,2,0.0011924704548006825,0.06813214306334286,0.9306753864818564
4291,2,2,0.01287834614508532,0.4840268371089493,0.5030948167459655
4292,2,1,0.09011458230108695,0.5672397687751609,0.34264564892375227
4293,0,0,0.5914997454619001,0.3955329205585461,0.01296733397955375
4294,0,0,0.75491751450266,0.2294125178577195,0.015669967639620568
4295,0,0,0.7211275629594511,0.26485437136196066,0.014018065678588128
4296,2,2,0.006501950270060027,0.23446948629168995,0.75902856343825
4297,0,0,0.7958184117687845,0.18408459665085408,0.020096991580361472
4298,0,0,0.8154587667325959,0.17336886315579217,0.011172370111611925
4299,0,1,0.10848468759949834,0.6880490329891659,0.20346627941133585
4300,1,1,0.07037668641416867,0.5378857297836859,0.39173758380214546
4301,0,0,0.8248609132992876,0.16977265468024513,0.0053664320204674125
4302,0,0,0.7513992292969538,0.24187002395179427,0.0067307467512518855
4303,0,0,0.8938369616149334,0.10140500210542039,0.004758036279646208
4304,0,0,0.5157153251973683,0.4397990958975292,0.04448557890510246
4305,0,0,0.9622012617356409,0.03704065763759756,0.0007580806267616887
4306,1,1,0.28107584964503907,0.5815337616620138,0.13739038869294717
4307,0,0,0.9685133031792372,0.03041568281265794,0.001071014008104758
4308,1,1,0.327256376765646,0.460078157611416,0.212665465622938
4309,0,0,0.8088167753535883,0.17920814135281574,0.011975083293595918
4310,1,1,0.04959519839703982,0.500549353795178,0.44985544780778225
4311,2,1,0.03334856209198665,0.5616671871606533,0.40498425074736
4312,0,0,0.9371221257313251,0.058396658227249404,0.004481216041425518
4313,1,1,0.2871806692628727,0.40901320348148895,0.3038061272556384
4314,0,0,0.6457100311215896,0.31871891197977426,0.03557105689863606
4315,2,2,0.09472181041852959,0.32919478276610414,0.5760834068153663
4316,0,1,0.23021778702649492,0.6941146456890265,0.07566756728447871
4317,1,1,0.3573726326734681,0.5742972397936656,0.0683301275328663
4318,1,1,0.09642385105503057,0.6399226255114403,0.263653523433529
4319,0,0,0.770661576080064,0.22132331903368258,0.008015104886253302
4320,0,1,0.19331979735477708,0.6251661686634048,0.1815140339818181
4321,0,0,0.8198230588969414,0.17239572302636433,0.00778121807669435
