row,y_true,y_pred,p_Low,p_Moderate,p_High
0,0,0,0.5586730820242345,0.4178151221976873,0.023511795778078166
1,0,0,0.9081283529782356,0.0795245860804721,0.01234706094129246
2,0,1,0.2604268126352323,0.6000938872304064,0.13947930013436133
3,0,0,0.9115014737968065,0.08299265702592988,0.005505869177263501
4,0,0,0.995668157576919,0.004011417918457318,0.0003204245046239381
5,1,1,0.2016958932103887,0.4506507865458054,0.34765332024380596
6,0,0,0.694471325408852,0.28533534539643385,0.02019332919471416
7,2,2,0.007401784596525852,0.08807174702992679,0.9045264683735474
8,2,2,0.008907417917987806,0.14145134554919261,0.8496412365328196
9,0,0,0.7880433850151322,0.1953132307311829,0.016643384253684994
10,1,1,0.40607804154027366,0.4934741339772271,0.10044782448249913
11,0,0,0.684876052971844,0.26806253092973187,0.0470614160984241
12,2,2,0.005969348065419974,0.07971482315339215,0.9143158287811878
13,0,0,0.911807108008949,0.07692233816107905,0.01127055382997192
14,2,2,0.11155431037608272,0.34202227870797725,0.5464234109159399
15,0,0,0.4474203567672974,0.35557928138966527,0.1970003618430372
16,2,1,0.12827259487278675,0.6800961077241743,0.191631297403039
17,0,1,0.38030395034640857,0.4626592726924014,0.1570367769611899
18,1,2,0.2640277236051365,0.24457841933548377,0.4913938570593798
19,1,1,0.2237810617918008,0.6155254987520877,0.1606934394561115
20,2,2,0.08142694324661522,0.32675673326695415,0.5918163234864307
21,0,0,0.9882966413787243,0.010362793527299123,0.0013405650939765639
22,0,0,0.9914094687876088,0.007893099597552852,0.0006974316148383653
23,0,0,0.857442196944459,0.13048247995291878,0.01207532310262224
24,0,1,0.2630872775832383,0.5252976172849966,0.21161510513176512
25,2,2,0.07885247039791968,0.39792551411387794,0.5232220154882024
26,1,1,0.14549060335043534,0.5922176818366978,0.2622917148128669
27,2,2,0.04425275545786849,0.24743986502412224,0.7083073795180093
28,0,0,0.8820570752306477,0.1045803694867734,0.013362555282578886
29,2,2,0.03241886580413781,0.3620085853185269,0.6055725488773352
30,0,0,0.7357099058526236,0.22677816933379405,0.03751192481358225
31,0,0,0.8528214814820975,0.13448450226740333,0.012694016250499172
32,0,0,0.8408818083920356,0.14752573452057383,0.011592457087390411
33,0,0,0.49140269546982623,0.3875320032989403,0.12106530123123359
34,2,2,0.05519633441637447,0.35021285771215777,0.5945908078714677
35,0,0,0.9240483740258881,0.07095970271367767,0.004991923260434297
36,0,0,0.7644010749646151,0.20445429689726302,0.031144628138121907
37,2,1,0.22963940811646774,0.5988775842545545,0.17148300762897775
38,2,2,0.08871056244720042,0.3924421336279791,0.5188473039248205
39,1,1,0.3745428498976199,0.5540744279108465,0.0713827221915336
40,1,0,0.636733991670996,0.32400865674974305,0.039257351579261
41,1,1,0.33493318351993934,0.4051661845045306,0.25990063197553004
42,0,0,0.5586236460868794,0.3971359608515092,0.04424039306161142
43,0,0,0.5654545789752462,0.3659716442053449,0.06857377681940899
44,0,0,0.7023377971595315,0.2283606897460248,0.06930151309444374
45,2,1,0.13178311418441854,0.6265742734043066,0.2416426124112749
46,0,0,0.9453465681800766,0.04208770826865923,0.01256572355126429
47,1,2,0.15968091574601032,0.35472795737817503,0.4855911268758148
48,0,0,0.8843673805694579,0.10916985878889535,0.006462760641646729
49,0,0,0.5238759140189052,0.420490147179192,0.05563393880190279
50,2,2,0.014210551590161536,0.194968979896809,0.7908204685130295
51,1,0,0.7232813175713287,0.24816436257050167,0.028554319858169527
52,0,0,0.9921144978147126,0.0072763527465064945,0.0006091494387809014
53,0,0,0.8288403029045652,0.15842218081436413,0.012737516281070812
54,0,0,0.8158121081674067,0.16111905814674635,0.023068833685846994
55,1,0,0.8030245676764179,0.1722593757078774,0.024716056615704734
56,1,1,0.1957085445347374,0.5626777643974183,0.24161369106784433
57,0,0,0.6028298065377709,0.3174849209957064,0.07968527246652266
58,0,0,0.6817764719321476,0.25876094979814884,0.05946257826970348
59,0,1,0.44977965721100915,0.47625080376413126,0.07396953902485962
60,0,0,0.7742226656184074,0.1866761372652151,0.03910119711637763
61,1,0,0.5127406498692079,0.2937450355359505,0.1935143145948416
62,2,2,0.028386207337793522,0.22388664048944887,0.7477271521727575
63,1,1,0.40556072326850706,0.4729600055203983,0.12147927121109466
64,0,0,0.7810120041224198,0.1710395552310543,0.04794844064652593
65,1,2,0.15273898037683295,0.3933808932596622,0.45388012636350483
66,0,2,0.24410082412962,0.338600417809032,0.417298758061348
67,1,1,0.20625466469085993,0.6177485482285492,0.17599678708059086
68,1,1,0.3291914634336131,0.5418444184333567,0.1289641181330301
69,0,0,0.7986801955401907,0.1740808064238209,0.027238998035988518
70,2,2,0.04615618270514921,0.3182432910123113,0.6356005262825395
71,2,1,0.11944811437836293,0.630526393323676,0.250025492297961
72,1,1,0.3173513418275153,0.5809012232797882,0.1017474348926965
73,1,1,0.40477914258895376,0.49606580018338414,0.09915505722766223
74,1,1,0.31063855492185527,0.44082873038256337,0.24853271469558133
75,2,2,0.08153531192440248,0.23913870588572683,0.6793259821898707
76,1,1,0.27730863296372676,0.37649197125538647,0.3461993957808868
77,0,0,0.9442760496846219,0.04835777811722435,0.007366172198153681
78,0,1,0.21043968978349673,0.41083231757208744,0.37872799264441576
79,0,0,0.5844857605296945,0.3523081056238058,0.06320613384649974
80,2,1,0.030641183735216092,0.5133508017685628,0.45600801449622097
81,0,1,0.40405945461610043,0.4611454349286837,0.1347951104552159
82,1,0,0.8616115424557677,0.11556787456648435,0.022820582977747996
83,0,0,0.7599027576179164,0.1747279893248115,0.06536925305727212
84,2,2,0.0021722052065113,0.08037865205844777,0.917449142735041
85,1,0,0.5096199535177348,0.4019390776410597,0.08844096884120538
86,1,0,0.6113168763046308,0.35669247873978666,0.03199064495558253
87,0,0,0.846427158415813,0.1408145229790387,0.012758318605148507
88,2,2,0.21975633559270194,0.20467752114064874,0.5755661432666493
89,0,1,0.4072848054285766,0.5354740081067544,0.057241186464669
90,0,0,0.7104853019613607,0.2449562746805421,0.04455842335809734
91,2,2,0.01762740116233435,0.31807892400552373,0.6642936748321419
92,0,2,0.12300492457741465,0.20905100787185213,0.6679440675507331
93,0,0,0.552627530910443,0.4056442611802854,0.041728207909271474
94,0,0,0.8433824022407989,0.13587279631484223,0.020744801444358828
95,0,0,0.941659299680896,0.052799273169124944,0.005541427149979049
96,1,1,0.4414150998402652,0.5069714460902622,0.051613454069472556
97,1,1,0.3967880439487621,0.5103561683573375,0.09285578769390036
98,0,0,0.8618688809072521,0.09950132299942419,0.03862979609332377
99,2,2,0.026722735198214234,0.3985192686659403,0.5747579961358454
100,1,1,0.3464680275583792,0.5536505721861773,0.0998814002554434
101,0,0,0.9212543601862235,0.07222649166919765,0.006519148144578828
102,1,1,0.04292303069807864,0.5378296847211076,0.41924728458081373
103,2,2,0.01789282474301568,0.2719155737056349,0.7101916015513494
104,0,1,0.4277589414801635,0.4647470522905152,0.10749400622932127
105,1,1,0.3314881284409707,0.5587467165579708,0.10976515500105848
106,1,2,0.08675852433017793,0.38108763044479443,0.5321538452250277
107,1,2,0.08198279655433942,0.42601189357262353,0.4920053098730371
108,0,0,0.6611268472271405,0.3036513061410725,0.03522184663178698
109,0,0,0.7284052404785546,0.24375486371611368,0.02783989580533169
110,1,0,0.3983815245330175,0.39235459965278197,0.20926387581420042
111,0,1,0.38259667049701107,0.5250398725327303,0.09236345697025863
112,2,2,0.045045145461126854,0.2951709046961966,0.6597839498426764
113,1,2,0.05868669793161058,0.4210150718067946,0.5202982302615948
114,0,0,0.97216584164692,0.024448385348526995,0.0033857730045529963
115,1,1,0.09716391493456548,0.49250301732467294,0.4103330677407616
116,1,0,0.6972233856578215,0.20624311695341901,0.09653349738875959
117,0,0,0.7987730551289487,0.17744356211247114,0.02378338275858027
118,0,1,0.34568285431740586,0.5767294960550071,0.07758764962758706
119,0,0,0.9289476736142791,0.06832499506275158,0.0027273313229693457
120,0,0,0.9193244384156115,0.07430384228159642,0.006371719302792145
121,1,0,0.34853567213649544,0.315847774495472,0.3356165533680326
122,0,0,0.948080332358063,0.047613643415195195,0.004306024226741718
123,2,1,0.17171510453424627,0.5622363346174509,0.26604856084830286
124,1,0,0.5608383745520262,0.4109491328933836,0.028212492554590247
125,0,0,0.6039948971455394,0.3248924576332183,0.07111264522124232
126,1,1,0.4020571892828754,0.5150108415468387,0.08293196917028571
127,0,1,0.3337132445853294,0.5938095447976062,0.07247721061706439
128,0,0,0.9792070381033924,0.01799480901961114,0.0027981528769964923
129,2,2,0.03581401672122384,0.33454711031005674,0.6296388729687195
130,1,1,0.13089467563348883,0.6874758381629549,0.1816294862035563
131,1,0,0.6854334354369648,0.27107757450322717,0.04348899005980801
132,1,1,0.34241937640552045,0.5517442135920158,0.10583641000246377
133,1,0,0.44118002373734055,0.3010799454006586,0.2577400308620008
134,1,2,0.06467627363565778,0.2980410806587579,0.6372826457055842
135,2,2,0.001668883961383297,0.10220635179688727,0.8961247642417294
136,0,0,0.6961016497282195,0.24775044257508058,0.05614790769669988
137,1,1,0.33914087699818113,0.3839892239823774,0.2768698990194414
138,0,0,0.9913126859579604,0.008165136770062347,0.0005221772719772402
139,0,1,0.3326229710150902,0.5389481658387344,0.12842886314617546
140,0,0,0.49950824038632924,0.3395686331045646,0.16092312650910617
141,0,0,0.6300151931963777,0.3474422000781995,0.022542606725422756
142,0,0,0.7328811118633913,0.2436922072053332,0.023426680931275555
143,0,0,0.9737550062232431,0.024866447825268905,0.00137854595148805
144,2,0,0.49442947912952195,0.4131694966786879,0.09240102419179015
145,0,0,0.5257449604314725,0.4223183915150778,0.05193664805344973
146,1,0,0.4196851583550148,0.3717390252326609,0.2085758164123243
147,2,2,0.037745267324950114,0.38205039512838834,0.5802043375466615
148,0,0,0.9155748654222251,0.07672581787488175,0.007699316702893113
149,0,1,0.3548919753065628,0.5910762697464155,0.05403175494702174
150,2,1,0.13502084529615568,0.7089456766211506,0.15603347808269374
151,2,1,0.13177817064140215,0.6436100454836747,0.2246117838749231
152,1,1,0.203137713447184,0.5335353071019325,0.26332697945088346
153,1,1,0.16708929265280198,0.44767251351725823,0.38523819382993973
154,2,2,0.059006403248002805,0.23024181094622262,0.7107517858057746
155,2,1,0.11179507935589934,0.6299478081725215,0.2582571124715791
156,1,1,0.24673791384833424,0.6008960582507115,0.1523660279009543
157,1,1,0.31864126779357055,0.5278657239801624,0.1534930082262671
158,1,0,0.7563658448426582,0.20758874158539845,0.03604541357194338
159,2,2,0.03180429388236006,0.2729358955751988,0.695259810542441
160,1,1,0.12563833555872675,0.5081770441080666,0.36618462033320653
161,0,0,0.4702120506365865,0.4645189796432149,0.06526896972019856
162,1,0,0.5635246559457727,0.3293649813403861,0.10711036271384118
163,0,0,0.9220153297612739,0.07094189131288928,0.007042778925836768
164,0,0,0.7467954256068637,0.20279754825898605,0.05040702613415029
165,1,0,0.40169587023782444,0.32529603417608033,0.2730080955860952
166,1,2,0.2108073288994313,0.2740755247247061,0.5151171463758627
167,0,0,0.7226566957884689,0.2330434651520923,0.04429983905943881
168,2,1,0.22028423030865535,0.47112425725550844,0.3085915124358361
169,0,0,0.851880395885217,0.13390609747194254,0.014213506642840495
170,0,0,0.6093417570958184,0.2990844880863624,0.09157375481781917
171,1,1,0.2951890657496602,0.5375142047410987,0.16729672950924115
172,0,0,0.7999714116185763,0.16508432118551133,0.03494426719591229
173,1,1,0.4607836454666071,0.46743174097772755,0.0717846135556652
174,2,2,0.06990404267836123,0.43445308335851696,0.4956428739631218
175,0,0,0.6163534451932121,0.29155416093572983,0.09209239387105797
176,1,1,0.1814179648483111,0.5447399174152869,0.273842117736402
177,0,0,0.6465482979099355,0.2945322724848027,0.05891942960526189
178,1,0,0.7915930558528633,0.15366122637753696,0.05474571776959975
179,0,1,0.4286286911166008,0.5502736116347511,0.02109769724864815
180,1,1,0.269578394591349,0.6081937077239156,0.12222789768473552
181,2,1,0.11879997840712864,0.47913110291261696,0.4020689186802544
182,0,0,0.9580598879857347,0.03818107439783303,0.003759037616432228
183,2,1,0.18714234221688464,0.7088673909224151,0.10399026686070026
184,0,0,0.9803018098460303,0.018728360643993004,0.0009698295099765775
185,0,0,0.9132277887791808,0.08006477790402794,0.006707433316791325
186,1,1,0.2737894154444972,0.5412514140451383,0.18495917051036445
187,2,2,0.06392504583639001,0.3743771940889285,0.5616977600746815
188,2,2,0.1359832404004853,0.3907668876306645,0.4732498719688503
189,0,0,0.9362759343610485,0.056692954001694884,0.007031111637256636
190,2,1,0.1651010188180066,0.715089532817873,0.1198094483641204
191,2,2,0.011582483584886024,0.10259813147414953,0.8858193849409643
192,0,0,0.7321828037274433,0.23122407537322764,0.03659312089932901
193,2,2,0.13577487766011148,0.3800727278602274,0.4841523944796611
194,1,1,0.25921737487675717,0.42916712703746346,0.3116154980857794
195,0,0,0.7399127144642513,0.22003804215009518,0.04004924338565349
196,1,0,0.618502211074165,0.2639528830350627,0.11754490589077216
197,0,1,0.3304942360941866,0.38904904575227944,0.28045671815353396
198,0,0,0.7690239382136547,0.2110491462457257,0.019926915540619684
199,2,2,0.05878449390248359,0.22851421709847722,0.7127012889990392
200,1,2,0.0773355737193554,0.23494198985401754,0.687722436426627
201,2,2,0.016055156600226668,0.1800568549618487,0.8038879884379246
202,0,0,0.6928119549427624,0.2553899398450115,0.051798105212226254
203,0,0,0.6527821347586682,0.29538554655428245,0.05183231868704932
204,1,1,0.08808284986097466,0.6420278233632338,0.26988932677579164
205,1,1,0.14092688373475196,0.7594317346281586,0.09964138163708945
206,2,1,0.07455844415201195,0.567478892315246,0.35796266353274203
207,0,0,0.8026762265809172,0.14888553710056246,0.04843823631852046
208,1,0,0.6323853649852605,0.2958045350600061,0.07181009995473338
209,0,0,0.9671527446409829,0.030681156739010812,0.002166098620006229
210,1,1,0.1574061920508329,0.626970676509812,0.21562313143935516
211,1,1,0.05072026035742814,0.771773607426348,0.17750613221622386
212,0,0,0.8420279501132719,0.11535251202063555,0.04261953786609249
213,1,0,0.5205388997235572,0.4040021762607954,0.07545892401564745
214,1,1,0.1284625321262317,0.6446060132371714,0.22693145463659675
215,1,1,0.10418925644115391,0.5173140936073979,0.37849664995144827
216,0,0,0.558092429615821,0.39010499940454346,0.05180257097963562
217,0,0,0.9522565580848313,0.04498801382988786,0.002755428085280703
218,1,1,0.20616314029392935,0.6881221179511059,0.10571474175496486
219,0,0,0.7315372565856774,0.24084237753841203,0.02762036587591073
220,2,1,0.17711428354680223,0.5912416962190107,0.23164402023418706
221,0,0,0.8972968278214218,0.09255105461286373,0.01015211756571454
222,0,0,0.7545774883641027,0.19713429270573884,0.048288218930158486
223,1,1,0.22905511706839188,0.6674057218171878,0.10353916111442027
224,1,0,0.7838486778246597,0.17421780922891347,0.041933512946426735
225,0,0,0.647988537219887,0.2915236690998001,0.06048779368031296
226,1,0,0.42766780457642783,0.3984254719594371,0.17390672346413497
227,2,2,0.014649973548784223,0.15492777490196943,0.8304222515492463
228,0,0,0.9673597515943154,0.030136345605455757,0.0025039028002286777
229,1,1,0.048256890980174064,0.6012951668038182,0.35044794221600756
230,2,2,0.013182159044646612,0.23139153068815752,0.7554263102671959
231,1,0,0.5987502022830268,0.34426414100669656,0.056985656710276646
232,0,1,0.22029403067450007,0.6335490348414653,0.1461569344840346
233,1,1,0.11747213368658209,0.613620004069807,0.26890786224361085
234,0,0,0.4935234379627131,0.471663736310413,0.03481282572687391
235,2,2,0.011357019347513628,0.3152991158439899,0.6733438648084964
236,2,2,0.0147711935352539,0.23664389645782527,0.7485849100069208
237,1,1,0.049774951724359924,0.5619301080541873,0.38829494022145283
238,0,0,0.6162464696672898,0.3054418875592823,0.07831164277342798
239,1,1,0.3617495177473174,0.432449380852988,0.20580110139969446
240,0,0,0.7257982098164352,0.24570636983084104,0.028495420352723663
241,0,0,0.7066722944819495,0.27938544703548723,0.013942258482563436
242,0,0,0.9139832397712563,0.08046906894350264,0.005547691285240991
243,1,0,0.5541116512965856,0.3188729223611702,0.12701542634224408
244,1,1,0.3037422019786657,0.555841249740087,0.14041654828124728
245,0,0,0.823476910051559,0.14865690201319934,0.02786618793524163
246,0,0,0.8928829945492962,0.08965471760304602,0.017462287847657788
247,0,1,0.4342377155334417,0.4942749685307689,0.07148731593578947
248,2,1,0.2148579755875258,0.5471469416482037,0.2379950827642706
249,0,0,0.7940992174538445,0.15958849361868724,0.046312288927468276
250,1,0,0.6895625944353458,0.28106647006145696,0.029370935503197308
251,1,0,0.5457359781016823,0.3241559816718612,0.1301080402264565
252,2,1,0.039578030579962814,0.7060206289992403,0.2544013404207967
253,0,0,0.749071809782333,0.22217466030166547,0.028753529916001545
254,2,2,0.07566501515655566,0.31401897497054876,0.6103160098728956
255,0,0,0.9778900096584819,0.020835592022644542,0.0012743983188735395
256,1,1,0.2927898581377854,0.5366024562109829,0.1706076856512316
257,0,0,0.8908815965676995,0.10190164729661526,0.0072167561356852195
258,0,1,0.4169274263855735,0.43139740060653886,0.15167517300788771
259,2,1,0.08653086763083136,0.5390786708098395,0.37439046155932915
260,2,1,0.04941603546431957,0.6048357728305119,0.3457481917051685
261,0,1,0.36137732641948095,0.5831607917354915,0.05546188184502761
262,0,0,0.9397847786545408,0.05491013090367129,0.005305090441788006
263,2,2,0.026556414897277923,0.4863092568176655,0.48713432828505665
264,0,0,0.7472246322919806,0.22244857665685855,0.030326791051160852
265,0,0,0.536720445420588,0.383626454102548,0.07965310047686394
266,1,1,0.0932146228197492,0.728823856058553,0.17796152112169775
267,2,2,0.03521561299201103,0.3905824638217201,0.5742019231862688
268,2,2,0.0034377475372817244,0.17613481585466706,0.8204274366080512
269,0,0,0.5466902332397118,0.40794504228706685,0.04536472447322134
270,2,1,0.12184335789441882,0.7608668204033386,0.1172898217022426
271,1,1,0.10159935250344883,0.5564287112042618,0.34197193629228934
272,0,2,0.17221128897584967,0.2849075610731436,0.5428811499510068
273,0,0,0.5746771983289515,0.4030069679699436,0.022315833701104845
274,2,2,0.02974649319741999,0.2234696729910083,0.7467838338115717
275,0,0,0.8253905180391662,0.1512610252817789,0.023348456679054993
276,1,2,0.1991981587724916,0.32069586161046165,0.48010597961704665
277,0,0,0.9851044874096688,0.013328969452946562,0.0015665431373846745
278,0,0,0.6687729593766976,0.2902558012363642,0.040971239386938266
279,2,1,0.06644998858498914,0.4886681958030144,0.4448818156119966
280,0,1,0.2199810327572078,0.7106412028491822,0.0693777643936101
281,2,2,0.009039366856582413,0.1337903245314599,0.8571703086119576
282,0,0,0.7032672234062883,0.2635309450813877,0.03320183151232399
283,1,0,0.5761584112214484,0.3815867129550584,0.042254875823493264
284,0,0,0.7519996516673357,0.20906181181680536,0.03893853651585887
285,0,0,0.6422052435446026,0.33454156945712066,0.02325318699827678
286,1,0,0.826911973378898,0.15689310014844812,0.016194926472653914
287,0,1,0.30482510555651027,0.47043997650021097,0.2247349179432788
288,0,0,0.8155212190692831,0.16925465651768032,0.01522412441303671
289,1,0,0.6106393712251362,0.3379225114475322,0.05143811732733166
290,0,1,0.35445580349904476,0.4627183340149798,0.1828258624859755
291,1,1,0.17437771869259172,0.5696541333374826,0.25596814796992573
292,1,0,0.5082347509874776,0.4420886171713009,0.04967663184122161
293,1,2,0.1300204994114988,0.4231837137529459,0.44679578683555526
294,1,1,0.15608522582808068,0.5715806957075407,0.27233407846437874
295,2,1,0.10581509965304428,0.7281269270792389,0.1660579732677168
296,0,0,0.8194981603809077,0.16326851060154635,0.017233329017545894
297,1,1,0.26684976337998184,0.607185194075702,0.12596504254431606
298,1,1,0.09390076088136727,0.5944806787731566,0.31161856034547614
299,1,0,0.5767341527814808,0.3900129210496141,0.033252926168905135
300,0,0,0.8579373964664612,0.12703872579651987,0.015023877737018985
301,1,1,0.040258810066984584,0.5904789329370196,0.36926225699599596
302,1,0,0.44186810341412663,0.423660230615781,0.13447166597009233
303,2,2,0.032303515300871256,0.4303426337669121,0.5373538509322167
304,0,0,0.8259040297637192,0.14573633202405092,0.028359638212229806
305,0,0,0.93471209183241,0.05727138279672267,0.008016525370867335
306,0,0,0.9093333532884141,0.08487890854297275,0.0057877381686131085
307,0,0,0.9572075376524322,0.03627358782876104,0.006518874518806623
308,0,0,0.5994366320754865,0.37570548980171764,0.0248578781227959
309,1,1,0.2822069780457402,0.5974915523061028,0.120301469648157
310,1,0,0.45345259443458014,0.33273790699117517,0.2138094985742447
311,2,2,0.037612028293559585,0.28200415440381954,0.6803838173026209
312,1,1,0.04465931782127441,0.6026507977838812,0.35268988439484444
313,2,1,0.3520756670348201,0.5248519934241076,0.12307233954107248
314,0,0,0.897063507298508,0.08958726295758102,0.013349229743910949
315,1,1,0.3245586073447368,0.3739548905386014,0.3014865021166618
316,0,0,0.7881935397481665,0.1827947880949967,0.029011672156836595
317,1,0,0.6528113642734931,0.30526268445909466,0.04192595126741227
318,0,1,0.4656167016514394,0.4949073861274027,0.03947591222115793
319,2,2,0.031855295791935925,0.32986854540169247,0.6382761588063716
320,1,1,0.08624240180761097,0.5079270603614702,0.405830537830919
321,0,0,0.5537115794478515,0.36877280891810993,0.07751561163403865
322,0,1,0.2758606053608524,0.6628546720985345,0.06128472254061311
323,2,2,0.032895861688997455,0.2882717697639814,0.6788323685470212
324,1,1,0.31030667523423294,0.45805460483291144,0.23163871993285562
325,1,1,0.44107026660283266,0.4862420622228952,0.07268767117427216
326,0,0,0.9776519177788938,0.019794258823530614,0.0025538233975756215
327,1,1,0.28531614472750394,0.42336010627296417,0.29132374899953184
328,0,0,0.4861341808152225,0.3668785630134534,0.14698725617132405
329,0,0,0.9918526242406259,0.0076459263899265675,0.0005014493694474534
330,1,1,0.16366453097769318,0.5110579950180685,0.3252774740042383
331,0,0,0.5996628570537564,0.32004320358187516,0.08029393936436843
332,2,1,0.32298167113855514,0.46356220595369446,0.21345612290775043
333,0,0,0.4727017743033791,0.3870199231813427,0.14027830251527812
334,2,1,0.18194571639514284,0.5161254818536565,0.30192880175120074
335,0,0,0.5141359784025884,0.4340181256474742,0.0518458959499373
336,0,0,0.5079543305653565,0.35946548684586466,0.1325801825887788
337,1,1,0.1297785192835541,0.6094947979976157,0.26072668271883015
338,0,0,0.8591813475458926,0.126213887451021,0.014604765003086318
339,2,1,0.20417620484185459,0.4549190203412736,0.3409047748168718
340,0,0,0.9184993201578998,0.07269170585274679,0.008808973989353371
341,2,1,0.07346073895667717,0.5190751461583224,0.40746411488500045
342,2,1,0.2430903800218356,0.5422351293768763,0.214674490601288
343,1,1,0.39694415007286493,0.43698634623829774,0.16606950368883738
344,0,0,0.7480687076359505,0.2061427904288745,0.04578850193517486
345,2,2,0.0631820593053324,0.2536522950783352,0.6831656456163323
346,2,2,0.04639257758677072,0.2314699540318095,0.7221374683814198
347,1,1,0.31542236739988694,0.395833202560914,0.28874443003919903
348,2,1,0.06441571296356041,0.4734059265020142,0.4621783605344253
349,2,2,0.018523308938677728,0.2570967258678603,0.7243799651934619
350,0,0,0.6272757410858545,0.2921170089714831,0.08060724994266243
351,1,1,0.23914778502704923,0.5760269259282188,0.18482528904473203
352,0,0,0.6460463307839462,0.31172981989222337,0.04222384932383049
353,0,0,0.8458559247688845,0.12431613180741238,0.029827943423703172
354,0,0,0.90937749827212,0.0797718119511508,0.010850689776729362
355,1,1,0.24100557044320334,0.4827142012276834,0.2762802283291134
356,2,2,0.007030789460280098,0.0219478742599121,0.9710213362798079
357,0,0,0.5496411211927913,0.388332527230602,0.06202635157660672
358,0,0,0.49419492497681355,0.4306203781625542,0.07518469686063205
359,1,1,0.21968367139043446,0.5985975620673243,0.18171876654224134
360,1,0,0.4828413139332833,0.44212340775760595,0.07503527830911079
361,1,1,0.24923613689306776,0.4913060611243227,0.25945780198260954
362,1,1,0.2385677591045345,0.4562577618314494,0.3051744790640162
363,1,2,0.20657016913519083,0.28147511233770534,0.5119547185271038
364,2,2,0.09114421620963203,0.411740252112805,0.497115531677563
365,1,1,0.3661457532899214,0.5492677719419659,0.08458647476811273
366,1,0,0.4988571904512477,0.3988039147562843,0.10233889479246802
367,0,0,0.8815959824149697,0.10689064607658387,0.011513371508446531
368,2,2,0.052095108940178145,0.3226576593264573,0.6252472317333646
369,1,1,0.31669602360792687,0.5982144702544976,0.08508950613757549
370,1,0,0.5545238337445522,0.4088693682958456,0.03660679795960235
371,1,1,0.32998037934949914,0.36402066721033044,0.3059989534401704
372,2,2,0.010495935079543963,0.09247254716591,0.8970315177545461
373,0,0,0.9703833783920744,0.02574526601302583,0.003871355594899801
374,2,1,0.08769493481495916,0.6563427249420285,0.2559623402430124
375,1,1,0.2515283967222718,0.5575747811220375,0.19089682215569068
376,1,1,0.1473495479996372,0.7112555471324203,0.1413949048679424
377,1,1,0.17831605529153893,0.7056852619043809,0.1159986828040801
378,1,0,0.4798504384636021,0.42861120204924164,0.09153835948715622
379,1,1,0.19769410608731905,0.6716019573527552,0.1307039365599257
380,1,1,0.1495843770349424,0.4994359296352556,0.35097969332980206
381,0,0,0.5131706135044422,0.4078077229064095,0.07902166358914842
382,0,0,0.8632694402724251,0.12301655564943047,0.013714004078144383
383,0,0,0.7413100230960347,0.21309695261137704,0.045593024292588345
384,0,0,0.780283695050433,0.1647762249536835,0.054940079995883476
385,0,0,0.5930506512260652,0.3613847825785967,0.04556456619533817
386,1,1,0.17983550682390131,0.6461806329298453,0.17398386024625342
387,0,0,0.6208786000902561,0.34065851093679406,0.03846288897294992
388,1,1,0.07231761281315244,0.6133978809508848,0.31428450623596277
389,0,0,0.8974373353558739,0.09606694720607863,0.006495717438047431
390,1,0,0.4546475422506611,0.3452181648650627,0.20013429288427614
391,1,1,0.0980149366355058,0.7791596348488424,0.12282542851565183
392,1,0,0.49415704085802103,0.40436771108266034,0.10147524805931857
393,0,0,0.8737053565723876,0.11404284602260938,0.012251797405003127
394,0,0,0.9322532703195787,0.05667834553022843,0.011068384150192963
395,0,2,0.17486382310948234,0.39192190864608306,0.4332142682444346
396,1,0,0.5506891340529663,0.4046636686661583,0.044647197280875295
397,1,0,0.6168694937454671,0.36025953915208636,0.022870967102446602
398,2,2,0.08832396610981508,0.3201777675696744,0.5914982663205105
399,0,0,0.5791497504849179,0.3178763521259923,0.10297389738908964
400,0,0,0.9509890814254793,0.04506853259165721,0.00394238598286352
401,1,1,0.2796382856468232,0.6206260810746849,0.09973563327849184
402,1,1,0.2958556292789515,0.5703210781953697,0.1338232925256788
403,0,0,0.41006718553589594,0.27728454880595116,0.3126482656581529
404,0,0,0.9492641892360631,0.0469821482919001,0.003753662472036769
405,1,2,0.13304553990990448,0.4059644058809801,0.46099005420911543
406,0,0,0.8386781279706971,0.1487264047487102,0.012595467280592609
407,0,1,0.38847739034469797,0.47601963737859193,0.13550297227671024
408,0,0,0.8362317880919912,0.14549663593486617,0.018271575973142676
409,0,0,0.5737843655976013,0.3632533170811369,0.06296231732126191
410,0,0,0.9140630609414881,0.07660701857460549,0.009329920483906332
411,2,1,0.0282608606769407,0.6474470296693164,0.32429210965374294
412,2,1,0.03957890729915178,0.5906645379258748,0.36975655477497343
413,1,1,0.3916525432850351,0.46935163425252535,0.13899582246243955
414,1,1,0.23603111569830443,0.6114926734056435,0.1524762108960521
415,1,1,0.08644049829635081,0.6910506047528692,0.22250889695078005
416,1,1,0.1976346457497254,0.5334226583469859,0.2689426959032886
417,0,0,0.9779321826431564,0.020266153400178396,0.0018016639566653249
418,2,1,0.11067349295926186,0.4974621033117232,0.3918644037290149
419,0,0,0.9598724745725902,0.037292521106545566,0.002835004320864206
420,0,0,0.43344425824981914,0.3232510193515578,0.24330472239862302
421,2,1,0.08514478600101244,0.661748861387491,0.2531063526114965
422,0,0,0.6136003896157582,0.2849857415963679,0.10141386878787383
423,1,1,0.2578326556621749,0.50501203019329,0.23715531414453525
424,2,2,0.03708329885654485,0.31920750228691125,0.6437091988565439
425,1,0,0.5200012591058674,0.41715447561123614,0.0628442652828964
426,0,0,0.5760937657279576,0.3329503094548591,0.09095592481718327
427,2,1,0.2383798141548337,0.5163016102976958,0.24531857554747044
428,0,0,0.8803064849134514,0.11253098187325826,0.0071625332132901395
429,0,0,0.760579046472548,0.2096873040964214,0.029733649431030556
430,2,2,0.009923957095009532,0.1719103889229293,0.8181656539820612
431,0,0,0.9588071103420427,0.03686959908873062,0.00432329056922677
432,2,1,0.13072764823013072,0.6244555451128069,0.24481680665706237
433,0,0,0.944146138966923,0.054222168201671306,0.0016316928314056294
434,0,0,0.5857166870662432,0.3508005678739936,0.06348274505976308
435,1,1,0.232540980539113,0.5517506311018537,0.21570838835903317
436,0,1,0.43295170116406795,0.4470235371439609,0.12002476169197107
437,2,1,0.058897414515760076,0.48946131822573596,0.45164126725850406
438,1,0,0.44310440628524195,0.3906350909546186,0.16626050276013946
439,2,2,0.07633674223405658,0.20021421205226805,0.7234490457136754
440,1,1,0.31271245917406654,0.5020308874060763,0.18525665341985714
441,0,0,0.6336334374235465,0.3266286818385226,0.03973788073793093
442,0,0,0.8881951750751003,0.09582312817041262,0.015981696754487004
443,1,0,0.6874136550820431,0.1842541463941541,0.1283321985238029
444,0,0,0.9621752556956037,0.03313265402442747,0.004692090279968972
445,0,0,0.8378861256834889,0.14750128086719158,0.014612593449319639
446,0,0,0.755349515831794,0.20652002567182046,0.038130458496385605
447,0,0,0.8100249348731896,0.16873455977937388,0.021240505347436486
448,0,0,0.9018087076935962,0.08663270877970157,0.011558583526702216
449,0,0,0.9326562923279775,0.06165662143174101,0.005687086240281524
450,1,1,0.24548186985734827,0.5415543571303545,0.21296377301229732
451,2,0,0.48016362381028194,0.4212749699366889,0.09856140625302916
452,0,0,0.44750216582739083,0.41815188877253473,0.13434594540007444
453,1,0,0.5050936499081229,0.4301600293967571,0.06474632069512012
454,0,0,0.85901638491471,0.13165527224380813,0.00932834284148188
455,1,1,0.31304497334677667,0.49515753271205365,0.19179749394116963
456,0,1,0.3315774222465561,0.5539030136186344,0.11451956413480942
457,1,0,0.5948353689393292,0.3316886783671813,0.07347595269348958
458,2,1,0.16013310244667728,0.42784213908740665,0.4120247584659161
459,1,0,0.4623236114838865,0.42581793242683447,0.11185845608927902
460,1,1,0.415383673040181,0.4707997726420513,0.11381655431776777
461,1,0,0.6212122885686772,0.28353934873411785,0.09524836269720503
462,0,0,0.8085979496980595,0.17652058484436547,0.014881465457574893
463,1,1,0.34907012536788024,0.35034810497129293,0.3005817696608269
464,0,1,0.16568345452660455,0.6193487791298202,0.2149677663435752
465,1,1,0.3247165808543875,0.430906220575086,0.24437719857052656
466,1,1,0.18007906117341926,0.5117966345918677,0.3081243042347131
467,1,2,0.13894878585871911,0.36924640546146476,0.491804808679816
468,1,1,0.20441646466289493,0.4360787161680149,0.3595048191690901
469,1,0,0.7433901583409862,0.23035183558870415,0.026258006070309696
470,2,1,0.18902125347814439,0.4650766116391114,0.34590213488274413
471,1,0,0.6724065066595167,0.24224745866972655,0.08534603467075678
472,2,2,0.14795578477279608,0.3565474941344821,0.49549672109272175
473,0,0,0.911226497287877,0.08071741327670798,0.00805608943541501
474,0,0,0.6569149051720629,0.3013870699281953,0.041698024899741934
475,1,1,0.21661035979978407,0.6828009495591613,0.10058869064105479
476,0,0,0.9145726112448275,0.07693044231148874,0.00849694644368362
477,1,1,0.09405066175792343,0.6243120656870639,0.28163727255501264
478,1,1,0.21096369951904165,0.4524035751025035,0.3366327253784549
479,1,1,0.06768579963696839,0.6800746309444082,0.2522395694186235
480,0,0,0.9817361210535537,0.016689696953244588,0.0015741819932017012
481,0,1,0.43873464045157406,0.4398754720945693,0.12138988745385662
482,1,1,0.32613229363729174,0.3875226778968096,0.2863450284658987
483,2,2,0.02121524476123298,0.2346815568573081,0.7441031983814589
484,1,1,0.3460999286699462,0.485890047198623,0.16801002413143074
485,0,1,0.36739347332827027,0.49730123651577846,0.13530529015595127
486,0,2,0.020277388227707364,0.4157717309477997,0.563950880824493
487,2,1,0.2033669961572814,0.5569844984042387,0.23964850543847996
488,2,1,0.09239790925399374,0.723420689294378,0.18418140145162834
489,0,1,0.2933713634289627,0.5490233504478371,0.15760528612320002
490,1,1,0.10770135167630839,0.49632449764368153,0.39597415068001
491,1,0,0.6642323953246945,0.2752528094881062,0.06051479518719938
492,0,1,0.3033281628459642,0.5939355834639971,0.10273625369003865
493,2,2,0.015512017623722448,0.27857471539055495,0.7059132669857227
494,0,0,0.554863121197564,0.3333890840717868,0.11174779473064929
495,0,0,0.8493256823131928,0.10260187294148562,0.048072444745321435
496,2,1,0.3481700521060309,0.42035642690332903,0.23147352099064003
497,1,1,0.323348356293849,0.4884388013186533,0.18821284238749755
498,1,1,0.29206433850099267,0.4945203560792888,0.21341530541971843
499,0,0,0.5278023358160179,0.36119930453230104,0.11099835965168106
500,1,0,0.7143599478448885,0.23361929555677838,0.052020756598332954
501,0,0,0.49018959872711165,0.4166356856190275,0.09317471565386085
502,2,2,0.0064346377749261024,0.1732541225403838,0.8203112396846901
503,0,0,0.851377431338834,0.1352038911641745,0.013418677496991471
504,0,0,0.8703052417801658,0.10580442464521396,0.02389033357462023
505,1,0,0.5639059773768512,0.3314814500386345,0.10461257258451438
506,0,0,0.5887822565482044,0.3514543046697489,0.059763438782046686
507,1,1,0.09357976603483426,0.5040337041920512,0.40238652977311457
508,1,0,0.7060929225247327,0.2672338352881717,0.02667324218709561
509,1,1,0.13339902109956991,0.6639499397610729,0.20265103913935723
510,1,1,0.18028120857457755,0.4214739506726317,0.3982448407527908
511,2,2,0.04912779804925496,0.3908704240502104,0.5600017779005346
512,2,1,0.18668852173316003,0.4736977748449118,0.3396137034219282
513,0,0,0.9477580337468543,0.04523756263472247,0.007004403618423183
514,0,0,0.8704770110920754,0.10758161088876443,0.021941378019160133
515,1,0,0.5953337785875862,0.2585967842771485,0.1460694371352652
516,2,2,0.06354723258321517,0.2705550705143136,0.6658976969024712
517,0,0,0.6055371332266242,0.3162573341397383,0.07820553263363754
518,0,0,0.6524712554265546,0.31090113572279393,0.036627608850651416
519,1,1,0.22973202220709413,0.5884285496151012,0.1818394281778046
520,0,0,0.5097178452797395,0.43721349637092904,0.053068658349331325
521,1,0,0.4730268737486945,0.385848213418646,0.14112491283265957
522,0,0,0.8707848277155361,0.10442903638778991,0.0247861358966739
523,0,0,0.5286700639587114,0.3685770380049194,0.1027528980363692
524,0,0,0.8395343063987516,0.1220974733915535,0.038368220209694937
525,1,1,0.2744130455398467,0.5694930821468152,0.15609387231333813
526,2,1,0.0622857438505112,0.5897923883418175,0.34792186780767137
527,0,0,0.9091178070050085,0.07761743309399939,0.013264759900992058
528,0,1,0.344214423558645,0.44595439690503264,0.2098311795363224
529,0,0,0.9247233997459431,0.06238052022254268,0.012896080031514108
530,1,1,0.2911059219449941,0.3872867793083899,0.32160729874661603
531,0,0,0.6421538830839315,0.3233835157293646,0.03446260118670384
532,2,0,0.6564490872798979,0.2729205419681,0.07063037075200199
533,1,0,0.5468011795206087,0.35325299362550866,0.09994582685388277
534,0,0,0.9699676166918423,0.02770627732225088,0.0023261059859069357
535,1,1,0.1263232377775881,0.6210462213740465,0.2526305408483655
536,0,1,0.32222382882404293,0.5906882359082993,0.08708793526765762
537,0,1,0.42650747514031334,0.47890785001360225,0.09458467484608447
538,1,2,0.2873046227329901,0.1937359874257614,0.5189593898412485
539,2,2,0.015410674795851625,0.17105391070668435,0.813535414497464
540,2,1,0.05616981603734784,0.552775663447838,0.3910545205148142
541,2,2,0.10443272600483365,0.3200181190701708,0.5755491549249956
542,2,1,0.1767313486317209,0.5587686192009734,0.26450003216730567
543,1,0,0.5447858102883967,0.2915927888276761,0.16362140088392726
544,0,0,0.8950517865330481,0.08095790352889934,0.02399030993805256
545,1,0,0.4373616515260076,0.3749598467219888,0.18767850175200362
546,1,1,0.4024156194585557,0.4417750343451016,0.15580934619634265
547,0,0,0.6316831925778758,0.276424239416908,0.09189256800521627
548,1,2,0.025634340003380704,0.1256573799410812,0.8487082800555381
549,0,1,0.0918095280314123,0.6951185434550264,0.2130719285135613
550,0,0,0.7649854087814304,0.21454014374103778,0.020474447477531937
551,0,0,0.9554385578109258,0.03801355845798344,0.006547883731090649
552,2,1,0.21233774805034444,0.5448096778658835,0.24285257408377192
553,2,1,0.04664700237962249,0.487350480841978,0.46600251677839954
554,0,0,0.9369222603840367,0.05563267589857287,0.0074450637173904275
555,1,2,0.1635058591995485,0.4168215333541528,0.41967260744629875
556,0,0,0.9196665675553218,0.06947219185197802,0.010861240592700229
557,1,2,0.11934153596596547,0.3121454992024394,0.5685129648315951
558,1,0,0.7956890563002198,0.14990332325838193,0.05440762044139813
559,1,1,0.11853513051492917,0.5250844711301788,0.35638039835489205
560,0,0,0.8254734671503026,0.14503017992956468,0.029496352920132744
561,1,2,0.09293900882402725,0.2967789954268399,0.6102819957491329
562,2,2,0.14566275196735343,0.36879361510190306,0.4855436329307434
563,2,1,0.380054897585846,0.495524195009761,0.1244209074043929
564,2,2,0.05108647808689354,0.40028521537114725,0.5486283065419592
565,0,0,0.5734439212841226,0.35534772854548374,0.0712083501703938
566,1,1,0.33953365406212044,0.49323114141655694,0.16723520452132257
567,0,0,0.9316189694519573,0.06351486718605623,0.004866163361986437
568,0,1,0.4306172708658992,0.4614677256782913,0.1079150034558096
569,2,1,0.16868838677160275,0.6562722403738607,0.17503937285453658
570,0,0,0.39459184458213875,0.27823279406672063,0.3271753613511407
571,1,0,0.5543844721986224,0.38436669478227753,0.06124883301910014
572,1,1,0.30670735273016614,0.5402821063405965,0.15301054092923744
573,0,0,0.8988009392106903,0.08007047695041732,0.02112858383889231
574,2,1,0.23916943542900646,0.6145479783112082,0.1462825862597853
575,0,0,0.5968839435253686,0.34968778891363145,0.05342826756100001
576,1,1,0.10809628808912951,0.6851536723995065,0.20675003951136398
577,1,0,0.6006515578215635,0.3334836585233785,0.0658647836550579
578,0,0,0.7117557251551593,0.2464742855686478,0.0417699892761929
579,0,0,0.6127204094772414,0.33079545949039757,0.056484131032360954
580,1,0,0.627748575913024,0.32114772580628825,0.05110369828068768
581,1,1,0.21838508114381616,0.6333976871831113,0.14821723167307255
582,1,1,0.2870468958401674,0.4801779327241046,0.23277517143572787
583,2,2,0.06606381216345932,0.3654691057115601,0.5684670821249805
584,2,1,0.08656701452953573,0.5353781189942382,0.37805486647622616
585,0,0,0.8276684712811744,0.16157278051324767,0.010758748205577947
586,1,1,0.2458721834066115,0.48703080591740716,0.2670970106759815
587,0,0,0.9242617374024775,0.06925827915351296,0.006479983444009612
588,2,2,0.026682194098392755,0.44443763676123305,0.5288801691403742
589,0,0,0.8330083676161185,0.14375202283026028,0.023239609553621306
590,2,2,0.00774072190346683,0.07130674832710983,0.9209525297694232
591,1,1,0.2365127213580466,0.5124726701371847,0.2510146085047687
592,1,1,0.08069955825238108,0.5658520714701061,0.35344837027751286
593,1,1,0.08541583374851622,0.8075266406275126,0.10705752562397135
594,1,2,0.038183661958187266,0.41534120250713374,0.546475135534679
595,2,1,0.2001897252607336,0.6278369500179563,0.1719733247213101
596,0,0,0.5423030421067112,0.3468713122342153,0.1108256456590735
597,0,1,0.23168464123382132,0.6319232266626719,0.13639213210350684
598,0,1,0.3062040988626941,0.5960145810310583,0.09778132010624747
599,0,0,0.7607547578823995,0.20967070052241124,0.02957454159518938
600,1,1,0.37656396743252424,0.5256304385901133,0.09780559397736267
601,0,0,0.9758648729709729,0.022892805567559592,0.0012423214614673461
602,0,0,0.8586762682366285,0.1304094642493847,0.010914267513986761
603,2,2,0.046438224959589734,0.43366751612420884,0.5198942589162014
604,1,0,0.5155155062559096,0.4289347125185952,0.05554978122549516
605,0,0,0.8168755108503527,0.16501826953722168,0.018106219612425527
606,0,0,0.8851525331460455,0.09944907719578663,0.015398389658168057
607,0,0,0.9564180844453002,0.039177200920559103,0.00440471463414075
608,0,0,0.89303654532982,0.09902129178754968,0.007942162882630196
609,0,0,0.482663647176539,0.41865650185886666,0.09867985096459446
610,2,1,0.07076423078031335,0.48590785107079976,0.44332791814888695
611,0,0,0.9242318230286198,0.06495375717046213,0.01081441980091792
612,2,2,0.006670165529046528,0.10249267076796534,0.8908371637029882
613,1,1,0.15221392367198625,0.4796041288105548,0.3681819475174589
614,0,0,0.614929295014382,0.302707828545638,0.08236287643997994
615,0,1,0.2020811364697067,0.5080113730758353,0.2899074904544579
616,0,0,0.8967541618043159,0.09620081071666603,0.007045027479018077
617,0,0,0.821244393181194,0.1644759252300073,0.014279681588798733
618,1,2,0.044642880167034535,0.374552660379852,0.5808044594531134
619,0,0,0.6655202367157105,0.2757579321058589,0.058721831178430633
620,1,1,0.3262368651152508,0.3821122178499081,0.2916509170348412
621,2,1,0.11555198975211096,0.47994350854108303,0.404504501706806
622,0,0,0.7716962951289228,0.20098261635708103,0.027321088513996165
623,2,2,0.008680496788945035,0.24687650803876435,0.7444429951722905
624,1,1,0.34898285532886536,0.44284642461498047,0.2081707200561542
625,0,0,0.897854405476076,0.09600700247623252,0.0061385920476915955
626,1,0,0.5172831484223532,0.2867836187723635,0.19593323280528338
627,0,0,0.47896103859788414,0.3525172968574225,0.1685216645446934
628,2,2,0.005440460505344438,0.2256405324410371,0.7689190070536185
629,0,0,0.9143293268441495,0.07689354666276493,0.008777126493085553
630,0,0,0.6786867170117595,0.2937309845660745,0.02758229842216604
631,2,2,0.01565756376483943,0.23475327132234763,0.7495891649128129
632,2,1,0.22904295282467277,0.6043912663299708,0.16656578084535656
633,0,0,0.7733168535075069,0.20424755158471566,0.022435594907777297
634,1,2,0.12211663559964928,0.3505842974267151,0.5272990669736355
635,0,1,0.30420467262542905,0.6170943686048955,0.07870095876967552
636,0,0,0.7562864409868035,0.21747151087643332,0.026242048136763133
637,0,0,0.8992028307923148,0.08939392048790717,0.011403248719778124
638,2,1,0.3701191504927706,0.4493355079852395,0.18054534152198978
639,1,2,0.02983802046212986,0.3391573938229363,0.6310045857149338
640,0,1,0.40154158744910246,0.46108021721071707,0.1373781953401804
641,0,0,0.7377026517710588,0.20513748950097746,0.05715985872796377
642,1,2,0.23321977365672822,0.261446361226445,0.5053338651168269
643,1,0,0.4450491848604064,0.38766266810289757,0.16728814703669587
644,0,1,0.33107214186561623,0.48764085040008276,0.18128700773430093
645,1,1,0.2939670552724449,0.6130234110979424,0.0930095336296127
646,2,2,0.020611708949409505,0.227111491608397,0.7522767994421935
647,0,0,0.5842303108702304,0.33995900572390214,0.07581068340586751
648,0,1,0.40104873721757156,0.5119915931550264,0.08695966962740206
649,0,0,0.6246347434006353,0.3462990594000995,0.029066197199265197
650,2,2,0.005829273223910569,0.07978665636674985,0.9143840704093396
651,0,0,0.8341128826178306,0.14800229632780854,0.017884821054361
652,2,1,0.18420617761745756,0.6566024527706397,0.15919136961190264
653,1,2,0.16591870361752423,0.33709135830769643,0.4969899380747793
654,2,2,0.018100595944201107,0.45819799483097506,0.5237014092248238
655,1,1,0.1540058704130888,0.6131525500081282,0.23284157957878307
656,0,0,0.8126033648672021,0.1384029822620523,0.048993652870745634
657,1,1,0.3057286839636703,0.4666752893088004,0.22759602672752918
658,0,1,0.3631343694375953,0.536460471300629,0.10040515926177569
659,1,1,0.1445647671025704,0.5089352970728682,0.3464999358245614
660,1,1,0.4232637175245217,0.5050044156597749,0.0717318668157033
661,2,2,0.03846369958076755,0.3541852069519313,0.6073510934673011
662,1,0,0.4367328564889908,0.3426515360127968,0.2206156074982124
663,0,0,0.5485937923217302,0.33757879343936475,0.11382741423890502
664,1,1,0.24495507955211182,0.5535499408448566,0.20149497960303142
665,2,2,0.008388324444695911,0.1474724449817611,0.844139230573543
666,1,1,0.31123352683314615,0.5941960191880614,0.09457045397879245
667,2,1,0.18655676886047043,0.6519298745007713,0.16151335663875827
668,1,0,0.7349074942904766,0.2244200881482503,0.04067241756127299
669,0,0,0.5167897512402583,0.43191192632826925,0.05129832243147247
670,1,1,0.40394169531132784,0.5050895090065542,0.09096879568211795
671,0,0,0.5733217496846849,0.3643905028100575,0.06228774750525759
672,1,1,0.21849502245803415,0.5075612946000156,0.27394368294195026
673,0,0,0.8288980406230193,0.15757735062238537,0.013524608754595274
674,0,0,0.5282665181095696,0.3878836520116432,0.0838498298787872
675,0,0,0.6443944610028746,0.3200022670206036,0.03560327197652188
676,2,1,0.05612505626072369,0.6083524635516739,0.33552248018760245
677,0,0,0.426618059122134,0.3867624767158777,0.1866194641619881
678,0,1,0.2183040155341709,0.5789308179929777,0.2027651664728513
679,0,0,0.9264721580197127,0.062404010081669375,0.011123831898618005
680,0,0,0.5298649195400985,0.43388315868390637,0.03625192177599517
681,0,0,0.7351019030173984,0.23519387876211822,0.029704218220483313
682,1,1,0.3581481546358468,0.4824609051222854,0.15939094024186773
683,2,2,0.016544596400372372,0.29349009654205294,0.6899653070575746
684,1,1,0.24812331396223936,0.6230808980685599,0.12879578796920071
685,0,0,0.9115007056265488,0.0819212000148278,0.006578094358623416
686,1,1,0.1360726213257895,0.5909882834253437,0.27293909524886667
687,1,0,0.8493549772558164,0.10787336237736077,0.04277166036682267
688,0,0,0.7563644963027264,0.20769856848379054,0.035936935213483054
689,2,2,0.02649121776716492,0.41477797203591005,0.558730810196925
690,1,0,0.6415695814227598,0.22586072690896847,0.13256969166827168
691,0,0,0.8285213888259465,0.1593994868173877,0.01207912435666583
692,0,0,0.9726810192973968,0.023539679670891545,0.0037793010317118646
693,0,0,0.6177056549378459,0.3357610360679685,0.04653330899418574
694,0,0,0.7158208185271717,0.25819081170321867,0.02598836976960963
695,1,1,0.11185008439425141,0.5221664528438009,0.36598346276194765
696,0,0,0.46056283027379086,0.4311930026269032,0.10824416709930607
697,1,1,0.4607507660245066,0.4860367030725564,0.053212530902937115
698,0,1,0.25677346877097695,0.42569730808483025,0.3175292231441927
699,1,1,0.25530082024801376,0.5337794742577748,0.21091970549421138
700,0,0,0.6884414333282207,0.28549230273948006,0.026066263932299157
701,0,0,0.9527339372633572,0.04436034427117069,0.002905718465471991
702,0,0,0.6098810518820497,0.36280166380670237,0.027317284311247875
703,0,0,0.873317568163761,0.11361961631853931,0.013062815517699732
704,0,0,0.8135344058116994,0.17595274954945528,0.010512844638845264
705,1,2,0.05505261245880784,0.36733833894509027,0.577609048596102
706,2,2,0.0978226548320166,0.37312425482894157,0.5290530903390419
707,1,1,0.35880767657176554,0.44703576248482246,0.19415656094341202
708,1,1,0.19424485022739707,0.6688802271165218,0.13687492265608106
709,1,0,0.5171875445164636,0.4000408543438989,0.08277160113963752
710,1,0,0.5170468343275977,0.43383249990601486,0.049120665766387475
711,0,0,0.8751909336431137,0.11523128121025804,0.009577785146628302
712,1,1,0.0979040636052118,0.5403452441152522,0.3617506922795361
713,2,2,0.01875726680429686,0.1493587609257141,0.831883972269989
714,2,1,0.04388827628871485,0.559046135255172,0.39706558845611306
715,1,0,0.6297563149109011,0.3064790951199522,0.0637645899691467
716,2,2,0.011915510024903936,0.08267366170507036,0.9054108282700257
717,1,1,0.3409822021929456,0.4426994402630282,0.21631835754402623
718,2,1,0.14959599925187628,0.679372440990273,0.1710315597578506
719,0,0,0.7666769800332557,0.21128183021350458,0.022041189753239782
720,1,0,0.4807245012917996,0.4606854795748266,0.05859001913337383
721,2,2,0.04044090530404072,0.35253508263691563,0.6070240120590437
722,0,1,0.3953649227399452,0.49707643341068103,0.1075586438493738
723,0,1,0.2582606174664537,0.3778778855421566,0.3638614969913897
724,0,0,0.5884549813459196,0.3451565379100425,0.06638848074403801
725,1,0,0.4805286838243485,0.4115743133461289,0.10789700282952261
726,2,0,0.41633194166290577,0.37583802100795216,0.2078300373291421
727,2,2,0.04522511318271226,0.39176025971231127,0.5630146271049765
728,1,1,0.1029059527128326,0.5222518756872726,0.37484217159989475
729,0,0,0.43472045645569823,0.37776558303466606,0.1875139605096357
730,0,0,0.7573781142568254,0.2193959486372284,0.023225937105946108
731,2,1,0.07828573296875715,0.46818472621698193,0.45352954081426083
732,2,2,0.026471568775167646,0.3122308007624388,0.6612976304623935
733,1,1,0.24304019829224205,0.4836362553687612,0.27332354633899686
734,0,0,0.8740281197671697,0.11442682767126466,0.011545052561565624
735,2,2,0.01076062026197282,0.22340074277709784,0.7658386369609294
736,1,2,0.13686073556096306,0.36239869646997347,0.5007405679690635
737,0,1,0.18942267192298343,0.6000984786349065,0.21047884944211
738,1,1,0.2887358980006628,0.47237183259874466,0.2388922694005924
739,0,0,0.970871532681453,0.02511498523541603,0.004013482083130963
740,1,1,0.238203189601169,0.44728535923919194,0.3145114511596391
741,0,0,0.9641339815427069,0.03162758093335223,0.00423843752394076
742,2,2,0.03179250955405648,0.23628103033199846,0.7319264601139451
743,0,0,0.9639386172362031,0.032385595203783896,0.003675787560012842
744,2,2,0.00882627845536156,0.21429294803754884,0.7768807735070896
745,0,0,0.5600162350096438,0.3457588570944639,0.0942249078958924
746,0,0,0.9525233254354305,0.04406044719282738,0.003416227371742162
747,1,0,0.6023574847825881,0.33530555279111,0.062336962426301906
748,1,2,0.19640433125144693,0.3910559551159198,0.4125397136326332
749,1,1,0.21187011755808685,0.5097300497390496,0.27839983270286356
750,1,0,0.42939989075843427,0.3960268105005594,0.17457329874100644
751,0,0,0.7481039334447711,0.21811124635373613,0.03378482020149291
752,0,0,0.6427090781354979,0.2886601253650597,0.06863079649944238
753,0,0,0.6053884066722123,0.26243571200345306,0.13217588132433467
754,0,0,0.9499090482927778,0.04367383588447753,0.006417115822744714
755,0,1,0.39407009616763955,0.4377195788162277,0.16821032501613273
756,0,0,0.9630782465821301,0.03347989383285137,0.003441859585018409
757,2,2,0.12328204494005775,0.3801288132881898,0.49658914177175234
758,1,0,0.5915444509647334,0.3088565121137678,0.0995990369214987
759,1,0,0.6948959014219288,0.2700131394937317,0.03509095908433938
760,0,0,0.8745348899753003,0.09839835740475127,0.027066752619948377
761,1,1,0.3224609092465617,0.5837216748298002,0.0938174159236381
762,1,1,0.19794487329488342,0.5823877964801261,0.21966733022499058
763,1,1,0.21461249723214684,0.6308410485282624,0.15454645423959074
764,0,0,0.6375538419499727,0.2694273553683954,0.09301880268163193
765,0,1,0.13545996926415457,0.7174225264180806,0.147117504317765
766,0,0,0.9069337787883968,0.0791128934061523,0.013953327805451016
767,1,2,0.08439443387034293,0.40896661044189797,0.5066389556877592
768,1,1,0.15285587678045315,0.5301199020576912,0.31702422116185575
769,1,1,0.37246983507392284,0.39454364379552226,0.23298652113055496
770,2,1,0.1446703224965068,0.6828812926661916,0.17244838483730157
771,0,0,0.8336277202795135,0.14925946487935604,0.017112814841130423
772,1,1,0.15251499020862833,0.7350369033268741,0.11244810646449759
773,0,0,0.9849521726549679,0.014148894004455022,0.0008989333405770878
774,1,1,0.17342788108079665,0.5843549100734663,0.24221720884573714
775,2,1,0.09309505201419525,0.7486567342914279,0.15824821369437692
776,0,0,0.6278097799294484,0.33043131767960726,0.04175890239094433
777,1,0,0.3544470948286969,0.341798289200609,0.3037546159706942
778,2,1,0.37214501775930897,0.5650626408197155,0.06279234142097562
779,0,0,0.9177138851213499,0.06527891028149253,0.01700720459715757
780,0,0,0.8847271086466172,0.10439034313724509,0.010882548216137839
781,0,0,0.7556519218136808,0.19548781448499472,0.04886026370132452
782,1,1,0.402664631851166,0.4486256704349267,0.1487096977139074
783,0,0,0.9762266181478931,0.01974756307921639,0.0040258187728904335
784,1,0,0.43810295148293216,0.3644701485032504,0.19742690001381752
785,1,0,0.5641177576885351,0.3164329600638528,0.11944928224761212
786,0,0,0.8549508800887644,0.1284902192233962,0.016558900687839294
787,0,0,0.6727042661634848,0.25293329631851563,0.07436243751799962
788,0,0,0.4085775428320113,0.40453367412803126,0.18688878303995754
789,0,0,0.8360158702898831,0.14797365253018038,0.01601047717993654
790,1,0,0.6720289874633678,0.2802391474772611,0.047731865059371055
791,1,1,0.419652630167217,0.4619877010271326,0.11835966880565024
792,2,2,0.06184286333484602,0.15152326164069949,0.7866338750244546
793,0,0,0.9835011050341419,0.015437352194017194,0.0010615427718409405
794,2,2,0.0035626804167003755,0.06068255293862414,0.9357547666446755
795,2,1,0.15972387548687206,0.46161809949318733,0.3786580250199407
796,2,2,0.028675010343126892,0.21798087263290108,0.753344117023972
797,1,0,0.5468317258190489,0.36741020109865796,0.08575807308229305
798,0,1,0.3609606602128352,0.5119466558827767,0.12709268390438816
799,0,1,0.3003257774357803,0.5913890377331874,0.10828518483103233
800,1,1,0.39297670022171816,0.4132215581246942,0.19380174165358766
801,2,2,0.006514273718113612,0.1618206502559468,0.8316650760259396
802,0,1,0.16730968950120859,0.7276731916706587,0.10501711882813279
803,2,2,0.03448092330237167,0.36586439570118623,0.5996546809964421
804,1,1,0.3539318368050051,0.3769134017303504,0.26915476146464457
805,0,0,0.9593797046128865,0.035230839160898676,0.005389456226214958
806,1,1,0.26257384261868166,0.6265650039566077,0.11086115342471056
807,0,0,0.5071200627376807,0.438410911375974,0.05446902588634533
808,1,0,0.5490593725261514,0.3370498214299006,0.11389080604394798
809,0,0,0.6445237143223201,0.3039202559626906,0.05155602971498922
810,1,0,0.5904548307131289,0.33066958561692317,0.07887558366994794
811,0,0,0.5250363883284189,0.32902108010391273,0.14594253156766843
812,0,0,0.7862536004893106,0.18731833041165014,0.026428069099039275
813,1,1,0.11775942275346407,0.6310514354639856,0.25118914178255036
814,0,0,0.8782379639320663,0.09985388698652696,0.021908149081406605
815,0,0,0.673755936896292,0.2309453323509978,0.09529873075271032
816,2,1,0.049843603244172384,0.6685113287556929,0.2816450680001346
817,0,0,0.48752738975354254,0.34506119637337623,0.16741141387308123
818,0,0,0.8341678168405878,0.14325825878569964,0.022573924373712445
819,0,0,0.607993480272571,0.32975116195778437,0.0622553577696444
820,0,0,0.4736161595140004,0.4539830984030406,0.07240074208295902
821,0,1,0.2134547082770847,0.5603177117960635,0.22622757992685186
822,1,1,0.09215878284871883,0.5300758892807664,0.37776532787051464
823,0,0,0.8665464696815725,0.12348665954400276,0.009966870774424727
824,1,1,0.17592242566936792,0.6875261096763581,0.136551464654274
825,2,1,0.33478371474774377,0.5274900811542611,0.13772620409799516
826,0,0,0.8521759784124907,0.13926075294308168,0.008563268644427583
827,1,1,0.3836584747849932,0.5151483828656713,0.10119314234933544
828,2,1,0.06332198006044397,0.5484094093564845,0.38826861058307144
829,2,2,0.012528567450663917,0.0890382434409663,0.8984331891083698
830,0,0,0.5190923144468291,0.4178574813554533,0.06305020419771765
831,1,0,0.46897075906653046,0.4561859252127123,0.0748433157207573
832,0,1,0.4730580034793278,0.47650010198061143,0.0504418945400608
833,0,0,0.8793115842669315,0.10358560976996217,0.017102805963106475
834,0,0,0.795349000299247,0.1658525240627877,0.03879847563796534
835,1,1,0.30933915667908063,0.5820999642779121,0.1085608790430073
836,0,1,0.12302704737422203,0.7089391589092148,0.16803379371656307
837,1,1,0.18131913727168114,0.48227332873219564,0.33640753399612316
838,0,0,0.8031961467501514,0.16957268684067708,0.027231166409171555
839,1,1,0.10417531112576531,0.60104277859278,0.29478191028145473
840,1,1,0.24993591443083507,0.5981173933648638,0.15194669220430113
841,1,0,0.8091082271496997,0.1545814931125876,0.036310279737712725
842,0,0,0.451240447189791,0.36485920791088416,0.18390034489932486
843,1,1,0.20180655139184164,0.6242256943667736,0.17396775424138478
844,0,0,0.8983321040528292,0.08837979244880378,0.013288103498366993
845,0,0,0.7403997128034823,0.22287121007184518,0.036729077124672584
846,1,1,0.31098349374536655,0.4849986535088721,0.2040178527457614
847,1,0,0.6899668042252749,0.24020165555435188,0.06983154022037319
848,2,2,0.005326755738662259,0.17491999755540888,0.8197532467059289
849,1,1,0.10719968921879268,0.6461895952187555,0.24661071556245184
850,0,0,0.7542311682371258,0.22149499650342414,0.024273835259449945
851,0,0,0.7208667511192661,0.24105928598385204,0.038073962896881794
852,0,0,0.6345622763327112,0.25596950399087803,0.10946821967641074
853,2,2,0.028108198799646048,0.30323371525608867,0.6686580859442652
854,0,0,0.7347819716336413,0.2409355415519497,0.024282486814408817
855,0,0,0.897688797921803,0.09173838340761027,0.01057281867058662
856,1,1,0.27817371091613524,0.388029009251066,0.3337972798327987
857,0,0,0.7848914829305655,0.1806669829910631,0.03444153407837139
858,1,1,0.37474588223719446,0.39930555699569686,0.2259485607671086
859,0,0,0.439457506978363,0.3356387480272938,0.22490374499434318
860,1,1,0.4473582249985397,0.4567033830430501,0.09593839195841015
861,0,0,0.8040184705901223,0.15949140217168134,0.036490127238196404
862,0,0,0.575576741524286,0.36615277799600887,0.05827048047970523
863,2,2,0.014930685384340916,0.3625765808106983,0.6224927338049607
864,0,0,0.9783506329897543,0.020130357345963752,0.0015190096642817778
865,2,2,0.03068841106652046,0.337950278100282,0.6313613108331975
866,0,0,0.49589247043057366,0.45096236006864454,0.05314516950078173
867,0,0,0.5832940219079514,0.36584631005863805,0.050859668033410535
868,1,0,0.5269478205230427,0.38129311905905106,0.09175906041790627
869,2,2,0.05233094453468956,0.40391888560201644,0.5437501698632939
870,1,0,0.5746711668771102,0.2749346896481943,0.15039414347469554
871,0,0,0.8315002441305405,0.1411045355236149,0.027395220345844684
872,0,0,0.5200832526970388,0.43187072546461214,0.048046021838348996
873,1,0,0.6325560927379925,0.2605575354955734,0.10688637176643402
874,2,2,0.018116928233560654,0.1884061604786851,0.7934769112877542
875,2,1,0.14184393865559072,0.667566935592715,0.1905891257516943
876,0,0,0.6430835909945175,0.3063359945782172,0.05058041442726529
877,0,0,0.7462224706064595,0.21008585618102363,0.04369167321251691
878,0,0,0.48239681324692485,0.4668254457056868,0.050777741047388456
879,1,1,0.2820146548009775,0.6712077969503076,0.04677754824871473
880,0,0,0.9753592811337778,0.022605763688275493,0.0020349551779469187
881,0,0,0.9890964215353143,0.00972905013440418,0.0011745283302814324
882,2,2,0.0568954577915151,0.3858702684754145,0.5572342737330703
883,0,0,0.9821605043619517,0.016856799120610753,0.0009826965174377018
884,0,1,0.2959346671573744,0.5359205429121886,0.16814478993043697
885,0,0,0.9181457684963261,0.05736564457152663,0.024488586932147276
886,2,2,0.004346433915870227,0.07013619715565966,0.9255173689284701
887,1,1,0.37842749691200067,0.5427731547329823,0.07879934835501701
888,2,2,0.1792080953552984,0.3673603957460811,0.45343150889862055
889,1,0,0.4044270902710896,0.28371352040647246,0.3118593893224379
890,1,1,0.44040170323230954,0.47248514288617804,0.08711315388151246
891,1,2,0.33538350133815065,0.18926151701967195,0.4753549816421775
892,1,0,0.5822545429678834,0.3570315342427942,0.060713922789322396
893,1,1,0.18552014878380146,0.48606338353384354,0.32841646768235494
894,2,2,0.014026703291743355,0.27566356766853517,0.7103097290397213
895,1,1,0.33731001398139643,0.5912651162989204,0.07142486971968313
896,2,2,0.022913620949494097,0.29037603967430564,0.6867103393762003
897,2,2,0.2491897603753597,0.2303146421936479,0.5204955974309924
898,2,2,0.02561855007849164,0.1687614137025604,0.805620036218948
899,1,1,0.11025530660034617,0.5268675591696188,0.3628771342300349
900,0,0,0.7297196009706789,0.2569138673455836,0.013366531683737621
901,0,1,0.23995768527067718,0.6340033650575649,0.12603894967175802
902,1,0,0.6814876451350947,0.27598451965846466,0.04252783520644065
903,1,1,0.27455690496812385,0.5451045689562474,0.18033852607562872
904,1,0,0.6840810759613247,0.2607365811286876,0.05518234290998763
905,1,1,0.10554581888070746,0.6736691507436419,0.22078503037565078
906,0,0,0.5547145109298516,0.3996416572532412,0.04564383181690713
907,1,1,0.13712428249205444,0.7436568698169853,0.11921884769096038
908,0,0,0.6745751311774093,0.2802271247874375,0.04519774403515328
909,1,2,0.19222701467396894,0.38008220871536785,0.4276907766106632
910,2,1,0.08482628284052676,0.5398613727929952,0.37531234436647803
911,1,1,0.17919648429318064,0.5632260649617908,0.2575774507450286
912,1,0,0.5123045311554253,0.43125171295649134,0.05644375588808334
913,0,0,0.9478792793788331,0.04203151020979421,0.010089210411372708
914,1,1,0.30632431007185457,0.5218720225742222,0.17180366735392327
915,0,1,0.12094869437011727,0.7719315509776715,0.10711975465221116
916,0,0,0.9062217842765382,0.08870812089624144,0.005070094827220339
917,0,0,0.9367288873178629,0.061084661531086236,0.0021864511510508683
918,1,1,0.32187932999806806,0.6111148809633125,0.06700578903861941
919,2,1,0.2238029576341329,0.7054714898602903,0.07072555250557667
920,2,1,0.22477558914286866,0.6030007013378865,0.17222370951924487
921,2,2,0.03664735785947206,0.2563643838688807,0.7069882582716472
922,2,2,0.020173480260447345,0.220177522732626,0.7596489970069266
923,0,0,0.6768410517748918,0.2786898350195202,0.04446911320558798
924,0,0,0.974662841312917,0.023330970810788543,0.002006187876294324
925,0,0,0.5922966904423264,0.3710554115830452,0.03664789797462853
926,1,1,0.16717910252946439,0.5081007270847574,0.3247201703857782
927,0,0,0.48113534455835066,0.4601570434320421,0.05870761200960724
928,0,0,0.7139350097152887,0.2317031815419742,0.05436180874273709
929,1,0,0.5787924456138398,0.3232001564152046,0.09800739797095573
930,0,0,0.8059210958407845,0.17368126457211697,0.020397639587098535
931,2,2,0.04169409943068718,0.4638854731939381,0.4944204273753747
932,2,1,0.07658784019938314,0.5103168271607129,0.41309533263990394
933,0,0,0.9929222373922763,0.00644371948778246,0.0006340431199413296
934,1,1,0.1900853060484697,0.5892968627611728,0.2206178311903575
935,0,0,0.8221804243145404,0.15980564038654743,0.01801393529891206
936,0,0,0.6754281351204362,0.27929136682750794,0.045280498052055876
937,2,2,0.032334976892085275,0.3032119312217223,0.6644530918861925
938,0,0,0.9411334406152198,0.051543044525070934,0.0073235148597094145
939,0,1,0.20889112694803585,0.42481805554521496,0.3662908175067492
940,0,0,0.9150002296326933,0.07990784633320197,0.005091924034104679
941,0,0,0.6029275909668302,0.34861022341170744,0.0484621856214623
942,0,1,0.3665273162252576,0.4964761691778312,0.13699651459691115
943,2,1,0.11624963493897654,0.5131880551689507,0.3705623098920727
944,0,0,0.9586732849618774,0.03377007246755308,0.007556642570569582
945,2,1,0.17252445644262723,0.6022172679445916,0.2252582756127811
946,2,1,0.08981721370670379,0.4552324998432884,0.4549502864500078
947,0,0,0.9167203250085106,0.07667958049778024,0.006600094493709042
948,1,1,0.228749626871717,0.7019189758570672,0.06933139727121579
949,0,0,0.9077632141695482,0.08650166446051036,0.0057351213699414665
950,0,0,0.9392054033608844,0.05290901462217816,0.007885582016937277
951,0,0,0.6870782625729269,0.27197080754166447,0.04095092988540859
952,1,1,0.20742131780225928,0.567952323646818,0.2246263585509228
953,1,2,0.12921456768003176,0.28284050688007184,0.5879449254398964
954,0,0,0.8629192410563417,0.11665248891954311,0.020428270024115427
955,2,1,0.3255927675401708,0.425314271658318,0.24909296080151122
956,2,0,0.6157791059760863,0.2746016988610519,0.10961919516286184
957,0,0,0.7721103058117124,0.2173487419872283,0.010540952201059267
958,1,1,0.06169196179541434,0.57181583727264,0.36649220093194573
959,2,2,0.004666137405473973,0.07371717532206891,0.9216166872724572
960,2,1,0.25696372989524147,0.48597698263258815,0.25705928747217044
961,0,0,0.5623121381205307,0.3727645145038613,0.06492334737560794
962,0,0,0.7152383889451023,0.2496734109752055,0.03508820007969214
963,2,2,0.013114218965220458,0.1606059602385788,0.8262798207962008
964,0,0,0.5932655640498165,0.3397743246629394,0.06696011128724416
965,0,0,0.7174516101672358,0.24279878844438116,0.039749601388383134
966,1,1,0.15689992439725717,0.5800787693870658,0.26302130621567693
967,1,0,0.4815673317066632,0.4018957411445294,0.11653692714880734
968,0,0,0.6750602333168694,0.2856270471647261,0.03931271951840454
969,1,0,0.5133762293861656,0.3673404931197473,0.11928327749408713
970,1,1,0.1761977695693372,0.6948633078109578,0.12893892261970502
971,0,0,0.9758522173900782,0.02192975549778754,0.002218027112134253
972,0,0,0.9825279488631145,0.01623543516600474,0.001236615970880823
973,1,1,0.3231997888670664,0.5474874681622159,0.12931274297071763
974,2,1,0.08089816569736574,0.4713598571782289,0.44774197712440533
975,1,2,0.1118011454170523,0.2242803291815929,0.6639185254013548
976,1,1,0.15936248474025114,0.6803580615671145,0.16027945369263435
977,0,0,0.9445914872313655,0.050183763450621345,0.005224749318013074
978,0,0,0.9757335618550197,0.02209911614939906,0.0021673219955813225
979,2,1,0.03404153187436369,0.7481564604542023,0.21780200767143404
980,0,0,0.7862812126009661,0.18428707464284502,0.029431712756188912
981,0,0,0.7258581218478957,0.23524127218508117,0.03890060596702317
982,0,0,0.9433301460620503,0.052464139643964014,0.004205714293985594
983,2,1,0.11804121980456596,0.5921252907334352,0.2898334894619988
984,2,2,0.003439199488140731,0.07715273462260087,0.9194080658892585
985,0,0,0.9108038168644229,0.08026444366884744,0.008931739466729736
986,2,2,0.009754492437261342,0.08083661138980282,0.9094088961729357
987,0,0,0.8077092393111425,0.15090290486957866,0.04138785581927886
988,1,1,0.22316974430644188,0.6915359239674347,0.08529433172612336
989,0,0,0.9621735171307535,0.03462662966522863,0.0031998532040178017
990,0,0,0.5144097882610748,0.3972599175823763,0.08833029415654897
991,2,2,0.021568739696082608,0.236038550707571,0.7423927095963464
992,0,0,0.963720072171875,0.03234327702121973,0.003936650806905092
993,1,1,0.1991185948244733,0.5870167050517849,0.21386470012374167
994,0,1,0.3452489872672467,0.4070174213270312,0.2477335914057222
995,1,0,0.4868279177589654,0.4647316010910966,0.04844048114993797
996,0,0,0.801394071526225,0.16219436201633294,0.036411566457442
997,0,0,0.906665888081921,0.08689200687023296,0.006442105047846035
998,1,1,0.15996172874276188,0.4333768666888295,0.40666140456840866
999,1,1,0.32265537318779247,0.42232077706270915,0.2550238497494985
1000,1,1,0.3825359342638509,0.5061257233990314,0.11133834233711766
1001,1,2,0.2860412863976795,0.27255723710220914,0.4414014765001114
1002,0,0,0.9500868262045046,0.04220970965461061,0.007703464140884782
1003,0,1,0.2879966225950294,0.6296942248540778,0.08230915255089277
1004,0,0,0.9783473849380053,0.01941495967708553,0.002237655384909106
1005,1,1,0.20718675309492793,0.5723449042516675,0.2204683426534045
1006,0,1,0.34731458063243936,0.5734946138695379,0.07919080549802268
1007,2,2,0.051144120698443,0.4617542595725981,0.487101619728959
1008,2,2,0.013474497338619882,0.2493273793112963,0.7371981233500838
1009,1,1,0.06019715217763704,0.6893016227324507,0.25050122508991224
1010,0,0,0.9244474053721881,0.06807743151672278,0.007475163111089134
1011,1,1,0.3957655630308285,0.447874069431913,0.15636036753725854
1012,2,1,0.3437673540919945,0.5282999544762089,0.12793269143179656
1013,1,1,0.22826102515400395,0.4717585448566933,0.29998042998930274
1014,2,2,0.06729238042782748,0.374006499177131,0.5587011203950415
1015,0,0,0.448348734282628,0.4163917699549341,0.13525949576243787
1016,2,1,0.04356364105308523,0.5788301347515592,0.3776062241953556
1017,0,1,0.20468001270510283,0.473769630195974,0.3215503570989232
1018,0,0,0.4805970704721074,0.4476393088400923,0.07176362068780022
1019,2,1,0.14497682306588602,0.7393218553657632,0.11570132156835079
1020,0,0,0.933615842130333,0.05900552940295001,0.007378628466717045
1021,2,2,0.02736923648341541,0.32195885976447364,0.6506719037521109
1022,1,1,0.09554478073337833,0.6852317222847232,0.21922349698189852
1023,1,1,0.21718859252390071,0.669989278620937,0.11282212885516237
1024,1,0,0.4519490084636241,0.4142020826067867,0.13384890892958917
1025,2,1,0.11671886316705794,0.6778747915115235,0.20540634532141858
1026,0,0,0.82449390050974,0.15365569288645364,0.021850406603806292
1027,0,1,0.21272535899061418,0.5308096946007462,0.25646494640863954
1028,1,1,0.11736508425894784,0.6407439789251193,0.24189093681593285
1029,2,1,0.05636971228922065,0.6928280495197592,0.2508022381910202
1030,0,0,0.5280012112619584,0.40167536981280844,0.07032341892523317
1031,1,1,0.25717475947122087,0.5934315170919755,0.1493937234368037
1032,0,0,0.9846765705946537,0.013525925696517388,0.0017975037088288717
1033,2,2,0.07967396588273241,0.34290207242037635,0.5774239616968913
1034,1,1,0.12278607585926081,0.5088405427989487,0.36837338134179043
1035,0,0,0.7707475459156188,0.17965022995258206,0.04960222413179909
1036,1,0,0.6679928282637259,0.26690520768903,0.06510196404724422
1037,1,1,0.1569999763642659,0.6900033954256621,0.15299662821007193
1038,2,1,0.07138294480968241,0.4876446465654165,0.4409724086249011
1039,0,0,0.8585150609581895,0.1338290896212849,0.007655849420525406
1040,0,0,0.5973723396469516,0.34716429907114715,0.05546336128190134
1041,1,0,0.5929952784745314,0.20843224382576114,0.19857247769970757
1042,1,1,0.2834808505748925,0.42696118172734426,0.2895579676977633
1043,1,0,0.5156284333912264,0.3567950255860317,0.12757654102274182
1044,0,0,0.9834015173683562,0.015641396195755324,0.0009570864358884232
1045,0,0,0.7451209748837293,0.24371535248165768,0.01116367263461292
1046,1,1,0.36247532940318233,0.4422023382844969,0.19532233231232068
1047,2,1,0.3048192904954026,0.6073418474942944,0.08783886201030291
1048,1,1,0.3132338986706047,0.518274294631781,0.16849180669761435
1049,0,0,0.8241322188203761,0.14256473706182565,0.03330304411779811
1050,0,0,0.7733646055911063,0.1962940074898073,0.03034138691908649
1051,2,2,0.06557077873117152,0.4234177847063425,0.511011436562486
1052,0,0,0.5563721994775775,0.3793601664857531,0.0642676340366693
1053,0,0,0.9669037160555178,0.03016389382257483,0.0029323901219073354
1054,2,2,0.14756718136812452,0.32289351535617616,0.5295393032756993
1055,0,0,0.6653488397904915,0.27073830477348254,0.06391285543602586
1056,2,1,0.07408291855120269,0.4765689111575514,0.4493481702912458
1057,2,1,0.14647245426002076,0.6324172200791893,0.22111032566078992
1058,0,0,0.6862961099934426,0.21684455129886593,0.09685933870769152
1059,0,0,0.5488969339690778,0.3268445488429729,0.12425851718794934
1060,0,0,0.9379469573825838,0.056147798210998315,0.00590524440641782
1061,0,1,0.4226304933222383,0.5348974890528416,0.04247201762492009
1062,0,0,0.8362781194339244,0.14284980169036993,0.020872078875705708
1063,0,0,0.8877381203937834,0.10265990191791706,0.009601977688299469
1064,1,1,0.21146117190611438,0.5054320354081823,0.2831067926857032
1065,0,0,0.981647281183066,0.016842336634102083,0.0015103821828319085
1066,1,1,0.2711582742440923,0.5062754131844432,0.22256631257146453
1067,2,1,0.04669175399900008,0.5668166282052783,0.38649161779572155
1068,0,0,0.9332904736180742,0.0564870873366958,0.010222439045230137
1069,0,0,0.5233818921823931,0.41347296794445715,0.06314513987314983
1070,0,0,0.7051526901806093,0.25313680035555675,0.04171050946383404
1071,0,0,0.5202909475640989,0.3810192662348022,0.09868978620109889
1072,1,1,0.2941666464805031,0.4186527506374273,0.28718060288206954
1073,0,2,0.3099472618383261,0.3033762620278111,0.38667647613386286
1074,0,0,0.8459340260760941,0.13757231810321235,0.016493655820693592
1075,1,0,0.5232399540744546,0.23857652944985194,0.2381835164756935
1076,1,0,0.7282334601829723,0.2401511563218335,0.031615383495194334
1077,2,2,0.08509978967421902,0.32048627591119444,0.5944139344145866
1078,0,0,0.9318949555493213,0.0625768176806003,0.005528226770078409
1079,1,0,0.472637458044533,0.4253155755387911,0.10204696641667596
1080,0,0,0.8431648638149944,0.14166916200680285,0.015165974178202691
1081,2,2,0.09447461370134919,0.3737981623671356,0.5317272239315153
1082,0,0,0.5118773498091681,0.40212468916875876,0.08599796102207315
1083,0,1,0.21368180252074787,0.5094022732691823,0.2769159242100697
1084,2,2,0.0036828481560491613,0.09469190894321279,0.901625242900738
1085,2,1,0.109640574273026,0.7487197042298076,0.14163972149716633
1086,0,0,0.7973567942681314,0.18257533588373506,0.020067869848133378
1087,1,1,0.07862568188026287,0.464578077917299,0.4567962402024382
1088,1,1,0.3080634219656875,0.6075599964038837,0.08437658163042881
1089,0,0,0.60571009756185,0.3287928804293736,0.06549702200877638
1090,1,1,0.31379478163750174,0.38981842155060753,0.29638679681189073
1091,0,0,0.8911251026377617,0.09126047280855222,0.01761442455368594
1092,1,1,0.33213235171086164,0.5572080588107643,0.11065958947837413
1093,2,0,0.6857622345779883,0.2638228067658027,0.050414958656208875
1094,0,0,0.8138706540320196,0.14222897535948983,0.04390037060849053
1095,1,1,0.36256662706583176,0.4201994050853495,0.21723396784881888
1096,0,1,0.20906086025716655,0.5511366005390825,0.23980253920375094
1097,0,0,0.8921946513185652,0.10218803760001939,0.005617311081415241
1098,2,2,0.010681621313346887,0.110211589887769,0.8791067887988842
1099,2,1,0.12138215467675245,0.5629660695645602,0.3156517757586873
1100,0,0,0.7195189980606451,0.21573219711977454,0.06474880481958047
1101,2,2,0.20296698534685223,0.24741297092083123,0.5496200437323165
1102,1,1,0.36758901946926953,0.5440368017387827,0.08837417879194782
1103,0,0,0.749958654875821,0.23125379040678615,0.018787554717392886
1104,1,1,0.32930811941857113,0.45510856198880517,0.21558331859262364
1105,0,0,0.9767542780515481,0.022048301197997354,0.0011974207504546698
1106,1,1,0.19079680764069298,0.7488057323430505,0.060397460016256475
1107,1,1,0.38024539667672,0.48545290897838117,0.1343016943448987
1108,1,1,0.45101984230427244,0.4605908927057719,0.08838926498995578
1109,0,1,0.21865040412397058,0.6669360201097149,0.11441357576631447
1110,1,1,0.29766103864118226,0.4899436059807065,0.21239535537811136
1111,2,1,0.3397921872458665,0.4809826849762595,0.17922512777787386
1112,2,2,0.06787084834587134,0.3317015514269665,0.6004276002271621
1113,1,1,0.4007511402676905,0.5453438793968887,0.05390498033542091
1114,1,1,0.08075294493314289,0.6377105625830991,0.28153649248375806
1115,1,1,0.10118329484537653,0.6246209407267331,0.27419576442789023
1116,0,0,0.8986541400644468,0.0897447583020248,0.011601101633528243
1117,0,0,0.5609968555070979,0.30243617656868554,0.1365669679242166
1118,2,1,0.26282715074872354,0.5392410245200693,0.19793182473120707
1119,0,0,0.9386132347897387,0.05541541665659885,0.005971348553662436
1120,1,1,0.3690695342252952,0.5735193096336155,0.05741115614108925
1121,0,0,0.6590631463199341,0.28896338074152544,0.05197347293854049
1122,1,1,0.363736432586717,0.39327764413925204,0.24298592327403104
1123,0,0,0.7681486161893093,0.20414313974195727,0.027708244068733543
1124,1,2,0.07203402061739297,0.32267470066235676,0.6052912787202502
1125,0,0,0.8746408227064072,0.10941341128509466,0.01594576600849807
1126,1,1,0.37524843745403064,0.4073391246757246,0.21741243787024467
1127,1,0,0.4110498024911577,0.3492014362173298,0.23974876129151257
1128,1,0,0.5889341076582728,0.2929480168915732,0.11811787545015409
1129,0,1,0.12011796212673487,0.6076761707893681,0.272205867083897
1130,0,0,0.9917959813444764,0.007454349445204815,0.0007496692103187117
1131,0,0,0.8746013779296157,0.11457055627493647,0.010828065795447829
1132,0,0,0.6899426754707407,0.283246434449687,0.026810890079572238
1133,0,1,0.40031718954765244,0.43339579339104156,0.16628701706130594
1134,2,2,0.033042272459472694,0.3965445495269693,0.570413178013558
1135,1,1,0.22733409283904335,0.43246664117171896,0.34019926598923766
1136,2,2,0.005289977209656361,0.06077626047416911,0.9339337623161744
1137,1,1,0.14975176651470387,0.4463888624243334,0.4038593710609628
1138,2,2,0.0667179204725021,0.44357930308988863,0.4897027764376093
1139,0,0,0.8688679907042385,0.11282428757164507,0.01830772172411639
1140,1,2,0.018604086815606435,0.16762818209155197,0.8137677310928415
1141,0,0,0.4769642634792693,0.47077873979107643,0.05225699672965431
1142,0,0,0.7132092854282397,0.25104581192373554,0.035744902648024816
1143,2,2,0.02735635498146972,0.14400999382718713,0.8286336511913431
1144,0,0,0.8659719548044307,0.12315343092484642,0.010874614270722945
1145,1,1,0.21096698136859962,0.6774801118289824,0.11155290680241793
1146,2,1,0.09010552856946656,0.4801422980043192,0.42975217342621425
1147,0,0,0.6633398191532658,0.2934782395948274,0.04318194125190693
1148,1,1,0.05240237136097951,0.569771245793715,0.37782638284530545
1149,2,1,0.2253848038437503,0.46310465052461536,0.31151054563163433
1150,2,2,0.028599583164480948,0.31557688318570715,0.6558235336498118
1151,1,0,0.49481686282531945,0.4396157812432443,0.06556735593143619
1152,2,2,0.0170513915927681,0.4364284625064463,0.5465201459007857
1153,0,0,0.8125401344046808,0.1564627585459511,0.03099710704936816
1154,1,1,0.2281913278644468,0.6683687758815516,0.10343989625400166
1155,2,1,0.0699399849221144,0.503801252045311,0.42625876303257465
1156,0,0,0.9080478912434773,0.08186620028519331,0.010085908471329282
1157,2,2,0.05823446732463288,0.19707272347306845,0.7446928092022987
1158,2,1,0.06138550368550989,0.5621890728939466,0.3764254234205435
1159,1,1,0.3191083948976883,0.539420165440656,0.14147143966165582
1160,0,1,0.3068985404146957,0.4710519373871981,0.22204952219810623
1161,0,0,0.7911682721291341,0.17538656906441258,0.03344515880645321
1162,1,0,0.7239343966890233,0.25781505849644387,0.018250544814532865
1163,1,1,0.1286304697277827,0.5119410049489987,0.3594285253232187
1164,2,1,0.2742534719702469,0.4495386950920404,0.2762078329377127
1165,0,0,0.6883761192652736,0.1838607378634694,0.12776314287125703
1166,1,0,0.7948207442592249,0.1753917618692035,0.029787493871571598
1167,1,0,0.7397107786840218,0.24364747898808684,0.01664174232789135
1168,0,0,0.6539495347535704,0.26043177791230215,0.08561868733412735
1169,0,0,0.9636008801617284,0.03338644204914002,0.0030126777891316446
1170,2,2,0.02142231572409196,0.22298521142700276,0.7555924728489053
1171,0,0,0.796925389541844,0.16713014364503823,0.03594446681311779
1172,0,0,0.9248819895849896,0.07011954072936491,0.004998469685645559
1173,2,2,0.07214644738352796,0.46341236948807274,0.4644411831283992
1174,2,2,0.030283832689118672,0.16095193146538858,0.8087642358454926
1175,1,0,0.4813041316248756,0.4604774474951447,0.058218420879979665
1176,2,2,0.047422811157161,0.22477159189118895,0.72780559695165
1177,1,2,0.07526920913306967,0.300108150922994,0.6246226399439363
1178,1,1,0.18332070387381275,0.47739930699154975,0.33927998913463736
1179,0,0,0.6306228548207397,0.3230173252743458,0.04635981990491456
1180,1,1,0.043558668695408614,0.7619160981596835,0.19452523314490777
1181,1,0,0.6364279514150526,0.3244791219721972,0.039092926612750246
1182,1,0,0.47168100006491587,0.3958171583242417,0.13250184161084252
1183,0,0,0.8394595260799907,0.15034280907387268,0.010197664846136474
1184,0,1,0.40446389125936916,0.5241274993423938,0.07140860939823693
1185,1,1,0.2983758853361007,0.6067018859271093,0.09492222873679004
1186,2,1,0.14505222894615943,0.6151054415487751,0.23984232950506545
1187,1,0,0.5130909844457865,0.4112681057608404,0.07564090979337312
1188,1,1,0.25576735148726665,0.49901863379641387,0.24521401471631935
1189,0,0,0.4994326680335028,0.45933220421958904,0.041235127746908136
1190,2,1,0.09214001276831003,0.5484582616485021,0.3594017255831879
1191,1,1,0.18345087915901176,0.651063362576307,0.16548575826468112
1192,0,0,0.47592748040508737,0.3907322096949072,0.13334030990000545
1193,0,1,0.4018460758896184,0.5260898949369401,0.07206402917344137
1194,1,0,0.5064796171056841,0.3939266328460426,0.09959375004827324
1195,0,0,0.8931535888972041,0.09414971670513954,0.012696694397656381
1196,0,1,0.3526493152417926,0.4953817352984992,0.15196894945970812
1197,0,2,0.17058261573119632,0.4126438522674547,0.41677353200134887
1198,0,0,0.869285327461063,0.1244671240639918,0.00624754847494501
1199,1,1,0.4098488942542943,0.5061197251405539,0.08403138060515185
1200,1,1,0.03023809150603608,0.589642638910227,0.380119269583737
1201,0,0,0.9373269445168594,0.05284087762562938,0.009832177857511074
1202,0,0,0.8573879915833565,0.12469885909638821,0.017913149320255242
1203,1,0,0.4773216116617232,0.4218932569158227,0.10078513142245403
1204,0,0,0.8106885914866951,0.16851440889046138,0.020796999622843367
1205,0,0,0.7786656741427593,0.1983781351367565,0.022956190720484174
1206,2,2,0.00859815322909902,0.07384807645873345,0.9175537703121676
1207,2,1,0.07229514489751605,0.6841660818987737,0.2435387732037102
1208,1,1,0.29936184481934186,0.6319900634164373,0.06864809176422096
1209,2,1,0.20891516732083426,0.48175200310030847,0.30933282957885744
1210,1,0,0.43728100750152343,0.41545495216849265,0.14726404032998394
1211,1,2,0.0539677583685281,0.33475446790327934,0.6112777737281926
1212,1,1,0.13802759509375234,0.5451223395129494,0.31685006539329824
1213,1,2,0.07004733556686434,0.4484660197711274,0.48148664466200813
1214,0,0,0.7519552447314173,0.19464025014649491,0.053404505122087845
1215,0,0,0.8639467161775539,0.12042185677171902,0.015631427050727148
1216,2,1,0.05123072589943128,0.6713613298907382,0.27740794420983056
1217,2,1,0.3015909961338239,0.39060838424918465,0.30780061961699157
1218,1,0,0.8567649383896396,0.12364174532137956,0.01959331628898096
1219,0,0,0.8234965446276717,0.14447000681356906,0.03203344855875923
1220,0,0,0.8753691301112795,0.11755198497778582,0.0070788849109347796
1221,0,0,0.618900814820338,0.32958120441252553,0.05151798076713656
1222,0,0,0.5660441242570106,0.381080227218393,0.05287564852459654
1223,1,2,0.3576271599886411,0.20525926566083608,0.4371135743505229
1224,1,0,0.4683149082186171,0.38707363218884744,0.14461145959253538
1225,1,1,0.3737567965176134,0.5410388236081193,0.08520437987426736
1226,0,0,0.915031314450258,0.0734483712169647,0.011520314332777448
1227,1,1,0.337304102669652,0.6007321388413661,0.06196375848898177
1228,0,0,0.6190621861860944,0.3406608893552231,0.040276924458682514
1229,2,2,0.09569910471802219,0.28961186811448764,0.6146890271674901
1230,1,1,0.15597877551110903,0.6192045665089363,0.22481665797995465
1231,0,0,0.8504400745096182,0.12066314648729205,0.028896779003089727
1232,1,1,0.37796658055079657,0.5090799962133902,0.11295342323581327
1233,1,1,0.2061342490582175,0.5181289767273028,0.27573677421447973
1234,1,1,0.34329892346899915,0.5685901518274084,0.08811092470359247
1235,2,1,0.017681118225362308,0.6078807248996367,0.374438156875001
1236,0,0,0.4510542380465808,0.39231505356471913,0.15663070838870008
1237,0,0,0.7822985551975223,0.16448428366465756,0.05321716113782014
1238,0,0,0.8594851153956634,0.10303764575801874,0.037477238846317915
1239,1,1,0.23671240971830865,0.48996424412395345,0.27332334615773796
1240,0,0,0.6104951425870461,0.3431204336004537,0.046384423812500256
1241,0,1,0.31323291331354786,0.5998141664403512,0.08695292024610093
1242,0,1,0.42271126958572675,0.47248778047253753,0.10480094994173568
1243,0,0,0.8582941066332491,0.12468926890159482,0.017016624465156116
1244,0,0,0.704021881845987,0.26235346597286374,0.03362465218114919
1245,0,1,0.46196152485867753,0.48991680361455525,0.04812167152676727
1246,0,1,0.22951014753735996,0.5605977239658811,0.20989212849675887
1247,2,2,0.01851151781076169,0.4410306210663138,0.5404578611229246
1248,2,2,0.007762528695953405,0.16741861872155295,0.8248188525824937
1249,1,2,0.2173974006441274,0.3740540706086831,0.4085485287471895
1250,1,1,0.26793097126775056,0.6560583097103438,0.07601071902190558
1251,0,0,0.7735749213157891,0.15691848955330018,0.06950658913091069
1252,1,1,0.4069519836343409,0.4886683860646905,0.10437963030096871
1253,0,0,0.7693677819592626,0.1924029504127527,0.0382292676279847
1254,1,2,0.07948037621577589,0.43905914203220314,0.481460481752021
1255,0,0,0.9438612793523287,0.053088715805214605,0.003050004842456647
1256,1,1,0.2537956953115584,0.5660142445863038,0.18019006010213784
1257,0,1,0.33519563583523915,0.5241799891342691,0.1406243750304918
1258,1,1,0.34366706450334816,0.5388950439831398,0.11743789151351196
1259,1,2,0.08791258394729563,0.4440706374564359,0.4680167785962685
1260,1,1,0.43480334337234783,0.43809818993519045,0.1270984666924618
1261,1,2,0.14276076591746387,0.4184320689453009,0.43880716513723533
1262,0,0,0.6412873978362492,0.30785197677617837,0.050860625387572474
1263,0,0,0.7521395290408173,0.18620326616912453,0.06165720479005831
1264,0,0,0.8224602377793694,0.16184188178337947,0.01569788043725126
1265,0,0,0.9769263292311932,0.02089948920074249,0.002174181568064226
1266,1,1,0.15242039391059048,0.4592321953306359,0.3883474107587737
1267,0,1,0.4604436196414165,0.4901318463071864,0.049424534051397066
1268,0,0,0.9355789720540805,0.0587340467025841,0.005686981243335357
1269,1,1,0.3553715091928956,0.47081615244637376,0.17381233836073068
1270,0,0,0.5421757329712884,0.32010541072965,0.13771885629906164
1271,0,0,0.9097464753733931,0.08476760338618664,0.005485921240420329
1272,2,1,0.18099224987221854,0.5035512172222114,0.3154565329055701
1273,1,0,0.48621654740778986,0.38969515981091946,0.12408829278129067
1274,0,0,0.9179078510306473,0.07292206098210455,0.00917008798724804
1275,0,0,0.9656193355481341,0.032003403960004076,0.002377260491862005
1276,0,0,0.9690816309254622,0.027816027531299355,0.0031023415432384627
1277,0,0,0.9043890275067586,0.08713694800032686,0.008474024492914348
1278,0,0,0.8954983066758718,0.09483637347538058,0.009665319848747614
1279,1,1,0.39270009991636917,0.4770895256000849,0.13021037448354608
1280,1,0,0.61414728128469,0.3171788591263079,0.06867385958900209
1281,0,0,0.5477059850307414,0.4117526744288892,0.04054134054036953
1282,0,0,0.6069506331905427,0.3385489776840084,0.05450038912544889
1283,0,0,0.9483987275636198,0.048138671786042406,0.003462600650337771
1284,0,0,0.935176918366496,0.059869166301058735,0.004953915332445365
1285,2,1,0.10154273078352202,0.6735772138447652,0.22488005537171266
1286,1,2,0.09131534168612841,0.4444300851795441,0.4642545731343275
1287,1,2,0.0854745967897096,0.35182992334463703,0.5626954798656534
1288,0,0,0.9135900544381614,0.07868643050255317,0.00772351505928543
1289,0,0,0.6974009090370009,0.27402263676217953,0.02857645420081958
1290,0,0,0.6463928711550141,0.28276995962688095,0.07083716921810493
1291,0,0,0.8864606385281921,0.09613318860829595,0.01740617286351198
1292,0,0,0.49866048086696513,0.44015575859982525,0.06118376053320946
1293,0,0,0.945617485542535,0.03917003845843959,0.01521247599902534
1294,1,0,0.5066545246849635,0.38362399106591477,0.10972148424912177
1295,1,1,0.2369232944211923,0.4867733345574563,0.2763033710213514
1296,1,1,0.06185093890955327,0.5217058658711218,0.4164431952193249
1297,0,0,0.8470034935940182,0.11140104132247526,0.041595465083506686
1298,1,0,0.595654066538432,0.356051566312079,0.048294367149488975
1299,0,0,0.8519213142627179,0.1248136973807684,0.023264988356513708
1300,2,2,0.026945485573930863,0.27692007623930665,0.6961344381867625
1301,1,1,0.31964951032281463,0.48044436472796104,0.19990612494922444
1302,0,0,0.8981970712277463,0.08742541988618426,0.014377508886069581
1303,1,1,0.12427061528149828,0.6345159133052672,0.24121347141323454
1304,0,0,0.938374426455244,0.0514819002199834,0.010143673324772558
1305,0,0,0.9813562652877081,0.017266897467459075,0.0013768372448327137
1306,0,0,0.5272342444549435,0.3969257507120447,0.07584000483301166
1307,0,0,0.7079701602495687,0.24256884823364216,0.04946099151678908
1308,0,0,0.7063983367054665,0.2694801806383372,0.024121482656196423
1309,2,2,0.04110819973461904,0.42915485682893284,0.5297369434364482
1310,2,1,0.22479273188500004,0.6573636591334955,0.11784360898150435
1311,0,0,0.8677458921255973,0.12194634255398383,0.010307765320418926
1312,1,2,0.07195228273105281,0.16769470858147356,0.7603530086874736
1313,0,0,0.8883260190041814,0.09864411623419267,0.013029864761625995
1314,0,0,0.9657799072177583,0.03195224792953724,0.0022678448527043045
1315,1,0,0.5429471882552026,0.363197130271686,0.09385568147311135
1316,1,2,0.03639513032906309,0.33218220568826046,0.6314226639826764
1317,2,1,0.1879594923135306,0.677827938124474,0.13421256956199545
1318,1,1,0.10765354004832324,0.6217084465187191,0.2706380134329575
1319,2,1,0.0427949299790411,0.6526066918120178,0.30459837820894115
1320,0,0,0.8629732065910278,0.12681957275145575,0.010207220657516381
1321,0,1,0.3847312914947466,0.47256064348292875,0.14270806502232466
1322,0,0,0.8843134703517499,0.10422291578991452,0.011463613858335487
1323,1,2,0.09739130390194951,0.3449082325655033,0.5577004635325472
1324,1,1,0.3463804866974669,0.5033144031039546,0.15030511019857845
1325,2,2,0.005535159634960913,0.04223030221503008,0.9522345381500089
1326,1,1,0.41430903726290724,0.4657236096926698,0.11996735304442294
1327,2,1,0.13983324441715222,0.5886004654417815,0.27156629014106637
1328,0,0,0.6536184465861641,0.2974024973526937,0.04897905606114222
1329,1,1,0.34121605716424935,0.47322663936888876,0.1855573034668619
1330,0,0,0.9062422249740834,0.08753741544140746,0.006220359584509262
1331,0,1,0.4432972854188733,0.4582694474614978,0.09843326711962896
1332,1,2,0.09192566071455335,0.3827944016054901,0.5252799376799565
1333,1,2,0.13643892145992484,0.4198411135036423,0.44371996503643285
1334,1,0,0.7234194797488649,0.23156700359909899,0.045013516652036116
1335,2,2,0.059424333960845496,0.34964428260884783,0.5909313834303067
1336,2,2,0.028693231935671235,0.22954853726878474,0.741758230795544
1337,0,1,0.2607058432592489,0.6769710849627899,0.0623230717779612
1338,1,1,0.19153788715213713,0.5035077403322236,0.3049543725156394
1339,1,0,0.578966922111489,0.3177815462184129,0.10325153167009804
1340,2,1,0.21115160143106732,0.599058057975481,0.18979034059345162
1341,0,0,0.970757053678423,0.02619803037853049,0.0030449159430463854
1342,1,1,0.358158944984641,0.522979406899477,0.11886164811588197
1343,1,1,0.2341140318075716,0.5484543793033365,0.21743158888909203
1344,1,0,0.5400652927855675,0.41175845414384404,0.04817625307058861
1345,0,0,0.6592936537807454,0.31001163059813464,0.030694715621119882
1346,1,0,0.6607831878116857,0.2548968455118655,0.0843199666764489
1347,0,0,0.5612031008835306,0.29590637028636657,0.14289052883010278
1348,2,1,0.1377621586707735,0.47299345261693576,0.3892443887122906
1349,0,0,0.5910288630707505,0.31846152343193296,0.09050961349731657
1350,0,0,0.9301833111819631,0.06386852816718888,0.005948160650848097
1351,1,2,0.0340635047022353,0.3444264458332544,0.6215100494645103
1352,0,1,0.3207508535745572,0.5988070648276608,0.08044208159778202
1353,2,2,0.01891528705376609,0.11039902177425845,0.8706856911719756
1354,0,1,0.23375960336565896,0.5216750778932414,0.24456531874109963
1355,2,1,0.24039922442748,0.4736287030427849,0.28597207252973517
1356,1,2,0.13610884452595487,0.4237726743952527,0.4401184810787924
1357,0,0,0.8545374362786726,0.12594601632926555,0.01951654739206186
1358,2,1,0.13712388621884933,0.6086107249095929,0.25426538887155775
1359,1,1,0.40786443402938577,0.49763618490893136,0.0944993810616828
1360,0,0,0.9028013014434302,0.08750494676082396,0.00969375179574588
1361,0,0,0.9738596074930727,0.024095923382652856,0.002044469124274496
1362,0,0,0.8415296422853884,0.14168138917266423,0.016788968541947395
1363,0,0,0.9575023108053304,0.03927902744586764,0.0032186617488019526
1364,2,1,0.14369770250995362,0.5608385415999737,0.2954637558900726
1365,2,2,0.005679515209604633,0.1014713975740384,0.892849087216357
1366,1,0,0.42312185703532607,0.2790315176226545,0.2978466253420194
1367,0,0,0.6327565741976461,0.3150985550654312,0.05214487073692268
1368,0,0,0.9384110081288312,0.056852440821546835,0.0047365510496220654
1369,0,1,0.4422207294820816,0.47442386791557895,0.08335540260233956
1370,0,0,0.7768426015544949,0.1989691253859516,0.024188273059553567
1371,2,1,0.20014943584479963,0.6193065494631718,0.18054401469202846
1372,0,1,0.20705765675028456,0.5946060907362172,0.19833625251349823
1373,2,1,0.2762991572465031,0.5533646673806436,0.17033617537285323
1374,0,0,0.9772505205540883,0.02008096114326074,0.0026685183026509854
1375,0,0,0.651770318756922,0.3009932216225251,0.04723645962055278
1376,0,0,0.5567597418145376,0.3466610135798176,0.09657924460564479
1377,1,1,0.0886881062972359,0.6039252795355545,0.3073866141672097
1378,1,1,0.46405726748155735,0.4749953891812905,0.06094734333715227
1379,1,0,0.7723573809259515,0.1605561273518882,0.06708649172216027
1380,0,0,0.6750606307643571,0.2682166525537369,0.0567227166819061
1381,0,0,0.4640028627263758,0.4274662230485584,0.10853091422506585
1382,1,2,0.06160556211029468,0.238108552484556,0.7002858854051494
1383,1,0,0.6428622893071398,0.23209347212782144,0.1250442385650387
1384,0,0,0.70973064401685,0.26959199166279474,0.020677364320355152
1385,2,2,0.046119143433660706,0.4262082734599608,0.5276725831063784
1386,0,0,0.9420627486933124,0.0505430967418669,0.007394154564820645
1387,0,1,0.22823848502862137,0.6663577886352228,0.1054037263361558
1388,0,0,0.936683070885023,0.05551831253187681,0.007798616583100333
1389,1,0,0.48897090637379265,0.3753560444263295,0.13567304919987777
1390,1,1,0.1520999444457769,0.566671598283671,0.2812284572705522
1391,1,1,0.15112971060557406,0.6161778886104344,0.23269240078399153
1392,2,2,0.04846349558166548,0.22383565769681774,0.7277008467215168
1393,2,2,0.009415179400671051,0.2991699844167687,0.6914148361825603
1394,1,0,0.5464944060494689,0.40882284568419935,0.04468274826633179
1395,1,1,0.14178613929283138,0.6864387300331142,0.17177513067405448
1396,2,1,0.2814121846090649,0.5295101800868313,0.18907763530410396
1397,0,0,0.4362226909175105,0.4174924455650286,0.14628486351746076
1398,1,0,0.48629918977699477,0.3726936410190628,0.14100716920394238
1399,0,0,0.6347786753420986,0.32802145276023,0.037199871897671474
1400,0,0,0.8104824293489328,0.17014439717341795,0.019373173477649313
1401,2,1,0.34841607294692967,0.5011825519713748,0.15040137508169554
1402,1,0,0.5157077455289681,0.40750481411541994,0.07678744035561194
1403,1,2,0.17904493719214004,0.3972212163088873,0.4237338464989726
1404,0,1,0.11732785252759208,0.6462294932029127,0.23644265426949518
1405,0,0,0.5392419667379026,0.4144839712094125,0.04627406205268483
1406,1,1,0.27789465153042975,0.6500907758707286,0.07201457259884159
1407,0,0,0.85915471767195,0.13328060273731562,0.007564679590734484
1408,0,1,0.39607747619302136,0.46134049068770905,0.14258203311926956
1409,1,1,0.25498624989837826,0.5961422301759108,0.14887151992571104
1410,1,0,0.6491352498003207,0.3014064337695937,0.04945831643008564
1411,0,0,0.872761771622692,0.11197318309683715,0.015265045280470929
1412,1,2,0.07249232221473809,0.2813292844492135,0.6461783933360484
1413,2,1,0.08015882421497285,0.47007428901945497,0.44976688676557214
1414,2,1,0.07521541049852637,0.5108097504487193,0.4139748390527543
1415,0,0,0.7696739461573995,0.2151163597196881,0.015209694122912435
1416,0,1,0.15662418293323227,0.7313292958454953,0.11204652122127244
1417,0,0,0.9114778405698472,0.07106898070452183,0.017453178725630937
1418,0,0,0.8061377419951583,0.16343538636861998,0.03042687163622164
1419,1,1,0.43167286930272897,0.4347396760835006,0.13358745461377047
1420,1,1,0.16804663184147847,0.571366462580254,0.2605869055782677
1421,0,0,0.9385195333694444,0.057739621240035156,0.00374084539052052
1422,1,1,0.2700657960950852,0.5022310672232115,0.22770313668170328
1423,2,1,0.26025849417256663,0.3972087790205202,0.3425327268069131
1424,2,2,0.012518834521266384,0.32432111048600654,0.663160054992727
1425,0,0,0.4838925746278332,0.45447184614669345,0.0616355792254733
1426,1,1,0.30260993297570965,0.6003695108112066,0.09702055621308382
1427,1,0,0.5636923119967462,0.32877314426327786,0.10753454373997602
1428,0,0,0.8539873762580251,0.13462248714701133,0.01139013659496338
1429,0,0,0.974672666579409,0.0240785651250259,0.0012487682955650157
1430,1,1,0.14818563194972537,0.5133560993798206,0.33845826867045403
1431,0,0,0.6212631790711414,0.34036342206439607,0.038373398864462685
1432,1,1,0.1368370810477178,0.6820724598294198,0.18109045912286242
1433,1,0,0.7167586259362387,0.25273913370816087,0.03050224035560031
1434,2,2,0.0074699814835704125,0.030639101283683762,0.9618909172327459
1435,1,1,0.3329988118930528,0.5908003853624636,0.07620080274448372
1436,1,0,0.5254710647792594,0.39591056242220174,0.07861837279853882
1437,2,1,0.15104205414731747,0.6104268389672434,0.23853110688543921
1438,0,0,0.5165380441634346,0.4278245685657702,0.05563738727079504
1439,1,1,0.3346697913119708,0.5249882579000292,0.14034195078799996
1440,0,0,0.8372555763436239,0.096712705206798,0.06603171844957823
1441,0,1,0.3706855239962666,0.5162039330035938,0.11311054300013963
1442,2,2,0.02803333697091407,0.24932995731570884,0.7226367057133771
1443,0,0,0.8686508061851403,0.11062048763471947,0.020728706180140298
1444,2,1,0.08901059580549997,0.4715996189790676,0.4393897852154323
1445,0,0,0.7748671322317514,0.20136273642005356,0.023770131348194952
1446,1,0,0.629606414528946,0.3376176827423972,0.03277590272865675
1447,2,2,0.06413454740752694,0.34470938591064976,0.5911560666818233
1448,1,1,0.06602983059548793,0.7237552457675246,0.21021492363698754
1449,0,0,0.6773504283147024,0.2570758360721801,0.0655737356131176
1450,0,1,0.3767405800273205,0.5543859845599516,0.06887343541272785
1451,1,1,0.2972829731960199,0.4321244440104099,0.27059258279357024
1452,1,2,0.09332195418815452,0.3615541754190233,0.5451238703928222
1453,0,0,0.9597139723899265,0.0376542755984453,0.0026317520116281882
1454,1,0,0.49859137257539493,0.4310593477553276,0.07034927966927745
1455,1,1,0.0823580128492107,0.46480739839645446,0.4528345887543348
1456,0,0,0.7876030987967224,0.19835989823819197,0.014037002965085615
1457,0,0,0.35904591415851134,0.3572628782501277,0.283691207591361
1458,0,0,0.7955765720316264,0.17622836445442683,0.028195063513946832
1459,0,0,0.7724181655720707,0.18822211777512232,0.03935971665280693
1460,0,0,0.914450985919461,0.07981916283050536,0.005729851250033688
1461,0,0,0.4937536533356273,0.3690493691411453,0.13719697752322738
1462,0,1,0.2158388368252598,0.5014713956502594,0.28268976752448066
1463,2,2,0.03517276979739087,0.37326433306225143,0.5915628971403577
1464,2,1,0.06366663043928045,0.5533199784132975,0.383013391147422
1465,2,1,0.3729979636820609,0.4697760703239059,0.15722596599403313
1466,1,1,0.3728838260787525,0.4140537629675313,0.21306241095371606
1467,1,1,0.2358720741036149,0.44762570097065013,0.31650222492573493
1468,2,1,0.35526058876800987,0.5193164023304515,0.12542300890153857
1469,0,0,0.6341326818307185,0.3309281605382808,0.034939157631000806
1470,1,1,0.15700572147873953,0.7380344504645647,0.10495982805669574
1471,1,1,0.18478444514159237,0.5863201121305113,0.2288954427278963
1472,1,0,0.5265967098107551,0.31798927629117363,0.1554140138980711
1473,0,0,0.8101168404290098,0.1666785029280261,0.02320465664296412
1474,1,1,0.34187724159984345,0.5042363226343907,0.15388643576576586
1475,0,0,0.9923883073025626,0.006392970674950558,0.0012187220224869977
1476,0,0,0.7713857412454364,0.21751850917662865,0.011095749577934909
1477,0,0,0.6807197074849584,0.29354368816838877,0.025736604346652855
1478,1,0,0.6480634860933935,0.3157527802397868,0.03618373366681974
1479,2,2,0.03683138046195559,0.3795013072552665,0.5836673122827779
1480,0,0,0.9564221373189213,0.040193570824589776,0.0033842918564887256
1481,0,0,0.8823585878256395,0.09963833166050075,0.01800308051385979
1482,0,0,0.9291474491751339,0.06033437762864578,0.010518173196220379
1483,1,2,0.1806698525690728,0.3672947611150855,0.45203538631584167
1484,1,1,0.095993871903515,0.6027246244891966,0.3012815036072884
1485,0,0,0.7560922399074333,0.19892137768003834,0.04498638241252846
1486,2,2,0.08469763988474258,0.37847256556346776,0.5368297945517896
1487,1,2,0.038148144226808955,0.4727095576804013,0.4891422980927897
1488,0,1,0.3031226155188983,0.39207727324571306,0.30480011123538864
1489,1,1,0.13828305371431043,0.4837667660107645,0.377950180274925
1490,1,2,0.10640282796910226,0.29667762993575064,0.5969195420951471
1491,1,1,0.221151763692371,0.6711708408834645,0.10767739542416455
1492,0,0,0.5917686254729786,0.32371027264204555,0.08452110188497583
1493,0,0,0.7623056192399132,0.21650123484286077,0.021193145917225875
1494,0,0,0.669568177122236,0.3161077992323049,0.014324023645459084
1495,0,0,0.8237906875856621,0.15641201148347353,0.0197973009308644
1496,0,0,0.68435053308859,0.27543464085058716,0.04021482606082305
1497,0,0,0.5950540237960252,0.38368762810194695,0.021258348102027928
1498,0,0,0.8320913019477617,0.13803340910450299,0.029875288947735324
1499,2,1,0.05965682031830139,0.5800948882794907,0.3602482914022079
1500,0,0,0.6053019836399582,0.27873516108354396,0.1159628552764978
1501,1,2,0.10090289711871091,0.35531636079231843,0.5437807420889706
1502,1,1,0.12512731617713838,0.491328981287149,0.3835437025357126
1503,1,1,0.3312296179653864,0.5560885620857666,0.11268181994884711
1504,0,0,0.8865411327250794,0.09916463138705285,0.014294235887867822
1505,1,0,0.4745708128175544,0.4361670681506843,0.08926211903176126
1506,0,0,0.530892349052972,0.44266302765329213,0.026444623293735883
1507,1,1,0.1935477218804733,0.6099751497431396,0.19647712837638706
1508,1,1,0.249366936222942,0.4532451631454658,0.29738790063159226
1509,1,2,0.13469694486119643,0.33135053018431715,0.5339525249544864
1510,0,0,0.6472402652142765,0.32137820866795236,0.031381526117771175
1511,0,0,0.9881398960795938,0.010750241148004915,0.0011098627724010525
1512,0,0,0.6479398054904497,0.23770964422220223,0.11435055028734809
1513,0,1,0.38491157329439546,0.5667625727805786,0.04832585392502579
1514,0,0,0.9926027529526049,0.006542707222758755,0.0008545398246362403
1515,0,0,0.683680799408219,0.2667909311547545,0.04952826943702655
1516,1,1,0.09009695208994932,0.6387293807363801,0.27117366717367053
1517,1,0,0.8413855133994657,0.13281331030361282,0.025801176296921448
1518,0,0,0.9312802515720964,0.06143477706113192,0.007284971366771752
1519,1,1,0.10776737415168068,0.6915941874930377,0.20063843835528175
1520,1,1,0.3540056208487117,0.579169545317833,0.06682483383345532
1521,0,0,0.926833997908493,0.0705628405943493,0.0026031614971579096
1522,1,1,0.2048281917382494,0.5910943877918114,0.2040774204699392
1523,0,0,0.8057042958769384,0.16741088220125924,0.02688482192180228
1524,2,1,0.11233438588848262,0.6516379934810127,0.23602762063050473
1525,1,0,0.625212651439754,0.3143312098084083,0.060456138751837606
1526,0,0,0.780908996645624,0.2005254848677921,0.018565518486584002
1527,2,1,0.10512383673391514,0.6857180016369329,0.20915816162915202
1528,1,1,0.2248913105496048,0.5256327721325961,0.24947591731779917
1529,2,2,0.043403067704493606,0.4408040006375573,0.5157929316579491
1530,1,0,0.5406059562186806,0.3780360796511566,0.08135796413016295
1531,2,0,0.5579537611291533,0.37527663432052455,0.06676960455032209
1532,0,0,0.6961776644020595,0.27609401286061996,0.02772832273732063
1533,1,0,0.5127506081065107,0.35836055539659845,0.12888883649689079
1534,2,1,0.07601873227058291,0.6389959198753044,0.2849853478541128
1535,1,1,0.37624620350664867,0.5527136475768075,0.07104014891654384
1536,0,0,0.8346675279205575,0.1325889022205315,0.0327435698589108
1537,0,0,0.8614513463974215,0.1194448039221348,0.01910384968044379
1538,0,0,0.9625310295463625,0.033817058976137675,0.0036519114774997696
1539,1,1,0.14601111175484008,0.5228092866183511,0.33117960162680876
1540,2,1,0.19668425176457752,0.42493347977917634,0.3783822684562462
1541,0,0,0.9947002060751088,0.0048235904124940936,0.0004762035123971438
1542,1,0,0.48047073783484784,0.28689730048410156,0.23263196168105052
1543,1,0,0.5185244906906674,0.4366006832247643,0.04487482608456824
1544,0,0,0.826951972767287,0.1619208464625474,0.011127180770165505
1545,0,0,0.6318969348337921,0.32016592232466684,0.047937142841541186
1546,0,1,0.3760740532657648,0.565103306966717,0.058822639767518295
1547,0,1,0.3591720222203417,0.5743547119544027,0.06647326582525573
1548,0,0,0.6546438890479312,0.2423581496749655,0.10299796127710327
1549,1,1,0.2755119150537724,0.6247055547805558,0.09978253016567183
1550,2,1,0.18540582737104122,0.4602139584389376,0.3543802141900212
1551,0,0,0.5723378834137566,0.3754943558396953,0.05216776074654813
1552,0,0,0.8084582350017832,0.17579378698827752,0.0157479780099393
1553,2,1,0.09853894560927233,0.47382745077277383,0.4276336036179538
1554,0,0,0.6825124859055202,0.2690282390934617,0.04845927500101826
1555,2,1,0.029594251345974668,0.5250296784065587,0.44537607024746667
1556,2,2,0.023450881174964164,0.21446813805570047,0.7620809807693354
1557,0,0,0.5045445770225455,0.40412264439948675,0.0913327785779677
1558,2,2,0.008743181854970316,0.12951140747901504,0.8617454106660147
1559,0,0,0.8222369709299069,0.1588574969010763,0.01890553216901675
1560,0,0,0.8051145151681082,0.18484156200256108,0.010043922829330875
1561,1,1,0.34286748001304307,0.5260138056997717,0.13111871428718525
1562,2,2,0.027661534140284647,0.3935131027177096,0.5788253631420058
1563,0,0,0.6858610979937149,0.23711030556545945,0.07702859644082563
1564,0,0,0.6683316157537014,0.2762228673213501,0.05544551692494852
1565,0,0,0.6868030394733332,0.25785664342628695,0.055340317100379746
1566,0,0,0.8382963648023423,0.15176882232509803,0.009934812872559753
1567,1,0,0.6465163750751511,0.2854359065496697,0.06804771837517916
1568,0,0,0.8227324799644069,0.15215667150950066,0.025110848526092355
1569,1,0,0.519390732021459,0.39191418732822036,0.08869508065032067
1570,2,0,0.40325037480314335,0.3950314403915626,0.2017181848052941
1571,1,0,0.4745008817654088,0.437949302719521,0.08754981551507032
1572,2,2,0.05338462168307932,0.24240142504455794,0.7042139532723628
1573,1,0,0.5032512298686451,0.41432814008018515,0.08242063005116973
1574,2,2,0.07839808484594096,0.26029901598534255,0.6613028991687165
1575,2,2,0.03618522607360945,0.3326457759948528,0.6311689979315377
1576,1,2,0.2123016763811059,0.3569145862239842,0.43078373739491005
1577,0,1,0.2962261006859424,0.5668741162997584,0.13689978301429923
1578,0,1,0.3354336659186278,0.5245975718457384,0.1399687622356338
1579,1,1,0.16406410707883876,0.5705114897396654,0.26542440318149585
1580,1,0,0.7861995358736862,0.1941715375888536,0.019628926537460283
1581,0,0,0.8443970473791172,0.135785039503466,0.019817913117416694
1582,1,1,0.296191244795249,0.5771949545271271,0.12661380067762387
1583,0,0,0.8308656570857749,0.12651657671607522,0.042617766198150026
1584,1,1,0.23955159290121403,0.4857225245457256,0.2747258825530604
1585,2,2,0.08260546169224556,0.4249544643702331,0.49244007393752126
1586,0,0,0.7485715336417974,0.20638044034297717,0.0450480260152254
1587,2,1,0.1185875607426688,0.5827949339881008,0.2986175052692303
1588,2,1,0.06660793755073738,0.6001755354977988,0.3332165269514639
1589,0,0,0.5368953655175398,0.3797297727331453,0.08337486174931481
1590,2,2,0.13818907065034747,0.26244717536997336,0.5993637539796791
1591,1,1,0.25043803883602095,0.6576820326265088,0.09187992853747011
1592,0,1,0.33239368569439237,0.5999294002750809,0.06767691403052667
1593,0,0,0.5505133702616689,0.3586438922854726,0.09084273745285845
1594,2,1,0.29170405966447305,0.5695940721343771,0.13870186820114988
1595,0,0,0.9289517227746915,0.06559386318512055,0.005454414040187933
1596,0,0,0.8303108754999472,0.13742334829480718,0.03226577620524556
1597,0,1,0.38509475199902155,0.4138467088567404,0.2010585391442381
1598,0,0,0.7022353097605997,0.25020227699963155,0.047562413239769
1599,1,1,0.2279461199603607,0.6783528429098633,0.09370103712977589
1600,0,0,0.9410446376273262,0.051824551325470605,0.007130811047203269
1601,1,1,0.3637998767930671,0.523739074720816,0.11246104848611682
1602,0,0,0.7848015752904762,0.19928379711857,0.015914627590953818
1603,1,0,0.5070541612883048,0.3658605343263467,0.1270853043853485
1604,2,1,0.3531537774222729,0.530152457826011,0.11669376475171611
1605,1,1,0.45734136532514863,0.4968898674010383,0.045768767273813064
1606,0,1,0.08676142163767508,0.5535811083091629,0.3596574700531621
1607,2,1,0.06687053487608384,0.611556569912593,0.3215728952113231
1608,0,0,0.5294009015937736,0.37570615897854465,0.09489293942768187
1609,1,0,0.5014535570132875,0.4084555009876829,0.09009094199902953
1610,0,0,0.8994207936769038,0.09246419517968295,0.008115011143413252
1611,1,0,0.4041478415241811,0.39834606370045267,0.1975060947753662
1612,0,0,0.7302408446943797,0.2314192334258352,0.038339921879785285
1613,2,1,0.13743327302486416,0.5860152527854087,0.2765514741897272
1614,1,0,0.5699995818949053,0.3528126078726472,0.07718781023244761
1615,0,0,0.8664339074596575,0.1170807790952476,0.016485313445094924
1616,0,0,0.46350667002956825,0.45268592997650353,0.08380739999392825
1617,0,0,0.8620650140526743,0.11492591435404104,0.02300907159328474
1618,0,0,0.5242634266470843,0.3942716530409335,0.08146492031198228
1619,1,1,0.12634325885159298,0.666110037486313,0.20754670366209402
1620,0,0,0.9013185702855623,0.09216276102749346,0.006518668686944319
1621,1,0,0.5534052713662209,0.2884964981152605,0.15809823051851865
1622,0,0,0.6990404471678039,0.24071199283562678,0.06024755999656932
1623,1,1,0.29941796970894935,0.445634389600752,0.2549476406902986
1624,0,0,0.7561833725900186,0.20780378875456343,0.03601283865541798
1625,2,1,0.2595586272424493,0.4886117416598082,0.25182963109774253
1626,0,0,0.8837584116973555,0.10486126234516818,0.01138032595747636
1627,1,0,0.4515071286031655,0.4441248130293149,0.1043680583675196
1628,1,0,0.7048675059017422,0.25804447093028526,0.03708802316797259
1629,0,0,0.8247931162171975,0.1639766183482566,0.011230265434545783
1630,2,1,0.06722040125716916,0.5004206607346086,0.4323589380082224
1631,0,0,0.7161678014690704,0.16116069238505773,0.12267150614587186
1632,1,1,0.23033508291496144,0.578097172470979,0.1915677446140595
1633,2,1,0.1932758455627851,0.6096358096330916,0.19708834480412324
1634,2,2,0.01229205035589712,0.45518885534472914,0.5325190942993737
1635,1,0,0.5424261282915088,0.36508474927847007,0.0924891224300212
1636,1,1,0.2730616465756643,0.6028552844534896,0.12408306897084609
1637,2,0,0.5509273864312111,0.3979277123775292,0.05114490119125968
1638,1,1,0.20754006123055854,0.40122604345782487,0.39123389531161656
1639,0,0,0.8946012299235924,0.09467363895174886,0.0107251311246587
1640,0,0,0.7318621488829875,0.24149944541764176,0.02663840569937082
1641,0,0,0.5213176988117906,0.36078206499542587,0.11790023619278361
1642,0,1,0.404485263454366,0.47811951012015397,0.11739522642548016
1643,1,0,0.4967010669690038,0.333488485107998,0.16981044792299838
1644,2,2,0.23069107761993324,0.2998979065644157,0.46941101581565103
1645,1,1,0.2565342543647208,0.6212035025719276,0.12226224306335162
1646,1,1,0.12517949193450761,0.43915929253550284,0.43566121552998954
1647,1,2,0.010448688216965684,0.16379071004028564,0.8257606017427487
1648,0,0,0.8564536233473524,0.13428880892044906,0.009257567732198322
1649,1,1,0.08622213310321189,0.6469455303227792,0.26683233657400873
1650,2,1,0.16815300839398045,0.4519215886992205,0.3799254029067991
1651,0,0,0.7620057231324174,0.1825347564157695,0.05545952045181324
1652,1,0,0.40457023978449635,0.386787382521081,0.20864237769442273
1653,1,1,0.23767833609751854,0.6378142185399639,0.12450744536251765
1654,1,1,0.30254164936292754,0.4126220097446094,0.2848363408924631
1655,0,0,0.5557838961792749,0.4149166763976849,0.029299427423040102
1656,1,0,0.6412285784674001,0.330455153791695,0.02831626774090493
1657,0,1,0.41254428594542303,0.47619064351396817,0.11126507054060873
1658,0,1,0.2388061463739138,0.5387111781794953,0.22248267544659084
1659,0,0,0.5074439682945271,0.4145533052487282,0.0780027264567446
1660,0,0,0.5971601397132434,0.2845463958543815,0.11829346443237494
1661,0,0,0.6299865177996952,0.31874625051346817,0.051267231686836584
1662,1,1,0.13385997615220283,0.6604662969097193,0.20567372693807795
1663,0,0,0.9212206796670721,0.0711333037390127,0.007646016593915045
1664,1,1,0.26947668729575014,0.6289046824216254,0.10161863028262445
1665,1,0,0.6984896395746155,0.2469524355401139,0.0545579248852705
1666,0,1,0.3160793349181895,0.4586802787535256,0.2252403863282849
1667,0,0,0.9709238387564784,0.02684928930980834,0.002226871933713314
1668,2,1,0.09292772862543934,0.6939319330000677,0.21314033837449298
1669,2,1,0.03918829794730533,0.5002398005132025,0.46057190153949207
1670,0,0,0.5842695886458369,0.32203899147828224,0.09369141987588094
1671,1,1,0.352571672605008,0.5163249516587276,0.1311033757362643
1672,2,1,0.04889761751858626,0.500130248032602,0.45097213444881185
1673,2,1,0.15660594274673956,0.7254910162854206,0.1179030409678399
1674,0,0,0.5245380744205669,0.42812037683901044,0.047341548740422686
1675,1,1,0.04919242780808835,0.4921207977366576,0.458686774455254
1676,1,1,0.22887381827225017,0.6358849842753799,0.13524119745236995
1677,1,1,0.2885121885741527,0.5257350115153775,0.1857527999104697
1678,0,1,0.2982711903058472,0.6327303851050046,0.06899842458914812
1679,1,1,0.32885918009477416,0.47322942695350634,0.19791139295171953
1680,2,0,0.5583318159150166,0.3444162036723367,0.09725198041264671
1681,0,0,0.8690104868658319,0.11762891188937566,0.013360601244792436
1682,1,0,0.44131988075628675,0.37272373398863934,0.1859563852550739
1683,1,0,0.601238971637687,0.3605992168249427,0.038161811537370374
1684,1,0,0.6466719455088609,0.2918176545370716,0.06151039995406756
1685,1,1,0.2142633015584936,0.42699617282449226,0.3587405256170142
1686,0,0,0.870249013547513,0.11146108946221771,0.018289896990269346
1687,0,0,0.6087856695679476,0.33651879932866346,0.05469553110338894
1688,0,0,0.8780530339537224,0.09257424153116267,0.029372724515114933
1689,1,1,0.4067260517428445,0.5246907710503019,0.0685831772068535
1690,0,0,0.8640789356015798,0.11800681366881484,0.017914250729605195
1691,2,1,0.09963986951187478,0.46489984744304325,0.435460283045082
1692,2,1,0.1757460982000875,0.5506960904803845,0.273557811319528
1693,2,1,0.3144830167688364,0.36571892306690523,0.3197980601642584
1694,2,1,0.12524388062580646,0.46184101042978953,0.412915108944404
1695,2,1,0.3707395423438816,0.45435158756996014,0.1749088700861582
1696,2,1,0.16006296480992785,0.49849581747903327,0.34144121771103897
1697,0,0,0.8643342923885053,0.11639370225497951,0.019272005356515073
1698,1,1,0.21892898063632454,0.4699475446406829,0.3111234747229926
1699,0,0,0.8630834336334154,0.11862149946955063,0.018295066897033856
1700,1,2,0.25610429318014166,0.3536040401315333,0.3902916666883251
1701,2,1,0.19920170661693387,0.4228012209520214,0.37799707243104474
1702,2,2,0.058180758569301674,0.42280519130928607,0.5190140501214123
1703,2,2,0.00948691974957418,0.13517917357878598,0.8553339066716398
1704,2,0,0.6160478710786262,0.2643931262925365,0.1195590026288373
1705,0,0,0.7293622882567882,0.1788647467561939,0.09177296498701785
1706,1,1,0.23359846957303873,0.554557923889928,0.2118436065370332
1707,1,1,0.13856783382141782,0.7435429788187476,0.11788918735983461
1708,0,1,0.2996463225759707,0.6228538659946917,0.07749981142933747
1709,1,2,0.19876433477920663,0.3370158370414095,0.46421982817938395
1710,1,2,0.1694745995362758,0.37474477611962975,0.4557806243440945
1711,0,0,0.6806801304774792,0.2861730317944161,0.03314683772810467
1712,0,0,0.5527122459829651,0.3849934527661793,0.06229430125085567
1713,0,0,0.5759359121840546,0.40032384478951516,0.02374024302643041
1714,1,2,0.08636554453094505,0.37333378551137236,0.5403006699576826
1715,0,0,0.9321614507759596,0.062041884176451866,0.005796665047588664
1716,0,0,0.680391329911471,0.2583725002785304,0.061236169809998596
1717,0,0,0.8894272249008844,0.10349626758543588,0.007076507513679573
1718,1,1,0.4654722673154292,0.49195803794209514,0.04256969474247568
1719,0,0,0.863768065539849,0.12005158179367358,0.01618035266647748
1720,0,0,0.9619388970192523,0.03464336357239374,0.0034177394083540376
1721,2,1,0.2896905548433257,0.5620683123109026,0.14824113284577167
1722,1,0,0.6260895288862184,0.3230725348500595,0.05083793626372223
1723,2,1,0.08200771411181357,0.5756260434219171,0.3423662424662692
1724,0,0,0.960926959453147,0.03396296851787139,0.005110072028981752
1725,0,0,0.9525123044946001,0.04250322715210529,0.00498446835329462
1726,0,0,0.8848449026977244,0.10459116711314329,0.010563930189132152
1727,2,2,0.10943120306531,0.3295349936237937,0.5610338033108963
1728,1,1,0.19918251622883607,0.6699226634042347,0.13089482036692932
1729,0,0,0.760476647709635,0.21055083659825,0.028972515692115033
1730,2,2,0.02677869685622322,0.19851193063642686,0.7747093725073498
1731,1,2,0.1451482667514909,0.4144580175654109,0.4403937156830982
1732,1,1,0.1790624340766985,0.6541308075755373,0.16680675834776404
1733,1,2,0.1095472963142146,0.3208122344144174,0.5696404692713679
1734,1,1,0.24618956842416154,0.3990504779548282,0.3547599536210102
1735,0,0,0.5238307551975933,0.3979968066272269,0.07817243817517981
1736,1,1,0.3629029668607242,0.407238035142454,0.22985899799682172
1737,0,0,0.7583205600859164,0.20882407116698704,0.03285536874709661
1738,0,0,0.48239900965444926,0.30776526912111035,0.20983572122444044
1739,1,1,0.14252100161515682,0.5418486311714525,0.3156303672133906
1740,0,0,0.9639963223392654,0.031339641950485206,0.00466403571024961
1741,0,0,0.9603104291894085,0.037221045465094006,0.002468525345497634
1742,0,0,0.6033230062830078,0.25835401567458777,0.1383229780424045
1743,1,1,0.40453213994830195,0.47837230489524735,0.11709555515645088
1744,1,1,0.13091767816448294,0.6176439058906557,0.25143841594486144
1745,0,0,0.620371697386108,0.30716630796898914,0.07246199464490284
1746,0,0,0.8597052682005774,0.12714762420900222,0.013147107590420532
1747,2,2,0.008473915520793702,0.08415050396809384,0.9073755805111124
1748,1,1,0.1599823235157471,0.6401605977288216,0.19985707875543127
1749,2,1,0.10205263549460264,0.5233843783300135,0.3745629861753839
1750,1,0,0.617058709857792,0.34465876009651775,0.03828253004569023
1751,0,0,0.8845158417468008,0.10017046209805426,0.015313696155144966
1752,1,1,0.43104454427171834,0.4802723326502934,0.08868312307798827
1753,1,1,0.18100596184128484,0.43058214397285044,0.38841189418586475
1754,1,0,0.6440551193317434,0.29601618703549465,0.05992869363276191
1755,0,0,0.973246636777725,0.025211094706022754,0.0015422685162521004
1756,0,0,0.6697197055961567,0.29421126575646317,0.03606902864738011
1757,0,0,0.8710791777634418,0.1176894911062362,0.011231331130322037
1758,1,0,0.8004048616246454,0.17934159880844952,0.020253539566905173
1759,0,0,0.7728146804403263,0.182655198740794,0.044530120818879734
1760,1,0,0.6611934001171164,0.27103963143167076,0.06776696845121291
1761,0,0,0.6252556799339327,0.2869553803258385,0.08778893974022883
1762,0,0,0.9354358669176199,0.054695465087845015,0.009868667994535073
1763,1,1,0.14239033056355305,0.5385034138613441,0.31910625557510275
1764,2,2,0.01307579501524967,0.34772011806272607,0.6392040869220242
1765,0,0,0.8995693455602307,0.08649010586872971,0.013940548571039489
1766,1,1,0.10802624495308787,0.5765175285403165,0.3154562265065957
1767,0,1,0.17982789201556176,0.5178152651810833,0.30235684280335495
1768,0,0,0.5983184703546303,0.34390095844507207,0.05778057120029773
1769,2,2,0.018751408878307226,0.1412472845983626,0.8400013065233303
1770,0,0,0.4287472275010785,0.30598248828938757,0.2652702842095338
1771,0,0,0.6412550812583578,0.2696363355303619,0.0891085832112802
1772,2,2,0.054213774129018406,0.3731862634625533,0.5725999624084283
1773,1,0,0.5655675436245798,0.3691669793700403,0.06526547700537985
1774,1,1,0.1051593758445845,0.4695658036862776,0.4252748204691379
1775,0,0,0.9536421787379806,0.04018266320134666,0.00617515806067283
1776,1,1,0.1361841378670723,0.6566401288754043,0.20717573325752328
1777,0,1,0.24148120892945943,0.710463567176552,0.04805522389398857
1778,2,2,0.19411108336402724,0.3364800110291127,0.4694089056068601
1779,1,1,0.1958911310515896,0.48491282447605255,0.31919604447235783
1780,2,1,0.06962526819672807,0.5494930877963282,0.3808816440069438
1781,0,0,0.6377768681867034,0.31506086457677746,0.047162267236519194
1782,0,0,0.9673291260327167,0.03132780292449426,0.0013430710427888453
1783,1,0,0.6318410925587051,0.29758005570940455,0.07057885173189046
1784,2,1,0.2621058232619331,0.4417274283212866,0.2961667484167803
1785,0,0,0.7907194375995028,0.17428499596157668,0.03499556643892047
1786,1,1,0.1061860818241703,0.645456736675117,0.24835718150071276
1787,1,0,0.7066849303504396,0.2666904549089373,0.026624614740623106
1788,1,1,0.08198507093237202,0.6932254568397276,0.2247894722279004
1789,0,0,0.6893510908763351,0.2628982769684741,0.047750632155190695
1790,0,0,0.8415370766855217,0.13823276327344247,0.020230160041035696
1791,0,1,0.3520712058513046,0.4827778037790033,0.1651509903696923
1792,0,0,0.6758327107159846,0.2866672325138922,0.037500056770123254
1793,1,1,0.18881883347052822,0.4892488270278616,0.32193233950161027
1794,2,2,0.0353144372549926,0.37326583676054087,0.5914197259844665
1795,2,2,0.09170128370173868,0.44722792071989875,0.46107079557836256
1796,0,0,0.7799594572935159,0.19202692394364118,0.028013618762842894
1797,0,0,0.6880265416703356,0.27773267883859337,0.034240779491071016
1798,2,1,0.2108689667156391,0.4754771836528081,0.3136538496315529
1799,2,1,0.0564125899968561,0.4722070805730495,0.4713803294300945
1800,1,0,0.6145341782154811,0.3666866655850917,0.018779156199427223
1801,0,0,0.8979659845045884,0.0806384441935246,0.021395571301886993
1802,0,0,0.9817501945842785,0.016235633465381493,0.0020141719503400653
1803,0,0,0.9442117856003506,0.0485512602251357,0.007236954174513733
1804,1,1,0.42429466195032267,0.5051302255698832,0.07057511247979416
1805,0,0,0.7548285761233577,0.213274960835564,0.03189646304107821
1806,0,0,0.515317626451413,0.4099480857440319,0.07473428780455513
1807,1,0,0.7462430639851535,0.22477636239088591,0.028980573623960622
1808,2,2,0.0767358056206226,0.37950328671235395,0.5437609076670233
1809,0,0,0.7377508541377711,0.2312150790519115,0.031034066810317406
1810,0,0,0.7981823925877071,0.1798133046524696,0.02200430275982339
1811,2,2,0.04761479966798271,0.3217307406845252,0.6306544596474922
1812,2,2,0.049641244335389356,0.28985135775070753,0.6605073979139031
1813,0,0,0.7308936073225267,0.2528025267764262,0.016303865901046963
1814,0,0,0.8151490521565019,0.1725590146533048,0.012291933190193382
1815,2,2,0.006255183918968559,0.06868759431632723,0.9250572217647042
1816,1,1,0.3011246543237024,0.43137686644955725,0.2674984792267403
1817,1,1,0.1771496907023576,0.6142592430352121,0.20859106626243035
1818,2,2,0.04619426433232067,0.36180108093232183,0.5920046547353576
1819,0,0,0.8078302411587526,0.182971683203728,0.009198075637519327
1820,1,0,0.7109045107940477,0.21772933528875274,0.07136615391719957
1821,1,0,0.4630147146782747,0.39266620742413466,0.14431907789759063
1822,2,1,0.16886245591200064,0.5340013625636402,0.2971361815243593
1823,2,2,0.007207290679855882,0.09252505432414916,0.9002676549959949
1824,0,0,0.9898549028757998,0.008948095694312829,0.001197001429887357
1825,2,2,0.09517499798021156,0.35968893779052136,0.5451360642292671
1826,2,1,0.04336544987460517,0.48463481578292805,0.4719997343424669
1827,0,0,0.9319089629840884,0.05925448630432857,0.008836550711582864
1828,0,0,0.6562866417883407,0.3077770223426567,0.03593633586900254
1829,1,1,0.14649134956967905,0.5423646971349386,0.3111439532953822
1830,0,0,0.9843324791919119,0.014730350059937829,0.0009371707481501857
1831,0,0,0.6196145946404169,0.3515397598306197,0.02884564552896347
1832,0,1,0.42612208805274254,0.48242640058302977,0.0914515113642278
1833,1,1,0.1941401095361441,0.5083565165944979,0.297503373869358
1834,1,2,0.18231282638530302,0.31421672343024404,0.503470450184453
1835,0,0,0.9209772725835721,0.07102550733859328,0.007997220077834682
1836,0,0,0.768962898347209,0.17016527244118587,0.06087182921160527
1837,0,0,0.7523032901424739,0.1936945243079564,0.05400218554956988
1838,1,0,0.4874877832327016,0.44188145365734954,0.07063076310994877
1839,1,0,0.7563082663366161,0.17869729980335816,0.06499443386002587
1840,1,1,0.38439261370858,0.4513619780344627,0.16424540825695724
1841,2,2,0.1508020860660354,0.3988264610769092,0.4503714528570553
1842,1,1,0.17910275082387853,0.4476753542823763,0.37322189489374524
1843,1,2,0.10587291023593057,0.3129459554330968,0.5811811343309726
1844,0,0,0.7716404636266001,0.21116024468941852,0.017199291683981505
1845,1,1,0.27844788127670883,0.5302418465454561,0.19131027217783503
1846,1,1,0.3504920364968547,0.5217801970069452,0.1277277664962001
1847,0,0,0.4982749300850866,0.45146476764900306,0.05026030226591022
1848,1,0,0.8313440115613335,0.14531749428896912,0.023338494149697474
1849,2,2,0.029937687995730208,0.31883259402462377,0.6512297179796459
1850,0,0,0.6805635611508254,0.2757413712184698,0.04369506763070477
1851,1,0,0.8570473882013435,0.13078591899410533,0.012166692804551148
1852,0,0,0.5352022323058578,0.37249994701662026,0.09229782067752192
1853,0,0,0.682772054611146,0.2499709503413888,0.06725699504746525
1854,2,1,0.10616071728911608,0.5642010853305212,0.3296381973803627
1855,1,1,0.13056918747950114,0.7265800065675856,0.14285080595291327
1856,0,0,0.8767928000323053,0.1048957651386419,0.01831143482905258
1857,0,0,0.7620709052712421,0.19000000895726016,0.04792908577149759
1858,0,0,0.9872794958242057,0.012035064247994378,0.0006854399277997812
1859,2,2,0.09277036957523835,0.3918996400972007,0.515329990327561
1860,1,1,0.36407171769797475,0.40741347034545555,0.22851481195656975
1861,0,0,0.9751738876280356,0.021034192420138438,0.0037919199518258073
1862,1,1,0.3681060691086677,0.4078197274698502,0.22407420342148202
1863,1,0,0.7086829991893895,0.26147645724552154,0.02984054356508892
1864,1,1,0.2636443394239265,0.49190817677839266,0.24444748379768075
1865,0,0,0.6001231063439467,0.3426534910962511,0.057223402559802156
1866,1,0,0.6207880323844805,0.34556556045777864,0.03364640715774099
1867,2,1,0.09517120656377442,0.5174331698097893,0.3873956236264363
1868,2,2,0.13479458911636139,0.3053606064866199,0.5598448043970187
1869,2,2,0.043005831709537756,0.3899953088633989,0.5669988594270633
1870,2,1,0.07745077069335013,0.6003891552241014,0.32216007408254843
1871,2,2,0.019714889641729676,0.3388889553950359,0.6413961549632344
1872,0,0,0.8270850366762572,0.15740380194507103,0.015511161378671796
1873,1,0,0.7037137523077743,0.2316012068680118,0.0646850408242138
1874,0,0,0.5569603369911558,0.3910392068133705,0.052000456195473645
1875,1,1,0.19109226099408705,0.566485531833791,0.24242220717212193
1876,2,2,0.04387952760639771,0.18665222203364643,0.7694682503599559
1877,0,0,0.6863635190171524,0.29528344780579585,0.01835303317705172
1878,0,0,0.46699157524993923,0.41607727007411677,0.11693115467594405
1879,0,0,0.9129773428449123,0.06933758192545078,0.017685075229637172
1880,1,1,0.2996454739145013,0.5954975737823766,0.1048569523031222
1881,1,0,0.6712945604399672,0.24999663307626782,0.07870880648376498
1882,0,0,0.9530876594253848,0.04068099539533546,0.006231345179279694
1883,0,0,0.7442236733817778,0.23709830804067664,0.018678018577545637
1884,1,1,0.3534349054372946,0.4334980963695168,0.21306699819318858
1885,2,1,0.22424698768098517,0.5812002632102643,0.19455274910875062
1886,1,1,0.11271759544039213,0.47426800561308785,0.41301439894652
1887,0,0,0.8573326493289283,0.1114430531633548,0.031224297507717005
1888,1,0,0.6040348196928033,0.37491359676112396,0.021051583546072807
1889,0,1,0.21249041015247289,0.6445314172593489,0.14297817258817816
1890,1,1,0.30275049675577037,0.564970895436888,0.13227860780734166
1891,1,1,0.28304039197308706,0.48243032413505427,0.23452928389185868
1892,0,0,0.7697052936104346,0.20237938854291154,0.027915317846653808
1893,0,0,0.8128811753251917,0.14968982318609203,0.03742900148871641
1894,0,0,0.7569920085488354,0.21997068677680737,0.02303730467435726
1895,2,2,0.07154928766579861,0.39933730052398997,0.5291134118102113
1896,1,0,0.5628787460552377,0.3416237990740962,0.09549745487066617
1897,0,0,0.9510440375706148,0.04552725861858644,0.0034287038107984795
1898,1,0,0.6499412400176684,0.2786250675399409,0.07143369244239067
1899,0,0,0.7669930313607629,0.16608817000647874,0.06691879863275818
1900,0,0,0.7598320396836279,0.20217336348914128,0.037994596827230866
1901,0,0,0.5430370716026105,0.38955989507112015,0.06740303332626935
1902,1,2,0.3327808997750783,0.2873928621302308,0.379826238094691
1903,0,0,0.9186493723108969,0.07168265950615074,0.009667968182952359
1904,1,1,0.23806033633373389,0.6290907566690589,0.13284890699720725
1905,1,1,0.24778448982428228,0.4499946440642943,0.30222086611142346
1906,0,0,0.9241308956443882,0.06873575548013075,0.007133348875481165
1907,1,0,0.5077673636018475,0.4008011567614257,0.09143147963672671
1908,0,0,0.6387245101860213,0.3285942178464667,0.03268127196751205
1909,0,0,0.9128887441002163,0.070859058387016,0.016252197512767713
1910,0,0,0.6878093813151214,0.2872947424438333,0.02489587624104528
1911,2,2,0.06421975307608893,0.2638505725146474,0.6719296744092637
1912,1,1,0.12508115592775923,0.4554091103796129,0.4195097336926278
1913,1,1,0.06364244277964623,0.5558605985281744,0.38049695869217937
1914,1,1,0.16014470136273345,0.5193123282955148,0.32054297034175183
1915,2,2,0.0233963791001898,0.3162729283163483,0.6603306925834619
1916,2,2,0.06609207690594679,0.3257685409580525,0.6081393821360006
1917,1,0,0.8402903587435031,0.1297507479746492,0.029958893281847705
1918,1,1,0.22507228252832365,0.5901500397572853,0.18477767771439094
1919,1,0,0.7789410805434082,0.19343025149855161,0.02762866795804018
1920,2,1,0.06821624638057489,0.5148615130834759,0.4169222405359493
1921,0,0,0.7720200419064975,0.19063928983196635,0.03734066826153609
1922,0,1,0.4305003311404237,0.4372794803845475,0.13222018847502892
1923,1,1,0.3798440478300392,0.5490818555937138,0.07107409657624691
1924,0,0,0.8597330008783124,0.11950289255094658,0.02076410657074096
1925,2,1,0.3694552334150385,0.4948375699359825,0.13570719664897898
1926,0,0,0.8688213872009755,0.10827984786586652,0.022898764933157848
1927,2,2,0.028989488025821977,0.21129957491116938,0.7597109370630086
1928,1,2,0.12565262550384823,0.4250059998454532,0.4493413746506986
1929,1,1,0.2782915576651731,0.5258737623955115,0.19583467993931533
1930,0,0,0.8366676624207054,0.14348057339525694,0.019851764184037633
1931,2,1,0.06975065891838188,0.7074979444702462,0.22275139661137205
1932,0,0,0.5685696442882838,0.38378480931357994,0.047645546398136375
1933,0,1,0.3406130139460783,0.5476644350574031,0.11172255099651868
1934,0,0,0.7289865367504237,0.24094973170723163,0.030063731542344527
1935,0,0,0.9917156266492704,0.007807850010983457,0.0004765233397461867
1936,2,2,0.006159212743816905,0.08880496078495678,0.9050358264712264
1937,0,2,0.17953914884225727,0.35499185861150234,0.46546899254624036
1938,1,0,0.5399564919406139,0.41474849394486935,0.045295014114516745
1939,1,0,0.4809789871361634,0.43843782633665684,0.08058318652717975
1940,1,1,0.18138502258289038,0.41188203359890013,0.4067329438182095
1941,2,1,0.088234341930855,0.5183449675857678,0.3934206904833772
1942,1,2,0.1153332741687625,0.42484001878848904,0.4598267070427484
1943,1,0,0.4778027006786823,0.3907165040523177,0.13148079526900006
1944,0,1,0.3444766647428129,0.35436152729812365,0.3011618079590635
1945,2,1,0.12103265123049127,0.6744372943059607,0.2045300544635481
1946,1,0,0.4379642015875839,0.4046816134783415,0.15735418493407458
1947,1,0,0.39512971699787525,0.36389884357096736,0.24097143943115734
1948,0,0,0.9266217713767021,0.06585340354192526,0.007524825081372704
1949,1,1,0.39519925057975885,0.538609352954406,0.06619139646583513
1950,0,0,0.9146183584471398,0.06982796038460443,0.01555368116825587
1951,1,1,0.16314738241990284,0.6656312947377921,0.1712213228423049
1952,0,0,0.9915328049160792,0.007623959036635116,0.000843236047285571
1953,1,2,0.22644240540681992,0.36083780432725365,0.4127197902659264
1954,1,1,0.2928243359006186,0.5758971694343158,0.13127849466506564
1955,0,0,0.7404151560591935,0.19692234920122223,0.0626624947395843
1956,0,0,0.9770354666614642,0.02205663062968814,0.0009079027088475159
1957,1,0,0.4806785266450237,0.3584430778272638,0.1608783955277125
1958,0,0,0.6192830565585543,0.3425540632115502,0.038162880229895495
1959,1,2,0.2464256536770813,0.34707676820307487,0.40649757811984377
1960,2,1,0.06487712874789368,0.6097636826084832,0.325359188643623
1961,1,1,0.29043069977989067,0.5836765732972994,0.12589272692281
1962,0,0,0.6033802381294091,0.3116795388140761,0.08494022305651484
1963,0,0,0.49042801296119737,0.4338782683174632,0.07569371872133937
1964,0,1,0.35606611426960577,0.45895254215784975,0.18498134357254448
1965,1,0,0.6911193360991387,0.2644779907953266,0.04440267310553466
1966,0,0,0.7611255225610445,0.19212521214907408,0.046749265289881436
1967,0,0,0.9000997494266524,0.0943774911209356,0.005522759452411968
1968,2,2,0.0019431891415651048,0.04794629700368698,0.9501105138547479
1969,1,1,0.21677434304607274,0.4720825063843316,0.3111431505695958
1970,0,0,0.8513014563134441,0.13207241587111487,0.01662612781544107
1971,0,0,0.40251169453121416,0.3927837129330797,0.2047045925357061
1972,2,1,0.02973781016564615,0.5055723270640416,0.46468986277031227
1973,0,1,0.2753829538432336,0.5007287203462453,0.22388832581052107
1974,0,0,0.9081870623859095,0.08412773857390009,0.007685199040190215
1975,0,0,0.6146688280302961,0.32508633842070583,0.06024483354899808
1976,0,0,0.9836422148393034,0.01415765163075112,0.002200133529945494
1977,0,0,0.8168574992510246,0.15907850147804325,0.024063999270932158
1978,1,1,0.1001946377681234,0.5390790427178074,0.3607263195140692
1979,0,0,0.9643181365634631,0.032860415846818244,0.0028214475897186558
1980,1,0,0.7339944402468442,0.2297924441749163,0.03621311557823938
1981,1,1,0.15534253747749807,0.553672456537623,0.2909850059848789
1982,0,0,0.7481900340177263,0.20748323563170076,0.044326730350572906
1983,0,0,0.9080099029248501,0.08558958854661579,0.006400508528534099
1984,0,0,0.6431342986400861,0.30735445180844484,0.04951124955146905
1985,2,1,0.16405665000704986,0.5128287544254674,0.32311459556748273
1986,1,0,0.6314647797310237,0.24063672502517833,0.1278984952437979
1987,0,0,0.6523941069804039,0.3149716293185204,0.03263426370107567
1988,1,1,0.19833561743348793,0.5789550412499256,0.2227093413165866
1989,0,1,0.35872902392728034,0.5781123916239054,0.06315858444881427
1990,2,2,0.07380162597521651,0.3946922376087585,0.531506136416025
1991,2,2,0.09616482042880574,0.2349118177026147,0.6689233618685796
1992,2,2,0.15325479918162735,0.3108642408741988,0.5358809599441738
1993,0,0,0.9118588419542051,0.08178462404876204,0.00635653399703282
1994,0,0,0.8353876795403768,0.14323028701027324,0.02138203344935009
1995,2,1,0.11803211334638075,0.5617493372515998,0.32021854940201955
1996,0,0,0.5665446207060918,0.3184768958917716,0.11497848340213647
1997,0,0,0.8031103522050952,0.171753851984353,0.025135795810551864
1998,1,0,0.5078461750369386,0.4486387961464795,0.04351502881658187
1999,0,0,0.6279305890668396,0.2639464998315716,0.1081229111015888
2000,0,0,0.7523387184887561,0.23565121552708082,0.012010065984163043
2001,0,0,0.9848153924662062,0.013087223335886904,0.002097384197906924
2002,2,2,0.012564729202695418,0.1735938074706461,0.8138414633266585
2003,1,2,0.2954570718755897,0.3380660237054583,0.366476904418952
2004,0,0,0.8101360860773386,0.17563012714717452,0.014233786775486939
2005,1,1,0.1560310531532482,0.6216762790777802,0.22229266776897158
2006,1,1,0.2159619840463822,0.44513161245450905,0.3389064034991087
2007,0,0,0.8112214039637984,0.17482353043655813,0.013955065599643534
2008,1,0,0.7131406968182733,0.2587615790916281,0.028097724090098565
2009,1,1,0.3427630560362193,0.5263562839183552,0.13088066004542542
2010,2,1,0.1214892339448129,0.5330424316842026,0.3454683343709844
2011,1,0,0.5043265313935372,0.378429432724783,0.11724403588167978
2012,0,0,0.9712405234549555,0.024133802976619368,0.004625673568425186
2013,0,0,0.5668728239381939,0.37575174165396646,0.057375434407839626
2014,0,0,0.4627134834616541,0.40473716806279214,0.13254934847555383
2015,0,0,0.7453853935113532,0.2155602012359935,0.03905440525265332
2016,0,0,0.8492816874431722,0.12788158629446827,0.022836726262359507
2017,0,0,0.8377814269920881,0.1471189841164926,0.015099588891419267
2018,0,0,0.6907503063296742,0.28593898214328317,0.023310711527042786
2019,1,0,0.5552078583920202,0.34758461100243754,0.09720753060554228
2020,0,0,0.5064265189954843,0.28928209993688314,0.20429138106763256
2021,0,1,0.40123820322218645,0.5299839746706111,0.0687778221072025
2022,1,1,0.14326519595092685,0.5116484374250319,0.3450863666240413
2023,1,1,0.19085486249688724,0.6013945877772939,0.2077505497258189
2024,2,1,0.2180852041863597,0.3946868979906905,0.3872278978229497
2025,1,1,0.3606170948054967,0.39797903329799317,0.24140387189651008
2026,1,1,0.12623228903070016,0.5258653130062523,0.34790239796304745
2027,1,1,0.19353165811518078,0.4491891390065077,0.3572792028783116
2028,1,1,0.401410703283751,0.4562311160280889,0.14235818068816006
2029,1,1,0.24432725729116736,0.6688780405275464,0.08679470218128614
2030,0,0,0.7883394892312073,0.15584562913016095,0.0558148816386317
2031,1,1,0.14070266361888495,0.5152355846026477,0.3440617517784673
2032,0,1,0.4624881623354175,0.496284917434882,0.04122692022970041
2033,0,0,0.8687994407125393,0.12419252736995012,0.007008031917510702
2034,1,0,0.6482699378291013,0.29195752024928034,0.059772541921618356
2035,0,0,0.7203658170654256,0.24595436108816757,0.03367982184640684
2036,0,0,0.9848128444311528,0.013792620327835892,0.0013945352410112662
2037,1,1,0.2380665005330968,0.6017511964627006,0.16018230300420258
2038,2,1,0.15081884044148744,0.554016628183929,0.29516453137458354
2039,0,0,0.6632453758607143,0.3002549468725477,0.03649967726673806
2040,0,1,0.45923376920607084,0.47830379477717117,0.062462436016758154
2041,1,0,0.4825020668685798,0.37590492719286506,0.14159300593855514
2042,1,1,0.26263986620957647,0.6671931717899657,0.0701669620004578
2043,0,0,0.6908772670999397,0.26021819781624356,0.048904535083816744
2044,0,0,0.8236681559566301,0.1585893426507233,0.01774250139264649
2045,1,1,0.3268570747114708,0.5110939597307934,0.16204896555773582
2046,0,0,0.5450789769158031,0.3968837783849871,0.05803724469920974
2047,0,0,0.4931151861387534,0.33852920111296647,0.16835561274828015
2048,1,1,0.1608249650565284,0.5770318584857173,0.26214317645775437
2049,1,1,0.12338601369694287,0.553476348298785,0.3231376380042721
2050,2,2,0.030043724055476447,0.4372534637171461,0.5327028122273775
2051,0,0,0.867412912984411,0.11260795903365958,0.019979127981929384
2052,1,1,0.10819628860472892,0.5815117784248787,0.3102919329703923
2053,2,1,0.09977546647960957,0.599352589291998,0.3008719442283924
2054,1,1,0.2629027019154601,0.5672013283755815,0.16989596970895843
2055,0,0,0.987788799381269,0.011190847661822639,0.0010203529569083362
2056,0,0,0.84672390700251,0.1375913978107713,0.015684695186718868
2057,2,2,0.06004911332135812,0.2601528959979169,0.679797990680725
2058,0,0,0.8889839711160271,0.10091555493527779,0.010100473948695024
2059,2,2,0.017643275618401278,0.29072715832796364,0.691629566053635
2060,0,1,0.12172437577009884,0.6372279250732453,0.24104769915665578
2061,0,0,0.8284154884987613,0.16426106510380817,0.007323446397430488
2062,2,1,0.3146697220843811,0.4857401004962688,0.19959017741934998
2063,1,2,0.1991763996203548,0.28208121386886936,0.5187423865107759
2064,0,0,0.942572185686943,0.04911709334844201,0.008310720964614937
2065,1,1,0.23705674576355384,0.5894487852543688,0.17349446898207724
2066,0,0,0.9300427615137539,0.06584909875708281,0.0041081397291632465
2067,0,0,0.8858718066809748,0.09952568641001783,0.01460250690900734
2068,0,1,0.4217558262484784,0.43876227363276754,0.13948190011875397
2069,0,0,0.9363693643007448,0.055795993891951036,0.00783464180730434
2070,0,0,0.7753898298786412,0.2003481720289535,0.02426199809240527
2071,0,0,0.9528135617753484,0.04184661418425395,0.0053398240403977155
2072,1,1,0.1002425368724102,0.5557688987799423,0.34398856434764763
2073,1,2,0.048516564768652994,0.23963433279885135,0.7118491024324957
2074,0,0,0.6250186285261843,0.2977046107528581,0.07727676072095759
2075,0,0,0.63132588992202,0.25226319782308504,0.11641091225489494
2076,0,0,0.8585245469616358,0.1336510472709074,0.007824405767456622
2077,0,0,0.9424422878291887,0.05216812928869722,0.00538958288211406
2078,2,2,0.002610525484207217,0.03591328951930585,0.961476184996487
2079,0,0,0.9086900974711767,0.07944559093818784,0.011864311590635356
2080,0,0,0.6712370603141287,0.297109045165425,0.03165389452044629
2081,0,1,0.4709906323742508,0.48727038356838953,0.04173898405735965
2082,2,1,0.08767524150278047,0.5765047170963187,0.3358200414009008
2083,0,0,0.7499761800162217,0.2284038963963821,0.021619923587396114
2084,1,1,0.27500111965587987,0.5594749318205758,0.1655239485235442
2085,0,0,0.7862846358891153,0.19092770362661715,0.022787660484267454
2086,1,1,0.2185014446476632,0.6231322109249032,0.15836634442743347
2087,0,1,0.31788893027771564,0.5760094087605806,0.10610166096170377
2088,0,0,0.7109633129528201,0.2547360430431464,0.03430064400403362
2089,0,0,0.9763003829126473,0.0216618456340686,0.002037771453284011
2090,2,1,0.046486180797985235,0.6615599233575327,0.2919538958444822
2091,1,1,0.26835682260892646,0.5592247329747733,0.17241844441630022
2092,1,1,0.38045892237885687,0.5510524487200549,0.06848862890108831
2093,2,2,0.05856560561495765,0.4385741398135677,0.5028602545714747
2094,2,1,0.15565304708050212,0.4675788865973309,0.37676806632216703
2095,0,1,0.37031999697092954,0.48774963274853145,0.14193037028053898
2096,2,2,0.017797841006076953,0.254615770271322,0.7275863887226011
2097,0,0,0.7963705006734386,0.19287917921364986,0.010750320112911469
2098,1,1,0.4253069119106653,0.4474485217921312,0.1272445662972035
2099,1,1,0.405559658068489,0.5414801798631182,0.05296016206839286
2100,1,1,0.22373689844771869,0.6901992845096524,0.0860638170426289
2101,1,1,0.3425056932864102,0.34889864534115955,0.30859566137243033
2102,0,0,0.6433752890942783,0.2792925040884071,0.0773322068173146
2103,1,1,0.2883532943167421,0.53685484401764,0.1747918616656178
2104,1,1,0.11137870773186301,0.471190956220876,0.4174303360472611
2105,0,0,0.8830412531032565,0.1045943925490865,0.012364354347656899
2106,0,0,0.7096087872964512,0.21740717879994895,0.07298403390359975
2107,0,0,0.9559361475868571,0.039758273690873036,0.004305578722270114
2108,2,1,0.21180726144134787,0.5762750214262452,0.21191771713240684
2109,1,1,0.3661390003354973,0.5039305607407593,0.12993043892374345
2110,1,1,0.3034840153870711,0.589577317194257,0.10693866741867201
2111,2,2,0.11997160558575137,0.38455023672339844,0.49547815769085024
2112,1,1,0.23910432192651954,0.5634899325571066,0.19740574551637396
2113,0,1,0.33053310012090353,0.5413844904696329,0.12808240940946364
2114,1,2,0.06221044395238509,0.3611873791098995,0.5766021769377154
2115,0,0,0.9532693706604982,0.04357343170766885,0.003157197631832942
2116,1,1,0.1432229696778532,0.7204735303074195,0.1363035000147273
2117,2,2,0.014999853432580191,0.26122078897336676,0.723779357594053
2118,0,0,0.8806685410123036,0.08259689635999878,0.036734562627697726
2119,1,1,0.18969310626704275,0.5635600071834809,0.24674688654947632
2120,1,0,0.5831572940520119,0.29961236910216954,0.11723033684581863
2121,0,0,0.9406765504302739,0.051135600844603724,0.008187848725122421
2122,1,1,0.4448898887835452,0.4610748485635318,0.09403526265292302
2123,1,1,0.4035039910049208,0.43310994112920737,0.16338606786587193
2124,2,2,0.08555560054033359,0.19591465120230914,0.7185297482573574
2125,0,0,0.9367286642259778,0.05677893745608327,0.006492398317939003
2126,0,0,0.6600825792538717,0.2868165677347909,0.05310085301133726
2127,0,0,0.534113086581184,0.34990311096544463,0.11598380245337137
2128,0,0,0.5885686400514878,0.3172638458094003,0.09416751413911191
2129,0,0,0.9536720856351196,0.041881867463853924,0.004446046901026413
2130,2,2,0.11738628544321768,0.33468581093074184,0.5479279036260405
2131,2,1,0.1365632357064246,0.4459509059341618,0.4174858583594136
2132,2,2,0.09467213002247118,0.43528526948142326,0.4700426004961055
2133,1,1,0.3226424917008296,0.5998336070413572,0.0775239012578132
2134,0,0,0.7287232032386628,0.24563379389195916,0.02564300286937803
2135,0,0,0.7326291748815795,0.21972035416557253,0.04765047095284776
2136,1,1,0.11854580122794649,0.5055659368751736,0.3758882618968799
2137,1,1,0.32541507511407936,0.5787322692200906,0.09585265566583005
2138,0,0,0.4200114994403305,0.41689669701636567,0.16309180354330388
2139,1,0,0.67368685559889,0.2727295987889452,0.053583545612164815
2140,1,1,0.24231297306061853,0.6774339197860957,0.08025310715328571
2141,1,1,0.24241219303984338,0.6044270111885185,0.15316079577163796
2142,0,0,0.8923971469856375,0.09830735947002504,0.009295493544337428
2143,1,1,0.3047275094885914,0.5828999527385359,0.11237253777287275
2144,1,1,0.20139141232650998,0.4605485520398461,0.33806003563364384
2145,2,2,0.11426201248256707,0.3698709443455432,0.5158670431718897
2146,1,0,0.6519295492571617,0.31444248634134997,0.0336279644014883
2147,1,1,0.11549508341993962,0.6812985204433415,0.20320639613671895
2148,1,2,0.3343099892412466,0.2855716582342481,0.3801183525245052
2149,0,0,0.5882198687855638,0.3792744676675475,0.03250566354688872
2150,1,1,0.26869042460093906,0.4590446083225376,0.2722649670765233
2151,1,1,0.18732599722423213,0.6126679925106299,0.20000601026513803
2152,0,0,0.9742356982679428,0.0239157285610657,0.001848573170991528
2153,0,1,0.134956474139556,0.4861667374858043,0.3788767883746397
2154,1,2,0.1948548720343977,0.3018419183005805,0.5033032096650217
2155,0,0,0.4825687631572547,0.47347611107414994,0.04395512576859546
2156,2,1,0.060015438195083606,0.7127361565287178,0.22724840527619852
2157,1,0,0.5151979139460893,0.32322531695178824,0.16157676910212238
2158,0,0,0.6825260251705976,0.27865966860095215,0.0388143062284503
2159,0,0,0.7808929008611155,0.1874592909107182,0.03164780822816629
2160,1,0,0.5556385380685743,0.322300330485821,0.12206113144560465
2161,2,1,0.08249336482669123,0.49176768554652883,0.42573894962678
2162,1,1,0.3497903173636385,0.5223057431168567,0.12790393951950468
2163,2,2,0.08893173696332753,0.34230640011588187,0.5687618629207906
2164,2,1,0.23003681620891675,0.5039002545567468,0.26606292923433644
2165,0,0,0.7103697269446806,0.2683713597419684,0.021258913313350933
2166,1,1,0.1655902455868261,0.6007458404692476,0.23366391394392633
2167,0,0,0.5691561852619984,0.3370136856953775,0.09383012904262418
2168,2,1,0.22819219509278724,0.46390513612169243,0.3079026687855202
2169,2,1,0.11155061221895786,0.5058689014151007,0.3825804863659414
2170,2,1,0.2705480301319945,0.5561798550458297,0.17327211482217583
2171,2,2,0.05608528140815574,0.3049970579502376,0.6389176606416067
2172,1,0,0.6158308778438663,0.3201576642790165,0.06401145787711743
2173,2,2,0.043417502928354605,0.18103616756483482,0.7755463295068107
2174,1,1,0.19563109293289146,0.6730192999085501,0.13134960715855842
2175,0,1,0.40352003710637535,0.5041816345677866,0.09229832832583812
2176,1,1,0.06201553994550785,0.6409614877240535,0.2970229723304385
2177,1,1,0.21440963568430016,0.5932647611816769,0.192325603134023
2178,0,0,0.6130645610051942,0.2853456657866028,0.10158977320820291
2179,0,0,0.6024264929083685,0.29773235891065625,0.09984114818097517
2180,0,0,0.9057784263024675,0.07778476341351723,0.01643681028401513
2181,1,2,0.21686773317223457,0.25478898400374783,0.5283432828240175
2182,0,0,0.905510898176962,0.07949450496593044,0.014994596857107656
2183,1,1,0.12997674390996272,0.5488170799690465,0.3212061761209909
2184,0,0,0.9905419882554128,0.008527425320579795,0.000930586424007536
2185,0,0,0.9360591231871078,0.05826470108646087,0.005676175726431275
2186,0,0,0.5080634901037411,0.2662965545462787,0.22563995534998013
2187,1,0,0.4643542903637483,0.40461133547353434,0.13103437416271735
2188,2,1,0.028528687659075843,0.6318250529517389,0.33964625938918525
2189,1,0,0.4199826658279162,0.3214069907895886,0.25861034338249517
2190,0,0,0.6129383495033851,0.2968772005404474,0.09018444995616752
2191,2,1,0.182467679756814,0.7002732581997857,0.11725906204340027
2192,1,1,0.24755615512430892,0.6545083009504913,0.09793554392519983
2193,0,0,0.5228654707157964,0.449026572652451,0.028107956631752664
2194,2,1,0.09518259829816353,0.7314348434418156,0.17338255826002077
2195,0,0,0.8221473188859763,0.15099197659312047,0.02686070452090329
2196,1,0,0.8026475841367325,0.17513402982850843,0.02221838603475895
2197,1,2,0.1820757260548506,0.3413905512418414,0.4765337227033079
2198,1,0,0.472844763361492,0.467433594809081,0.05972164182942714
2199,0,0,0.502545168834485,0.4369627076450042,0.0604921235205108
2200,2,1,0.12188136078123009,0.6421283072957015,0.23599033192306854
2201,2,1,0.07734898643875851,0.4881230845065442,0.43452792905469734
2202,0,0,0.7652641345749984,0.20408852001518238,0.030647345409818998
2203,1,1,0.33726620034517846,0.48647256859957116,0.1762612310552503
2204,1,0,0.5856536510914335,0.3852037365631746,0.02914261234539183
2205,0,1,0.28948453315250167,0.6477453796273119,0.06277008722018652
2206,0,1,0.14695251875647328,0.535338885335605,0.3177085959079217
2207,2,1,0.23137661337301627,0.5192168542207707,0.24940653240621308
2208,1,1,0.17133785871839613,0.567925006686876,0.2607371345947279
2209,0,0,0.6003914828038237,0.22472545668946342,0.1748830605067129
2210,0,0,0.8116776487607592,0.16287259779488722,0.0254497534443535
2211,0,0,0.9069465262401276,0.08724566039515391,0.005807813364718528
2212,0,0,0.9857064562053308,0.013321882708101841,0.0009716610865673828
2213,2,1,0.08912590905046111,0.6897939899456696,0.22108010100386927
2214,0,0,0.8175490882841776,0.1700140239547451,0.012436887761077266
2215,1,1,0.3838906184985501,0.4731386373096687,0.14297074419178124
2216,0,0,0.8512246131499666,0.13965922610046042,0.009116160749572968
2217,0,0,0.826026564917589,0.14462353522202345,0.029349899860387763
2218,0,0,0.8968095538555115,0.0939629979918607,0.009227448152627726
2219,1,1,0.33117227128154836,0.46163632474352,0.20719140397493152
2220,2,2,0.040695350206980854,0.2855404654990751,0.673764184293944
2221,2,2,0.011718263092637097,0.19118381976032858,0.7970979171470344
2222,1,2,0.1767581125220864,0.35924765507508066,0.46399423240283294
2223,0,0,0.9310702913061178,0.06196437588770876,0.006965332806173477
2224,0,0,0.5560232358426908,0.3855170023493753,0.058459761807933996
2225,2,2,0.037077439965893,0.4324377969324536,0.5304847631016534
2226,0,0,0.5360932393897139,0.36878201166999963,0.09512474894028641
2227,1,1,0.05980119667966337,0.6671313285857864,0.27306747473455034
2228,1,1,0.14426170267004643,0.4503909867156138,0.4053473106143398
2229,0,0,0.9735903193638785,0.02386113965747663,0.0025485409786449096
2230,1,1,0.36570536164246953,0.5725693570641947,0.06172528129333593
2231,2,2,0.04548003024657154,0.3309194926771434,0.6236004770762851
2232,2,2,0.010342527075704504,0.40959488210556183,0.5800625908187336
2233,2,1,0.041173841970944126,0.4869608770228156,0.4718652810062403
2234,0,0,0.915589478305075,0.0637726532929349,0.02063786840199026
2235,1,1,0.344654173941184,0.604042186161078,0.05130363989773804
2236,0,0,0.9260673085591974,0.06828514214095546,0.0056475492998471
2237,1,2,0.08587828235700842,0.34670214719329095,0.5674195704497006
2238,0,0,0.7422389964743333,0.21550414033425255,0.04225686319141414
2239,0,0,0.5890996703687171,0.3905108149483117,0.020389514682971174
2240,0,1,0.17110599223966086,0.692388288645271,0.13650571911506817
2241,0,0,0.9474308802048518,0.048691328753724936,0.0038777910414232895
2242,0,1,0.18172973803036646,0.5360538555487913,0.2822164064208424
2243,2,2,0.21299885494456705,0.3011363758644261,0.48586476919100696
2244,2,2,0.15607955776174218,0.40244557350078797,0.4414748687374698
2245,2,1,0.26604041761746766,0.5138181965606101,0.22014138582192225
2246,0,0,0.9584689008374265,0.039714308647422994,0.0018167905151504566
2247,1,2,0.045039667657789904,0.35409287842154397,0.6008674539206661
2248,0,0,0.9225002565441144,0.07108581711758641,0.006413926338299271
2249,0,1,0.39756026467816674,0.4809025409381888,0.12153719438364445
2250,2,2,0.06317797819768124,0.3074239355348078,0.6293980862675109
2251,1,1,0.39408213361315325,0.46189927844086875,0.14401858794597794
2252,0,0,0.7357902676789853,0.2308585670059866,0.03335116531502823
2253,1,1,0.3093521810753916,0.4930297480748308,0.1976180708497775
2254,1,1,0.08667867222263592,0.5101818221743867,0.4031395056029774
2255,0,0,0.7050765926508159,0.2085569440302338,0.08636646331895038
2256,0,1,0.39060811899968395,0.5498111351681818,0.05958074583213435
2257,2,2,0.07511691222447879,0.36938759588526376,0.5554954918902575
2258,1,1,0.20956719647296732,0.5277679922180014,0.2626648113090313
2259,2,2,0.010507524227514886,0.2085073515577219,0.7809851242147632
2260,1,0,0.3523116647393007,0.3019835436372106,0.34570479162348877
2261,0,0,0.9279887136364412,0.0641799251925114,0.007831361171047399
2262,0,0,0.6523540056380098,0.3248147257397614,0.02283126862222875
2263,2,2,0.0371156273072682,0.3871748999781125,0.5757094727146194
2264,0,0,0.6508416317374427,0.2855318758501886,0.06362649241236888
2265,0,0,0.9850590217021732,0.014086212264010849,0.0008547660338158764
2266,0,0,0.9587372341166178,0.03864742334459664,0.002615342538785521
2267,0,0,0.4906518561036233,0.3693524156582993,0.1399957282380775
2268,0,0,0.8272880765665984,0.15334304020989323,0.019368883223508267
2269,0,0,0.9082519981113018,0.06751919522085881,0.024228806667839522
2270,0,0,0.9471864748833463,0.04679606583045249,0.0060174592862011845
2271,0,0,0.5705152140810156,0.38337709982138496,0.04610768609759942
2272,0,0,0.9515257613127722,0.04293188926567532,0.005542349421552498
2273,2,2,0.021398099905944237,0.2990158876133365,0.6795860124807193
2274,0,0,0.8943623796321024,0.09529934605434705,0.01033827431355052
2275,0,0,0.4179329612073426,0.41110729145884933,0.17095974733380812
2276,0,0,0.9767514700966413,0.020846258410923954,0.0024022714924347385
2277,1,1,0.4505888550183345,0.5023471558751011,0.04706398910656434
2278,1,0,0.4806636073632126,0.34858982419026446,0.1707465684465229
2279,0,0,0.9590101029197409,0.03929718667214646,0.0016927104081127893
2280,0,1,0.3616959642909499,0.520838306210162,0.11746572949888819
2281,0,0,0.9055478967060123,0.08522827791376787,0.009223825380219795
2282,0,0,0.9734850137374058,0.02453323661650734,0.001981749646086732
2283,0,0,0.9677828064441302,0.0297395012409002,0.002477692314969681
2284,0,0,0.7337263223209181,0.23431306780936076,0.03196060986972121
2285,0,1,0.27765303033005473,0.5438591685296559,0.17848780114028942
2286,0,1,0.370458277578124,0.4763086776526794,0.15323304476919652
2287,1,0,0.6543232293457465,0.2638660480306491,0.08181072262360452
2288,2,2,0.039383265677980124,0.3446543499845853,0.6159623843374346
2289,0,0,0.5826608160832307,0.3673035876670769,0.05003559624969242
2290,0,0,0.6772374590563903,0.2826055715885446,0.040156969355064985
2291,0,0,0.513925621129547,0.3415902879581005,0.14448409091235268
2292,2,2,0.01610743030442079,0.08737150017465833,0.8965210695209208
2293,0,0,0.9936200040864602,0.005814313477763287,0.0005656824357763639
2294,2,2,0.012788325294559756,0.1579530623481945,0.8292586123572457
2295,1,1,0.23870081169409568,0.4988047877326996,0.26249440057320467
2296,2,1,0.26512825481209085,0.5498240031881882,0.18504774199972085
2297,1,1,0.15202829904811582,0.6530255770156179,0.19494612393626617
2298,0,0,0.747053778916899,0.22146583324467164,0.031480387838429304
2299,0,1,0.3834790585970507,0.5494581001433465,0.06706284125960278
2300,2,2,0.06125372678691682,0.4292060521251446,0.5095402210879386
2301,0,0,0.5615745011950787,0.39897394334564174,0.03945155545927966
2302,0,0,0.8936454379665303,0.09115698590240734,0.015197576131062424
2303,1,1,0.29583537697060147,0.47442680652864094,0.22973781650075764
2304,1,1,0.4463793549597617,0.4560188693775035,0.09760177566273481
2305,1,1,0.17220573607218145,0.49472723484862513,0.33306702907919356
2306,1,1,0.089148620535034,0.6582636179523925,0.25258776151257345
2307,1,0,0.4709003080544946,0.36499782716169055,0.16410186478381483
2308,0,1,0.26637874958818963,0.6501152542993787,0.08350599611243174
2309,0,0,0.873134175207343,0.11515557131096187,0.01171025348169524
2310,0,0,0.9089791608366007,0.07986554504745995,0.01115529411593933
2311,0,0,0.8636672932500938,0.11758925206073102,0.018743454689175137
2312,0,1,0.10897598182304738,0.5589963250515271,0.3320276931254255
2313,0,0,0.7321009559283591,0.2284775069253902,0.03942153714625068
2314,1,1,0.1790503705115997,0.43701744385621716,0.383932185632183
2315,0,0,0.8585439346567071,0.1288488767407464,0.012607188602546466
2316,0,0,0.6219240293885806,0.29162585645083444,0.08645011416058505
2317,1,1,0.36468532305645907,0.4536362146204118,0.18167846232312906
2318,1,1,0.3504721255542171,0.5304972342852972,0.11903064016048565
2319,0,0,0.7265304839508857,0.23077476696633198,0.042694749082782334
2320,0,0,0.8932647797496955,0.08201331773818961,0.024721902512114875
2321,2,2,0.018889293974745865,0.38217485085212255,0.5989358551731315
2322,2,1,0.04338153307658691,0.7604596588125124,0.1961588081109007
2323,1,0,0.4904742639183242,0.4144313774218939,0.09509435865978196
2324,0,0,0.7422466087153123,0.23084814316529179,0.02690524811939599
2325,1,0,0.4984519595310965,0.37171681608894275,0.12983122437996064
2326,0,0,0.8712730263417546,0.08898607460975663,0.039740899048488806
2327,0,0,0.8763716461437974,0.11522729103525473,0.008401062820947965
2328,0,1,0.41558562877583566,0.5360532883184655,0.048361082905698925
2329,2,2,0.04180854316838577,0.2556352995362296,0.7025561572953847
2330,0,0,0.9304143475336337,0.06026628857097239,0.009319363895393921
2331,0,0,0.811120671170288,0.15957751043890395,0.02930181839080812
2332,0,0,0.6833361852096455,0.23346123726828735,0.08320257752206718
2333,1,1,0.066689712457909,0.7856470776003203,0.1476632099417706
2334,0,0,0.9929772472746349,0.006616888079827657,0.0004058646455374438
2335,1,1,0.32713140857994294,0.5485330008772669,0.12433559054279021
2336,2,2,0.018196204594606073,0.2281642155133566,0.7536395798920374
2337,0,1,0.4673024171617862,0.48246666712498226,0.050230915713231516
2338,2,2,0.019780072251156678,0.44789022723615285,0.5323297005126906
2339,0,0,0.5279082872440309,0.3551179233721811,0.11697378938378805
2340,1,1,0.2796733672140655,0.5463647853006482,0.1739618474852862
2341,0,0,0.6444459186092284,0.298515286879142,0.05703879451162953
2342,1,0,0.7458648725071501,0.2320038028672016,0.02213132462564825
2343,1,1,0.41092622463995193,0.4925718632216506,0.09650191213839758
2344,1,1,0.3645149608447476,0.5348257013823879,0.1006593377728645
2345,0,1,0.2725644295628609,0.47358400913264814,0.25385156130449094
2346,0,0,0.9465392674984885,0.050000462703827166,0.003460269797684333
2347,1,2,0.08580557491009755,0.4253767478061354,0.488817677283767
2348,2,2,0.039818446628149345,0.4570217928038866,0.5031597605679641
2349,2,2,0.05147970483174709,0.47278326601824955,0.4757370291500034
2350,1,0,0.6300788729963369,0.27845728443702283,0.0914638425666403
2351,0,0,0.9468540025246345,0.04406358419318342,0.009082413282181937
2352,1,1,0.21206982254515827,0.7066985156999139,0.08123166175492785
2353,1,1,0.10612278147272486,0.7161268102734547,0.17775040825382032
2354,0,2,0.21593758243343303,0.3597858717426666,0.4242765458239004
2355,1,2,0.044152774265699773,0.2826426673929539,0.6732045583413463
2356,1,1,0.3092215187157245,0.46685432027767354,0.22392416100660203
2357,0,0,0.7183738702431481,0.24425532519976503,0.03737080455708697
2358,1,1,0.2482730480216925,0.3892103830861394,0.36251656889216816
2359,1,1,0.24940955712136556,0.5790274039656284,0.17156303891300598
2360,0,0,0.7952250628760754,0.17798386464934762,0.02679107247457696
2361,2,2,0.0778855467654889,0.22678714574344153,0.6953273074910695
2362,1,1,0.38430748399588327,0.565182906866321,0.05050960913779568
2363,1,1,0.19190606545261762,0.7168249557427462,0.09126897880463604
2364,0,1,0.1932490128428325,0.5692196748668372,0.23753131229033023
2365,0,0,0.9598467711456937,0.0378745516645998,0.0022786771897065215
2366,0,0,0.5482667594363811,0.38758066541308145,0.06415257515053735
2367,0,0,0.5305014515197031,0.4362988982436149,0.03319965023668198
2368,1,1,0.06112751359014803,0.6062099603714431,0.33266252603840885
2369,0,0,0.8146779811247696,0.15146954560665846,0.033852473268571916
2370,0,0,0.6188620228510014,0.3189166453333647,0.062221331815633954
2371,1,1,0.24495250621520606,0.581461312650284,0.17358618113451005
2372,0,0,0.5112318312053336,0.4514251959115718,0.037342972883094745
2373,2,2,0.11445918269349856,0.2733797547643072,0.6121610625421942
2374,1,0,0.6477192362909956,0.308494232412931,0.04378653129607349
2375,1,2,0.077586552704806,0.3684602057472823,0.5539532415479117
2376,1,2,0.3064970061326922,0.3191582991654288,0.374344694701879
2377,0,0,0.971122167368045,0.02714516949005573,0.0017326631418992484
2378,2,1,0.2638215638436671,0.5751186502937373,0.1610597858625954
2379,0,0,0.7946895159446922,0.17850098798210723,0.026809496073200427
2380,0,1,0.36016311695499187,0.5579503451542162,0.08188653789079212
2381,1,1,0.12141060898490207,0.7354954439198623,0.14309394709523562
2382,1,1,0.19845885281138084,0.4503621647474794,0.3511789824411398
2383,1,1,0.16788199721323743,0.44044443275635736,0.39167357003040515
2384,0,1,0.29051256625440103,0.44552404760211867,0.26396338614348036
2385,0,1,0.27080779305635483,0.6173356926045875,0.11185651433905777
2386,1,2,0.2462651260657775,0.3584479602200327,0.39528691371418984
2387,0,0,0.7131358510446403,0.2616388548759197,0.02522529407943996
2388,1,1,0.301778255581814,0.6310169557716898,0.06720478864649618
2389,1,1,0.2453091257421606,0.6753853793185636,0.07930549493927574
2390,2,1,0.2809855285257922,0.36027194230224635,0.35874252917196126
2391,1,1,0.1599131428903558,0.6014138163944289,0.23867304071521536
2392,0,0,0.8823230176904105,0.11032616337296526,0.0073508189366241344
2393,0,0,0.817941356901355,0.16992098864463573,0.012137654454009102
2394,0,0,0.47705580759826505,0.40189892373976355,0.12104526866197145
2395,0,0,0.7095592948053556,0.26526470904765953,0.025175996146984906
2396,1,2,0.08451646058653206,0.3736665417621382,0.5418169976513297
2397,2,2,0.02763282833400615,0.21368833454549618,0.7586788371204977
2398,0,0,0.8594021701162278,0.12096031799824186,0.019637511885530298
2399,0,0,0.7874266218951795,0.1897264715810602,0.022846906523760133
2400,1,0,0.3792718722251273,0.3744296653928185,0.24629846238205433
2401,1,2,0.08500453921959444,0.34377290870719246,0.5712225520732132
2402,0,0,0.7767490292473432,0.21152674277669142,0.011724227975965356
2403,0,0,0.9621302904297043,0.0351206209294287,0.0027490886408670623
2404,0,0,0.8072477629315824,0.15365028762379807,0.03910194944461953
2405,1,0,0.7584572874086211,0.16565554722997486,0.0758871653614041
2406,0,0,0.8252672496038195,0.12172129332074937,0.05301145707543126
2407,1,1,0.34424655503690016,0.44687712814073854,0.20887631682236146
2408,0,0,0.8515889657511058,0.11745688741255848,0.030954146836335645
2409,2,1,0.126416768726221,0.4557067010976165,0.41787653017616244
2410,0,0,0.6305205795236524,0.26473672653475666,0.1047426939415911
2411,0,0,0.8360681666811594,0.12869881326338858,0.035233020055452
2412,0,0,0.5263165839962796,0.4272794746305956,0.04640394137312483
2413,0,0,0.9106038491176556,0.07955229346322079,0.009843857419123749
2414,0,0,0.621897906227044,0.32909070057068146,0.049011393202274614
2415,1,2,0.029471500352116153,0.39534024261183204,0.5751882570360518
2416,0,0,0.7989379401858581,0.1742636029114786,0.026798456902663328
2417,0,0,0.955345420965161,0.042048721278887036,0.0026058577559520913
2418,1,2,0.15527536665949135,0.27647296992421605,0.5682516634162925
2419,0,1,0.34965459570321283,0.5681843288289411,0.08216107546784612
2420,0,1,0.3406495076966479,0.49341000879394065,0.16594048350941143
2421,2,1,0.10933994291879326,0.5049180792509002,0.3857419778303066
2422,1,0,0.7465086003832067,0.22988819622424467,0.02360320339254864
2423,0,0,0.8573548513293565,0.12590393121302013,0.01674121745762351
2424,1,1,0.26130101658025745,0.39757999195131516,0.3411189914684275
2425,1,0,0.5085799728810626,0.20025299112932032,0.2911670359896171
2426,1,2,0.18333607274107352,0.3726434585572447,0.4440204687016817
2427,0,1,0.22031676721070914,0.6920736965325086,0.08760953625678226
2428,0,0,0.8088462441072906,0.1744742127967475,0.016679543095961914
2429,0,0,0.9091877482291624,0.07271133119336909,0.018100920577468437
2430,1,2,0.174418422923971,0.41114884052831446,0.41443273654771445
2431,0,1,0.41094862548733724,0.5066001375076864,0.08245123700497635
2432,1,0,0.6455307776896162,0.2461446850464753,0.10832453726390846
2433,1,1,0.39760731884878564,0.5109691200968012,0.09142356105441314
2434,0,0,0.9404247081423761,0.05467383835601062,0.004901453501613163
2435,0,0,0.6634085070327272,0.26428341624426005,0.07230807672301269
2436,0,0,0.7446326705490125,0.20834753778834417,0.04701979166264337
2437,0,0,0.7795144997690588,0.1991140897368283,0.021371410494112838
2438,0,0,0.5713934168457516,0.36805546183242843,0.06055112132181997
2439,1,1,0.26320980967308705,0.6079270158279194,0.12886317449899368
2440,2,2,0.01708058899267144,0.16048611729770101,0.8224332937096275
2441,0,0,0.797156309326302,0.18583653499066635,0.017007155683031558
2442,2,1,0.15471197916963855,0.5852802058175245,0.26000781501283693
2443,0,0,0.8752888048891181,0.09062746500519861,0.03408373010568337
2444,0,1,0.24101660140091158,0.5469289571280898,0.2120544414709987
2445,0,0,0.8927420514388412,0.09836616217962976,0.008891786381529045
2446,2,2,0.03221812901283704,0.22769489310690047,0.7400869778802625
2447,1,0,0.8791244576009501,0.10716614978770282,0.013709392611347107
2448,1,1,0.31852463339153714,0.4315407974179843,0.24993456919047857
2449,1,0,0.7334221276678763,0.2566649625037551,0.009912909828368614
2450,1,1,0.3959799949852768,0.46006677097974136,0.14395323403498186
2451,1,1,0.3710228230798537,0.5102995848249218,0.11867759209522458
2452,1,1,0.26098050388783545,0.6728615000018858,0.0661579961102788
2453,2,1,0.24751007340710607,0.4952250557830895,0.2572648708098045
2454,2,2,0.07563634310343685,0.41921218370485347,0.5051514731917097
2455,1,1,0.28629700381192574,0.41083748590391084,0.30286551028416353
2456,0,1,0.3245708232778693,0.5487146533361446,0.12671452338598602
2457,2,1,0.1934473896685405,0.44704882195185397,0.3595037883796056
2458,0,1,0.2632933009501093,0.520782566665394,0.21592413238449676
2459,1,1,0.3705729007419188,0.5722096496392712,0.057217449618809986
2460,1,0,0.6744287909460699,0.2259068038302234,0.09966440522370673
2461,2,2,0.011922098075694826,0.2659764303864171,0.7221014715378881
2462,0,0,0.5705305833512379,0.360752176880753,0.06871723976800911
2463,0,1,0.3645951433031349,0.40520034407511324,0.23020451262175184
2464,1,1,0.10864529782032803,0.6975045329558156,0.1938501692238563
2465,1,1,0.4183283006148533,0.5218900372139589,0.05978166217118788
2466,1,1,0.26494579133882357,0.4619215429701152,0.2731326656910613
2467,0,1,0.40202163048779643,0.5135846137534543,0.08439375575874936
2468,2,2,0.00749905855654897,0.06200028580174288,0.9305006556417081
2469,0,1,0.19997350105854964,0.6671154440902027,0.13291105485124766
2470,0,0,0.6309062451742766,0.32516803443635994,0.04392572038936347
2471,1,1,0.11849120632739944,0.7930877558553621,0.08842103781723851
2472,0,0,0.9201572242663434,0.07109432056786744,0.008748455165789046
2473,0,1,0.42712358781484894,0.48231576433806767,0.0905606478470834
2474,0,0,0.7358809800340017,0.21783143089392282,0.046287589072075454
2475,0,0,0.6450685168352337,0.2621129086325923,0.09281857453217406
2476,0,0,0.7246848566429456,0.23701514345047128,0.03829999990658299
2477,1,2,0.09171353638385232,0.3504495712809217,0.557836892335226
2478,1,1,0.10340986059791267,0.7675473533957448,0.12904278600634264
2479,0,0,0.5275484274630108,0.3862652093837306,0.08618636315325862
2480,0,0,0.9506071611818837,0.03776384979852082,0.011628989019595493
2481,0,0,0.8309678540870944,0.14963104594039286,0.01940109997251277
2482,1,0,0.674930816706548,0.29216866746831877,0.03290051582513343
2483,2,1,0.09681804985892643,0.5111427654865407,0.39203918465453286
2484,1,1,0.2590890219107842,0.5748212451606709,0.1660897329285448
2485,0,0,0.9188256190642466,0.07229617480686863,0.008878206128884696
2486,1,1,0.17551718411959322,0.47803102897214794,0.34645178690825895
2487,1,1,0.1404159672381835,0.6934593516988399,0.16612468106297676
2488,2,1,0.1629679583212523,0.6419199418018088,0.19511209987693898
2489,2,2,0.1060666839000827,0.23536931817364223,0.658563997926275
2490,2,1,0.1199067934630478,0.6584867715453181,0.22160643499163413
2491,1,1,0.22438880896312485,0.6677830499301193,0.10782814110675586
2492,0,0,0.9865215392258342,0.011995842168624437,0.0014826186055413742
2493,1,1,0.27925437093110256,0.516862602116768,0.20388302695212931
2494,0,0,0.6412187494902186,0.262927143904891,0.09585410660489027
2495,1,0,0.6757138606236156,0.30705343460902895,0.017232704767355427
2496,0,0,0.6354702625687418,0.3386009801691676,0.02592875726209041
2497,0,0,0.6660686252598121,0.2812264275348876,0.05270494720530021
2498,0,0,0.7307584931893361,0.24484340644034192,0.02439810037032194
2499,0,0,0.9159594387149546,0.0631369216077306,0.02090363967731469
2500,0,0,0.8625411830089124,0.12121997357344816,0.016238843417639336
2501,1,0,0.4755254603913124,0.45018778484312,0.07428675476556762
2502,0,0,0.9220550199802788,0.07161021258096655,0.0063347674387545985
2503,2,1,0.07670185692109745,0.5762080892901635,0.34709005378873903
2504,0,0,0.5109007982878317,0.42657285080080465,0.06252635091136356
2505,1,0,0.4639524272485762,0.41537765904906104,0.1206699137023627
2506,1,1,0.3581179892310308,0.48276112527736503,0.15912088549160402
2507,0,0,0.9670142335885765,0.028174034729973277,0.004811731681450127
2508,0,0,0.8062211827444357,0.17682025010127814,0.0169585671542861
2509,0,0,0.5780497688626671,0.3031639791857068,0.1187862519516261
2510,1,1,0.2638020129950658,0.4181069176452009,0.3180910693597333
2511,0,0,0.695311567955275,0.25887453011367806,0.04581390193104685
2512,1,1,0.30096999547328174,0.5355747586949479,0.16345524583177037
2513,0,0,0.6812824207133443,0.28241824242980323,0.0362993368568525
2514,1,0,0.8427764514127981,0.13719906992488454,0.020024478662317477
2515,1,0,0.5632261334079313,0.34663650786117894,0.09013735873088992
2516,1,0,0.49516581205467136,0.4473873666810078,0.05744682126432085
2517,1,1,0.3281034745954202,0.500971752036002,0.1709247733685778
2518,1,1,0.17990481026040905,0.5030015274700382,0.3170936622695527
2519,0,0,0.480837489215493,0.37961314819362935,0.1395493625908776
2520,0,0,0.8773832848199583,0.11412714434449794,0.008489570835543877
2521,0,0,0.934261401028221,0.054821833851515796,0.010916765120263204
2522,1,0,0.5501371508428429,0.34963117542034106,0.10023167373681607
2523,1,1,0.14722777368652698,0.4799343617552055,0.37283786455826756
2524,0,0,0.7777879562351899,0.18873754613974522,0.03347449762506491
2525,1,0,0.527300065314176,0.4079674360098498,0.0647324986759741
2526,1,1,0.18138838032262233,0.7320982356363708,0.08651338404100688
2527,1,1,0.30277466000970926,0.5248737966585678,0.17235154333172292
2528,0,0,0.7347904790371695,0.24388171011343596,0.021327810849394627
2529,1,1,0.09235756886185707,0.6682198325586131,0.23942259857952997
2530,0,1,0.4370061395153024,0.5234954301860129,0.03949843029868477
2531,2,2,0.05897545168499555,0.26270737716405185,0.6783171711509526
2532,0,1,0.4264466666112281,0.49564406566582997,0.07790926772294188
2533,2,1,0.20199146722154288,0.5232312807178827,0.27477725206057446
2534,2,1,0.19579862356669844,0.6591145918418473,0.1450867845914543
2535,0,0,0.5983954071080476,0.35597135046023565,0.045633242431716785
2536,0,0,0.7183296340726849,0.25053664743923215,0.031133718488082832
2537,0,0,0.9287688885364495,0.06750586951700724,0.003725241946543192
2538,0,0,0.6612430355031647,0.30631761061700913,0.03243935387982613
2539,0,0,0.8814139916113044,0.10703683765445302,0.01154917073424246
2540,1,0,0.689975768264894,0.2624726595971199,0.04755157213798608
2541,2,2,0.00466172511988064,0.09345111212792095,0.9018871627521984
2542,2,2,0.057088965589970286,0.3097239271157554,0.6331871072942743
2543,1,1,0.24889477231351378,0.5470224544701746,0.20408277321631157
2544,0,0,0.9529746482149144,0.04113679372288775,0.005888558062197815
2545,0,0,0.5373112028389724,0.38571165813353736,0.0769771390274902
2546,1,2,0.12081112351937597,0.2604703190550299,0.6187185574255942
2547,0,0,0.4608443315704842,0.4413417266587291,0.09781394177078667
2548,0,0,0.9559090954171715,0.041580055231153386,0.00251084935167509
2549,1,0,0.5075283102349571,0.41436732345902366,0.07810436630601919
2550,1,1,0.36463560279950336,0.44280070415910444,0.19256369304139223
2551,1,0,0.7110074820623544,0.26036585685761804,0.028626661080027604
2552,2,2,0.008856804188668563,0.08205392324204988,0.9090892725692815
2553,1,1,0.09803380502963643,0.6800017815289567,0.22196441344140674
2554,0,0,0.8737499603570158,0.10051476868988579,0.025735270953098476
2555,2,1,0.14512404449799876,0.6496245192631886,0.20525143623881256
2556,2,2,0.10818642866634239,0.3699653424012986,0.521848228932359
2557,1,1,0.1325210425073757,0.5662806466896366,0.30119831080298776
2558,2,1,0.3905163942873015,0.5362185060117314,0.07326509970096706
2559,0,1,0.3891422677454138,0.5605013777258657,0.050356354528720504
2560,1,0,0.599331100389089,0.3037631679838298,0.09690573162708134
2561,0,0,0.9205071153987416,0.06881524440862939,0.01067764019262892
2562,1,1,0.2759482019019921,0.44143424807559883,0.28261755002240907
2563,2,2,0.019876279285577166,0.24101249281801865,0.7391112278964042
2564,0,0,0.9337147873594954,0.05820890257906987,0.00807631006143481
2565,1,1,0.24004471746186012,0.5596137029459637,0.20034157959217616
2566,2,1,0.10661892675466296,0.5284480341446004,0.36493303910073654
2567,0,0,0.7510134343054425,0.23061849527389136,0.018368070420666075
2568,1,0,0.8893223817141303,0.10124912926078616,0.009428489025083418
2569,0,0,0.8410055173115417,0.13491603159954788,0.02407845108891034
2570,1,1,0.24411392102918486,0.6053080090144359,0.1505780699563793
2571,2,1,0.03481516716523328,0.5432710298514345,0.42191380298333214
2572,0,1,0.40638712058323156,0.4583109235293239,0.13530195588744454
2573,0,0,0.6508167518797331,0.23543708441657984,0.11374616370368694
2574,1,1,0.20237166318574845,0.6438079581561236,0.15382037865812787
2575,0,0,0.9763503390706582,0.020770539003056546,0.0028791219262853905
2576,0,0,0.794297567473943,0.18546220915653733,0.020240223369519632
2577,1,0,0.5138972622187267,0.40401972431114075,0.0820830134701327
2578,0,0,0.4283623564559518,0.3925550278329096,0.1790826157111387
2579,2,2,0.011377770750040267,0.09631074611540437,0.8923114831345553
2580,2,2,0.023354148113218624,0.12569232853971668,0.8509535233470646
2581,1,1,0.2105130589739509,0.61247397743808,0.17701296358796914
2582,1,1,0.17262609491159894,0.6108084138758771,0.21656549121252391
2583,2,1,0.20577822449574312,0.5042461894516012,0.28997558605265567
2584,1,0,0.8236319514128914,0.15210865208800525,0.02425939649910339
2585,0,0,0.6296467882669764,0.25873957375009216,0.11161363798293139
2586,0,1,0.17661298053853997,0.5870458563743918,0.23634116308706832
2587,0,0,0.7966162955871497,0.1861154104894714,0.017268293923378825
2588,2,1,0.28944115470878046,0.47586980645864757,0.23468903883257194
2589,0,0,0.7974469299358523,0.1764354330615777,0.026117637002569898
2590,2,2,0.035779568873452884,0.23816127491554098,0.7260591562110061
2591,0,0,0.9305134050057899,0.060460671378968746,0.009025923615241252
2592,0,0,0.6513373028186373,0.26967937319712315,0.0789833239842395
2593,1,1,0.32259153043112954,0.4954040648758196,0.182004404693051
2594,1,2,0.07494127110578438,0.4148386393325144,0.5102200895617012
2595,2,2,0.014910304896316747,0.06747805229045334,0.9176116428132298
2596,0,0,0.83741602448243,0.14781875574515396,0.014765219772415971
2597,1,0,0.6415470849592224,0.28685433432370144,0.07159858071707613
2598,1,2,0.21685461662393535,0.37654920932682306,0.40659617404924153
2599,1,0,0.5364929395544343,0.43042787763161705,0.03307918281394866
2600,1,1,0.22589596759680308,0.6029237903869173,0.1711802420162796
2601,0,0,0.7751646416065445,0.18996349100865564,0.03487186738479979
2602,0,0,0.7584017381705861,0.21138742706232422,0.03021083476708971
2603,1,0,0.6285681537305767,0.32259690916034395,0.04883493710907927
2604,1,2,0.0514088326176354,0.20224077342233115,0.7463503939600334
2605,0,0,0.8668576532581995,0.1043344080263098,0.028807938715490738
2606,0,0,0.8699931725177117,0.11703673530226129,0.012970092180027063
2607,1,0,0.5270830725731095,0.41571304557220345,0.05720388185468704
2608,0,0,0.8764891707613468,0.11539095489671937,0.008119874341933862
2609,1,0,0.4820827488553523,0.4201735297020238,0.09774372144262397
2610,0,0,0.9724947466108901,0.023514834845464107,0.0039904185436458375
2611,0,0,0.5686785308451211,0.386972781712078,0.044348687442801044
2612,2,1,0.13094007356363246,0.529395865180053,0.33966406125631454
2613,0,0,0.9319234192427776,0.06220744676418479,0.005869133993037823
2614,2,2,0.03578836701636376,0.467134138575666,0.4970774944079703
2615,0,0,0.9042692512551626,0.08815126209976035,0.007579486645077095
2616,0,0,0.528860816254675,0.4015257524593014,0.06961343128602372
2617,1,1,0.2155950361946323,0.5281273444584116,0.2562776193469561
2618,2,0,0.5720429904502279,0.33498719384188935,0.09296981570788286
2619,0,0,0.8714630580454074,0.10716007069152328,0.02137687126306923
2620,0,1,0.46854289137504135,0.4758473363260874,0.05560977229887133
2621,0,0,0.6782420200348158,0.18556118946932346,0.1361967904958607
2622,1,1,0.27144470435593687,0.5914219452079867,0.13713335043607633
2623,2,1,0.09354312375910316,0.6186500075094304,0.2878068687314665
2624,0,1,0.40869574118338936,0.4164827916950957,0.17482146712151497
2625,1,1,0.27503773441130336,0.5157395646182072,0.2092227009704895
2626,0,0,0.6995930992626117,0.26660576236724914,0.03380113837013908
2627,2,1,0.20311859663196222,0.5151443387760435,0.2817370645919942
2628,0,0,0.9042673744461501,0.0880060521562817,0.007726573397568142
2629,1,2,0.23777899463280136,0.29271000124087243,0.4695110041263262
2630,0,0,0.8014991166343399,0.1773306961703934,0.02117018719526654
2631,1,1,0.37657806336930677,0.43959318507544803,0.1838287515552452
2632,0,0,0.9226104916951293,0.0685948202371762,0.008794688067694366
2633,0,0,0.9635188867674631,0.033503398689785815,0.002977714542750974
2634,0,0,0.5753610440206761,0.2907685542215385,0.13387040175778536
2635,0,0,0.9889588403107391,0.01050611063745495,0.0005350490518057807
2636,0,0,0.9160021186210114,0.05813534811598957,0.02586253326299894
2637,0,0,0.5856069942258951,0.34384172554700887,0.07055128022709602
2638,0,0,0.5005111273478378,0.44382539933110643,0.05566347332105597
2639,2,1,0.07205600652861906,0.7332932245947589,0.19465076887662205
2640,0,0,0.6147705145874042,0.36017524497460807,0.0250542404379879
2641,1,0,0.4609846277933378,0.4255096320005711,0.11350574020609117
2642,1,1,0.18851262693550244,0.6074503085283859,0.20403706453611165
2643,1,1,0.33782184967573936,0.477206438307045,0.18497171201721552
2644,0,0,0.9259520396118196,0.06767673453172576,0.006371225856454698
2645,1,2,0.025842602075216745,0.2806778572304697,0.6934795406943136
2646,0,1,0.2569314963909439,0.45700582154858665,0.28606268206046936
2647,0,0,0.7987911216953545,0.19155539463935822,0.009653483665287304
2648,2,2,0.1310944271270157,0.29702470405724213,0.5718808688157422
2649,1,1,0.38089910166854607,0.47692246601382354,0.1421784323176304
2650,1,0,0.6772738388058867,0.2886837172948504,0.034042443899262975
2651,2,2,0.06917233342259567,0.39403602942945015,0.5367916371479541
2652,1,0,0.5110403593436261,0.3923302085794204,0.09662943207695346
2653,1,1,0.07891632810100317,0.5619585607402636,0.35912511115873325
2654,0,0,0.8212857702812625,0.14850901771591946,0.03020521200281794
2655,1,2,0.13760325593270073,0.32467802505641913,0.5377187190108801
2656,1,1,0.15683280725774965,0.7106266906934794,0.1325405020487709
2657,0,0,0.7493030793314601,0.21237911353135538,0.038317807137184585
2658,0,0,0.9198034515028127,0.06552513117295605,0.014671417324231134
2659,1,1,0.14416368431389504,0.682166875393122,0.17366944029298284
2660,0,1,0.4044577138956947,0.49920441710659813,0.09633786899770722
2661,1,1,0.3050002052819407,0.42156424160470385,0.27343555311335543
2662,1,0,0.746614486677412,0.21677900481942222,0.03660650850316568
2663,0,0,0.7808393869379483,0.20064709207842876,0.018513520983622817
2664,1,0,0.4554214836057156,0.3782292132295917,0.16634930316469274
2665,0,0,0.6056825507206035,0.33140473465584763,0.06291271462354871
2666,2,2,0.08671478145748956,0.29994632397158116,0.6133388945709294
2667,1,0,0.7851121031548882,0.17808198981397358,0.03680590703113808
2668,0,0,0.6821264443093426,0.28846231443198683,0.029411241258670597
2669,1,0,0.488005256765829,0.41224331821333066,0.0997514250208403
2670,0,0,0.9570071767533774,0.04016578912337615,0.002827034123246333
2671,0,0,0.9339402520240659,0.05861655083503815,0.0074431971408958
2672,0,0,0.843957118930235,0.14794939671682777,0.008093484352937266
2673,0,0,0.9296223165596443,0.06441926322035857,0.005958420219997008
2674,0,0,0.8574117015221548,0.12257579233912916,0.020012506138716007
2675,1,0,0.48789027612439373,0.38445930691113905,0.12765041696446716
2676,1,1,0.43982719843465473,0.48373123700336895,0.07644156456197637
2677,0,0,0.720849538678867,0.1455131283487593,0.1336373329723738
2678,1,0,0.4628985213055208,0.40537602190930566,0.13172545678517356
2679,1,1,0.3946654439863575,0.4563833611782079,0.14895119483543465
2680,1,0,0.6704386366533565,0.2718738848330725,0.05768747851357098
2681,2,1,0.38439395776265506,0.444315159814291,0.1712908824230539
2682,1,0,0.6660776348033752,0.27952395000066615,0.05439841519595862
2683,1,1,0.2058812417124712,0.6827605581295444,0.11135820015798446
2684,0,0,0.5061374487828167,0.3859984687129073,0.10786408250427587
2685,0,0,0.7994970947430761,0.18722645277232375,0.013276452484600094
2686,1,1,0.138487348649567,0.735317884569594,0.12619476678083896
2687,0,1,0.1937060520483072,0.5894767698243715,0.21681717812732132
2688,1,1,0.19182290029325913,0.6039841212134511,0.20419297849328977
2689,0,0,0.5707598618481926,0.36705993716869356,0.06218020098311375
2690,0,0,0.7010088549456572,0.265992116261724,0.03299902879261873
2691,0,0,0.8198091503056456,0.16195215828872978,0.018238691405624743
2692,0,0,0.9076262761773167,0.08697608398882385,0.005397639833859218
2693,0,0,0.9194615811679093,0.07227349329820208,0.008264925533888611
2694,0,0,0.9477654410258258,0.04580719003776296,0.006427368936411333
2695,2,1,0.13209612327144227,0.6046875145219142,0.2632163622066437
2696,1,2,0.05050687029508459,0.32052838639751813,0.6289647433073972
2697,0,0,0.812477425675811,0.17428664371700553,0.013235930607183446
2698,1,1,0.052896816147294044,0.6309655522051888,0.31613763164751696
2699,2,1,0.16561768339694394,0.5537224212039191,0.28065989539913677
2700,1,1,0.16471078578141538,0.5485915524963659,0.2866976617222187
2701,0,0,0.7672599696178142,0.21953739192863173,0.01320263845355409
2702,1,1,0.4133684689860979,0.46282906574119315,0.12380246527270908
2703,1,1,0.30561244016413547,0.5572727372772045,0.13711482255866003
2704,2,2,0.04800893710014869,0.3177254849883361,0.6342655779115152
2705,1,1,0.2714703894350049,0.4215536231338769,0.3069759874311181
2706,1,1,0.10917659197383567,0.727754637149819,0.16306877087634536
2707,1,1,0.353390714655436,0.5631598030226845,0.08344948232187953
2708,1,1,0.06200594408752122,0.6941553119670278,0.2438387439454509
2709,2,2,0.050858609694575764,0.24804872327731128,0.7010926670281129
2710,0,0,0.7423468425200225,0.2187079486989914,0.03894520878098617
2711,1,0,0.7812761908631415,0.18516267051858895,0.03356113861826972
2712,1,1,0.08204168610628967,0.5434565253182104,0.3745017885755
2713,0,0,0.8704460676421031,0.1150462562667463,0.014507676091150706
2714,0,0,0.9680504995105415,0.0277949206434577,0.004154579846000809
2715,0,0,0.8416514621031194,0.14706963237652948,0.01127890552035112
2716,0,0,0.6506671875894529,0.32402984078705227,0.025302971623494937
2717,0,0,0.8725923605465834,0.11537964256040131,0.012027996893015199
2718,1,1,0.2155056852699761,0.6177728600664409,0.16672145466358299
2719,0,0,0.6261156540799445,0.3489067700694995,0.024977575850556058
2720,1,1,0.1446247071529731,0.7368506427932472,0.11852465005377971
2721,1,1,0.3241887592870105,0.5590859103987064,0.11672533031428306
2722,1,1,0.14053786921161518,0.7213052391975935,0.13815689159079136
2723,2,2,0.012598532799411555,0.1946752576436811,0.7927262095569073
2724,0,0,0.7179519056986696,0.2181543679876787,0.06389372631365169
2725,2,2,0.012954447849975242,0.17388776210198995,0.8131577900480349
2726,0,0,0.5073868036520587,0.38839868692831514,0.10421450941962622
2727,0,0,0.8134736382519283,0.12878613430420813,0.05774022744386355
2728,0,0,0.673822249219768,0.2580195539607737,0.06815819681945832
2729,1,2,0.25987499642270007,0.3246162844134167,0.41550871916388316
2730,1,2,0.15867334225965765,0.38742965353027564,0.45389700421006685
2731,1,1,0.2678257459407613,0.6309758493299447,0.10119840472929399
2732,1,1,0.06374448699737545,0.7144080949339485,0.221847418068676
2733,1,1,0.21707541534194605,0.44776098898364713,0.33516359567440684
2734,0,0,0.8663029215939902,0.11895575474432223,0.01474132366168738
2735,0,0,0.7224061864819832,0.2554226841750203,0.02217112934299653
2736,0,0,0.4071452571502821,0.3998731705973118,0.19298157225240617
2737,1,1,0.04219811063631333,0.5416315088392912,0.4161703805243954
2738,2,2,0.04030953577659065,0.30099260969430525,0.658697854529104
2739,0,0,0.9500551617915086,0.04333839737977308,0.006606440828718206
2740,0,0,0.911577396036186,0.06854242096973141,0.019880182994082642
2741,0,0,0.5534682907670675,0.374724179471069,0.07180752976186339
2742,0,0,0.5747958901501153,0.3748537706510752,0.0503503391988094
2743,2,2,0.0753736086331464,0.399906419718008,0.5247199716488457
2744,0,0,0.7934778875291677,0.1922078632455377,0.014314249225294718
2745,1,1,0.11037013902324916,0.5040975262737766,0.38553233470297427
2746,2,1,0.10416033200671092,0.4738027485567037,0.42203691943658533
2747,0,0,0.9603243143087025,0.03398193455332866,0.00569375113796882
2748,0,0,0.8562170451580036,0.11325987153041281,0.030523083311583765
2749,0,0,0.8032269027826873,0.176800245425013,0.019972851792299805
2750,1,1,0.2235748841323995,0.5871270433199746,0.18929807254762598
2751,1,1,0.15296013844042558,0.6155335549838342,0.23150630657574017
2752,0,0,0.6894061574792182,0.27866272998004055,0.0319311125407413
2753,1,2,0.15085464480925628,0.37217076599251087,0.4769745891982329
2754,0,0,0.8209589978091378,0.1368997116367822,0.04214129055408006
2755,2,2,0.20727820088334098,0.31586747094755413,0.47685432816910484
2756,0,0,0.9613437749881335,0.03535435576335779,0.0033018692485088097
2757,2,2,0.018875725861780396,0.12887637980806615,0.8522478943301535
2758,0,0,0.9344771474533727,0.06101982662992252,0.004503025916704709
2759,1,1,0.27317332080174095,0.6412515807452887,0.08557509845297041
2760,1,1,0.31462000328885026,0.4405110698955673,0.24486892681558237
2761,0,0,0.7901582957479216,0.19494909783791134,0.014892606414167021
2762,1,1,0.11399431143957027,0.539533921434791,0.3464717671256387
2763,0,0,0.5661028963682992,0.31615281388377064,0.11774428974793008
2764,1,0,0.7141865856038369,0.23595753808367562,0.04985587631248767
2765,0,1,0.3578707625393687,0.5862570291752198,0.055872208285411354
2766,1,0,0.8999278428001435,0.09161025792358914,0.008461899276267344
2767,0,0,0.45180691081188307,0.32239380419894037,0.22579928498917665
2768,0,1,0.30871791254373904,0.5200284250363175,0.17125366241994341
2769,1,1,0.21950652744540936,0.5465675959292555,0.23392587662533515
2770,0,0,0.834434622846779,0.09386699637702726,0.07169838077619377
2771,1,0,0.4735458989953477,0.46949853726472435,0.05695556373992788
2772,1,1,0.21478748810042925,0.5631005279699561,0.22211198392961462
2773,0,0,0.7282743778208709,0.21384339907749422,0.0578822231016348
2774,1,1,0.20643228630105198,0.666185316493571,0.12738239720537686
2775,0,0,0.9619782621756497,0.033877783041413874,0.0041439547829363755
2776,0,0,0.6749842674160372,0.25318887659829825,0.07182685598566448
2777,2,1,0.23918143949865284,0.5525991679435498,0.2082193925577973
2778,1,1,0.38964565833751946,0.5183030825774216,0.09205125908505876
2779,0,0,0.5416781940186827,0.41330431234484993,0.04501749363646742
2780,1,0,0.4499821148927879,0.37301395087253625,0.1770039342346758
2781,1,2,0.13772826636939328,0.38350220115427053,0.47876953247633625
2782,1,1,0.3454294011631052,0.5875521142595231,0.06701848457737167
2783,1,0,0.4607499015032786,0.3896790931781002,0.14957100531862136
2784,2,0,0.4767707347208905,0.45357492278646117,0.06965434249264826
2785,0,2,0.21007637335406634,0.3726524561569002,0.4172711704890335
2786,1,2,0.04760928672246607,0.16132935008643265,0.7910613631911012
2787,0,0,0.8745226734877454,0.1167334351761698,0.008743891336084861
2788,0,0,0.5526694137785548,0.3858226081160856,0.06150797810535947
2789,0,0,0.661405021516404,0.3122948024766255,0.02630017600697036
2790,1,1,0.4379442475031275,0.46960809497963885,0.09244765751723376
2791,0,0,0.9727186050422707,0.025457463707734124,0.0018239312499952363
2792,0,1,0.35693904560616024,0.41324658876223835,0.22981436563160146
2793,2,1,0.08962568836044048,0.49417521924337926,0.4161990923961803
2794,2,1,0.16952252456616754,0.6146991664228424,0.21577830901099024
2795,0,1,0.37797112552757384,0.47885370845699543,0.14317516601543057
2796,2,2,0.06193262881997601,0.40996318548906163,0.5281041856909624
2797,0,0,0.9286075633850057,0.06550205765198125,0.005890378963013113
2798,0,1,0.41691221124713757,0.5121245800183438,0.07096320873451852
2799,1,0,0.7578384523275661,0.21051777198583535,0.03164377568659858
2800,0,0,0.591946954330598,0.37413293491707206,0.033920110752330104
2801,0,0,0.9831051105360509,0.01519078849765993,0.001704100966289197
2802,0,0,0.7449906512171015,0.2323569211669449,0.022652427615953586
2803,2,2,0.12347088523825711,0.25261971982240605,0.6239093949393368
2804,0,0,0.4849557680656832,0.4048616689380367,0.11018256299628013
2805,0,0,0.7435622884882437,0.21545027513603227,0.040987436375724176
2806,1,1,0.3554825874111608,0.43732373645287426,0.207193676135965
2807,0,1,0.17952842365257715,0.412287899736982,0.4081836766104408
2808,0,0,0.8858140269672206,0.10671693958155432,0.007469033451225217
2809,1,1,0.19197288380207297,0.5611981546418523,0.24682896155607456
2810,1,1,0.19597706137411242,0.6627084994516844,0.14131443917420308
2811,0,0,0.6420342006611854,0.26756222346756775,0.09040357587124685
2812,1,1,0.1760727412250725,0.5792214418511562,0.2447058169237713
2813,0,1,0.45846320391738477,0.4844441058193662,0.057092690263249035
2814,1,1,0.029236566522122795,0.6214550659796555,0.34930836749822175
2815,1,1,0.2985053125578684,0.5923102593796368,0.1091844280624947
2816,1,0,0.6478321981988685,0.3074254812525781,0.04474232054855335
2817,1,1,0.2760196919449583,0.42597837272855466,0.29800193532648706
2818,2,1,0.19441488483550404,0.6440190548972785,0.16156606026721734
2819,2,1,0.14335553647283897,0.6924484495200051,0.164196014007156
2820,1,1,0.39718452619836386,0.4774686714643549,0.1253468023372813
2821,1,2,0.2729896840049529,0.350258342333446,0.37675197366160124
2822,2,1,0.11500238000961979,0.6217287990372474,0.2632688209531329
2823,0,0,0.5142335119367648,0.40796098996665764,0.07780549809657758
2824,0,0,0.744811143364886,0.22890982645021837,0.02627903018489564
2825,1,2,0.11479049342797504,0.42915811960729866,0.45605138696472636
2826,2,2,0.14746438483846808,0.40178076890120634,0.4507548462603256
2827,0,0,0.9688140415308584,0.029110240981328767,0.002075717487812917
2828,0,0,0.6292900771377103,0.2623228105012977,0.10838711236099202
2829,0,0,0.9366063801449482,0.048215829101070445,0.015177790753981294
2830,0,1,0.37323877482488405,0.4103422407636784,0.2164189844114376
2831,2,2,0.06919225179214541,0.34412828975513565,0.5866794584527188
2832,0,1,0.42436531920390397,0.4432217009527123,0.1324129798433838
2833,0,1,0.35900100598684287,0.41018079671627866,0.23081819729687847
2834,0,1,0.4326449724939925,0.4848193396777047,0.0825356878283028
2835,0,0,0.8592498255000482,0.1277712635697013,0.012978910930250637
2836,2,1,0.26544956767821376,0.46256628789983584,0.2719841444219505
2837,0,1,0.22615748941816338,0.534717689952542,0.23912482062929458
2838,0,0,0.9569420103545608,0.039395200851190054,0.003662788794249162
2839,0,0,0.8154632175001685,0.16633746470315636,0.018199317796675146
2840,0,0,0.952824541076938,0.043759727525299774,0.003415731397762265
2841,0,0,0.9813473813959205,0.01744145934192589,0.0012111592621537831
2842,2,1,0.15848577407395265,0.5875571843271317,0.2539570415989157
2843,0,0,0.6054769613384569,0.3705952683862991,0.023927770275244065
2844,2,1,0.11612098200872402,0.6062900412182282,0.2775889767730477
2845,0,0,0.9119332655549317,0.08104761551006825,0.00701911893499998
2846,1,0,0.47729483903850994,0.43681718036121653,0.08588798060027356
2847,1,1,0.06313502511467878,0.7143775453036213,0.22248742958169987
2848,2,1,0.10556032998405465,0.481820210597458,0.41261945941848743
2849,1,1,0.17958659189206372,0.6852092312777591,0.13520417683017708
2850,1,0,0.4638671005909123,0.41672434578027695,0.11940855362881068
2851,1,1,0.24011221748366082,0.6940775179521935,0.0658102645641458
2852,1,1,0.2952128655154895,0.5530476425965035,0.15173949188800698
2853,0,0,0.6564977180602903,0.2853245520456552,0.058177729894054446
2854,1,0,0.5417730730117029,0.22832599369711273,0.22990093329118436
2855,2,1,0.1199359802237386,0.7341052525408932,0.14595876723536827
2856,1,1,0.4454958406907749,0.46407018701390423,0.09043397229532087
2857,1,0,0.7474122318675624,0.22484417434380452,0.02774359378863303
2858,0,0,0.8687962062361716,0.1209807394096514,0.010223054354177016
2859,0,0,0.8291346622837658,0.15053311713395545,0.020332220582278855
2860,0,1,0.26062047143545614,0.5662483829286948,0.17313114563584897
2861,2,1,0.11170641016556054,0.6168331086725257,0.2714604811619138
2862,2,1,0.08842532806789102,0.5406214311465047,0.3709532407856042
2863,0,0,0.7784166271287536,0.19341792990787393,0.028165442963372582
2864,0,0,0.7976936166481384,0.1873408207683473,0.014965562583514344
2865,2,1,0.09968464061507715,0.4870861096936588,0.4132292496912641
2866,1,1,0.2848112553510603,0.5044529140503446,0.21073583059859516
2867,2,1,0.12340897853531854,0.4578266810397518,0.4187643404249296
2868,0,0,0.5893714379215383,0.3647740689424759,0.045854493135985705
2869,1,0,0.5575611121533233,0.38952718330404795,0.052911704542628765
2870,0,0,0.81802252190269,0.1562780896470258,0.025699388450284136
2871,2,2,0.004865616030815161,0.1244283169762796,0.8707060669929053
2872,0,0,0.7227788954137622,0.22491904106723687,0.05230206351900115
2873,0,0,0.7064193588848625,0.25053946878057715,0.043041172334560236
2874,0,0,0.6788593949972731,0.27893546345699194,0.042205141545734924
2875,2,1,0.27564548925073706,0.5267805459028713,0.1975739648463917
2876,0,0,0.591444210252222,0.3721035831760064,0.036452206571771534
2877,1,1,0.2829742458070365,0.5444224371196997,0.1726033170732638
2878,2,2,0.2713765881354061,0.3560033564101605,0.3726200554544334
2879,1,1,0.256600167178535,0.43815201972171497,0.30524781309975
2880,2,1,0.4035397147843159,0.48623639095646015,0.11022389425922385
2881,0,0,0.694089865691409,0.2388312055311564,0.06707892877743472
2882,0,1,0.2696758435737005,0.5162008227986141,0.21412333362768524
2883,1,1,0.449415583728103,0.5055720951381136,0.04501232113378348
2884,0,0,0.8229872705112992,0.15595726047772993,0.021055469010971023
2885,0,0,0.786662792288546,0.1803085382812771,0.033028669430176974
2886,2,1,0.3961885012405866,0.5152770893649881,0.08853440939442536
2887,2,2,0.027658717175877957,0.4394251808151428,0.5329161020089792
2888,0,0,0.4350677188919772,0.40367244392394047,0.16125983718408224
2889,1,1,0.3150818391652577,0.4944694851665588,0.1904486756681835
2890,0,0,0.7093052528173838,0.25370930955337795,0.03698543762923817
2891,1,1,0.41507466603157445,0.4570322170209479,0.1278931169474777
2892,1,1,0.4406736417782701,0.4935605732413389,0.065765784980391
2893,0,0,0.9203248870019048,0.0743734865384083,0.005301626459686931
2894,2,2,0.014973859741909127,0.20591919919385648,0.7791069410642343
2895,1,1,0.17480902186448413,0.5331711387218303,0.29201983941368553
2896,0,0,0.9465062695602066,0.04630863735717714,0.00718509308261643
2897,0,1,0.29869494843950606,0.5119616348060664,0.18934341675442756
2898,1,0,0.6094289942121027,0.3583967173157692,0.03217428847212809
2899,0,0,0.5264974481917671,0.40880875611891354,0.06469379568931934
2900,2,2,0.05263280438813886,0.4235451255620273,0.5238220700498338
2901,1,1,0.17772629312830165,0.5627248219343203,0.25954888493737804
2902,2,1,0.09482519498101478,0.7199059363119166,0.18526886870706882
2903,1,0,0.7754088017057047,0.19330110837660083,0.03129008991769451
2904,1,1,0.09360522282892032,0.4733131033851058,0.43308167378597395
2905,1,1,0.34243689464608873,0.48512659165090066,0.17243651370301044
2906,0,0,0.8854006077487651,0.09553727029573694,0.019062121955497974
2907,1,1,0.11183984967848877,0.6403708546104648,0.24778929571104635
2908,0,0,0.9707030187099697,0.02617435970414341,0.0031226215858869487
2909,0,0,0.9872911983756876,0.012035210670347277,0.0006735909539651819
2910,2,2,0.07712263950886218,0.4414814677536084,0.48139589273752936
2911,0,0,0.588722146609528,0.3531576843735143,0.05812016901695757
2912,2,2,0.1312660826158304,0.4137605431398654,0.4549733742443041
2913,1,0,0.52954223834701,0.3191366290090926,0.15132113264389732
2914,2,2,0.039474194052082294,0.297860422062768,0.6626653838851497
2915,1,0,0.5647015715579888,0.35774982083101997,0.07754860761099118
2916,2,1,0.42772229624516006,0.4386694995183305,0.13360820423650935
2917,1,1,0.4020406314259922,0.5011752717006294,0.09678409687337841
2918,2,1,0.3078845742177644,0.4489490578413121,0.24316636794092356
2919,0,1,0.3379541389813552,0.4928838312153807,0.1691620298032641
2920,1,2,0.10426577416114617,0.20471940632242477,0.6910148195164291
2921,2,2,0.029939544890924083,0.2412159162005075,0.7288445389085685
2922,0,0,0.6162926721524045,0.3472485043989341,0.036458823448661484
2923,0,0,0.4513800248099842,0.4125790641051128,0.13604091108490304
2924,1,1,0.22564294667534937,0.4861288705664392,0.2882281827582115
2925,2,1,0.13511974215915407,0.5743340431588838,0.29054621468196207
2926,0,0,0.7334330176043078,0.18666215000388273,0.07990483239180927
2927,0,0,0.8459572476607896,0.1334940985425033,0.02054865379670708
2928,1,0,0.8019031473911183,0.15094718633926818,0.04714966626961336
2929,1,2,0.26805416069589594,0.24185504379297743,0.4900907955111268
2930,0,0,0.8047749424852747,0.1799458831192333,0.015279174395491939
2931,0,1,0.3368538778603139,0.540054116163879,0.1230920059758071
2932,0,1,0.16915383118056987,0.5680230964845402,0.26282307233489
2933,1,1,0.3988490920693962,0.4999851005935394,0.10116580733706443
2934,0,0,0.9595392469398519,0.03686913355827267,0.0035916195018755115
2935,1,1,0.1864124727891824,0.4435442438799508,0.37004328333086683
2936,1,1,0.28437299700483876,0.406912227818781,0.3087147751763803
2937,1,0,0.904688641972651,0.08714520387474574,0.008166154152603184
2938,0,0,0.8587791897996617,0.11900349325932114,0.022217316941016987
2939,0,0,0.6866612112701593,0.27256353700137526,0.040775251728465425
2940,0,0,0.7953421370762441,0.17521276412347897,0.02944509880027679
2941,2,2,0.007197076607675651,0.14259045661252026,0.8502124667798041
2942,1,2,0.11154395075434842,0.20528684215907103,0.6831692070865806
2943,0,0,0.8367009447780581,0.14061001823641764,0.022689036985524165
2944,0,0,0.9652410980355137,0.032100069204657904,0.002658832759828418
2945,0,1,0.3195166408222806,0.6357720619233824,0.04471129725433694
2946,2,2,0.03498226306822027,0.4236871858795575,0.5413305510522222
2947,1,2,0.10039615623722098,0.43588488388512164,0.4637189598776574
2948,2,1,0.1762098378400409,0.6386052375206568,0.18518492463930225
2949,1,0,0.47917034994372243,0.4316770650933647,0.08915258496291287
2950,1,1,0.13705108120448353,0.4748098044595653,0.38813911433595133
2951,1,1,0.0588858462128944,0.7014979313751596,0.23961622241194597
2952,1,1,0.18941693224830974,0.5700224730131126,0.24056059473857766
2953,0,0,0.7658816709380034,0.21204464114919877,0.022073687912797794
2954,0,0,0.730794453321594,0.24551389742561835,0.023691649252787734
2955,0,0,0.600465291231137,0.334837935665765,0.06469677310309804
2956,0,1,0.18586873180583427,0.5804980448634526,0.23363322333071318
2957,1,1,0.32925971723929437,0.4691561918816561,0.20158409087904963
2958,2,1,0.028023879190894743,0.4883475998576046,0.48362852095150055
2959,1,1,0.3141373463141387,0.5153557112971724,0.17050694238868885
2960,2,1,0.06885005549463828,0.5423223328400237,0.38882761166533797
2961,1,0,0.44757634939007274,0.3395053139715792,0.21291833663834797
2962,0,0,0.8967841180495885,0.09772352890717402,0.005492353043237517
2963,1,1,0.18351414606515956,0.587277570518641,0.22920828341619948
2964,1,0,0.487874603577392,0.2827312929474176,0.22939410347519038
2965,1,0,0.5983051827631336,0.29693725994708264,0.1047575572897837
2966,1,1,0.3290679334007134,0.42976077460772,0.24117129199156667
2967,0,0,0.6031425821846995,0.35612613420268663,0.0407312836126139
2968,2,1,0.17935667060054183,0.47670714639520334,0.3439361830042549
2969,0,0,0.8480860244399392,0.12340492114454184,0.028509054415518997
2970,0,0,0.8944797081715342,0.09809084886424742,0.007429442964218484
2971,2,0,0.5491875008480239,0.4289687505940538,0.021843748557922222
2972,0,0,0.7163763007647119,0.1947718243369744,0.08885187489831381
2973,0,0,0.6281269222002729,0.24662150959906412,0.12525156820066297
2974,1,0,0.5654102035559042,0.32879569357336236,0.10579410287073357
2975,1,0,0.5462468345572131,0.3291724529178301,0.1245807125249568
2976,0,0,0.7397889661271743,0.20960219842644737,0.050608835446378356
2977,2,2,0.0326764491083478,0.20424293708835875,0.7630806138032934
2978,0,0,0.9512954464246742,0.04370799720245241,0.00499655637287321
2979,1,0,0.5402476383621537,0.35632028936926163,0.10343207226858454
2980,0,1,0.17478712137421726,0.6448705241293894,0.18034235449639335
2981,1,1,0.37705378168115644,0.4559470814572828,0.16699913686156082
2982,1,0,0.773267805490321,0.20539207882031224,0.021340115689366727
2983,0,0,0.8771057952785205,0.10513186128304647,0.0177623434384331
2984,2,1,0.20861670151859193,0.5774902874092593,0.21389301107214873
2985,0,1,0.3220263566514269,0.5942954323377191,0.08367821101085393
2986,1,1,0.3237661473395429,0.4837969684679744,0.19243688419248264
2987,0,0,0.7982477347410251,0.16239497352054225,0.03935729173843272
2988,1,0,0.3807713458213059,0.30065478753408087,0.31857386664461323
2989,1,1,0.1563916732326355,0.5910023903381364,0.25260593642922796
2990,0,2,0.26954687843896774,0.3033588252805727,0.4270942962804595
2991,0,0,0.9824196910638576,0.015551599271147973,0.0020287096649944793
2992,0,0,0.7861919138309365,0.18829133488258357,0.025516751286479875
2993,2,2,0.04520985779848227,0.15426472804588126,0.8005254141556365
2994,0,0,0.9436935018485972,0.05094668951923152,0.005359808632171224
2995,0,0,0.9013228359983044,0.09305832792044344,0.005618836081252217
2996,0,0,0.9264632735244722,0.05767826252045681,0.015858463955071105
2997,1,2,0.10952434069348509,0.41718987886104597,0.473285780445469
2998,2,2,0.008899735393762627,0.0701215792315235,0.9209786853747137
2999,1,1,0.046854283953381176,0.5865923847950177,0.3665533312516011
3000,1,2,0.2589342832755133,0.3344652705489133,0.4066004461755734
3001,1,1,0.19630985509896512,0.49165674856483066,0.31203339633620414
3002,1,1,0.10538915252884964,0.6644979759016932,0.23011287156945706
3003,0,0,0.9643796203869159,0.03360642179430755,0.0020139578187766765
3004,1,1,0.4062983970603036,0.5525485508465118,0.04115305209318474
3005,1,1,0.3620490892856781,0.4545837956763597,0.18336711503796227
3006,2,2,0.024415147152933487,0.25216528149541984,0.7234195713516467
3007,1,1,0.17722951370171874,0.6783978453880241,0.14437264091025725
3008,0,1,0.1649682379299274,0.5469873096053012,0.28804445246477145
3009,2,1,0.10435981004290296,0.5076690598505781,0.3879711301065189
3010,0,0,0.7130661213365485,0.19402623351541057,0.09290764514804103
3011,1,0,0.5934230720583817,0.31043653050368597,0.09614039743793229
3012,1,0,0.6865035319924118,0.27660203779856224,0.03689443020902608
3013,1,0,0.4905174180962849,0.46185946326134825,0.04762311864236679
3014,1,1,0.09444627594151936,0.5432355367373712,0.36231818732110943
3015,0,1,0.2598018260966273,0.5730469966653973,0.16715117723797548
3016,0,0,0.6119015534819259,0.3488049596276795,0.03929348689039465
3017,0,1,0.18656058101725756,0.5451416182131558,0.26829780076958665
3018,0,0,0.7129913359863812,0.2645338173062674,0.022474846707351427
3019,0,1,0.32641438076332663,0.5262054786284979,0.1473801406081755
3020,0,1,0.40755451799814857,0.5082600647657745,0.08418541723607695
3021,0,0,0.5686770721477348,0.2953213972228678,0.1360015306293975
3022,1,1,0.13018847527966904,0.6211243663803621,0.2486871583399689
3023,0,0,0.7428789647513657,0.24155390387046555,0.015567131378168725
3024,0,0,0.7787556958623573,0.20004444618681225,0.021199857950830528
3025,0,0,0.6655403329512686,0.284925134480779,0.049534532567952295
3026,1,1,0.09980710147097124,0.5558088555049608,0.3443840430240678
3027,1,1,0.24068573969640625,0.3898916463946186,0.36942261390897513
3028,1,1,0.1836911766173924,0.6686717378690323,0.1476370855135753
3029,0,0,0.8287614543060606,0.1503727742002137,0.02086577149372565
3030,1,0,0.4475069663401953,0.3636916469270806,0.18880138673272398
3031,0,0,0.9353755101041962,0.0547684336301889,0.009856056265614858
3032,1,1,0.39166954022115136,0.4712816728428114,0.13704878693603723
3033,2,2,0.132400240534684,0.4317201104301159,0.4358796490352002
3034,0,0,0.8250733755529308,0.15368603961142302,0.02124058483564609
3035,1,1,0.46296557938664257,0.47031939319166266,0.06671502742169462
3036,0,0,0.8295719948849397,0.13921554935714953,0.03121245575791073
3037,0,0,0.7693448006465495,0.20090914836600315,0.02974605098744742
3038,0,1,0.10736105881885159,0.5417323238222801,0.3509066173588684
3039,0,0,0.7615339304075402,0.21022543303304353,0.028240636559416357
3040,0,0,0.9042367880123305,0.08645644892417814,0.00930676306349121
3041,1,1,0.3006082766919961,0.5683522932627867,0.13103943004521718
3042,1,1,0.3865897221432712,0.534303915591979,0.07910636226474975
3043,0,0,0.6198247611465515,0.3578768945842721,0.022298344269176363
3044,0,0,0.593765852618049,0.3518930313921186,0.05434111598983243
3045,0,0,0.9751309676926646,0.022070636718881174,0.00279839558845424
3046,0,0,0.9714538017244191,0.025870080088322873,0.002676118187258151
3047,2,1,0.1717411289138937,0.4495311640792174,0.37872770700688896
3048,2,1,0.3286251811772728,0.4694786257885201,0.2018961930342071
3049,0,0,0.9539432063569433,0.04202361538383258,0.004033178259224247
3050,1,1,0.11119297277025272,0.623976815203339,0.2648302120264083
3051,2,2,0.0854489702284527,0.3133850454501328,0.6011659843214144
3052,2,1,0.030441350624478176,0.6281014639056884,0.34145718546983345
3053,0,0,0.8925824211649925,0.09571909631911357,0.011698482515893865
3054,2,2,0.026536347868570828,0.1546157418303141,0.818847910301115
3055,1,0,0.5921093649158384,0.29988834082507787,0.10800229425908366
3056,0,0,0.8806333665430282,0.10102966230861735,0.01833697114835467
3057,1,1,0.15960790987707937,0.5613229692888014,0.2790691208341192
3058,2,1,0.11036833963190215,0.46329180987941543,0.4263398504886825
3059,0,0,0.7930708621070682,0.18056006675235228,0.026369071140579514
3060,1,0,0.486332488951741,0.396404361445771,0.11726314960248804
3061,1,1,0.29600381571833123,0.40930649930498386,0.29468968497668496
3062,0,0,0.8433350151217301,0.13582984861751599,0.020835136260753773
3063,2,1,0.0677709080891293,0.5371195346804283,0.39510955723044244
3064,2,2,0.03337559170156282,0.23828566094211354,0.7283387473563236
3065,1,1,0.3243440651590906,0.4923951541414482,0.18326078069946117
3066,0,0,0.4503493361536213,0.2867054459097477,0.26294521793663095
3067,1,1,0.3178248933085152,0.34533661918189845,0.3368384875095863
3068,1,1,0.09909930065143535,0.4623306355699831,0.43857006377858143
3069,1,1,0.3158010849085892,0.47832330077539537,0.20587561431601542
3070,0,0,0.5386843436768217,0.40022217742722754,0.0610934788959507
3071,0,1,0.37192681650372333,0.5888764341014554,0.0391967493948214
3072,0,0,0.6979845899676842,0.28133918331486785,0.020676226717447926
3073,0,1,0.4229659089218206,0.45875868415329457,0.11827540692488474
3074,2,2,0.042800038921691354,0.3394298783128974,0.6177700827654113
3075,0,0,0.5410011614296646,0.3414409897117563,0.11755784885857917
3076,1,1,0.10275073154360816,0.4905171254651306,0.4067321429912612
3077,1,1,0.10136779630083839,0.5016782028872421,0.39695400081191967
3078,1,2,0.08338605186817927,0.4224694262368168,0.4941445218950039
3079,1,1,0.19228652674482477,0.6602153209263222,0.14749815232885313
3080,2,2,0.022690065788579575,0.22911418193349514,0.7481957522779252
3081,0,0,0.46069412231176116,0.43727566561024434,0.10203021207799465
3082,1,2,0.14515492960727902,0.387945267056533,0.4668998033361879
3083,0,0,0.7174727740835227,0.17315891486647764,0.10936831104999957
3084,1,0,0.5928813916541883,0.30851579292849207,0.09860281541731963
3085,2,2,0.03546553389324835,0.3137395223145758,0.6507949437921757
3086,1,1,0.18691665735274576,0.43056046899415445,0.3825228736530997
3087,1,0,0.6408855838543653,0.25152642796419766,0.10758798818143699
3088,2,2,0.04242053144989829,0.33737937595484335,0.6202000925952583
3089,1,0,0.7886994526550699,0.16744129752236128,0.043859249822568704
3090,0,0,0.5409163914658395,0.4046570383029456,0.05442657023121506
3091,1,0,0.6216533220906268,0.2569859492124873,0.12136072869688576
3092,0,0,0.6973970787162592,0.2795984089448711,0.023004512338869607
3093,1,1,0.1222320228663112,0.614542899534966,0.2632250775987228
3094,0,0,0.4758523326771035,0.3838611775008273,0.1402864898220693
3095,0,0,0.4983450960045644,0.40013139681712145,0.10152350717831425
3096,1,1,0.38569868522615663,0.41024993877760957,0.20405137599623388
3097,1,1,0.2600299702738706,0.6061773739949592,0.13379265573117027
3098,0,0,0.7318748504578791,0.2303107914815553,0.037814358060565455
3099,0,0,0.7581569311662387,0.2222017780584378,0.019641290775323443
3100,1,1,0.05425690677856919,0.617062978275328,0.3286801149461029
3101,0,0,0.5959839019341705,0.2880205920778304,0.115995505987999
3102,0,0,0.6699281166309126,0.2904849086049598,0.03958697476412763
3103,2,1,0.33122992046646405,0.4823437323539952,0.18642634717954087
3104,2,2,0.056294922437864096,0.3774848792756952,0.5662201982864408
3105,2,2,0.05500833816407219,0.45130325841741686,0.49368840341851095
3106,0,0,0.8509492870106359,0.12811468576486948,0.020936027224494686
3107,2,1,0.03217804217148609,0.6061279887800581,0.3616939690484558
3108,0,0,0.9767584167540886,0.021872696851295725,0.001368886394615556
3109,0,1,0.2557269277542112,0.5409479776063679,0.20332509463942092
3110,1,1,0.23278515756411738,0.43699222893413964,0.33022261350174287
3111,1,2,0.18517690022887368,0.3566506175161625,0.45817248225496376
3112,0,0,0.7539439938635182,0.2218013207351955,0.02425468540128616
3113,2,1,0.1949356594947964,0.5575374140329064,0.24752692647229724
3114,0,0,0.7909827681478436,0.18982038856848615,0.019196843283670238
3115,1,1,0.43797171190345624,0.4896823085122778,0.07234597958426595
3116,0,0,0.7979953836553287,0.16509933657119452,0.03690527977347674
3117,1,1,0.16456869352117626,0.5059398955053926,0.3294914109734312
3118,0,0,0.8826816925052128,0.10609774171863287,0.011220565776154384
3119,0,2,0.1859599127677044,0.3548070359063667,0.45923305132592884
3120,1,0,0.7510540848109927,0.22230516702225442,0.026640748166752756
3121,1,0,0.5037038486222012,0.3817505126258226,0.11454563875197607
3122,0,0,0.8051714297172599,0.1483598943127571,0.046468675969983025
3123,0,0,0.8618608045634906,0.12725257988780447,0.010886615548704898
3124,1,0,0.42697068052307485,0.2712158655698505,0.30181345390707465
3125,0,0,0.8240126295508344,0.1448787268501549,0.031108643599010544
3126,0,0,0.660995052270876,0.31741424440660726,0.021590703322516825
3127,2,2,0.021425413085659067,0.18537163344272262,0.7932029534716183
3128,0,0,0.8485112176882571,0.14046019855555072,0.01102858375619203
3129,1,1,0.29866173088571424,0.624119004661346,0.07721926445293988
3130,1,0,0.5458901933307247,0.2478928305851642,0.20621697608411113
3131,0,0,0.8507784172834576,0.12749067214742804,0.021730910569114185
3132,1,0,0.7319407668228943,0.250120791046425,0.01793844213068077
3133,0,0,0.8579636786259613,0.09535002322241765,0.04668629815162104
3134,0,0,0.8432804182283511,0.1476966288558323,0.009022952915816685
3135,1,0,0.49480114351949084,0.32197903291199187,0.18321982356851735
3136,1,1,0.0941656079963445,0.4885137661596364,0.41732062584401913
3137,1,1,0.23112360808709598,0.6275408540518105,0.14133553786109362
3138,0,1,0.30691699647881093,0.536257815038062,0.156825188483127
3139,2,2,0.04709473104563317,0.38329314749338095,0.5696121214609858
3140,1,0,0.4666854907367856,0.40431555095631544,0.12899895830689895
3141,0,0,0.9327418899909241,0.061718020408773465,0.005540089600302493
3142,1,2,0.164440546525551,0.41079421606138816,0.4247652374130607
3143,2,1,0.08096049150362365,0.46953362877078547,0.44950587972559103
3144,1,1,0.04266912071435243,0.7312540359331011,0.22607684335254655
3145,0,0,0.8033021670747499,0.17191821904666904,0.02477961387858123
3146,2,2,0.009332299475234639,0.22326919485108027,0.7673985056736852
3147,1,1,0.1323814327203177,0.4748408397771254,0.39277772750255696
3148,0,0,0.5146748913999379,0.4211359381067376,0.06418917049332439
3149,1,2,0.2737872588219953,0.3062730038092599,0.41993973736874474
3150,1,1,0.3929945408722754,0.4710216960642142,0.13598376306351045
3151,1,1,0.19499923745901965,0.43772064921829085,0.3672801133226896
3152,0,1,0.4353212188145633,0.449471426861573,0.11520735432386366
3153,0,0,0.9583893582281217,0.03295940642201197,0.008651235349866265
3154,2,1,0.2184007599911218,0.46914578059695644,0.3124534594119218
3155,1,2,0.04597257887879019,0.30832169037442786,0.6457057307467818
3156,2,2,0.013663620352457185,0.1838940506476078,0.8024423289999351
3157,0,1,0.3577957724625285,0.37404088541198854,0.26816334212548293
3158,1,0,0.4732896619535337,0.3666643637747961,0.16004597427167022
3159,2,1,0.14682426399108206,0.49567554176950973,0.3575001942394081
3160,0,0,0.7741649959927719,0.18367920171028682,0.042155802296941325
3161,2,2,0.006518556467618909,0.13547617203539672,0.8580052714969844
3162,1,1,0.23432933449133797,0.5890936486139083,0.17657701689475358
3163,1,2,0.1723543630169594,0.26966773326663485,0.5579779037164058
3164,2,0,0.7321599824549225,0.23672285538139964,0.031117162163677874
3165,1,1,0.13400760756575136,0.620968582119238,0.2450238103150107
3166,0,0,0.8468684738667768,0.13659372388831442,0.016537802244908733
3167,0,0,0.9755944499270751,0.02272701480968265,0.0016785352632422723
3168,0,0,0.8539568835443763,0.12048640084905471,0.02555671560656907
3169,1,1,0.267973537598307,0.48132589370365986,0.25070056869803303
3170,1,1,0.22854300703823302,0.5870740015170063,0.18438299144476059
3171,0,0,0.6039538437607701,0.3626426126836221,0.033403543555607824
3172,1,1,0.16681095502743196,0.5075319451113864,0.32565709986118174
3173,0,0,0.9152314285560937,0.07369971472390119,0.011068856720005054
3174,0,0,0.9324696182885368,0.0621657630165296,0.0053646186949335315
3175,2,1,0.09906718108439845,0.6373305321868489,0.2636022867287525
3176,2,1,0.113349183756879,0.521398932002248,0.365251884240873
3177,0,0,0.9740771029682789,0.023948628707192488,0.0019742683245286058
3178,0,0,0.8963484068644008,0.08881671999934843,0.01483487313625088
3179,0,0,0.7205344362596334,0.22449596937509467,0.05496959436527188
3180,1,0,0.4824509243079353,0.4324902781446188,0.08505879754744572
3181,1,1,0.15071801965566625,0.5596820008554676,0.2895999794888661
3182,2,1,0.10199158921096872,0.4859724357675199,0.41203597502151135
3183,0,0,0.607189471868349,0.3026686635411368,0.09014186459051415
3184,1,0,0.530223309761144,0.3912412743329385,0.07853541590591746
3185,1,2,0.04062565978748206,0.24058089122060078,0.7187934489919172
3186,2,1,0.22840118158483458,0.6448263141849753,0.12677250423019024
3187,2,1,0.12390846777388254,0.5974344261644972,0.27865710606162036
3188,2,1,0.18678829640712702,0.4090747072301827,0.40413699636269035
3189,1,2,0.3396612166142035,0.3000962896857869,0.36024249370000955
3190,0,0,0.9272778757965432,0.06140996813162745,0.011312156071829324
3191,1,1,0.1875035934818069,0.6241552635445847,0.18834114297360846
3192,0,0,0.6985851067287051,0.2618232562247266,0.039591637046568394
3193,0,0,0.8647139906408406,0.1132018070076755,0.022084202351483763
3194,1,1,0.3565769712265035,0.42307471589036244,0.22034831288313397
3195,2,2,0.022155464410581974,0.1624894540988099,0.8153550814906081
3196,1,1,0.14947594231192707,0.534978418167248,0.31554563952082504
3197,1,1,0.11113442458295693,0.6650524983541669,0.22381307706287618
3198,1,1,0.1478834006074575,0.5601444658196153,0.2919721335729272
3199,1,1,0.12172109112298209,0.5703572635301892,0.3079216453468287
3200,1,1,0.339287848318281,0.4416073156217194,0.2191048360599995
3201,1,2,0.11513983928332344,0.402129733545571,0.4827304271711057
3202,0,0,0.773321052143889,0.20115729642729108,0.025521651428819896
3203,0,1,0.3270740997041268,0.46201220760795636,0.21091369268791665
3204,0,0,0.8121720373973867,0.17316729937907374,0.014660663223539485
3205,0,0,0.6575285684189905,0.30206183200965553,0.04040959957135393
3206,1,1,0.22058005338115988,0.5586287754598401,0.22079117115900002
3207,2,1,0.21928357977496707,0.5820834773664869,0.19863294285854596
3208,1,2,0.06472074368275532,0.16122379283403962,0.7740554634832051
3209,0,1,0.2479353207045829,0.6776202555392519,0.07444442375616525
3210,2,2,0.04284156538277709,0.30090685189383704,0.6562515827233859
3211,0,0,0.8466724230611943,0.12905467744734217,0.024272899491463454
3212,1,1,0.22719001026503705,0.47099854746904307,0.3018114422659197
3213,0,0,0.7123011312151964,0.23693239447899175,0.050766474305811854
3214,0,1,0.44646154986962566,0.506252639213164,0.0472858109172104
3215,0,0,0.6391406055059295,0.31085568273373665,0.050003711760333934
3216,2,1,0.18964784681938285,0.5187891503365435,0.29156300284407377
3217,0,0,0.9409678710056328,0.05353630059445517,0.0054958283999120205
3218,0,0,0.8360587755384482,0.12858065846095496,0.035360566000596894
3219,1,0,0.5447370818616303,0.4189381841649074,0.03632473397346226
3220,2,2,0.018702437965018498,0.154441677907223,0.8268558841277586
3221,1,1,0.4473296544262263,0.473017032687234,0.07965331288653962
3222,0,0,0.9506024666857843,0.0467692598865317,0.002628273427684042
3223,0,0,0.6314420997777296,0.320733825551234,0.047824074671036575
3224,0,0,0.6861002617438929,0.24168752524607715,0.07221221301002988
3225,1,0,0.5654200583825585,0.3423145155609244,0.09226542605651711
3226,2,1,0.03337572447761658,0.4926713251817228,0.47395295034066054
3227,0,0,0.7396665562260942,0.21922409186645048,0.04110935190745516
3228,2,2,0.009154522900840577,0.17219309604371025,0.8186523810554492
3229,0,0,0.8993358636278499,0.09096605438009521,0.00969808199205495
3230,0,0,0.6208227060276258,0.35074292380221533,0.028434370170158894
3231,1,0,0.41072576835564123,0.3526128405648845,0.23666139107947434
3232,0,1,0.16853806196662632,0.538105065805068,0.2933568722283057
3233,2,2,0.008299553329328923,0.08521916853608155,0.9064812781345897
3234,0,0,0.5278787509290581,0.37590224947675055,0.09621899959419139
3235,0,0,0.8081615722720377,0.17572892991718,0.016109497810782313
3236,0,0,0.5597253910206454,0.39784979611185795,0.042424812867496574
3237,1,1,0.22694452654882308,0.6897067669190193,0.08334870653215755
3238,1,1,0.19594807851244705,0.4734209666464394,0.33063095484111354
3239,2,2,0.24045449014832773,0.28650750138263703,0.47303800846903515
3240,0,0,0.884773920430268,0.10442927906443887,0.010796800505293053
3241,0,0,0.6091857615167094,0.3038209167437032,0.0869933217395873
3242,2,1,0.13665097895670622,0.5460894000191345,0.3172596210241592
3243,0,0,0.45489584254597265,0.4486873528250741,0.09641680462895318
3244,0,0,0.98786586298703,0.011632243827010997,0.0005018931859589735
3245,0,0,0.8112727786683102,0.17065636884352348,0.01807085248816641
3246,1,0,0.4861301506416575,0.4550669094130302,0.05880293994531223
3247,0,0,0.6213122545850948,0.3633835744578074,0.015304170957097957
3248,0,1,0.1633149250287148,0.46960089128598265,0.3670841836853025
3249,0,0,0.5444099434653077,0.3679501914368176,0.08763986509787476
3250,1,1,0.11596130082231453,0.49203353010194617,0.3920051690757393
3251,1,0,0.6106200667513819,0.3632162847033901,0.026163648545227996
3252,0,0,0.9526491609666599,0.04403868564481082,0.003312153388529423
3253,0,0,0.9614845941771935,0.03209776578669279,0.006417640036113866
3254,0,0,0.6313598344693345,0.3545990054527235,0.014041160077941994
3255,1,0,0.6684957625468133,0.2591159198527096,0.07238831760047706
3256,2,1,0.11809262172842155,0.620561160134195,0.26134621813738346
3257,0,0,0.9390718772494872,0.055141396482225866,0.0057867262682869515
3258,0,0,0.8043070906235283,0.1688988969398707,0.026794012436600997
3259,1,1,0.20917679062365346,0.4634694988554599,0.32735371052088663
3260,1,0,0.6350308874329615,0.27950057852866433,0.08546853403837414
3261,1,1,0.04293158497222837,0.509618271949344,0.4474501430784277
3262,0,0,0.9332714511913904,0.061627474528678276,0.005101074279931234
3263,1,1,0.3274092653431799,0.3929436575661127,0.27964707709070746
3264,0,0,0.9586883546922059,0.03512926813129628,0.006182377176497917
3265,1,1,0.2950755094773338,0.36755569524669457,0.3373687952759716
3266,2,1,0.023963682590444717,0.5899171494639139,0.38611916794564144
3267,1,0,0.5229509861293483,0.2452933102728475,0.23175570359780415
3268,0,1,0.18902567468455145,0.4411923432362093,0.3697819820792393
3269,1,1,0.26279527604527175,0.5816827374496856,0.15552198650504268
3270,2,2,0.014672995388484902,0.14593293481816902,0.8393940697933461
3271,1,1,0.3152520177712556,0.5406702327360384,0.14407774949270596
3272,0,0,0.6877490109766449,0.26338020441102866,0.048870784612326426
3273,1,1,0.26760625535506843,0.5531893257883803,0.17920441885655125
3274,0,1,0.22743794493333827,0.4964269757582634,0.27613507930839826
3275,1,0,0.6218133268582205,0.3184212127213825,0.05976546042039702
3276,0,0,0.9823323731402575,0.016586833026497064,0.001080793833245457
3277,2,2,0.0996253602125671,0.3650121350729306,0.5353625047145023
3278,2,2,0.09570199614365531,0.39908873819090984,0.5052092656654349
3279,0,0,0.7459710411887407,0.22412601205391966,0.02990294675733969
3280,1,0,0.4914554837977775,0.4143243785176439,0.09422013768457875
3281,2,2,0.034216754694745936,0.46275430216182983,0.5030289431434243
3282,0,0,0.5354736671511474,0.4053661810756626,0.05916015177319006
3283,1,0,0.840525433089909,0.13902155433494734,0.02045301257514362
3284,0,0,0.8853030271012771,0.10253729445919692,0.012159678439525992
3285,0,0,0.9206137204974456,0.06632373453428,0.013062544968274248
3286,0,0,0.9328897853661328,0.05829796715702773,0.008812247476839475
3287,0,0,0.7358726673316928,0.23205269855745586,0.03207463411085136
3288,1,1,0.32070313111987264,0.5773085454663512,0.1019883234137762
3289,0,0,0.7536287100259719,0.2258651768674207,0.02050611310660746
3290,2,1,0.26124084800392755,0.4952541051114337,0.2435050468846388
3291,2,1,0.029805955679610318,0.6108282835036777,0.35936576081671207
3292,0,0,0.9193921936372711,0.07102904805663288,0.009578758306095893
3293,2,0,0.48254708057657414,0.39372042190151624,0.12373249752190955
3294,2,1,0.11928229177546833,0.5879198733909137,0.2927978348336179
3295,0,0,0.8104157074306179,0.1578870955110097,0.03169719705837243
3296,0,0,0.9385182283810981,0.05387820918765192,0.00760356243125005
3297,0,0,0.7051428039426189,0.27906307299853056,0.015794123058850598
3298,2,2,0.03313574860936469,0.20942843891069038,0.7574358124799448
3299,0,1,0.3802754789997912,0.5174289475615402,0.1022955734386685
3300,1,0,0.44983387029109917,0.4299841575640714,0.12018197214482948
3301,1,0,0.8308223243893278,0.15330398385157856,0.01587369175909369
3302,0,0,0.9611752637200178,0.03545960445927958,0.0033651318207026312
3303,1,1,0.30271511459815886,0.42924305661291573,0.26804182878892546
3304,2,2,0.0373907898569235,0.4681444496756562,0.49446476046742033
3305,0,0,0.5611695211565954,0.3925464809897865,0.04628399785361822
3306,0,1,0.3369528805305727,0.5429214132945873,0.12012570617484002
3307,2,2,0.01206467595943585,0.1918025949790782,0.7961327290614859
3308,0,0,0.778112141393548,0.19282063995896237,0.029067218647489616
3309,1,1,0.19715886787577058,0.40184257248858696,0.4009985596356424
3310,0,0,0.7971282891836713,0.18377512711431152,0.019096583702017174
3311,1,1,0.18084977502975647,0.7441422910445599,0.0750079339256837
3312,0,0,0.850108663117313,0.13763012487714407,0.01226121200554285
3313,0,0,0.7334449770810993,0.22872877625142163,0.037826246667479003
3314,2,1,0.13049358226760657,0.5460309294689462,0.3234754882634473
3315,2,2,0.1047463993608725,0.24512823644953918,0.6501253641895883
3316,1,1,0.19840367796277894,0.5335753530402972,0.2680209689969239
3317,1,1,0.210420378468455,0.5289673660729535,0.2606122554585916
3318,0,0,0.9419058993198578,0.048843321525841636,0.009250779154300786
3319,1,1,0.10169260275757301,0.5446678426018018,0.3536395546406252
3320,1,0,0.7482105994848604,0.21671441035769862,0.03507499015744104
3321,0,0,0.4119073792725059,0.3028196880758215,0.2852729326516726
3322,0,0,0.8135430213598868,0.17856323446235736,0.007893744177755969
3323,0,0,0.7072162407692729,0.27257033827013966,0.02021342096058749
3324,1,1,0.11176405569804938,0.6530766135979318,0.2351593307040188
3325,0,0,0.948705536866342,0.04601703087657919,0.005277432257078863
3326,0,0,0.7988999946508015,0.16636236149983694,0.0347376438493614
3327,2,2,0.029480726119791332,0.47931646130815914,0.4912028125720495
3328,2,1,0.10262343298389388,0.45724359869209685,0.4401329683240093
3329,2,2,0.01113325476998872,0.26154383853633734,0.7273229066936738
3330,0,0,0.9344284580276044,0.060856561922168456,0.004714980050227169
3331,1,0,0.4662569861269816,0.36138200429536393,0.17236100957765432
3332,2,2,0.009433781179899386,0.14866365175334317,0.8419025670667574
3333,0,0,0.9435998023077034,0.04813565729037157,0.008264540401925008
3334,1,0,0.4338776308644963,0.373678876841623,0.1924434922938807
3335,0,0,0.8697061705209373,0.12368604171177366,0.006607787767289002
3336,2,2,0.032221684212080395,0.22183411161130948,0.7459442041766101
3337,1,1,0.2114260887702945,0.6617449625249957,0.12682894870470968
3338,2,2,0.0037313120521383237,0.1092959635345453,0.8869727244133163
3339,0,0,0.9469885279767095,0.04852100271138066,0.004490469311909763
3340,0,0,0.9332293678113137,0.056683857774770946,0.010086774413915275
3341,2,2,0.024970054668599074,0.3177391075130221,0.6572908378183788
3342,1,0,0.6012158639708678,0.3109695311286042,0.087814604900528
3343,0,0,0.46456008017878053,0.43963340690778774,0.09580651291343172
3344,2,1,0.10090572708110065,0.4588895227661172,0.440204750152782
3345,0,0,0.9433014024280606,0.05175522705044078,0.004943370521498638
3346,0,0,0.9188466701330031,0.0672622542376923,0.013891075629304554
3347,0,0,0.5833869447461136,0.3849075958004427,0.03170545945344361
3348,0,0,0.7886893920820129,0.1437554676619311,0.06755514025605595
3349,2,1,0.34995341376079026,0.5817021303941623,0.06834445584504747
3350,1,1,0.2891614657434757,0.5713011785858743,0.13953735567065023
3351,2,1,0.30542146130870296,0.5457920762212324,0.14878646247006463
3352,0,0,0.48854072407840493,0.4674021149494816,0.044057160972113346
3353,1,0,0.4678435821921264,0.37533789559351843,0.15681852221435508
3354,0,0,0.8377515408514938,0.1388347247417191,0.02341373440678711
3355,1,0,0.6709074246175577,0.29613323420947385,0.03295934117296858
3356,0,0,0.6128628640437228,0.30485989353813403,0.08227724241814319
3357,1,0,0.4606789886317903,0.4173393751360817,0.12198163623212797
3358,1,2,0.040916738434098175,0.2444128418065856,0.7146704197593163
3359,2,1,0.08008916719222513,0.6374990996867037,0.28241173312107104
3360,0,0,0.9889524173504226,0.010059068540265118,0.0009885141093122036
3361,1,1,0.41846696077486817,0.44523298167307057,0.13630005755206115
3362,0,0,0.9794042393226552,0.019379966075897974,0.0012157946014467133
3363,1,0,0.6481211733290316,0.30042597620809797,0.05145285046287055
3364,1,1,0.2467748174413775,0.5372491021837966,0.2159760803748259
3365,2,0,0.6057803919244394,0.25386742137493995,0.14035218670062055
3366,0,1,0.40189167409979265,0.5536216974380725,0.04448662846213482
3367,1,0,0.7021077861374073,0.23993975506925708,0.057952458793335666
3368,1,1,0.42550785177414113,0.4670218824878965,0.10747026573796249
3369,1,2,0.11666534725745441,0.2982997120578192,0.5850349406847264
3370,1,1,0.15621734159606357,0.5823408408878814,0.261441817516055
3371,1,1,0.37374255548184804,0.512024493364543,0.11423295115360899
3372,0,0,0.8467069096222943,0.13087232244121455,0.02242076793649109
3373,1,1,0.107476164187622,0.6814013858659683,0.21112244994640966
3374,1,1,0.19526674734410254,0.6527105035745308,0.15202274908136665
3375,0,0,0.6852319583214063,0.27841319619209337,0.0363548454865005
3376,2,2,0.061992206390924405,0.4053270880254713,0.5326807055836044
3377,1,1,0.26291242665780207,0.4213127444742199,0.3157748288679779
3378,1,0,0.5921705690877646,0.1790366042921626,0.22879282662007286
3379,2,2,0.03372907409807502,0.1446151750945051,0.8216557508074198
3380,0,0,0.8486402075381264,0.1299964727287206,0.021363319733152916
3381,1,0,0.6535826688709386,0.28591429167526766,0.06050303945379381
3382,1,1,0.25178255524809406,0.619931532637944,0.12828591211396187
3383,0,0,0.8891078643778538,0.10153230559219575,0.009359830029950401
3384,2,1,0.14842858509738646,0.6567948769295068,0.19477653797310665
3385,1,1,0.1891474532345302,0.654411535042327,0.15644101172314281
3386,1,0,0.8521979002817804,0.11604449294262342,0.031757606775596255
3387,0,1,0.2891185412385569,0.6200457745575991,0.09083568420384402
3388,2,2,0.0561235568768111,0.2150772990041087,0.7287991441190801
3389,0,0,0.7798223670726883,0.19123689429038265,0.02894073863692895
3390,0,0,0.9635832106913453,0.033435819042939345,0.002980970265715372
3391,0,1,0.3016981519394503,0.511543855384885,0.18675799267566467
3392,2,1,0.04112270430588847,0.5517455714824562,0.4071317242116553
3393,0,0,0.8243064299009368,0.1592345474034606,0.01645902269560258
3394,2,2,0.007926852957426853,0.18302047899842108,0.8090526680441521
3395,2,1,0.40002249190304695,0.4733199807413107,0.12665752735564234
3396,0,0,0.5140474725702773,0.3523838213220324,0.13356870610769025
3397,2,2,0.04688153568122865,0.39579775052924393,0.5573207137895274
3398,2,1,0.05159542750869643,0.6125057321256233,0.3358988403656802
3399,1,1,0.30980797605182386,0.46692645077091716,0.22326557317725884
3400,0,0,0.6656737492401101,0.2527730827026586,0.0815531680572313
3401,1,0,0.4835061666171471,0.41472346234858193,0.10177037103427104
3402,1,1,0.17382117594712773,0.523676998173098,0.30250182587977426
3403,0,0,0.5321501272528815,0.42485812250551774,0.042991750241600776
3404,1,1,0.2829694925618786,0.6455074684749996,0.07152303896312172
3405,2,2,0.018547216885286093,0.3815128001019706,0.5999399830127433
3406,2,1,0.2142122054351385,0.5897622810654674,0.19602551349939415
3407,2,0,0.48452796918693614,0.4162503406500226,0.09922169016304125
3408,0,0,0.8457657216088906,0.13641074948082133,0.01782352891028808
3409,2,2,0.1079653732089597,0.28463442780425263,0.6074001989867875
3410,1,0,0.4691159919970233,0.4497837638650613,0.08110024413791539
3411,0,0,0.8848067873895447,0.08599680147649696,0.029196411133958485
3412,1,1,0.21840839001124346,0.49636646920599536,0.28522514078276107
3413,1,0,0.6291537181499498,0.27103122614832387,0.09981505570172627
3414,1,1,0.26268422385617346,0.5185661478212763,0.2187496283225502
3415,0,0,0.954196891765348,0.04073418573760223,0.005068922497049765
3416,0,0,0.5351248611329705,0.4095377946429409,0.055337344224088564
3417,0,0,0.6072776102741225,0.3050625804799246,0.08765980924595286
3418,0,0,0.5452556581586074,0.37655885286912816,0.07818548897226443
3419,0,1,0.3515652396764677,0.5178999056632247,0.13053485466030754
3420,1,2,0.09030719538637497,0.38801221136227343,0.5216805932513515
3421,0,0,0.7029174155599146,0.22979152666865804,0.06729105777142727
3422,0,0,0.7730286380147202,0.14302059969499042,0.08395076229028949
3423,1,1,0.2955798435331659,0.4671142830843915,0.23730587338244274
3424,1,0,0.4084551743561207,0.33804911156784695,0.25349571407603233
3425,1,1,0.348995647577399,0.46978683633667584,0.18121751608592518
3426,0,0,0.6035971816853958,0.24177851870533026,0.15462429960927393
3427,0,1,0.4265650426385324,0.45789474247902456,0.11554021488244309
3428,0,0,0.8353631964031464,0.15092358096982308,0.013713222627030602
3429,0,0,0.7533183150726641,0.20270093124070396,0.043980753686631985
3430,0,1,0.3328752182635077,0.5520495152223743,0.11507526651411806
3431,2,1,0.11043734880427346,0.6739855962630851,0.2155770549326414
3432,1,1,0.28612814705114054,0.5111853494495266,0.20268650349933287
3433,0,0,0.7611644808492598,0.20304415608697984,0.03579136306376047
3434,0,0,0.5748360340526143,0.3753501298991353,0.04981383604825052
3435,1,0,0.5314256396974825,0.36105926120430903,0.10751509909820856
3436,0,1,0.40281352382666347,0.5248426411796318,0.07234383499370474
3437,0,0,0.9707855279787753,0.027629982407451906,0.0015844896137729514
3438,1,1,0.09145905759964391,0.5676504794686378,0.3408904629317183
3439,0,0,0.6915493475794046,0.2364500870528353,0.07200056536775998
3440,1,2,0.20212124701853917,0.37100844008083794,0.42687031290062283
3441,1,2,0.15602420700855324,0.3346549511235694,0.5093208418678773
3442,2,2,0.0405967497238137,0.39127705118024847,0.5681261990959379
3443,2,0,0.5568769132243886,0.3838137328492976,0.059309353926313785
3444,1,1,0.34616694709540446,0.552840496998195,0.1009925559064005
3445,2,1,0.10526585457307465,0.5580278415539252,0.3367063038730002
3446,0,0,0.895173122684691,0.088052192833571,0.01677468448173787
3447,1,0,0.6538110994875956,0.28465097953806706,0.06153792097433732
3448,1,2,0.12812273533089916,0.3524058699371849,0.519471394731916
3449,0,0,0.7842927588016048,0.18078678379202923,0.034920457406366165
3450,1,1,0.45258867158122673,0.4580553970072125,0.08935593141156083
3451,1,2,0.2136864411278336,0.33464962903357487,0.45166392983859166
3452,1,1,0.23795824917628322,0.4711703808381673,0.2908713699855494
3453,1,1,0.24009232374235465,0.5430886787945106,0.21681899746313482
3454,2,2,0.05857118599000253,0.44563042093628047,0.495798393073717
3455,1,1,0.2770372776184248,0.580666085594752,0.1422966367868232
3456,1,1,0.07569090384622464,0.5843078417962682,0.3400012543575072
3457,0,0,0.47205966032376373,0.4584231463614089,0.06951719331482735
3458,2,2,0.0602979054582019,0.30599294358998164,0.6337091509518165
3459,0,0,0.7901024826908264,0.19986520962077825,0.010032307688395322
3460,1,1,0.2798203565110522,0.5261821883043019,0.19399745518464598
3461,2,2,0.1586646555494683,0.22751803259082604,0.6138173118597057
3462,1,1,0.2065229266474076,0.5132194206294346,0.28025765272315784
3463,0,0,0.5726618584926707,0.3613976444971016,0.06594049701022761
3464,0,0,0.7571560974985126,0.2269210505357642,0.015922851965723097
3465,1,1,0.23062559486771386,0.6279722870849688,0.14140211804731742
3466,1,0,0.7120303597640698,0.2579691557578084,0.030000484478121852
3467,2,1,0.19012896273862198,0.6367973210714942,0.17307371618988385
3468,1,0,0.5162906884191965,0.4440023777063426,0.03970693387446097
3469,0,0,0.7662700281903448,0.19927731609009958,0.034452655719555386
3470,1,1,0.2540688806800228,0.6079840630126379,0.1379470563073395
3471,0,0,0.9752906794454966,0.022769749337387766,0.0019395712171154677
3472,0,0,0.7103942491333116,0.24584260763556393,0.043763143231124464
3473,0,0,0.6739063108064334,0.2685310986863089,0.05756259050725774
3474,0,0,0.9746236620739919,0.022878324490240458,0.002498013435767806
3475,1,2,0.09279818041665407,0.40346565337188145,0.5037361662114646
3476,1,1,0.09684624182974004,0.6524903976393434,0.25066336053091665
3477,0,0,0.9297359504893786,0.06433263811061116,0.0059314114000102
3478,0,0,0.7776363444943802,0.21016941603298228,0.01219423947263749
3479,0,0,0.8530860649617215,0.12942314072973782,0.017490794308540714
3480,1,0,0.5974259043945644,0.30381895767121664,0.09875513793421882
3481,0,0,0.5404764126541195,0.3578328284773495,0.10169075886853118
3482,1,1,0.1761538566679056,0.503769803243267,0.32007634008882746
3483,0,0,0.9115465564793512,0.07199712459514716,0.016456318925501687
3484,1,1,0.14086445957699795,0.43892879311801275,0.4202067473049894
3485,2,2,0.03222261248486319,0.25442894548044515,0.7133484420346917
3486,0,0,0.8554613110760649,0.12390112209257995,0.020637566831355186
3487,0,1,0.32657847284790237,0.41255343744781464,0.260868089704283
3488,1,0,0.49330408307523294,0.42815096175911804,0.0785449551656489
3489,1,1,0.08116412832624402,0.7431544355838254,0.17568143608993064
3490,2,1,0.07075000340029858,0.4674787670199894,0.4617712295797122
3491,1,1,0.1210590070357456,0.6074740661522644,0.27146692681199003
3492,0,0,0.5221223332019099,0.4362164509473721,0.04166121585071801
3493,0,0,0.8906131964935166,0.09725823554290755,0.012128567963575879
3494,1,0,0.6651712123143567,0.30432385783000704,0.030504929855636218
3495,1,1,0.4156120811002697,0.4974034681978758,0.08698445070185448
3496,1,1,0.05691575816920093,0.6686753740906777,0.27440886774012135
3497,0,0,0.9783471369333013,0.01971548085691225,0.001937382209786657
3498,1,1,0.3699832789395749,0.47490377002578427,0.15511295103464073
3499,1,0,0.6503766668443735,0.2502847053132245,0.09933862784240197
3500,0,0,0.48495017259377127,0.4735978090471261,0.04145201835910266
3501,2,1,0.2051053306188896,0.5382363613215698,0.25665830805954065
3502,0,0,0.7657127609224925,0.1721384535565625,0.06214878552094503
3503,0,0,0.6445493826993453,0.30024519944705746,0.055205417853597366
3504,1,1,0.39018305973870626,0.39837011835315916,0.21144682190813463
3505,0,0,0.5677864642520601,0.33820867767571733,0.09400485807222242
3506,1,1,0.25667118550734574,0.57359671984705,0.16973209464560438
3507,2,1,0.16737920526964276,0.6252740384271372,0.20734675630322
3508,1,0,0.5821133090020494,0.372891191345972,0.044995499651978646
3509,0,0,0.8486525907764599,0.133491082768923,0.0178563264546171
3510,1,1,0.10937648761004849,0.5750558821977024,0.3155676301922492
3511,0,0,0.6547649869867957,0.32007226996106264,0.025162743052141657
3512,2,2,0.005683330216806554,0.1562807133711242,0.8380359564120693
3513,1,1,0.2446727189699663,0.5955783579424109,0.15974892308762276
3514,0,0,0.886879046564272,0.10227281262254283,0.01084814081318539
3515,0,0,0.801979848214211,0.18550648847200107,0.012513663313787978
3516,0,0,0.6160806268762096,0.33372829096066714,0.05019108216312333
3517,0,0,0.8878153330591244,0.10059427308758574,0.011590393853289728
3518,0,0,0.8578351364698592,0.1266170949124995,0.015547768617641235
3519,0,0,0.536763126187513,0.34998090335767296,0.11325597045481399
3520,0,0,0.6448768334491174,0.29740084107540604,0.057722325475476545
3521,0,0,0.6278256782185075,0.2558420982379515,0.11633222354354096
3522,1,1,0.19853204236394018,0.630200079843224,0.1712678777928357
3523,1,1,0.262529893393198,0.5415185605651323,0.19595154604166973
3524,2,1,0.16559692652419739,0.5059098035092292,0.32849326996657335
3525,1,0,0.45123206977032987,0.4365938106923178,0.11217411953735221
3526,0,0,0.8974591949475799,0.09395882362533343,0.008581981427086726
3527,1,0,0.4851077780028594,0.39852916255785864,0.1163630594392819
3528,1,1,0.30410726521001746,0.46662481958955715,0.22926791520042547
3529,1,1,0.09297107687381126,0.7319631626052968,0.1750657605208919
3530,0,0,0.7688500513826945,0.20477271574870237,0.026377232868603134
3531,0,0,0.8288212499530505,0.14465908347698905,0.026519666569960593
3532,1,1,0.19002938365769043,0.5126336717615958,0.2973369445807138
3533,2,2,0.04983047618770538,0.4713037608191111,0.47886576299318345
3534,1,1,0.27687433929520167,0.43451999393485397,0.28860566676994437
3535,2,1,0.07197914203828908,0.5615522244514494,0.3664686335102616
3536,1,1,0.253238720518929,0.5881011600139897,0.1586601194670814
3537,0,0,0.9062288293701052,0.08663867029780783,0.007132500332086927
3538,0,0,0.7915949690723751,0.1707147436902544,0.03769028723737049
3539,2,2,0.004380296980093838,0.11890823145075005,0.8767114715691562
3540,2,2,0.046549865750556176,0.4285755398670832,0.5248745943823606
3541,1,0,0.47196477172833895,0.4576093797069601,0.07042584856470098
3542,0,0,0.7733642928723408,0.18839701556178842,0.03823869156587084
3543,0,0,0.9721271858669354,0.02572727674325794,0.0021455373898067436
3544,2,1,0.03141170804350517,0.5655936682453448,0.40299462371114997
3545,1,0,0.5606195788115254,0.3872302742995746,0.05215014688889998
3546,1,1,0.14072412528206807,0.45612830238117535,0.4031475723367564
3547,1,1,0.3032545896530675,0.5977293647618264,0.0990160455851061
3548,1,0,0.47161927173703083,0.4330001776759608,0.0953805505870083
3549,2,1,0.2975099230537263,0.6045952601449531,0.09789481680132053
3550,2,2,0.07086416667702579,0.39797322533310725,0.5311626079898669
3551,1,0,0.6105217494791122,0.31761773679813443,0.07186051372275346
3552,1,1,0.07967928298184959,0.6882895414375021,0.23203117558064823
3553,2,1,0.0821591840295187,0.5603205542694866,0.3575202617009948
3554,1,1,0.11332939043998741,0.5419851181193553,0.3446854914406573
3555,1,0,0.709348540075272,0.25174406234655883,0.03890739757816902
3556,1,1,0.22166505496271732,0.4472780891528543,0.33105685588442835
3557,1,1,0.34874230972981224,0.5403518820196923,0.11090580825049538
3558,1,2,0.3340744996636817,0.29356338790894926,0.372362112427369
3559,1,0,0.6618351852234321,0.26327055284177614,0.0748942619347917
3560,1,1,0.35827768801019344,0.46765406050537545,0.17406825148443103
3561,0,0,0.43026256160864884,0.28899877897028553,0.28073865942106563
3562,1,0,0.5754417434082686,0.3775626319550199,0.04699562463671159
3563,1,1,0.3018996252408773,0.5297600742269852,0.16834030053213742
3564,0,0,0.7137172035237666,0.26196481285154755,0.024317983624685898
3565,0,1,0.46497475200685817,0.465799142501614,0.06922610549152772
3566,2,1,0.14534627811520034,0.5585484592878932,0.2961052625969064
3567,0,0,0.6070089160954646,0.3661906407323173,0.026800443172218164
3568,0,0,0.87497703714199,0.10259272152801785,0.022430241329991985
3569,1,1,0.23483290690712327,0.5735337972513094,0.1916332958415673
3570,0,0,0.9801581871212239,0.018267372090721563,0.0015744407880545397
3571,2,1,0.3515871440900875,0.5647271902944044,0.08368566561550814
3572,0,1,0.38900753063086074,0.4856040031023205,0.12538846626681868
3573,0,0,0.9584045398988033,0.03728322986836485,0.004312230232831849
3574,1,0,0.5681119250514243,0.330634619308932,0.10125345563964383
3575,2,2,0.03402022004465872,0.14879501760647998,0.8171847623488613
3576,0,0,0.9819707977230192,0.01643830271853884,0.001590899558441952
3577,2,1,0.06571806224683474,0.7933176004584584,0.14096433729470695
3578,1,1,0.22128369060774797,0.6335897557137867,0.14512655367846528
3579,2,2,0.0883475628363243,0.3855120549912198,0.5261403821724558
3580,1,1,0.10681999359507495,0.6027779437011841,0.29040206270374097
3581,2,2,0.06953228440913611,0.3824282782890848,0.5480394373017791
3582,0,0,0.651772671701831,0.2909102483667095,0.05731707993145953
3583,0,0,0.921002562188682,0.07308845613663506,0.005908981674682993
3584,0,0,0.9255221610781538,0.05579334607888047,0.018684492842965646
3585,1,0,0.6906219524207301,0.25413873425085365,0.05523931332841627
3586,0,0,0.5684341567122565,0.3481825638339464,0.08338327945379709
3587,1,2,0.08959125981519486,0.27086315912736986,0.6395455810574353
3588,2,1,0.09650235437218789,0.5739055808101909,0.32959206481762116
3589,1,0,0.6455301877908963,0.306629930811815,0.0478398813972887
3590,0,0,0.945681746759971,0.04937631427675568,0.004941938963273346
3591,0,0,0.5513917738291794,0.41931184612183997,0.0292963800489805
3592,2,2,0.051523839478658615,0.45184274232041616,0.4966334182009252
3593,0,0,0.8008973732163663,0.17154411596944258,0.02755851081419108
3594,1,1,0.12650425233245535,0.691825220109149,0.18167052755839555
3595,2,2,0.038738295778751534,0.4481541473809182,0.5131075568403303
3596,0,0,0.9180564195508258,0.07231146449176411,0.009632115957409954
3597,2,1,0.08031780490291815,0.5235821934696142,0.39610000162746767
3598,1,0,0.43652402876295004,0.3948162699868256,0.1686597012502244
3599,0,0,0.9298698013878629,0.057482945909510696,0.012647252702626472
3600,0,0,0.9199791804583933,0.06346115125875822,0.016559668282848466
3601,0,0,0.6585427795680878,0.29514883801950165,0.04630838241241039
3602,0,0,0.7749555314196156,0.17589008168950346,0.04915438689088094
3603,1,1,0.2607719904464456,0.6374108937897235,0.10181711576383094
3604,0,1,0.3150757098248591,0.38961985950053346,0.2953044306746075
3605,1,0,0.6752582473180864,0.30526094306811785,0.019480809613795745
3606,1,1,0.3594090345914451,0.4497905406362569,0.190800424772298
3607,2,2,0.011700779220186582,0.2247021954432104,0.763597025336603
3608,1,0,0.470972630616839,0.4098127556619997,0.1192146137211612
3609,0,0,0.6136496694243274,0.35793374727315874,0.02841658330251382
3610,1,1,0.3121963801488268,0.5798434057158761,0.1079602141352972
3611,1,0,0.45909512356265886,0.42944102384879834,0.11146385258854287
3612,2,1,0.053733232783444544,0.668400415916861,0.2778663512996944
3613,0,0,0.6911905065587062,0.2815704588865614,0.027239034554732464
3614,0,1,0.33502320283917897,0.4091319352492,0.25584486191162104
3615,2,2,0.1710577389572942,0.39074180588667007,0.43820045515603556
3616,1,0,0.6881347009280695,0.25957264252884754,0.05229265654308296
3617,0,0,0.9130917090303181,0.07879599487681699,0.008112296092864934
3618,0,0,0.9520984791680496,0.04049270821910393,0.0074088126128464635
3619,0,0,0.910916085417562,0.07421197520506384,0.01487193937737415
3620,0,0,0.9655588024138984,0.0322156582803125,0.0022255393057890364
3621,1,1,0.2671556419687843,0.5110065416340955,0.22183781639712022
3622,2,0,0.5110181698228882,0.34609077163584784,0.14289105854126397
3623,0,0,0.8726675234453561,0.11698236217032659,0.010350114384317176
3624,2,2,0.07537868605480068,0.33979091211047374,0.5848304018347256
3625,2,1,0.10400368814340251,0.6071594159983964,0.28883689585820105
3626,2,1,0.12481897343090775,0.6389090167828009,0.2362720097862914
3627,0,0,0.6216830441345672,0.24364939773879354,0.1346675581266392
3628,1,1,0.19382625802320036,0.5739538493175282,0.23221989265927137
3629,2,2,0.02186435476074855,0.305404618555292,0.6727310266839595
3630,0,0,0.9480955682807316,0.04938226176231988,0.002522169956948584
3631,2,2,0.03383748710209313,0.37215341359937437,0.5940090992985325
3632,1,1,0.34547665317375975,0.5606851611606732,0.09383818566556705
3633,1,1,0.0891641486884453,0.5475345107982807,0.36330134051327384
3634,0,0,0.8883877519868077,0.09875262678187023,0.012859621231322069
3635,0,0,0.5733332632723492,0.3896897632690749,0.03697697345857586
3636,0,0,0.7861117333477599,0.1730357033164621,0.04085256333577802
3637,0,0,0.8599705193556785,0.1168284607781143,0.023201019866207137
3638,0,0,0.714737971668336,0.2374628698030967,0.04779915852856735
3639,1,0,0.760868082141926,0.19102925373683233,0.0481026641212416
3640,0,0,0.5501441882801528,0.3714795622520125,0.07837624946783464
3641,2,1,0.26476002940797444,0.5454992104501273,0.18974076014189825
3642,0,0,0.6631531541504034,0.2324317858627041,0.10441505998689235
3643,0,0,0.8399086615664818,0.1229161869593979,0.03717515147412038
3644,1,1,0.24660466589391894,0.4307797532662417,0.3226155808398394
3645,1,0,0.4484087099325225,0.39254078232737283,0.15905050774010465
3646,2,1,0.29339311014796987,0.617769248024374,0.08883764182765612
3647,1,0,0.4462048381003362,0.3296032174222279,0.22419194447743582
3648,2,1,0.37949426062957364,0.4828919891862397,0.13761375018418667
3649,0,0,0.7488908163412216,0.21324308096756597,0.03786610269121248
3650,2,2,0.01629066927330609,0.19959797414020095,0.7841113565864929
3651,1,0,0.7627668652285488,0.22462847724868043,0.012604657522770828
3652,0,0,0.4595815085044972,0.4038679537630782,0.13655053773242454
3653,2,1,0.22007185504087162,0.5294559302273089,0.2504722147318195
3654,1,1,0.37615041751233924,0.4964659444630503,0.12738363802461036
3655,2,2,0.0811121055178485,0.43260542723831696,0.48628246724383456
3656,1,1,0.23865760355286372,0.44517538315602856,0.3161670132911077
3657,1,2,0.0916496578101654,0.3831604106722357,0.5251899315175989
3658,0,0,0.5011524864490619,0.4300104013515386,0.06883711219939956
3659,0,0,0.8317232947279852,0.15257200934228518,0.015704695929729683
3660,0,0,0.7201921128503138,0.21195698486185308,0.06785090228783307
3661,1,0,0.7940580924570361,0.17433250494065786,0.031609402602306096
3662,0,0,0.8175191165539959,0.13681020101576946,0.0456706824302346
3663,0,0,0.8803849166154791,0.09723681370207057,0.02237826968245027
3664,0,0,0.6025433660331202,0.3317505429155542,0.06570609105132555
3665,2,2,0.10123297408981183,0.4324000239953707,0.46636700191481745
3666,2,2,0.04820529603153472,0.3796196093905433,0.572175094577922
3667,1,1,0.061034858119960664,0.4716727878925329,0.46729235398750657
3668,0,0,0.6873557200487903,0.28605391612521763,0.02659036382599212
3669,2,1,0.12378543547692517,0.7031766631674244,0.17303790135565028
3670,0,0,0.5063543843848447,0.3895885719417741,0.1040570436733812
3671,1,1,0.069691428843554,0.6203553576514153,0.3099532135050308
3672,1,1,0.3798536248394043,0.4116295928315535,0.2085167823290422
3673,1,1,0.14163363009804592,0.7341335217854162,0.12423284811653784
3674,0,0,0.7592497361471495,0.19164293592597995,0.049107327926870566
3675,2,2,0.017918209105986824,0.18546622828658293,0.7966155626074303
3676,0,0,0.8426453781967922,0.13894646156964008,0.018408160233567616
3677,0,0,0.8184489127660076,0.14716981551694358,0.03438127171704889
3678,0,0,0.8697116635278975,0.11745348485002885,0.012834851622073623
3679,0,0,0.8231784709856792,0.14798851499502366,0.028833014019297276
3680,0,0,0.45225651533677663,0.41724184590873503,0.1305016387544882
3681,0,0,0.8176002931565206,0.14147749764012343,0.04092220920335597
3682,1,0,0.5802140743540323,0.36515298561202053,0.05463294003394714
3683,0,0,0.8588784029960055,0.12288888401325221,0.018232712990742306
3684,0,0,0.6155754829160631,0.2625639280840185,0.12186058899991835
3685,2,2,0.006230073639800736,0.23172396670552523,0.762045959654674
3686,0,1,0.35296027338671093,0.37877730190946113,0.26826242470382783
3687,1,1,0.12416255705259145,0.6632806516033688,0.21255679134403982
3688,1,1,0.15927874259420396,0.48469892329770276,0.3560223341080932
3689,1,1,0.3732561939771077,0.5325288035892456,0.0942150024336467
3690,1,0,0.7625249778628597,0.2094867434522691,0.027988278684871363
3691,1,1,0.19121452228637836,0.5893271614212855,0.21945831629233603
3692,1,0,0.7092294115153869,0.2137039311860196,0.07706665729859363
3693,0,0,0.9495483243122932,0.04464936241713196,0.0058023132705747734
3694,0,0,0.5481014033855873,0.34332049521058544,0.10857810140382729
3695,0,0,0.6846534369600592,0.22189606110716248,0.09345050193277839
3696,1,1,0.38300053653456917,0.4886341054407564,0.12836535802467447
3697,1,1,0.04957794980309935,0.49238080298373355,0.45804124721316697
3698,0,0,0.9377270556282487,0.056070128760267235,0.006202815611484173
3699,1,1,0.20544703450680618,0.6318696689700046,0.16268329652318908
3700,0,0,0.8683200138932134,0.12330495670766523,0.0083750293991213
3701,2,1,0.06114895404456793,0.5696899248836333,0.3691611210717987
3702,2,1,0.04498069455805282,0.486900055033495,0.4681192504084521
3703,1,1,0.17344563488423387,0.6125419177159346,0.21401244739983163
3704,1,2,0.07155384613509587,0.29745134175435317,0.630994812110551
3705,1,1,0.3223746047225272,0.4090460622618078,0.26857933301566506
3706,0,0,0.9784256125353237,0.01990280993669935,0.001671577527977002
3707,1,1,0.2947764161674214,0.6260299284406086,0.07919365539197
3708,0,0,0.9636466236690368,0.03400747890907568,0.0023458974218876455
3709,1,0,0.5194412369575807,0.40661657610553703,0.07394218693688231
3710,1,1,0.22962818362361453,0.7049106627098417,0.06546115366654388
3711,1,2,0.15084799154255882,0.3898612605140754,0.4592907479433658
3712,0,1,0.3196144195354937,0.6231969572848126,0.05718862317969374
3713,0,0,0.8746224048521054,0.11777087331011366,0.007606721837780848
3714,0,1,0.14027872812287454,0.47634088224479537,0.38338038963233
3715,1,0,0.698402579178519,0.24411762001979592,0.057479800801685015
3716,2,1,0.052646606119680826,0.5110793532356724,0.4362740406446467
3717,2,2,0.05238784173288405,0.22696426358197697,0.720647894685139
3718,2,1,0.15287049903934385,0.48678829753446234,0.3603412034261937
3719,2,1,0.35133897838039524,0.4633639294109738,0.18529709220863086
3720,2,2,0.08499385361901828,0.3955184258890055,0.5194877204919762
3721,0,0,0.9394930964826783,0.053936507756445554,0.006570395760876067
3722,0,0,0.7818672574617561,0.2068418881815979,0.011290854356645893
3723,2,1,0.2546159269899353,0.5740132211611475,0.17137085184891723
3724,1,1,0.15397450328889611,0.43728871138899683,0.40873678532210705
3725,1,1,0.30263890781101893,0.44198880043970895,0.2553722917492722
3726,0,0,0.9484782717223909,0.043648255309934984,0.00787347296767419
3727,2,1,0.12568730483779364,0.6672268304309792,0.20708586473122714
3728,0,0,0.9591447385320983,0.03268582866485678,0.00816943280304489
3729,2,2,0.025436774509506262,0.4284168914258535,0.5461463340646402
3730,0,0,0.9355963521932701,0.059696762100565175,0.004706885706164716
3731,0,0,0.9352571099827279,0.05890613413341729,0.005836755883854815
3732,0,0,0.922319478782132,0.06825429176446769,0.009426229453400206
3733,0,1,0.36266895521312553,0.5504375074415604,0.0868935373453141
3734,0,0,0.8355650061606157,0.14670025546134058,0.01773473837804364
3735,2,2,0.018789368530851877,0.32636228051042226,0.6548483509587258
3736,1,1,0.1406845931651466,0.668802135445777,0.1905132713890764
3737,0,0,0.8054978213032257,0.1609762702244053,0.03352590847236905
3738,2,1,0.22950203390189755,0.5244705221190766,0.2460274439790259
3739,0,1,0.3958977319912682,0.44469185950160184,0.15941040850712992
3740,1,0,0.5713994440538465,0.3196343646298299,0.10896619131632365
3741,0,0,0.5210476119059541,0.17129272219781647,0.3076596658962294
3742,0,1,0.34331358667763295,0.5892968571728652,0.06738955614950175
3743,0,0,0.5453787300006132,0.37621987639506593,0.07840139360432077
3744,2,1,0.05924716377077537,0.555716707319636,0.3850361289095887
3745,0,0,0.7196534478296891,0.23544756615490034,0.04489898601541068
3746,1,1,0.11892742110338664,0.5653759914427999,0.3156965874538135
3747,2,1,0.17988201199791373,0.4153156433660901,0.40480234463599607
3748,0,0,0.809219370755255,0.1281862783580951,0.06259435088664986
3749,0,1,0.3062391023472137,0.5204835411176181,0.17327735653516824
3750,1,0,0.5397345050611652,0.36199931422781745,0.09826618071101732
3751,1,1,0.1852343595340682,0.6066585380329533,0.2081071024329785
3752,0,0,0.8306489493256632,0.15864701601473258,0.010704034659604188
3753,0,0,0.820449777770498,0.16502607752754295,0.014524144701959072
3754,0,0,0.5598082653478775,0.38141840664593724,0.058773328006185246
3755,0,0,0.7290541811208198,0.23233175665221514,0.038614062226965166
3756,0,0,0.6009176322565649,0.33811033727089373,0.060972030472541294
3757,0,0,0.8278285444671019,0.14326184756132826,0.02890960797157
3758,1,1,0.16491224723717277,0.6013733090192062,0.2337144437436212
3759,2,1,0.03845750901210249,0.5050665644773615,0.4564759265105359
3760,0,1,0.2401783874257052,0.4832130983408146,0.27660851423348026
3761,0,0,0.4197840319939313,0.33482134365036104,0.24539462435570764
3762,1,1,0.3295959459543346,0.4759866213725353,0.1944174326731301
3763,1,1,0.2819571448600208,0.5668650160137907,0.1511778391261885
3764,0,0,0.9286009051431526,0.06661050609086802,0.004788588765979335
3765,1,0,0.8054551781447239,0.16722644718505034,0.027318374670225666
3766,1,0,0.49250752351499893,0.4744918068219687,0.03300066966303244
3767,0,0,0.6819490771896896,0.20637657615174768,0.11167434665856277
3768,2,2,0.17675571834539489,0.31264301573266995,0.5106012659219352
3769,0,0,0.800705340218129,0.17806798966560913,0.02122667011626173
3770,1,0,0.5009873316238858,0.3995098916304676,0.09950277674564668
3771,2,1,0.34213120571114763,0.4452640807857117,0.2126047135031406
3772,2,2,0.08612398392747764,0.29034839911692034,0.623527616955602
3773,2,2,0.0495311658904821,0.3482726721093624,0.6021961620001555
3774,2,2,0.029229619932906813,0.21931395773955392,0.7514564223275393
3775,0,0,0.774355343090028,0.18287635301099242,0.042768303898979655
3776,2,0,0.5575433384404825,0.3043864900628842,0.1380701714966332
3777,2,1,0.18692065086794526,0.5423229779538724,0.2707563711781822
3778,0,0,0.9751757039417497,0.022553687308090133,0.002270608750160198
3779,2,2,0.00944760948859851,0.11173948667699794,0.8788129038344035
3780,1,1,0.45834301260881133,0.46555138423277054,0.07610560315841826
3781,1,0,0.5978739089711692,0.3281030842811017,0.07402300674772902
3782,0,0,0.8373617585195148,0.14303621330714514,0.019602028173340055
3783,0,0,0.7519282097573823,0.20337576878536284,0.044696021457254785
3784,2,1,0.17796883165924665,0.5661049532685957,0.2559262150721576
3785,0,0,0.8388260330413774,0.14295565145463834,0.018218315503984388
3786,1,2,0.11591683211224468,0.42056279158439885,0.4635203763033564
3787,0,0,0.5807703032322098,0.3882294806267145,0.031000216141075652
3788,0,0,0.7173118582632083,0.24902393907336112,0.03366420266343061
3789,2,2,0.020579501188367513,0.13025703502038635,0.8491634637912461
3790,2,1,0.05346832988311151,0.6053793288014718,0.34115234131541666
3791,0,1,0.43644800255131455,0.4926045635209732,0.07094743392771218
3792,2,2,0.05863956222920646,0.44808566441333475,0.49327477335745884
3793,2,2,0.04818939980040462,0.4593768623904864,0.492433737809109
3794,1,1,0.1541907133217289,0.5332918492921613,0.31251743738610993
3795,0,0,0.8723531048374085,0.10817108903304005,0.019475806129551514
3796,0,1,0.25784822199307544,0.5285686904052753,0.21358308760164926
3797,0,0,0.7257950721246546,0.21258874692796517,0.06161618094738026
3798,1,2,0.1061309269139731,0.4379293047040005,0.4559397683820263
3799,1,1,0.23148782554370398,0.6175842762838012,0.15092789817249477
3800,2,1,0.41727404462973455,0.4817910612941666,0.10093489407609878
3801,0,0,0.9019153838935787,0.08943203661226351,0.008652579494157847
3802,1,0,0.6263197542687757,0.2598462862324666,0.11383395949875764
3803,1,1,0.24643823822268177,0.6304515645812288,0.1231101971960896
3804,2,2,0.04327042905983931,0.23620416225941102,0.7205254086807497
3805,0,0,0.9619006999966822,0.03522403174011026,0.002875268263207502
3806,1,0,0.6212192464006919,0.17784921647241603,0.20093153712689202
3807,2,2,0.014968624448939283,0.4560263463354468,0.5290050292156139
3808,0,0,0.9592575317644209,0.03889254304408828,0.0018499251914907038
3809,1,1,0.16311240735608568,0.6403703728239439,0.19651721981997045
3810,0,0,0.7261912357081187,0.22767261712040063,0.04613614717148071
3811,0,0,0.9954281026644106,0.00421784000544278,0.000354057330146428
3812,2,1,0.06906767651600985,0.4864561230628877,0.4444762004211025
3813,1,0,0.675791460420016,0.30149084182388447,0.02271769775609961
3814,0,0,0.9044363862341736,0.08475201107793168,0.010811602687894838
3815,0,0,0.9114737217392056,0.07482101674212713,0.013705261518667224
3816,1,1,0.3051838866768118,0.58608248396299,0.10873362936019827
3817,1,1,0.1335914160289534,0.6066476871971697,0.259760896773877
3818,0,1,0.15666411539612612,0.6960538243778425,0.1472820602260313
3819,1,0,0.6999561646672086,0.24439587291239706,0.055647962420394465
3820,0,0,0.9006319779720258,0.0833719719543246,0.015996050073649706
3821,2,1,0.31341714770496293,0.5073659666589148,0.17921688563612226
3822,1,1,0.24578954194838326,0.5518665143167768,0.20234394373483988
3823,2,1,0.25118370908604276,0.5321415101457272,0.2166747807682301
3824,0,0,0.5834559430218045,0.36815716373735974,0.04838689324083568
3825,0,0,0.8625267836411521,0.12292045436869398,0.01455276199015401
3826,1,1,0.03701462654388846,0.4850653673807744,0.4779200060753372
3827,1,1,0.317707844676064,0.5357564276652623,0.14653572765867373
3828,2,1,0.1456153498593423,0.5682228168508127,0.286161833289845
3829,2,1,0.3584311433816871,0.5231830094371797,0.11838584718113321
3830,1,1,0.29890090097746524,0.5713362777053198,0.129762821317215
3831,0,0,0.8623526430869365,0.09144136269431054,0.04620599421875299
3832,0,1,0.20969675004670996,0.6034499442330954,0.18685330572019462
3833,0,1,0.2911626489510096,0.5717444037752476,0.1370929472737428
3834,0,0,0.6365151095933759,0.26037658249228396,0.10310830791434011
3835,2,1,0.1564566954791943,0.45100988626535643,0.3925334182554493
3836,0,0,0.6014801839454057,0.36671362910115896,0.03180618695343541
3837,0,0,0.8644328930845361,0.11849793049553013,0.017069176419933756
3838,0,0,0.5104260460453385,0.3184615323842614,0.17111242157040005
3839,1,0,0.5938342308127171,0.29865880031024544,0.10750696887703734
3840,1,1,0.1545722300016878,0.7193551339918128,0.12607263600649934
3841,0,0,0.749690181146494,0.22702629025371432,0.0232835285997918
3842,2,2,0.1028874218936844,0.3769474559384725,0.520165122167843
3843,0,0,0.8636970654059238,0.11764043539136645,0.018662499202709636
3844,2,1,0.2943903587387544,0.5304302425410846,0.17517939872016106
3845,1,0,0.7751398810914969,0.1815111617355071,0.04334895717299597
3846,0,0,0.7781703511719189,0.17341714188697194,0.048412506941109094
3847,0,0,0.6588876280000072,0.23926923207289147,0.1018431399271013
3848,0,1,0.4490636180795503,0.5173907723017169,0.03354560961873287
3849,2,1,0.1918672044154233,0.5826729602136477,0.22545983537092898
3850,0,0,0.7579046296703065,0.2172261378324486,0.024869232497244924
3851,2,1,0.40626615186123477,0.4499049223802048,0.1438289257585605
3852,1,0,0.5029640855921317,0.4233280330314098,0.07370788137645856
3853,0,0,0.8817120081751146,0.10882881713665399,0.009459174688231268
3854,0,0,0.9824648769704469,0.016287231123137347,0.0012478919064157481
3855,0,1,0.41097953146274085,0.41888036713590254,0.17014010140135655
3856,1,0,0.49400245824066025,0.37986614603610414,0.12613139572323562
3857,1,0,0.6722291270459331,0.29098780599014534,0.03678306696392164
3858,0,0,0.7467209141920702,0.23645445244876434,0.0168246333591654
3859,2,2,0.08308122707075931,0.39210489460072656,0.5248138783285141
3860,2,1,0.19757019257245867,0.4348326818090617,0.3675971256184797
3861,0,0,0.6775338677111601,0.2861785132279443,0.03628761906089568
3862,2,2,0.15036652775427864,0.2072302762487325,0.6424031959969889
3863,0,0,0.8850815029953719,0.10341155059377513,0.011506946410852877
3864,0,0,0.7809824913267296,0.1962709897740276,0.022746518899242795
3865,0,0,0.6865419364856432,0.28542818571704354,0.028029877797313148
3866,1,0,0.46081687239204566,0.4435174833713572,0.09566564423659696
3867,1,0,0.8547787052444643,0.12365440737994814,0.02156688737558769
3868,0,0,0.632901125291973,0.2864736134547203,0.08062526125330677
3869,2,2,0.010895275729768523,0.13710684151067276,0.8519978827595587
3870,2,2,0.03769800340731674,0.25486032183935325,0.70744167475333
3871,0,0,0.900960882974762,0.09116734285565681,0.007871774169581331
3872,0,0,0.8924021540683612,0.09266108803636333,0.014936757895275498
3873,2,2,0.05050583503704606,0.19915561789250794,0.750338547070446
3874,1,0,0.8144511175229902,0.17379142098135772,0.011757461495652011
3875,0,0,0.9504786108667692,0.04601684414299596,0.0035045449902346673
3876,1,0,0.7525621521150048,0.21073979459567846,0.03669805328931669
3877,2,2,0.05554379279227917,0.2078367180693743,0.7366194891383465
3878,0,1,0.38543820216482705,0.5045856502656976,0.10997614756947544
3879,0,0,0.7694615922635656,0.20151925495642362,0.029019152780010778
3880,1,1,0.24627573209387307,0.6123225219202872,0.14140174598583954
3881,0,0,0.7430062907326513,0.2150663067554314,0.041927402511917226
3882,1,2,0.0454082604773836,0.45519236356376114,0.4993993759588551
3883,2,2,0.02366671661025558,0.3026335769903618,0.6736997063993827
3884,2,1,0.1846667531469501,0.6605832248166318,0.1547500220364181
3885,0,0,0.874043034362912,0.11922195622300663,0.006735009414081336
3886,0,0,0.9495201317865998,0.046878334211109665,0.003601534002290493
3887,0,1,0.13751866910144098,0.6496028741989957,0.21287845669956326
3888,0,0,0.8802490645300509,0.11316427587616659,0.006586659593782681
3889,0,0,0.6339117884133311,0.318770232827893,0.04731797875877581
3890,2,2,0.10194564006742324,0.4074008096996348,0.4906535502329418
3891,1,0,0.5623763340924088,0.3465649273142847,0.09105873859330658
3892,0,0,0.8246920698392137,0.1328031422599875,0.042504787900798924
3893,0,0,0.5846394688676898,0.3465441545653402,0.06881637656696989
3894,1,1,0.07130770788096281,0.7318101782702534,0.19688211384878385
3895,1,1,0.2870880559932761,0.5816875288089721,0.13122441519775183
3896,0,0,0.935845268383068,0.058245150688125504,0.005909580928806436
3897,1,2,0.21348020704574414,0.34498483493983384,0.44153495801442205
3898,0,0,0.7806074166145319,0.1830622129045356,0.03633037048093256
3899,2,1,0.04942875695688287,0.4942298978198469,0.4563413452232702
3900,1,0,0.462318434163966,0.3578033319540556,0.17987823388197835
3901,2,2,0.006038285851521524,0.10218085744120155,0.8917808567072768
3902,0,0,0.9212718389759101,0.07044033070310395,0.00828783032098591
3903,0,1,0.3085733076592918,0.3818333477352249,0.30959334460548327
3904,1,1,0.13317656582637113,0.6380238006078013,0.22879963356582753
3905,1,0,0.6769159950892844,0.2756679211305253,0.04741608378019035
3906,0,0,0.7892385502994618,0.19924381547268327,0.011517634227855102
3907,0,1,0.3826400502585962,0.4918104468805219,0.12554950286088198
3908,1,0,0.6328416862019032,0.31582376562680686,0.0513345481712899
3909,0,0,0.9279454448051847,0.06412673891298112,0.007927816281834161
3910,0,0,0.7357989699176193,0.2432792069503567,0.02092182313202386
3911,0,0,0.8741104819772539,0.10631637259225675,0.019573145430489353
3912,1,1,0.34186089957540783,0.4934295363652054,0.1647095640593867
3913,2,2,0.05096870703652311,0.293879955023454,0.6551513379400229
3914,2,1,0.17750015315204085,0.6743881082503459,0.14811173859761328
3915,0,0,0.9261452018951025,0.06828563174772011,0.005569166357177465
3916,2,1,0.07665747870066114,0.525366913174371,0.39797560812496785
3917,1,1,0.25413600507430834,0.6577011172028899,0.08816287772280164
3918,2,2,0.11334705972967093,0.3471868612056795,0.5394660790646496
3919,1,2,0.23252742882747848,0.37361348910147407,0.3938590820710474
3920,0,0,0.8451864127364533,0.14078379625431742,0.014029791009229256
3921,2,2,0.056526522875927694,0.3898391644419951,0.5536343126820772
3922,1,0,0.5702559478587262,0.33554165814009174,0.09420239400118213
3923,1,2,0.02690785852881037,0.15107778892646162,0.8220143525447281
3924,1,0,0.5324367129686863,0.39525758052159865,0.07230570650971507
3925,0,0,0.9635159847161191,0.03435223601064282,0.0021317792732380345
3926,0,0,0.7216820221484325,0.23275850938514067,0.04555946846642696
3927,1,0,0.62953885975677,0.3501082652296817,0.020352875013548204
3928,0,0,0.9519663723356856,0.042808858726392555,0.005224768937922078
3929,2,1,0.14481360530276027,0.6830915905367989,0.17209480416044087
3930,1,0,0.6397328059610583,0.26280767528725596,0.09745951875168579
3931,1,1,0.2862557125503889,0.36933023892058625,0.34441404852902496
3932,0,0,0.9296641086773144,0.0629859021125252,0.007349989210160307
3933,0,0,0.8044844707283489,0.1615160658486685,0.03399946342298247
3934,1,0,0.7261897470264814,0.2466896324097837,0.02712062056373497
3935,0,0,0.8871369195765366,0.10004556473848214,0.012817515684981361
3936,1,1,0.1055038905066997,0.7262783197125432,0.16821778978075722
3937,1,2,0.11293270613718774,0.11887556551393633,0.7681917283488758
3938,1,2,0.0576677037874714,0.26651630496895673,0.675815991243572
3939,2,2,0.004561053133544663,0.06647072629253925,0.9289682205739161
3940,0,0,0.7356418748713648,0.23093465792312487,0.033423467205510385
3941,0,0,0.850326841953902,0.13247134745999975,0.017201810586098362
3942,0,1,0.23312934633564117,0.6128762722321949,0.15399438143216396
3943,2,1,0.08865000270066539,0.456163605384815,0.4551863919145197
3944,2,1,0.17075162635081184,0.703169236266174,0.1260791373830142
3945,1,1,0.09893856281499187,0.5165523644648904,0.3845090727201178
3946,1,0,0.47487954912468877,0.4065193494170738,0.1186011014582375
3947,2,2,0.06385219973115823,0.325970768116032,0.6101770321528097
3948,0,0,0.8775752493674699,0.10821403558475075,0.01421071504777932
3949,2,2,0.07104095098158701,0.2703452066232306,0.6586138423951824
3950,0,0,0.9830990486845227,0.015027686885967817,0.0018732644295095587
3951,1,0,0.4885908732661729,0.36868791300734854,0.14272121372647859
3952,0,0,0.7662457621423567,0.19730841659258633,0.03644582126505696
3953,2,2,0.006957021854050375,0.07778354929245983,0.9152594288534898
3954,0,2,0.18559728912375614,0.3961294366709634,0.4182732742052806
3955,0,0,0.7935637101847701,0.16828623536998275,0.03815005444524705
3956,2,2,0.0737002844904605,0.3602581847402541,0.5660415307692853
3957,0,1,0.19588316975740247,0.7201439847418556,0.08397284550074183
3958,0,0,0.9684408498084746,0.02800160370540594,0.003557546486119418
3959,0,0,0.8951279301236607,0.09478302939056592,0.01008904048577347
3960,0,1,0.3063743138176463,0.6419000893144429,0.05172559686791087
3961,0,0,0.6610306694677608,0.2585620404442131,0.08040729008802606
3962,1,2,0.08909938537502095,0.4236878404003997,0.4872127742245794
3963,0,0,0.862286338883069,0.11834360170999861,0.019370059406932427
3964,0,1,0.25135608912308927,0.5332810785939701,0.21536283228294062
3965,0,0,0.8078702652804124,0.17907404428754492,0.013055690432042714
3966,0,0,0.9707196734690932,0.025982962119688858,0.0032973644112178914
3967,1,0,0.6461276760110523,0.30912767308351263,0.044744650905435245
3968,1,2,0.18899124239538878,0.2975070154173391,0.5135017421872722
3969,1,1,0.44237515600816757,0.48731337113107503,0.07031147286075737
3970,1,0,0.5069898177737162,0.3840520384729871,0.10895814375329678
3971,2,2,0.01422095271617058,0.37095406836293626,0.6148249789208932
3972,0,0,0.940162396154348,0.056829309667537284,0.003008294178114641
3973,1,0,0.767427925536572,0.1825520227557241,0.05002005170770398
3974,2,1,0.10454750123538759,0.6073510365152304,0.28810146224938205
3975,2,2,0.05013076841710715,0.26927548682953084,0.680593744753362
3976,2,2,0.017416960855493557,0.1332177441088376,0.8493652950356689
3977,0,0,0.8688307304384545,0.09565507647918363,0.03551419308236195
3978,1,2,0.10740634160334388,0.29818973160168566,0.5944039267949706
3979,1,1,0.3994370841022019,0.46896195764698734,0.13160095825081075
3980,0,0,0.9832372404388579,0.015338401757153501,0.0014243578039886983
3981,1,1,0.38293428523139633,0.529604753605069,0.08746096116353465
3982,0,0,0.8887933710592512,0.09553233859446222,0.015674290346286684
3983,1,1,0.2538129946840829,0.6133990359234645,0.13278796939245274
3984,2,2,0.02082968983263511,0.3649409149237169,0.6142293952436481
3985,0,0,0.7993008200962676,0.1783370447878692,0.022362135115863234
3986,0,0,0.9420829638482346,0.05095439459473228,0.006962641557033014
3987,2,2,0.0066494270168252,0.10608660754804262,0.8872639654351323
3988,0,1,0.2214187813084915,0.7195620594505708,0.05901915924093771
3989,2,1,0.13257701703260874,0.552861645622081,0.3145613373453102
3990,1,1,0.24754317463600092,0.6005216202028718,0.15193520516112718
3991,2,2,0.0722512582576277,0.3303371511086839,0.5974115906336884
3992,1,0,0.8304395980777997,0.1455983160047958,0.023962085917404542
3993,1,1,0.3700650815039005,0.4102273617942803,0.2197075567018192
3994,2,2,0.06265016807501192,0.3126545141645641,0.624695317760424
3995,0,0,0.6197551182182031,0.31762966388716185,0.0626152178946349
3996,2,1,0.09189840081147493,0.6410958859110429,0.2670057132774822
3997,1,1,0.327372823395329,0.36368904313178163,0.3089381334728893
3998,0,1,0.4459894056771455,0.518149999822485,0.03586059450036949
3999,1,1,0.32991835877800624,0.5582956393193251,0.11178600190266866
4000,1,0,0.571912987563612,0.3828227981606876,0.04526421427570032
4001,1,1,0.19308193007892144,0.5316413974904161,0.27527667243066234
4002,0,0,0.7780513188538126,0.16618425970347514,0.05576442144271215
4003,2,2,0.06273147873524995,0.46410546630529187,0.47316305495945815
4004,1,1,0.16208339875781325,0.4683132010029686,0.3696034002392182
4005,2,2,0.009158468039186613,0.12998763043112582,0.8608539015296877
4006,0,0,0.7219590434698637,0.22309776279837615,0.05494319373176014
4007,1,1,0.34281335650106587,0.46432831417975834,0.19285832931917582
4008,1,1,0.3442204579739245,0.5449322600882927,0.11084728193778282
4009,0,0,0.9678643112786337,0.02692984875873002,0.005205839962636387
4010,0,0,0.858013503184081,0.12925082834329543,0.0127356684726236
4011,2,2,0.025672567380675013,0.46999920007453494,0.5043282325447901
4012,1,0,0.7338669972309624,0.23933962869946332,0.02679337406957443
4013,1,1,0.16576912923778045,0.4728670525047164,0.36136381825750324
4014,2,2,0.10352578928557635,0.3993460479807692,0.49712816273365446
4015,1,1,0.21051509708036528,0.6276750582445981,0.1618098446750367
4016,0,0,0.9556248339119053,0.0406423075412832,0.0037328585468115443
4017,0,0,0.8200371144388199,0.149970076878838,0.029992808682342116
4018,0,0,0.9292069952780597,0.0645918814787652,0.006201123243175025
4019,0,1,0.30621932703323657,0.5782328810435592,0.11554779192320432
4020,1,1,0.10156282062886722,0.4973834436987423,0.40105373567239055
4021,1,1,0.3548462638839842,0.47672230297014334,0.16843143314587247
4022,0,0,0.820523787582883,0.1671625590053235,0.012313653411793564
4023,1,1,0.20114559954791805,0.6116535823040538,0.18720081814802822
4024,0,0,0.8617334703022981,0.12219599912521102,0.016070530572491006
4025,1,1,0.14245235165345874,0.48501538986243736,0.37253225848410393
4026,2,2,0.009322974436115872,0.23450527548148822,0.7561717500823959
4027,0,0,0.9789501748167322,0.019975575011970906,0.0010742501712969065
4028,2,2,0.013159943262253334,0.17639250250941294,0.8104475542283336
4029,0,0,0.9566123264595845,0.03634782573614837,0.007039847804267275
4030,0,1,0.38669587116242654,0.460351093841963,0.15295303499561042
4031,1,1,0.08498128841835202,0.49626411765193396,0.41875459392971404
4032,2,1,0.06845261664428828,0.4809571045605146,0.4505902787951973
4033,2,2,0.20967229735579707,0.3808760982225894,0.4094516044216136
4034,0,1,0.42596274089420355,0.5477630656735116,0.026274193432284768
4035,2,2,0.2552288393085451,0.3054023894240848,0.43936877126737006
4036,0,0,0.9611532153855086,0.03542118176320806,0.0034256028512832507
4037,1,1,0.3906143064935028,0.43159637487078656,0.17778931863571074
4038,2,2,0.047106633753797,0.1819643036490471,0.7709290625971559
4039,1,0,0.5705834718692451,0.38625618623717983,0.04316034189357519
4040,1,1,0.09018471115430383,0.7497500659235857,0.16006522292211034
4041,1,2,0.0259089775555077,0.4182976885629121,0.5557933338815801
4042,1,1,0.3613164346992131,0.44800762660716803,0.1906759386936189
4043,2,1,0.05483459908791773,0.5717610254024174,0.3734043755096648
4044,0,0,0.6578139079260418,0.25450826958180006,0.08767782249215816
4045,2,1,0.29043520030518993,0.6218020930476661,0.08776270664714399
4046,1,0,0.6719498255031355,0.2898506487526587,0.03819952574420588
4047,2,2,0.027066055593395515,0.4653532591644761,0.5075806852421284
4048,1,1,0.4189337782235372,0.5092322063032134,0.07183401547324937
4049,2,2,0.021188033590276677,0.14741462656973273,0.8313973398399906
4050,2,1,0.33199034904550856,0.5770657235024927,0.09094392745199867
4051,0,0,0.6676409416957395,0.27160880158026657,0.060750256723993895
4052,1,1,0.22532875314916623,0.5557461198382116,0.21892512701262223
4053,0,0,0.8902460407084709,0.08324695183904741,0.026507007452481596
4054,0,0,0.7879350313910418,0.17869532655020798,0.03336964205875014
4055,0,0,0.8817160670662845,0.10665137684737738,0.011632556086338133
4056,1,0,0.7325733202366495,0.18349666463620062,0.08393001512714984
4057,1,0,0.5663458116279284,0.38668466370733434,0.04696952466473738
4058,2,2,0.01613745966178489,0.09220486727748733,0.8916576730607277
4059,0,0,0.8295512819484421,0.14728599983869503,0.023162718212862823
4060,0,0,0.6714338174987083,0.27516121197509463,0.053404970526197026
4061,1,1,0.3146305850093588,0.4377159933638849,0.24765342162675627
4062,0,0,0.6294972172798478,0.3283948495054625,0.04210793321468975
4063,0,0,0.9795216362874828,0.01828654079030757,0.002191822922209551
4064,0,0,0.5378339771650861,0.3408522515615885,0.12131377127332553
4065,2,2,0.030489938337300425,0.38829639225960727,0.5812136694030923
4066,1,0,0.6416245181995657,0.28813035318451935,0.07024512861591493
4067,1,1,0.06222727886524128,0.5349920584779876,0.4027806626567711
4068,1,1,0.2941425772225912,0.4187368996450795,0.2871205231323293
4069,2,2,0.052699465183422264,0.3175947747285136,0.6297057600880641
4070,2,1,0.13919593293635343,0.47423191793516345,0.38657214912848314
4071,0,0,0.9842152442864294,0.014182378041942403,0.0016023776716281996
4072,0,0,0.9925405371270352,0.0067311982817116235,0.0007282645912534412
4073,1,1,0.2696496252481218,0.5822511742016895,0.14809920055018877
4074,1,2,0.02608424005168318,0.18764428512989192,0.7862714748184249
4075,0,0,0.7747141643995049,0.20058377747414619,0.02470205812634893
4076,0,0,0.7505505590778351,0.22943524693873246,0.02001419398343254
4077,1,0,0.611767599490909,0.3363874674482568,0.05184493306083418
4078,2,2,0.020290201450932882,0.30645942043223007,0.6732503781168372
4079,0,0,0.9217018717816398,0.07400995408554202,0.004288174132818092
4080,2,2,0.017843939948548063,0.12738669450959975,0.8547693655418522
4081,2,2,0.02607547590232137,0.4835085601845626,0.49041596391311604
4082,1,1,0.4207449593167696,0.4544570903358359,0.12479795034739442
4083,2,1,0.18910410985974976,0.5174565415644768,0.29343934857577336
4084,0,0,0.9792003385106307,0.017794612202129318,0.0030050492872398474
4085,0,0,0.9611171878274708,0.0362162383665876,0.0026665738059414865
4086,1,1,0.3284386880184561,0.58505561177694,0.08650570020460395
4087,0,0,0.653564971533886,0.2683703062846933,0.07806472218142065
4088,1,1,0.17790735014973807,0.41723170465694576,0.4048609451933163
4089,2,2,0.03901557573307701,0.17896943225765635,0.7820149920092666
4090,0,0,0.7616077196393076,0.15174598911742157,0.08664629124327067
4091,1,0,0.6539263600669464,0.30051936739566393,0.04555427253738981
4092,1,1,0.07600067078156988,0.7415234106053272,0.18247591861310283
4093,2,2,0.05322343205897766,0.21717793254089157,0.7295986354001307
4094,1,0,0.7436302225105137,0.23145065313437582,0.02491912435511043
4095,1,1,0.1494198460975556,0.6758835830894171,0.17469657081302734
4096,2,2,0.009507491634644382,0.08052552321132152,0.9099669851540342
4097,1,1,0.19278056296915788,0.7032369759110538,0.10398246111978826
4098,0,0,0.6799396052490957,0.2317287025594622,0.08833169219144203
4099,2,1,0.1668620810931501,0.6959982024165687,0.13713971649028112
4100,1,0,0.54534127335917,0.323201596954492,0.13145712968633794
4101,1,1,0.0923990957585631,0.7683421083126817,0.13925879592875517
4102,0,2,0.11099928041530087,0.43732999377678616,0.451670725807913
4103,0,0,0.8120493852100806,0.1611284246596707,0.026822190130248686
4104,1,1,0.09345819593045888,0.45329057909850645,0.4532512249710346
4105,0,0,0.8688653983856269,0.12206848088732339,0.009066120727049726
4106,0,0,0.9601053855215296,0.03691927314292461,0.0029753413355459407
4107,0,0,0.6968244838239955,0.26614911096129473,0.03702640521470985
4108,1,1,0.12575947076444294,0.49580586791205505,0.37843466132350206
4109,0,0,0.7907577139927312,0.18387812380138113,0.025364162205887678
4110,2,1,0.18239073098397882,0.6108502846474022,0.20675898436861911
4111,2,2,0.053090310974539395,0.4542212206608348,0.4926884683646258
4112,0,0,0.9560583475103133,0.040057662433575635,0.0038839900561110723
4113,1,0,0.49025999312714064,0.3832338783645756,0.12650612850828377
4114,2,1,0.11244938985938013,0.673116710984913,0.21443389915570693
4115,0,0,0.6703785346466896,0.19134136274044597,0.13828010261286436
4116,0,0,0.9694683719816097,0.025993434108837688,0.0045381939095524414
4117,0,0,0.8367393064451755,0.13949425589167405,0.023766437663150546
4118,0,0,0.8528765154377687,0.12712939587886282,0.019994088683368556
4119,1,2,0.17613717500178447,0.30169417438712026,0.5221686506110952
4120,1,1,0.30393404129457574,0.5620077222404488,0.1340582364649754
4121,0,1,0.3159257413899859,0.5371769631573547,0.14689729545265942
4122,1,1,0.39090851376193736,0.48116066576164246,0.12793082047642026
4123,0,0,0.8715824709030893,0.11508906901874333,0.013328460078167391
4124,2,1,0.30397195145875877,0.5950496760720524,0.10097837246918887
4125,0,0,0.46903604353032974,0.4568421559244013,0.07412180054526898
4126,0,0,0.4956511081230562,0.40116879921631643,0.10318009266062735
4127,0,0,0.7717261618147491,0.2139070744257919,0.014366763759459016
4128,1,1,0.4677535548473872,0.4763561510917372,0.05589029406087573
4129,1,2,0.12432000627659716,0.4272324474703151,0.4484475462530878
4130,0,0,0.721508960066959,0.22179445751373225,0.056696582419308805
4131,0,0,0.6032863579421931,0.31786037435317627,0.0788532677046305
4132,2,2,0.007092792709395374,0.041809095513755515,0.951098111776849
4133,0,0,0.7094029700267622,0.2256015344995116,0.0649954954737263
4134,1,1,0.4473329761751094,0.504932833327125,0.047734190497765526
4135,0,1,0.29429648966898336,0.46042306955913664,0.24528044077187988
4136,2,0,0.576155818169684,0.36948222007563863,0.05436196175467733
4137,0,0,0.4514419944704706,0.3923300034924488,0.15622800203708062
4138,1,1,0.19653737637181076,0.7195449104239373,0.0839177132042519
4139,0,1,0.35736703716274276,0.38020297159961786,0.2624299912376392
4140,0,1,0.42159987974426166,0.5438526997660763,0.03454742048966189
4141,2,2,0.06946697128886292,0.2456748190274156,0.6848582096837215
4142,0,0,0.9524770604923893,0.04169662225145279,0.005826317256157896
4143,0,0,0.8584304620504924,0.124382034226326,0.01718750372318146
4144,0,0,0.758469727490331,0.22285151564080133,0.01867875686886768
4145,0,1,0.38346506089786203,0.523789300509825,0.09274563859231295
4146,0,0,0.9750397256791307,0.023215682261768743,0.0017445920591006676
4147,1,1,0.27925415585811425,0.46019624441637114,0.2605495997255146
4148,1,1,0.12189696017933324,0.5982755496960541,0.2798274901246127
4149,1,0,0.7201225036873607,0.24315043758107904,0.03672705873156025
4150,2,2,0.05116557782381455,0.4006797939259385,0.5481546282502469
4151,0,0,0.9874647664160636,0.011422271472969169,0.0011129621109673368
4152,0,0,0.5371270165551482,0.27772609850845215,0.18514688493639966
4153,1,1,0.22245024706204278,0.686033408606754,0.09151634433120313
4154,0,1,0.21699443811509386,0.7332883447012654,0.049717217183640694
4155,1,1,0.36772235843297246,0.5241979861789645,0.10807965538806301
4156,1,1,0.17083124639161984,0.5357397947754795,0.2934289588329006
4157,0,0,0.7202564696789432,0.24373509063755971,0.03600843968349709
4158,2,1,0.08349190085827077,0.666281041730907,0.25022705741082224
4159,1,1,0.17680901012400108,0.4595369677709859,0.36365402210501296
4160,1,1,0.335066954094768,0.49588690380580513,0.1690461420994268
4161,1,1,0.043270029039141546,0.5354607995207862,0.4212691714400722
4162,0,0,0.8009858400144308,0.15908532880004905,0.03992883118551997
4163,0,0,0.9440090603807263,0.054069116632840364,0.0019218229864332674
4164,0,0,0.7389244966337456,0.20623575765515903,0.054839745711095324
4165,0,0,0.6678445208449257,0.224367669563871,0.10778780959120324
4166,1,0,0.5063845506011797,0.4387937657257271,0.054821683673093265
4167,0,0,0.9832798573955444,0.01565952767240138,0.001060614932054304
4168,1,0,0.5108501002461293,0.4205650483560723,0.0685848513977985
4169,0,1,0.2831556192392429,0.6362283849518268,0.0806159958089304
4170,2,1,0.03148903012889981,0.5586400190245673,0.40987095084653297
4171,0,0,0.8006884129651196,0.14995954051253216,0.04935204652234815
4172,1,1,0.23447211642953214,0.639134864168436,0.12639301940203188
4173,1,2,0.2705617809833505,0.3396860810584248,0.38975213795822466
4174,0,0,0.8989479414066885,0.09577422733230935,0.005277831261002041
4175,0,0,0.92215936412459,0.07386465542096331,0.003975980454446687
4176,1,1,0.11066275395667578,0.5287325567033081,0.36060468934001616
4177,2,1,0.1344527340186684,0.5099722005672767,0.3555750654140549
4178,1,0,0.5310473377875372,0.3191764202890859,0.14977624192337682
4179,0,2,0.3410847708231156,0.24841879802727881,0.41049643114960566
4180,0,0,0.8075406159732221,0.16346910547641033,0.028990278550367517
4181,0,0,0.9135071309625882,0.08053815910700715,0.005954709930404739
4182,0,0,0.7718319456325269,0.20350294159610152,0.02466511277137154
4183,0,0,0.6742425955143169,0.3087774852383727,0.01697991924731048
4184,1,1,0.4390130097476781,0.48877493541934847,0.07221205483297345
4185,2,1,0.29907455886403245,0.5202906219049053,0.18063481923106225
4186,2,1,0.12245746858717067,0.501717541219867,0.3758249901929624
4187,1,2,0.20827637583958397,0.33240038013040263,0.4593232440300134
4188,0,0,0.9270541905051447,0.06572359905770832,0.007222210437147
4189,1,0,0.5353882903369072,0.41486876761430963,0.04974294204878324
4190,1,0,0.4727451632916909,0.4022443448834721,0.125010491824837
4191,0,0,0.8756814059702115,0.11185789134759605,0.01246070268219243
4192,1,1,0.0900078231043221,0.6347375929359379,0.27525458395974006
4193,1,1,0.19985738938470465,0.45413732481738267,0.3460052857979128
4194,2,1,0.10473116027872245,0.565306318010734,0.3299625217105435
4195,0,0,0.4458884194097752,0.44277625916189234,0.11133532142833252
4196,0,0,0.8480427575352767,0.13240563263047403,0.01955160983424929
4197,2,1,0.0387044463006708,0.585434396970133,0.3758611567291962
4198,2,2,0.06029684018708979,0.4073706706147883,0.5323324891981218
4199,0,0,0.668530542816548,0.2880560048301369,0.04341345235331509
4200,0,0,0.9751201070295092,0.021559409405421535,0.0033204835650692227
4201,1,2,0.10060636523491656,0.2586202810741912,0.6407733536908923
4202,0,0,0.9878194458531894,0.011557107882960337,0.0006234462638501971
4203,0,0,0.7651523521458274,0.13632816883156965,0.09851947902260288
4204,2,2,0.023344770132566434,0.3006719099054756,0.6759833199619579
4205,0,0,0.787379429195669,0.19336383980675834,0.01925673099757282
4206,0,0,0.8897464595568314,0.09404769196724842,0.016205848475920152
4207,1,0,0.7455174276140613,0.21755882112597813,0.03692375125996066
4208,0,0,0.8359156252544867,0.14488127266824294,0.01920310207727047
4209,2,2,0.005787731766038668,0.12951483608321288,0.8646974321507485
4210,0,0,0.9254004905756017,0.06757279842427223,0.007026711000126051
4211,2,2,0.005567709360117552,0.2847152472373854,0.7097170434024971
4212,0,1,0.46105106711547095,0.485658152500893,0.05329078038363601
4213,0,0,0.6176036566618217,0.3586004444058781,0.023795898932300236
4214,1,0,0.40260746411721177,0.26942688916355945,0.32796564671922873
4215,0,0,0.70454270497821,0.2702557923846726,0.025201502637117457
4216,0,1,0.35280026781295337,0.3531681116201966,0.29403162056685
4217,0,0,0.6777553147288404,0.2688438316215568,0.053400853649602724
4218,1,2,0.03685426719358097,0.1808663371231887,0.7822793956832302
4219,0,0,0.8700015162672774,0.11816445473505173,0.011834028997670804
4220,2,1,0.16944442730916418,0.5205323418993172,0.3100232307915187
4221,0,0,0.9241866006786862,0.06719460206790351,0.008618797253410453
4222,2,1,0.09389572171903734,0.6671741724945742,0.23893010578638849
4223,2,0,0.4824827068034699,0.4399296705355666,0.07758762266096356
4224,1,1,0.3508236826633213,0.556565242723879,0.09261107461279974
4225,2,2,0.022724265793855048,0.35846020942224205,0.6188155247839029
4226,1,1,0.0582751282735854,0.589800461260375,0.35192441046603967
4227,1,1,0.12722574626784097,0.6076501684064644,0.26512408532569465
4228,0,0,0.6799771768596715,0.2825615343731271,0.03746128876720132
4229,1,1,0.17569311067971427,0.49446884903765,0.3298380402826357
4230,0,0,0.875483988212132,0.10929992769975154,0.015216084088116378
4231,2,2,0.036898789073257325,0.45767051368657063,0.5054306972401721
4232,0,0,0.8260427619277899,0.15455218447110755,0.019405053601102618
4233,0,1,0.2544502340871856,0.3981645544895655,0.34738521142324896
4234,1,1,0.18324558657804138,0.595168839828313,0.2215855735936456
4235,1,0,0.5109084557407969,0.3850295267541479,0.1040620175050552
4236,1,1,0.2770514870237852,0.6029854855690092,0.11996302740720549
4237,2,1,0.31265041705665136,0.4976101637397904,0.1897394192035583
4238,2,2,0.05711773348036397,0.19469163456727162,0.7481906319523645
4239,1,0,0.820655143274312,0.16238448946680867,0.016960367258879176
4240,0,0,0.787862997383686,0.19295933550774208,0.01917766710857195
4241,2,2,0.08533946982988637,0.4478927437853603,0.4667677863847533
4242,1,1,0.24334915455447498,0.5437128319742445,0.21293801347128036
4243,1,1,0.12345693920814052,0.5447470836321794,0.33179597715968
4244,0,0,0.8717503025317875,0.1139710800583948,0.01427861740981777
4245,0,0,0.7783417858568062,0.19942421572206562,0.022233998421128155
4246,1,0,0.7285189146182035,0.18141274005111188,0.09006834533068465
4247,0,0,0.6488453143651276,0.3029520502520631,0.04820263538280926
4248,2,2,0.24284084997193323,0.2806930359118173,0.47646611411624934
4249,1,1,0.29888308176075506,0.5038096874237219,0.197307230815523
4250,2,2,0.04552513906931675,0.27876097697372343,0.6757138839569599
4251,1,1,0.24531988802958513,0.6266683397934176,0.12801177217699725
4252,1,0,0.8960906404735219,0.0853854576273341,0.01852390189914404
4253,1,0,0.6967600125908154,0.2541055173885457,0.04913447002063894
4254,1,1,0.10622053016141475,0.5221562931022389,0.3716231767363464
4255,0,0,0.8522082667805785,0.1367438856787779,0.011047847540643618
4256,1,0,0.6206247079814057,0.2387436111399414,0.140631680878653
4257,0,0,0.7757921934579681,0.1630662468079137,0.06114155973411814
4258,2,2,0.03778160932086985,0.11286791717072235,0.8493504735084078
4259,1,0,0.6670036749088144,0.21269776010831698,0.12029856498286855
4260,2,1,0.0204479807470134,0.5198242142014106,0.459727805051576
4261,2,2,0.0030732245810464976,0.058009327069263907,0.9389174483496897
4262,0,0,0.9772664343316866,0.02051910780167883,0.0022144578666347947
4263,2,1,0.16415870977989652,0.4589264288110943,0.3769148614090092
4264,2,2,0.2599116653328752,0.3568021279377553,0.3832862067293696
4265,2,1,0.26417078537585786,0.5679900691294726,0.16783914549466944
4266,0,0,0.5561507296662617,0.35020712953032185,0.09364214080341654
4267,2,1,0.13989397293559794,0.6749452364530271,0.18516079061137514
4268,1,1,0.39081618321970824,0.39718852911946717,0.2119952876608247
4269,1,1,0.3232895872491239,0.435369143462506,0.24134126928837013
4270,0,0,0.8724207617723354,0.11493844246724268,0.0126407957604219
4271,1,1,0.2421813771253288,0.6156986802650475,0.14211994260962368
4272,2,2,0.002884013157414013,0.16156730320174476,0.8355486836408412
4273,1,1,0.2963235412330603,0.5167472260778349,0.1869292326891047
4274,0,0,0.7358371887299562,0.21890822510253527,0.04525458616750856
4275,0,0,0.49895339436785174,0.35410659469063754,0.14694001094151063
4276,2,1,0.12874224778287494,0.5493204162804425,0.32193733593668267
4277,2,2,0.2990478372359083,0.3046498260040504,0.3963023367600413
4278,2,1,0.10539699028759023,0.6655529827989048,0.22905002691350485
4279,1,0,0.6928102421616622,0.20820445804548107,0.0989852997928568
4280,0,0,0.6711183463122916,0.2744185785532002,0.054463075134508224
4281,0,0,0.672619938412088,0.2753149998258802,0.052065061762031774
4282,2,2,0.02617131259785812,0.4557108885787367,0.5181177988234051
4283,0,0,0.8460560944708091,0.145226703872448,0.008717201656742883
4284,0,1,0.4632203824090977,0.47912455720632263,0.05765506038457968
4285,1,1,0.28229589208002537,0.5569750213726617,0.16072908654731294
4286,0,1,0.27756244337452785,0.6417306299068133,0.08070692671865884
4287,1,0,0.5424549775846782,0.398811156776441,0.0587338656388808
4288,2,1,0.040244329171259974,0.5618561180737852,0.3978995527549548
4289,1,0,0.7509102454176255,0.21359102171071495,0.035498732871659514
4290,2,2,0.0375011954409148,0.2818591078836279,0.6806396966754572
4291,2,1,0.10577542911623944,0.56444060189475,0.32978396898901047
4292,2,1,0.13341320342289933,0.44966369772418224,0.4169230988529185
4293,0,0,0.5619444222918168,0.4109610254591845,0.02709455224899851
4294,0,0,0.7350625911431687,0.235777326276113,0.029160082580718186
4295,0,0,0.7488770345646009,0.2125131010586508,0.03860986437674832
4296,2,2,0.03757112752715083,0.4205278720509639,0.5419010004218853
4297,0,0,0.8761555554789824,0.09915207342607914,0.024692371094938437
4298,0,0,0.5506538429338796,0.4020857914345292,0.04726036563159119
4299,0,1,0.4368657179075814,0.45229282673558086,0.11084145535683772
4300,1,1,0.16649886861723073,0.4862779686783234,0.3472231627044458
4301,0,0,0.7974190354684919,0.18684587605123612,0.01573508848027198
4302,0,0,0.8334844705230731,0.1366240458482914,0.02989148362863569
4303,0,0,0.7707798303967208,0.20319136081545333,0.026028808787825847
4304,0,0,0.4732375273760697,0.4236800592486166,0.1030824133753136
4305,0,0,0.8881973037024359,0.10208619292627294,0.00971650337129119
4306,1,0,0.5220326433338586,0.32499505590173566,0.15297230076440566
4307,0,0,0.9589712260837566,0.03255734611696184,0.008471427799281481
4308,1,1,0.26698423093696716,0.370046735772656,0.3629690332903769
4309,0,0,0.7857535078477961,0.19077089071053582,0.023475601441668142
4310,1,2,0.09290750404284866,0.24990972808014514,0.6571827678770061
4311,2,2,0.08531294653278011,0.42093214219825564,0.4937549112689643
4312,0,0,0.9234675744138573,0.0624523617081317,0.014080063878011133
4313,1,2,0.40367297289228293,0.18075190768366226,0.4155751194240548
4314,0,1,0.40117041682109067,0.40514293933298984,0.19368664384591944
4315,2,1,0.20134423243703695,0.44526667965400674,0.3533890879089563
4316,0,0,0.44944189417698566,0.3580726141619354,0.19248549166107895
4317,1,1,0.1369199388578617,0.7429528678889059,0.12012719325323246
4318,1,1,0.23008830288578225,0.6386203520535667,0.13129134506065102
4319,0,0,0.7003580875613166,0.24869329485174455,0.05094861758693889
4320,0,1,0.25302664499071714,0.6016337476111165,0.14533960739816637
4321,0,0,0.6497870250398662,0.2865285423364144,0.06368443262371944
